program_name,company_name,program_id,category,reward,status,asp
TVCM放映★初回最大30分無料！実力派占い師多数在籍のココナラ電話占いでお悩み相談,株式会社ココナラ,s00000012624002,占い,新規電話占い鑑定16000円,未提携,a8
TVCM放映★実力派占い師・カウンセラー・アドバイザーにメール相談★ココナラ占い ＆お悩み相談,株式会社ココナラ,s00000012624008,占い,新規購入2000円,未提携,a8
TVCM放映★知名度急上昇中！スキルマーケット【ココナラ】購入者募集プログラム,株式会社ココナラ,s00000012624004,総合（Webサービス）,"新規会員登録100円
新規購入1500円",提携中,a8
TVCM放映で知名度UP★ココナラ｜Webサイト・デザイン・動画・イラストなど発注者 募集,株式会社ココナラ,s00000012624009,総合（Webサービス）,"新規会員登録100円
新規購入2500円",提携中,a8
【DMM FX】アフィリエイト初心者でも報酬GET！豪華な特典をプレゼント！,株式会社ＤＭＭ．ｃｏｍ証券,s00000008903001,投資,新規登録＋1回取引40000円,提携中,a8
U-NEXT31日間無料トライアル,株式会社Ｕ─ＮＥＸＴ,s00000014274001,動画,新規無料トライアル申込み1300円,提携中,a8
【A8.net】成果反映用プログラム,Ａ８セルフバック,s00000005186002,その他（その他）,商品購入金額の１００％,提携中,a8
アイリスプラザインターネットショッピング【ペット用品専用】,株式会社アイリスプラザ,s00000001618005,ペット,購入(税抜)3％,提携中,a8
楽器買取専門店【楽器の買取屋さん】高額査定&最速の最短30分の無料の出張査定,株式会社ＧＲＡＣＥ,s00000015892002,音楽,新規査定3000円,提携中,a8
オーディオ買取専門店【オーディオの買取屋さん】高額査定&最速の最短30分の無料の出張査定,株式会社ＧＲＡＣＥ,s00000015892005,リサイクル,新規査定3000円,提携中,a8
カメラ買取専門店【カメラの買取屋さん】最短30分の無料出張査定,株式会社ＧＲＡＣＥ,s00000015892008,リサイクル,新規査定3000円,提携中,a8
イギリス発の世界で大流行スポーツ栄養ブランド【Myprotein】,ＴＨＧ＿ＮＵＴＲＩＴＩＯＮ＿ＬＩＭＩＴＥＤ,s00000019359001,健康食品,"リピート購入6％
新規購入16％",提携中,a8
自毛植毛なら【カミノクリニック】,一般社団法人宝寿会,s00000027133001,クリニック,新規成約203500円,未提携,a8
植え放題149万円〜の自毛植毛専門院【東京植毛クリニック】,一般社団法人家本会,s00000027448001,ヘアケア,新規施術実施200000円,未提携,a8
マンツーマン・超実践型SNS大学校【HERO'ZZ UNIVERSITY】,株式会社ＨＥＲＯ’ＺＺ,s00000026379001,習い事,新規契約完了100000円,未提携,a8
明光キャリアパートナーズエンジニア転職,株式会社明光キャリアパートナーズ,s00000026573001,就職・転職,新規面談設定完了78000円,未提携,a8
【IBJ】副業可！本人申込OK！粗利90%以上も目指せる結婚相談所ビジネスの加盟開業,株式会社ＩＢＪ,s00000002032028,婚活,新規加盟75500円,未提携,a8
【京都のホームページ制作会社｜株式会社アルク aruku】,合宿免許受付センター,s00000010921003,ホームページ・ネットショップ,新規契約70000円,未提携,a8
ITフリーランスエンジニアの案件(仕事)探しなら実績20年のエージェント【techadapt】,ハイディメンション株式会社,s00000024196001,就職・転職,新規面談70000円,未提携,a8
成約率７割超、自毛植毛クリニックをご紹介ください。【アルモ形成クリニック】,一般社団法人アルモ会,s00000025561001,ヘアケア,新規施術70000円,未提携,a8
薬剤師の求人・派遣・転職サイト「ファルマスタッフ」,株式会社メディカルリソース,s00000010261001,就職・転職,新規会員登録65000円,未提携,a8
テックゲートエキスパート｜20代・30代のITコンサル転職,株式会社セルバ,s00000025047005,就職・転職,新規面談完了54000円,未提携,a8
株式投資のプロが高騰期待銘柄を絞り込み【旬の厳選10銘柄】,株式会社ＦＰＯ,s00000003196005,投資,新規購入50000円,未提携,a8
【資格認定あり・顧客紹介あり・歩合報酬あり】動画教材エディター養成コース参加者募集,一般社団法人和文化推進協会,s00000022683006,習い事,新規講座受講開始50000円,未提携,a8
細胞レベルから体質を変える3ヶ月医療痩身プログラム【リエートクリニック】,医療法人社団煌雲会,s00000027555001,クリニック,新規無料カウンセリング50000円,未提携,a8
形も触感も自然なバレないバストアップを【THE CLINIC のナチュラルバスト豊胸】,医療法人社団ＴＨＥ＿ＣＬＩＮＩＣ＿Ｉｎｓｔｉｔｕｔｅ,s00000027247001,クリニック,新規無料カウンセリング予約orモニター応募45000円,未提携,a8
大手調剤チェーンの経営で安心♪【薬剤師の派遣・転職 お仕事ラボ】,株式会社ＡＸＩＳ,s00000017390001,就職・転職,新規面談43750円,未提携,a8
休日が不規則な女性看護師に特化した結婚相談プラン【白衣コン】,株式会社ナウい,s00000014346002,婚活,新規入会40000円,未提携,a8
ITエンジニアのハイクラス転職なら【TechGo（テックゴー）】,ＭｙＶｉｓｉｏｎ,s00000024757003,就職・転職,新規無料面談18000円,未提携,a8
包茎手術・切らない長茎術・亀頭増大術・ペニス増大・早漏治療なら【MSクリニック】,ＭＳクリニック,s00000025909001,ボディケア,新規無料カウンセリング完了40000円,提携中,a8
ベーシック通信コース【タケルFXスクール】,一般社団法人日本ＦＸ教育機構,s00000025795002,その他（金融・投資・保険）,新規入会39000円,未提携,a8
スコアコミット型ゴルフスクール【RIZAPゴルフ】,ＲＩＺＡＰ株式会社,s00000001671069,スポーツ,新規来店9500円,未提携,a8
結果にコミット　プライベートジム【RIZAP】入会申込み,ＲＩＺＡＰ株式会社,s00000015695001,ダイエット,新規来店7000円,提携中,a8
マンション投資のJPリターンズ【個別面談】,Ｊ．Ｐ．Ｒｅｔｕｒｎｓ株式会社,s00000018750002,投資,新規面談37485円,未提携,a8
コピー機・複合機のことなら「コピー機ドットコム」にお任せください！,株式会社ビジョン,s00000007633025,家電,新規設置36500円,未提携,a8
【キャッシュバック最大7万円】ひかり電話、ヒカリ回線のお申込み窓口,株式会社ビジョン,s00000007633011,回線,新規開通20000円（フレッツ光または光コラボレーションサービス）,未提携,a8
高速インターネット回線のNTTフレッツ光【キャッシュバック最大7万円】,株式会社ビジョン,s00000007633018,回線,新規開通20000円（フレッツ光または光コラボレーションサービス）,未提携,a8
空室対策・収益最大化なら、借上げ実績１万室のクロスハウス,株式会社クロスハウス,s00000020603004,物件,新規成約35000円,未提携,a8
キャッシュレス決済をまとめて導入・管理するなら【PayCAS Mobile】,ＰａｙＰａｙ＿ＳＣ株式会社,s00000026615001,その他（Webサービス）,新規審査通過完了35000円,未提携,a8
自然でどこから見ても美しい痩せ効果を実感【THE CLINIC のパーツ別脂肪吸引】,医療法人社団ＴＨＥ＿ＣＬＩＮＩＣ＿Ｉｎｓｔｉｔｕｔｅ,s00000027247002,クリニック,新規無料カウンセリング予約orモニター応募35000円,未提携,a8
薬剤師応援プロジェクト実施中！薬剤師転職サイト ファゲット会員登録促進,株式会社ＪＪメディケアキャリア,s00000013807003,就職・転職,新規会員登録３３０００円,未提携,a8
"【フレッツ光】安心と信頼の光回線｜最大79,000円キャッシュバック",株式会社Ｓａｌｅｓ＿Ｌａｂ,s00000021942002,回線,"新規利用20000円（個人／全国）
新規利用30000円（法人／東日本）
新規利用25000円（法人／西日本）",未提携,a8
【GABAキッズ】GABAこどもマンツーマン英会話,株式会社ＧＡＢＡ,s00000019218002,幼児教育,新規入会24990円,未提携,a8
相談からワンストップで対応【借地権 無料相談ドットコム】,株式会社ハウスクル,s00000027140001,その他（不動産・引越）,新規査定申込31600円,未提携,a8
借地権の買取〜売却まで【訳あり物件買取センター】,株式会社ブリリアント,s00000027141001,その他（不動産・引越）,新規査定申込31600円,未提携,a8
ICL・レーシック手術 / 先進会眼科,医療法人先進会,s00000025923001,医療,新規適応検査予約完了31500円,未提携,a8
30年の実績と業界最多級の求人数薬剤師求人の【ヤクジョブ】,クラシス株式会社,s00000025593001,就職・転職,新規面談30075円,未提携,a8
仮想通貨の宝くじならCrypto Nova（クリプト・ノヴァ）,株式会社Ｓ・Ｔ・Ｉ,s00000027260001,総合（暮らし）,購入50000円,未提携,a8
初めてホームページを作成する方にお勧め!初期費用が0円!【ホームページドットコム】,株式会社ビジョン,s00000007633026,ホームページ・ネットショップ,新規契約30000円,未提携,a8
楽ではないから成果が出る！1年英語マスタープログラム「トライズ」,トライズ株式会社,s00000016980001,総合（学び・資格）,新規無料カウセリング完了12000円,未提携,a8
【2ヶ月で最大200点アップ保証】トライズ TOEIC対策,トライズ株式会社,s00000016980002,総合（学び・資格）,新規無料カウセリング4215円,未提携,a8
年間1000人を輩出する【完全無料IT研修＆就活塾　ProgrammerCollege】,インターノウス株式会社,s00000017060001,就職・転職,新規無料体験面談30000円,未提携,a8
プログリット英語コーチング,株式会社プログリット,s00000017068001,総合（学び・資格）,新規入会30000円,未提携,a8
事業が伸び、売上が上がるホームページやECサイトが作成できる【HPDX】,株式会社Ｗｉｚ,s00000017718050,ホームページ・ネットショップ,"新規契約30000円（通常プラン）
新規契約100000円（補助金プラン）",未提携,a8
【auひかり】初期工事費無料！豪華キャンペーン！知らない人はモッタイナイ！,株式会社グローバルキャスト,s00000019044001,回線,新規開通30000円,未提携,a8
"【ビジモ光】おトクに開始！新規お申込み最大30,000円キャッシュバック実施中！",株式会社メディアサービス,s00000020187009,回線,新規開通30000円,未提携,a8
【法人向けファクタリング】株式会社No.1,株式会社Ｎｏ．１,s00000020552005,その他（金融・投資・保険）,新規ファクタリング申込30000円,未提携,a8
国産/輸入車約300車種!月額1万円台からの新車定額カーリース（サブスク）【オリコで乗ーる】,株式会社オリコカーライフ,s00000021239001,車・バイク,新規契約30000円,未提携,a8
最短2時間での資金調達！クラウドでオフィスに居ながら楽々資金繰りは「うりかけ堂」,株式会社ｈｓ１,s00000022321001,金融,新規問合せ12000円,未提携,a8
法人限定【ファクタリングのTRY】,ファクタリングのＴＲＹ,s00000023381002,その他（金融・投資・保険）,新規ファクタリング申込30000円,未提携,a8
ダイエットに失敗したら全額返金の2カ月ダイエットコース【ハビットパーソナルジム】,ハビットパーソナルジム,s00000024168001,ダイエット,新規入会30000円,未提携,a8
【メイカラ】Web（副業）スキルとAIの基礎学習ができるスクール,株式会社メイカヒット,s00000025093001,習い事,新規受講料入金30000円,未提携,a8
訳あり不動産専門買取の「ワケガイ」,株式会社ネクスウィル,s00000025809001,その他（不動産・引越）,新規査定申込30000円,未提携,a8
国内最大級のフリーランスエンジニア向け案件検索サイト【フリーランスボード】,ＩＮＳＴＡＮＴＲＯＯＭ株式会社,s00000026833001,その他（仕事情報）,新規無料会員登録30000円,未提携,a8
世界60カ国以上で支持されるCFD取引プラットフォーム【Plus500証券】,Ｐｌｕｓ５００Ｌｔｄ,s00000026977002,投資,新規取引完了30000円,未提携,a8
世界60カ国以上で支持されるKO（ノックアウト）オプション取引プラットフォーム【Plus500証券】,Ｐｌｕｓ５００Ｌｔｄ,s00000026977003,投資,新規取引完了30000円,未提携,a8
FPによるデータドリブン投資判断！1Rマンション投資の無料オンライン面談【フィジック（FIGIC）】,株式会社クリアス,s00000027522001,投資,新規無料面談実施完了30000円,未提携,a8
【フレッツ光】必見！最大79000円キャッシュバックor豪華人気商品プレゼント！,株式会社メディアサービス,s00000020187001,回線,"新規開通12000円(フレッツ光コラボ)
新規開通30000円(フレッツ光法人)",未提携,a8
注文書があれば最短翌日資金化！【ビートレーディング】,株式会社ビートレーディング,s00000017625002,起業・会社設立,新規問い合わせ11000円,未提携,a8
人生が好転していくパーソナルジム　THE PERSONAL GYM,ＴＨＥ＿ＰＥＲＳＯＮＡＬ＿ＧＹＭ,s00000025694001,ダイエット,新規入会27000円,未提携,a8
スマホ1台で体質改善！忙しい女性のための1日完結オンライン講座【体質改善1日講座】,株式会社ＮｏＬ,s00000027393001,習い事,新規講座購入27000円,未提携,a8
創業45年・東証プライム上場グループが贈る不動産投資の第一歩【FJネクスト不動産投資セミナー】,株式会社ＦＪネクスト,s00000027520001,投資,新規セミナー申込or個別相談申込26315円,未提携,a8
累計登録者数100万人以上の看護師の転職支援サービス【ナース専科 転職】,株式会社エス・エム・エス,s00000001248024,就職・転職,新規申込26000円,未提携,a8
治療家専門20年の実績！治療家特化の転職支援サービス【国試黒本治療家エージェント】,株式会社エス・エム・エス,s00000001248026,就職・転職,初回登録完了26000円,未提携,a8
フリーコンサルタントのための案件紹介サービス【フリーコンサルタント.jp】,株式会社みらいワークス,s00000026477001,総合（仕事情報）,新規本登録完了26000円,未提携,a8
女性専用パーソナルジム/生涯オンラインサポート付きOUTLINE(アウトライン),株式会社アウトライン,s00000019802001,ダイエット,新規無料カウンセリング25040円,提携中,a8
薬剤師専門の派遣・紹介【ファル・メイト】会員獲得,株式会社ファル・メイト,s00000014246001,就職・転職,新規会員登録25000円,未提携,a8
【ビーコンセプト 太ももダイエット】女性向け下半身痩せパーソナルジム,株式会社ビーコンセプト,s00000017957001,ダイエット,新規入会25000円,提携中,a8
借りずに資金調達ファクタリングなら【西日本ファクター】,株式会社西日本ファクター,s00000018378001,その他（金融・投資・保険）,新規ファクタリング申込25000円,未提携,a8
ファクタリングで資金調達！簡単ＷＥＢ契約で即資金化できます。【エスコム】,株式会社エスコム,s00000021817001,起業・会社設立,"新規申込25000円
新規契約40000円",未提携,a8
建設業界特化！未経験から施工管理職へ。手厚いサポートで資格取得も支援【GKSキャリア】,株式会社ｆｒｅｅ＿ｍｏｖａ,s00000022176005,就職・転職,新規面談実施25000円,未提携,a8
マシンピラティスとゆる筋トレで痩身パーソナルジム【ピラティス＆ジム1to1】,株式会社アジュールコラボレーション,s00000025407001,ダイエット,新規入会25000円,未提携,a8
オンライン家庭教師/個別指導塾【東大オンライン】,株式会社アスパイア,s00000026533001,家庭教師・塾,新規無料学習相談完了25000円,未提携,a8
親和クリニック_切らずに可能な自毛植毛「MIRAI法」,医療法人社団三幸音和会,s00000026951001,ヘアケア,新規カウンセリング完了22567円,未提携,a8
ITインフラエンジニアを始めるなら【ネットビジョンアカデミー】,アクサス株式会社,s00000025974001,その他（学び・資格）,新規無料説明会参加22557円,未提携,a8
簡単！会社にいながら請求書一枚で楽々資金調達。最短３０分で無料見積！【アクティブサポート】,株式会社アクティブサポート,s00000021184001,その他（金融・投資・保険）,新規無料見積申込11000円,未提携,a8
WEB完結　最速２時間にてご入金！売掛金前払いサービス【QuQuMo online】,株式会社アクティブサポート,s00000021184002,その他（金融・投資・保険）,新規無料見積申込11000円,未提携,a8
三菱ＵＦＪ銀行の中小企業向けオンライン融資サービス「Biz LENDING」,株式会社三菱ＵＦＪ銀行,s00000027242001,総合（金融・投資・保険）,新規審査申込22000円,未提携,a8
Web・ゲーム業界に強い！クリエイター専任サポートの転職エージェント【マイナビクリエイター】,株式会社マイナビ,s00000027373002,就職・転職,新規登録会参加＋個別カウンセリング実施21148円,未提携,a8
包茎・亀頭増大・長茎なら【メンズライフクリニック】,メンズライフクリニック,s00000020560001,医療,新規無料カウンセリング21000円,未提携,a8
最新理論のスピード全身脱毛専門店【STLASSH】※女性専門店,株式会社クリア,s00000016074001,エステ,新規来店20720円,未提携,a8
IT・Webエンジニア専門の転職支援サービス【ユニゾンキャリア】,株式会社ユニゾン・テクノロジー,s00000025272003,就職・転職,新規無料相談実施20000円,未提携,a8
"【インターネット】最大最速キャッシュバック80,000円フレッツ光",株式会社ビジョン,s00000007633004,回線,フレッツ光開通20000円,未提携,a8
男性の悩み、包茎手術は【皐月クリニック】来院募集,皐月クリニック,s00000008640001,ボディケア,来院25000円,提携中,a8
看護師応援プロジェクト実施中！看護師転職サイトナースJJ会員登録促進,株式会社ＪＪメディケアキャリア,s00000013807002,就職・転職,新規会員登録２００００円,未提携,a8
パーソナルトレーニングジムMIYAZAKI GYM(ミヤザキジム),株式会社リーブル,s00000017356001,ダイエット,新規入会26000円,提携中,a8
ガス会社の乗り換えで、ガス料金が安くなる！【ガス屋の窓口】,株式会社エネジスタ,s00000017675001,その他（暮らし）,新規契約20000円,未提携,a8
認知度を高めて来店率を増やすリアルタイム発信サイネージ【デジタルサイネージ】,株式会社Ｗｉｚ,s00000017718051,総合（Webサービス）,"新規契約20000円（通常プラン）
新規契約40000円（補助金プラン）",未提携,a8
【小規模事業者持続化補助金対応】飛び出す3D広告【3D Phantom】,株式会社Ｗｉｚ,s00000017718056,総合（Webサービス）,"新規導入20000円（通常プラン） 
新規導入40000円（補助金プラン）",未提携,a8
【東京都インバウンド対応力強化支援補助金】飲食店限定『インバウンドパッケージ』,株式会社Ｗｉｚ,s00000017718066,総合（Webサービス）,新規導入20000円,未提携,a8
ITエンジニア専門の年収提示型スカウトサービス【TechClips ME（テックミー）】,ｎｏｔａｒｉ株式会社,s00000017743003,就職・転職,新規利用者登録20000円,未提携,a8
老舗外壁塗装見積もり比較サイト：外壁塗装セレクトナビ,株式会社サフタ,s00000019485003,物件,新規一括見積もり完了20000円,未提携,a8
仲介手数料0円！専任コンサルが最適オフィスを無料提案【officee】,４７インキュベーション株式会社,s00000019724003,物件,新規お問い合わせ完了20000円,未提携,a8
フリーランスエンジニア向け案件紹介サービス【IT求人ナビ フリーランス】,株式会社アクロビジョン,s00000021505001,その他（仕事情報）,新規面談実施20000円,未提携,a8
ＷＥＢ契約で資金化できます。資金調達はファクタリングで！【ネクストワン】,株式会社ネクストワン,s00000021819001,起業・会社設立,"新規WEB査定20000円
新規電話問合せ20000円",未提携,a8
【加盟金&ロイヤリティ0円】ハウスクリーニング独立開業プラン,株式会社ＦｉｒｅＷｏｒｋｓ,s00000022947007,家事・日用品,新規説明会参加20000円,未提携,a8
来店不要・全国無料出張対応！法人契約で最新スマホが半額以下！【法人スマホおまかせ窓口】,株式会社グローカルネット,s00000023372005,電話,新規開通20000円,未提携,a8
韓国語オンライン教室「コリアンカレッジ」,ＫｏｒｅａｎＣｏｌｌｅｇｅ「コリアンカレッジ」,s00000023579001,その他（学び・資格）,新規入会20000円,未提携,a8
"(税込19,900円)から自由にはじめる完全個室レンタルオフィス「スペラボ」",株式会社ＵＫＣｏｒｐｏｒａｔｉｏｎ,s00000023903002,引越,新規契約20000円,未提携,a8
5年継続率92%超！ お仕事環境のトータルサポート可能な法人向け光回線【FT光】,株式会社エフティグループ,s00000026204001,回線,"新規開通20000円
転用/事業者変更20000円",未提携,a8
全国展開・実績豊富・神コスパのマウスピース矯正【エミニナル矯正】,エキサイト株式会社,s00000026261001,医療,新規初回診断完了12000円,未提携,a8
くふうイエタテカウンター｜家づくりの無料相談サービス,株式会社くふう住まい,s00000026422001,その他（不動産・引越）,新規相談実施完了20000円,未提携,a8
薬剤師による薬剤師のための転職支援【アイリード】,アイリード株式会社,s00000026599001,就職・転職,"新規電話面談20000円（派遣・出向）
新規電話面談45000円（正社員）",未提携,a8
訳あり物件専門買取【成仏不動産の正しい買取】,マークスライフ株式会社,s00000026779001,その他（不動産・引越）,新規査定20000円,未提携,a8
中古トラック買取【Bee Truck】,株式会社Ｂｅｅ＿Ｔｒｕｃｋ,s00000027032001,リサイクル,新規買取20000円,未提携,a8
医療系転職のプロがあなたの転職を完全サポート！【クリアス看護】,株式会社ＢＡＣＫＳ,s00000027033001,就職・転職,新規面談20000円,未提携,a8
未経験からのエンジニア転職＋キャリアアップなら【ラクスパートナーズ】,株式会社ラクスパートナーズ,s00000027040001,就職・転職,新規選考参加20000円,未提携,a8
後悔しない業者選びなら！リフォーム簡単見積もりサイト【Re:est】,ニッカホーム株式会社,s00000027321001,物件,"▽一般
新規本見積完了or下見実施20000円

▽ポイントサイト
新規本見積完了or下見実施5000円",未提携,a8
圧倒的調査力と誠実な対応を、低価格で。浮気調査専門【みらい探偵社】一都三県,株式会社Ｍｉｒａｉ＿Ｌｉｎｋ,s00000027379001,その他（暮らし）,新規問い合わせ20000円,未提携,a8
婚活なら結婚相談所パートナーエージェント,タメニー株式会社,s00000005670001,婚活,新規来店19523円,未提携,a8
未経験からM&A業界へ。業界特化の専門エージェントが内定まで徹底サポート【M&A BEGINNERS】,株式会社ＺＥＲＯＧＲＡ,s00000027498003,就職・転職,新規面談実施19000円,未提携,a8
全国対応！弁護士と連携して解決する業界初　浮気調査専門「弁護士推奨　あい探偵」,ランチェスター株式会社,s00000019003001,その他（Webサービス）,新規問合せ18888円,未提携,a8
結婚相談所エクセレンス青山会員募集,有限会社ランドコム,s00000004104002,婚活,"新規無料来店相談3000円
新規無料オンライン相談3000円
新規入会18500円",未提携,a8
【IBJ加盟】オンライン結婚相談所（サブスク）【ベルロード縁結びサポート】,株式会社ＩＤＭ,s00000021605001,恋愛,新規入会18500円,未提携,a8
【超速ネット 次世代AI Wi-Fi】セットでお得！【J:COM NET・TV】,ＪＣＯＭ株式会社,s00000023931001,wifi,初回サービス利用18421円,提携中,a8
【高単価・商品続々追加中】駅メロ制作に文化財貸切─地方の特別な体験が買える！,株式会社あるやうむ,s00000027240001,総合（グルメ・食品）,"購入5％(新米お届け便)
購入25000円(町長にプレゼンテーションできる権利)
購入120000円(旧金毘羅大芝居の「せり」の仕掛け体験)
購入18000円（はじめのチーズ ホール５kg）
購入83000円（越中舟橋駅の車内メロディクリエイト体験）",未提携,a8
ツインプロ｜会計士・税理士特化の転職エージェントの無料キャリア面談,ＭｙＶｉｓｉｏｎ,s00000024757002,就職・転職,新規無料面談75200円,未提携,a8
オンライン家庭教師ネッティー無料体験授業促進,家庭教師のノーバス,s00000012223002,家庭教師・塾,新規無料体験受講18000円,未提携,a8
社内SEを目指す方必見！IT・Webエンジニアの転職なら【社内SE転職ナビ】,アイムファクトリー株式会社,s00000016458003,就職・転職,新規面談18000円,未提携,a8
来店不要・最短翌日発送で人気のスマホがお得に使える！【法人携帯の窓口】,株式会社Ｗｉｚ,s00000017718068,電話,新規利用開始18000円,未提携,a8
フリーコンサルBiz｜フリーランスのコンサルタント案件紹介・キャリア支援の面談,アクシスコンサルティング株式会社,s00000020769004,その他（仕事情報）,新規無料相談申込・案件問い合わせ18000円,未提携,a8
表彰多数の結婚相談所！「オススメNo.1」にも選ばれた【東京フォリパートナー】,株式会社フォリパートナー,s00000021754001,婚活,"新規来店18000円
新規入会40000円",未提携,a8
全経営者が泣いた！経営者のための光コラボ【XLeiひかり】,株式会社エクスレイ,s00000024054001,回線,新規開通18000円,未提携,a8
コンサル特化の転職エージェント【MyVision】,ＭｙＶｉｓｉｏｎ,s00000024757001,就職・転職,新規無料面談18000円,未提携,a8
日本ヘッドハンター大賞コンサル部門初代MVP【コンコードエグゼクティブグループ】,株式会社コンコードエグゼクティブグループ,s00000026492001,就職・転職,新規面談実施18000円,未提携,a8
受験のプロが完全パーソナル指導の大学受験特化塾【アクシブアカデミー】,アクシビジョン株式会社,s00000026604001,家庭教師・塾,新規無料カウンセリング参加18000円,未提携,a8
国公立専門の大学受験オンライン予備校【旧帝塾】国公立専門予備校でSEO1位,アクシビジョン株式会社,s00000026604002,家庭教師・塾,新規無料カウンセリング参加18000円,未提携,a8
看護医療系学部専門の大学受験オンライン1対1予備校【看医塾】,アクシビジョン株式会社,s00000026604003,家庭教師・塾,新規無料カウンセリング参加18000円,未提携,a8
コンサルファーム出身者によるコンサル転職専門エージェント「ラフロジック」,株式会社ラフロジック,s00000026739001,就職・転職,新規無料相談18000円,未提携,a8
短期間でキャリアアップ！大型・中型免許は遠鉄自動車学校のプロ免許合宿！,株式会社遠鉄自動車学校,s00000026881002,資格取得,新規合宿免許参加18000円,未提携,a8
超高速インターネットが1年間ずっと月額980円〜！【コミュファ光】,株式会社Ｗｉｚ,s00000017718071,回線,新規利用開始17500円,未提携,a8
花嫁の不安をトキハナツ式場紹介サービス「トキハナ」,株式会社トキハナ,s00000021923002,ウエディング,新規相談・見学7974円,提携中,a8
"月々5,500円からの車がもらえるカーリース、 全国47都道府県対応【ニコノリ】",株式会社ＭＩＣ,s00000022169001,車・バイク,"▽一般
新規審査通過17500円

▽ポイントサイト
新規成約20000円",提携中,a8
東大生のオンライン個別指導『トウコベ』,株式会社ＭＡＮＡＢＩ,s00000022646001,家庭教師・塾,新規無料オンライン面談17500円,未提携,a8
最難関中学受験向けオンライン個別指導『トウコべPRIME』,株式会社ＭＡＮＡＢＩ,s00000022646002,家庭教師・塾,新規無料オンライン相談実施17500円,未提携,a8
東大生の家庭教師最大規模！家庭教師を選ぶなら【オンライン東大家庭教師友の会】,株式会社トモノカイ,s00000022930004,家庭教師・塾,初回無料体験授業参加17500円,未提携,a8
未経験からプロを目指せるオンラインプログラミングスクール【忍者CODE】,株式会社ラグザス・クリエイト,s00000025234001,その他（学び・資格）,新規無料相談or無料体験レッスン参加17500円,未提携,a8
メディカル・コンシェルジュ求人サイト【MCドクターズネット】会員登録,株式会社メディカル・コンシェルジュ,s00000010449003,就職・転職,会員登録１７１４２円,未提携,a8
報酬アップ！全ての悩みを全国各地の有名占い師が解決【電話占いヴェルニ】,株式会社ファンフィール,s00000011537005,占い,新規課金17000円,未提携,a8
【コミュファ光】中部地方の方必見！光ネットを工事費無料でおトクに開始！,株式会社グローバルキャスト,s00000019044002,回線,新規開通15000円,未提携,a8
【BEYOND】芸能人ご用達！パーソナルジム・プライベートジムなら,株式会社ワールドフィット,s00000020048001,ダイエット,新規入会26000円,提携中,a8
"【ソフトバンク光】おトクに開始！新規お申込み最大50,000円キャッシュバック実施中",株式会社メディアサービス,s00000020187007,回線,"新規開通17000円
新規転用17000円
新規事業者変更17000円",未提携,a8
【メンズ脱毛】全国展開487万件の実績！男性専門の美容サロン【RINX】,株式会社リンクス,s00000020539001,クリニック,新規来店13000円,未提携,a8
工事不要でネット使い放題！月々2468円(税込)〜！【SoftbankAir】,株式会社ｅＣＡＬＬ,s00000021621001,wifi,新規開通17000円,未提携,a8
仲介手数料無料で不動産を売却するなら【ゼロチュー売却】,グローバルトラスト不動産株式会社,s00000027432001,総合（不動産・引越）,新規査定申込17000円,未提携,a8
人材業界への転職を熟知したプロが全力サポート！【HR CAREER AGENT】,株式会社ＺＥＲＯＧＲＡ,s00000027498002,就職・転職,新規面談実施17000円,未提携,a8
一律料金でユーザー数無制限！かんたん操作のクラウドストレージ【ABLENETストレージ】,株式会社ケイアンドケイコーポレーション,s00000021710003,サーバー,"申込1000円（トライアル_ベーシック）
申込1000円（トライアル_プロ）
申込15000円（ベーシックプラン/月契約）
申込23000円（ベーシックプラン/年契約）
申込30000円（プロプラン/月契約）
申込46000円（プロプラン/年契約）",未提携,a8
不動産投資クラウドファンディング【CAMEL】,株式会社グローバルクラウドエステート,s00000026543001,投資,新規出資完了16500円,未提携,a8
世界60カ国以上で支持されるFX取引プラットフォーム【Plus500証券】,Ｐｌｕｓ５００Ｌｔｄ,s00000026977001,投資,新規取引完了16500円,未提携,a8
男性の悩みに！ABCクリニック美容外科・来院予約キャンペーン,ＡＢＣクリニック,s00000011333001,医療,初回来院16000円,提携中,a8
フレッツ光より安いソフトバンク光！【高額キャッシュバック】【SoftBank 光】,株式会社エフプレイン,s00000016370001,回線,"新規他社転用16000円
新規開通16000円",未提携,a8
"フリーランスエンジニアの無料カウンセリング実施で20,000円！【ポテパンフリーランス】",株式会社ポテパン,s00000017938001,総合（仕事情報）,新規無料カウンセリング20000円,未提携,a8
枚方・寝屋川の個別指導塾・学習塾の定期テスト20点UPのKEC個別指導メビウス,ケイ．イー．シー．株式会社,s00000023920002,家庭教師・塾,"新規無料個別入塾相談会参加16000円
新規無料体験参加16000円",未提携,a8
街角相談所 -探偵-,トラベルブック株式会社,s00000024877001,その他（暮らし）,新規問合せ16000円,未提携,a8
受け取った請求書を クレジットカードでお支払い【INVOY】,ＦＩＮＵＸ株式会社,s00000025057001,金融,新規振込依頼完了16000円,未提携,a8
テレビ出演多数！浮気調査なら【リッツ横浜探偵社】,リッツ横浜探偵社,s00000025697001,その他（暮らし）,新規無料相談16000円,未提携,a8
ゲーム転職はシリコンスタジオエージェント,シリコンスタジオ株式会社,s00000020803001,就職・転職,新規登録15800円,未提携,a8
ゲーム業界専門転職エージェント【Hiraku agent】,株式会社Ｈｉｒａｋｕ＿ａｇｅｎｔ,s00000025464001,就職・転職,新規無料面談エントリー15500円,未提携,a8
プロにまるっとお任せ！ホームページ製作は【サクペジ】,Ｌｉｎｋｌｅｔ株式会社,s00000010885027,ホームページ・ネットショップ,新規契約30000円,未提携,a8
保険の見直しなら【保険見直し本舗】,株式会社保険見直し本舗,s00000027364001,保険,新規保険相談実施15384円,未提携,a8
ICL（眼内コンタクトレンズ）専門クリニック【アイクリニック東京】,医療法人社団豊栄会,s00000023674001,医療,新規来院15038円,未提携,a8
コンサル・DX・スタートアップへ。CxO直結の非公開求人で年収を最大化【Groovement Agent】,株式会社Ｇｒｏｏｖｅｍｅｎｔ,s00000022413004,就職・転職,新規無料転職相談18000円,未提携,a8
日韓ビジネスの人材育成・経営課題をワンストップ支援【コリアンビジネスパートナーズ】,ＫｏｒｅａｎＣｏｌｌｅｇｅ「コリアンカレッジ」,s00000023579002,習い事,新規無料相談20000円,未提携,a8
メーカー直販で圧倒的価格競争力！東京都・戸建限定の太陽光＋蓄電池【スマートソーラー】,スマートソーラー株式会社,s00000026883001,物件,新規問い合わせ25000円,未提携,a8
包茎のことなら【上野クリニック】（全国対応）施術促進キャンペーン,上野クリニック,s00000000181001,医療,新規施術15000円,提携中,a8
プロのトレーナーによるマンツーマン料理教室【RIZAP COOK】,ＲＩＺＡＰ株式会社,s00000001671076,総合（学び・資格）,新規来店15000円,未提携,a8
不動産投資の一括比較【ウェルスコーチ】,株式会社オズビジョン,s00000007478007,その他（金融・投資・保険）,新規面談15000円,未提携,a8
ビジネスフォン・オフィス・ビジネス電話機の【ビジフォン．ｃｏｍ】,株式会社ビジョン,s00000007633009,電話,WEB申込み後の成約15000円,未提携,a8
"おかげさまで導入回線167,000回線突破。電話回線を引くなら【おとくライン.jp】",株式会社ビジョン,s00000007633021,電話,新規開通15000円,未提携,a8
看護師の転職支援はディップ「ナースではたらこ」,ディップ株式会社,s00000009027008,就職・転職,新規会員登録15000円,未提携,a8
無料の不動産投資相談サービス【トウシェル】,パワープランニング株式会社,s00000009416006,投資,新規面談15000円,未提携,a8
スキャルピングなら【JFX】2年連続！2026年 オリコン顧客満足度(R)ランキング FX 総合 第1位！,ＪＦＸ株式会社,s00000010019001,投資,取引15000円,未提携,a8
工事不要！最短3日でご利用可能！法人・店舗向けの5G対応Wi-Fi【BizAir】,Ｌｉｎｋｌｅｔ株式会社,s00000010885019,wifi,新規契約15000円,未提携,a8
【高級コイルマットレス】完全日本製の13層極厚約27cmマットレス【雲のやすらぎ極マットレス】,株式会社ロッピングライフ,s00000011064028,その他（健康）,初回購入15000円,未提携,a8
【求人】【在宅】【高収入】マダムライブチャットレディ募集,株式会社エムジー,s00000011829002,在宅ワーク,"在宅希望者：カメラテスト完了15000円
通勤希望者：面接完了15000円",未提携,a8
【求人】【在宅】【通勤】ライブチャットジュエルチャットレディ募集,株式会社エムジー,s00000011829003,在宅ワーク,"在宅チャットレディ：カメラテスト完了15000円
通勤チャットレディ：面接完了15000円",未提携,a8
看護師の求人・転職・募集なら【レバウェル看護】※旧看護のお仕事,レバレジーズ株式会社,s00000011866001,就職・転職,『レバウェル看護』への会員登録15000円,未提携,a8
【利用料0円！】＜物流倉庫＞日本最大級のBtoB見積比較サービス【一括.jp】,株式会社ｅｃｌｏｒｅ,s00000012115002,その他（暮らし）,新規法人問合せ15000円,未提携,a8
【累計お問合わせ数10万件突破！】＜システム開発＞業者ご紹介サービス【EMEAO ! 】,株式会社ｅｃｌｏｒｅ,s00000012115014,webコンサルティング,新規法人申込15000円,未提携,a8
【利用料0円！】＜映像・動画制作＞日本最大級のBtoB見積比較サービス【一括.jp】,株式会社ｅｃｌｏｒｅ,s00000012115017,webコンサルティング,新規法人問合せ15000円,未提携,a8
【東京ノーストクリニック】包茎治療,東京ノーストクリニック,s00000012124001,医療,新規カウンセリング15000円,提携中,a8
フリーランスITエンジニアの案件・求人情報サイト【ギークスジョブ】WEBエントリ ー,ギークス株式会社,s00000012501001,就職・転職,WEBエントリー20000円,未提携,a8
1番安いガス料金をWEBで比較して、お得に利用しよう！【エネピ】,株式会社じげん,s00000013511004,その他（暮らし）,切替完了15000円,未提携,a8
新卒の就活を徹底サポート！【UZUZ 新卒】,株式会社ウズウズ,s00000014490012,就職・転職,新規無料相談実施15000円（27卒）,未提携,a8
自毛植毛界のレジェンドが率いる【アスク井上クリニック】,アスク井上クリニック,s00000014863001,クリニック,新規無料カウンセリング21000円,未提携,a8
高機能ショッピングカート【おちゃのこネット】,おちゃのこネット株式会社,s00000015680001,ホームページ・ネットショップ,"新規契約15000円（ベーシックプラン）　
新規契約30000円（アドパンスドプラン）　
新規契約100000円（専用サーバプラン）",未提携,a8
大手弁護士法人が運営。信頼と実績の【ALG探偵社】東京、埼玉、千葉、横浜,株式会社アヴァンセ・インテリジェンス,s00000016405001,その他（暮らし）,新規問合せ15000円,未提携,a8
急な支払いにもリクルートの請求書立替払いサービスで対応【請求書立替払いサービス】,株式会社リクルート,s00000017321006,その他（金融・投資・保険）,新規審査通過15000円,未提携,a8
飲食店に特化したかんたんに操作できるPOSレジ【かんたん注文】,株式会社Ｗｉｚ,s00000017718048,総合（Webサービス）,新規開通15000円（通常プラン）,未提携,a8
【IT導入補助金対応】固定回線、電話交換機(PBX)をクラウド上で利用できるサービス【CLOUDPHONE】,株式会社Ｗｉｚ,s00000017718059,電話,"新規導入20000円（通常プラン）
新規導入20000円（補助金プラン）",未提携,a8
第二/既卒/フリーター/中退/高卒の就職・転職支援【第二新卒エージェントneo】,株式会社ネオキャリア,s00000018427001,就職・転職,新規カウンセリング15000円,提携中,a8
プロと始める「逆転就活」【新卒就職エージェントneo】,株式会社ネオキャリア,s00000018427002,就職・転職,新規面談実施15000円,未提携,a8
エンジニア、デザイナー向けの週2、3日のお仕事紹介【ITプロパートナーズ】,株式会社Ｈａｊｉｍａｒｉ,s00000018714001,その他（仕事情報）,"新規登録1500円
新規面談15000円",未提携,a8
国内一の成婚率とお墨付き。結婚相談所は東京・恵比寿、銀座の【ハッピーカムカム】,株式会社ハッピーカムカム,s00000018720001,婚活,"新規来店10000円
新規入会25000円",未提携,a8
ファクタリングで売掛金を即日資金化！【えんナビ】,えんナビ,s00000019225001,その他（金融・投資・保険）,新規問合せ15000円,未提携,a8
【FX始めるなら｜FXTF】口座開設キャンペーン,ゴールデンウェイ・ジャパン株式会社,s00000019746001,投資,新規口座開設15000円,未提携,a8
【暗号資産KO始めるなら | FXTF】口座開設,ゴールデンウェイ・ジャパン株式会社,s00000019746003,投資,新規口座開設15000円,未提携,a8
＜NISA口座開設＞独自に発掘した成長企業に投資する投資信託【ひふみ】,レオス・キャピタルワークス株式会社,s00000020226002,投資,新規口座開設＋買付完了15000円,未提携,a8
都内3.8万円〜家具家電付き【クロスワンルーム】,株式会社クロスハウス,s00000020603002,物件,新規成約15000円,未提携,a8
事業資金の調達なら クイックマネジメントの 最短30分ファクタリング,株式会社クイック,s00000020886001,その他（金融・投資・保険）,新規契約20000円,未提携,a8
運転資金・最低水準の手数料で即日入金,株式会社アクシアプラス,s00000020978002,その他（仕事情報）,新規申込15000円,未提携,a8
不動産（マンション・戸建・土地）査定・売却なら【ミライアスのスマート仲介】,ミライアス株式会社,s00000021019001,その他（不動産・引越）,新規売却査定申込15000円,未提携,a8
一から「本物の英語」を積み上げていく【LIBERTY ENGLISH】,Ｌｉｂｅｒｔｙ＿Ｅｎｇｌｉｓｈ＿Ａｃａｄｅｍｙ株式会社,s00000021630001,総合（学び・資格）,新規無料カウンセリング15000円,未提携,a8
初心者にやさしいオンライン英語コーチング【フラミンゴオンラインコーチング】,株式会社フラミンゴ,s00000021739001,その他（学び・資格）,新規無料カウンセリング参加10000円,未提携,a8
スポーツスクールの運営を効率的に「LessonNote PRO」,株式会社だんきち,s00000022097004,その他（Webサービス）,新規契約15000円,未提携,a8
オンラインパーソナルトレーニング×遺伝子検査で最後のダイエット！【CLOUD GYM】,株式会社Ｂｕｉｌｄｓ,s00000022272001,ダイエット,新規入会15000円,提携中,a8
通塾送迎不要のオンライン個別指導塾【そら塾（東証上場企業が運営】,株式会社スプリックス,s00000023187001,家庭教師・塾,新規無料体験10000円,未提携,a8
先生1人に生徒2人までの個別指導塾【森塾（東証上場企業が運営）】,株式会社スプリックス,s00000023187004,家庭教師・塾,新規無料体験15000円,未提携,a8
資金繰りの改善に【請求書カード支払い】,マネーフォワードケッサイ株式会社,s00000023319002,起業・会社設立,新規審査完了15000円,未提携,a8
社内ネットワーク環境そのまま 置くだけ誰でもリモートアクセス 【だれリモVPN】,株式会社グローカルネット,s00000023372007,その他（インターネット接続）,新規契約15000円,未提携,a8
東証プライム市場上場グループ会社による薬剤師転職サポート【アポプラス薬剤師】,アポプラスキャリア株式会社,s00000023639001,就職・転職,"新規キャリアサポート登録20000円
新規求人問い合わせ20000円",未提携,a8
第二新卒・既卒の為の完全オーダーメイド就職【ゼロイチ転職】,《新卒》ＤｉＧ＿ＵＰ＿ＣＡＲＥＥＲ・《中途》ゼロイチ転職,s00000023866002,就職・転職,新規面談15000円,未提携,a8
急成長事業トランクルームだから成果も倍増『スペラボ』,株式会社ＵＫＣｏｒｐｏｒａｔｉｏｎ,s00000023903001,その他（暮らし）,新規契約15000円,未提携,a8
大阪・滋賀の塾・予備校は大学受験・高校受験のKEC近畿予備校・KEC近畿教育学院,ケイ．イー．シー．株式会社,s00000023920001,家庭教師・塾,"新規無料体験15000円
新規無料個別相談15000円",未提携,a8
広告運用者のための転職サービス【アドキャリ転職】,Ｈｙｐｅ＿Ａｇｅｎｃｙ株式会社,s00000024170001,就職・転職,新規無料相談15000円,未提携,a8
湘南美容クリニック【新宿近視クリニック】,ＳＢＣマーケティング株式会社,s00000024229004,医療,新規来院15000円,未提携,a8
ペット用酸素室【オーツーチャージ】,株式会社オーツーチャージ,s00000024584002,ペット,新規レンタル開始15000円,提携中,a8
「クリエイティブ」がわかるクリエイター専門転職エージェント【HIGHFIVE】,株式会社クリーク・アンド・リバー社,s00000025215001,就職・転職,新規面談15000円,未提携,a8
SAPコンサルタント・SAPエンジニアに特化した転職サービス【SAPテンショク】,株式会社スプラッシュエンジニアリング,s00000026342002,就職・転職,新規転職相談15000円,未提携,a8
業界最安手数料／オンライン完結のファクタリングサービス【アクセルファクター】,株式会社アクセルファクター,s00000026407001,その他（金融・投資・保険）,新規問い合わせ15000円,未提携,a8
距離で支払うマイカーリース「エンキロ」,ＤＲＤ４株式会社,s00000026472001,車・バイク,新規仮審査通過15000円,未提携,a8
『MOVE FORWARD』あたりまえの日常を、感動に。「MOVE.eBike」,株式会社ＷｉｎＣ,s00000026663001,アウトドア,購入15000円,未提携,a8
応援と習慣で変わる！駅前筋肉留学GO,株式会社ＲＥＶＩＡＳ,s00000026719001,ダイエット,新規入会15000円,未提携,a8
ボトル2本プレゼント！天然水ウォーターサーバー【U-Premium】,株式会社Ｕ−ＭＸ,s00000026800001,飲料,新規ウォーターサーバー設置完了15000円,未提携,a8
面談でPayPayポイント５万プレゼント！スマート不動産投資【RENOSY（リノシー ）】,株式会社ＧＡ＿ｔｅｃｈｎｏｌｏｇｉｅｓ,s00000026822001,投資,新規個別面談完了15000円,未提携,a8
★人材業界に強い★100%個人起点の転職エージェント【ミライフ】,株式会社ミライフ,s00000026958001,就職・転職,新規無料面談15000円,未提携,a8
★SaaS/AI業界に強い★100%個人起点の転職エージェント【ミライフ】,株式会社ミライフ,s00000026958002,就職・転職,新規無料面談15000円,未提携,a8
工場・製造業の求人ならワールドインテック「工場求人ワールド」,株式会社ワールドインテック,s00000026992001,就職・転職,新規求人応募15000円,未提携,a8
20〜30代グロースキャリア向け｜業界・職種横断型キャリア設計エージェント【ANNA】,株式会社エフリーキャリア,s00000027013001,就職・転職,新規会員登録15000円,未提携,a8
税理士業界特化のハイクラス転職エージェント【ゼイキャリ】,マルゴト株式会社,s00000027080001,就職・転職,新規無料キャリア面談実施15000円,未提携,a8
最短即日！オンライン完結の資金調達なら【エーストラスト】,株式会社エーストラスト,s00000027114001,その他（金融・投資・保険）,新規審査書類提出15000円,未提携,a8
最短1時間で資金調達可能！ファクタリングの共栄サポート,株式会社共栄サポート,s00000027248001,起業・会社設立,新規見積もり提示15000円,未提携,a8
簡単操作でメルマガ配信するなら「アララメッセージ」,アララ株式会社,s00000027290001,総合（Webサービス）,新規無料トライアル実施15000円,未提携,a8
【一般社団法人が提供する公平な不動産査定】トラブル解決協会,一般社団法人不動産トラブル解決協会,s00000027383001,その他（不動産・引越）,新規査定完了15000円,未提携,a8
案件探しも、報酬交渉も。フリーランスに寄り添うエージェントTECHBIZ,株式会社テックビズ,s00000027402001,その他（仕事情報）,新規キャリア相談15000円,未提携,a8
年収UPにコミットする若手ハイクラス特化の転職支援【マーズキャリア】,株式会社ＺＥＲＯＧＲＡ,s00000027498001,就職・転職,新規面談実施15000円,未提携,a8
フリーター・既卒・未経験から正社員へ！無料就職支援【JAIC就職カレッジ】,株式会社ジェイック,s00000027574001,就職・転職,新規面談実施完了15000円,未提携,a8
芸能人・モデル多数【トレーニング×コンディショニング　レクサーパーソナルジム】,株式会社レクサー,s00000025218004,ダイエット,新規体験14662円,未提携,a8
管理部門特化の転職エージェント【WARC AGENT】,株式会社ＷＡＲＣ,s00000026568002,就職・転職,新規無料面談実施14650円,未提携,a8
【法人スマホコム】簡単に法人携帯の契約が可能！,Ｌｉｎｋｌｅｔ株式会社,s00000010885011,その他（インターネット接続）,開通18000円,未提携,a8
定額通い放題・初心者も安心のパーソナルジム【GOODLIFEGYM】グッドライフジム,合同会社ＧＯＯＤＬＩＦＥ,s00000025064001,ダイエット,新規体験参加14500円,未提携,a8
メディカル・コンシェルジュ求人サイト【MC─ファーマネット】会員登録,株式会社メディカル・コンシェルジュ,s00000010449002,就職・転職,会員登録14285円,未提携,a8
【DMM．com証券】DMM　CFD　新規ユーザー獲得プロモーション,株式会社ＤＭＭ．ｃｏｍ証券,s00000008903004,投資,新規アカウント登録＋1回取引14200円,未提携,a8
電話加入権0円で電話回線・電話番号の申込みなら【電話加入権.com】,株式会社ビジョン,s00000007633007,電話,成約14000円,未提携,a8
★固定電話ドットコム★電話加入権0円で電話回線・電話番号の申込！,株式会社ビジョン,s00000007633017,電話,新規電話回線開通14000円,未提携,a8
店舗・事務所の開業等に伴う電話回線のお申し込みなら【電話回線.jp】,株式会社ビジョン,s00000007633020,電話,新規開通14000円,未提携,a8
日本で唯一、建築士が運営する外壁塗装一括見積サイト【外壁塗装パートナーズ】,株式会社ソーラーパートナーズ,s00000016799002,物件,"▽一般メディア
新規見積り14000円

▽ポイントサイト
新規契約完了22556円",未提携,a8
"当サイト限定！最大40,000円還元キャンペーン！【BIGLOBE光】",株式会社Ｗｉｚ,s00000017718046,回線,"新規転用14000円(BIGLOBE光)
新規開通28000円(BIGLOBE光)
新規開通30000円(auひかり)",提携中,a8
リアス銀座クリニック AGA次世代発毛,株式会社４ｌｉｆｅ,s00000020907001,クリニック,新規カウンセリング14000円,未提携,a8
IT・WEB・ソーシャルゲーム業界専門の転職支援プロ集団【Geekly】,株式会社ギークリー,s00000016183001,就職・転職,"新規来社面談13888円
新規オンライン面談6499円",未提携,a8
初期費用0円の太陽光発電なら【エコあっぷ】,株式会社ＡｐｐＤａｔｅ＿Ｈｏｌｄｉｎｇｓ,s00000027252001,物件,新規面談実施13846円,未提携,a8
お家づくりなら、LIFULL HOME'S【住まいの窓口】へご相談ください,ＬＩＦＵＬＬ,s00000022438001,総合（不動産・引越）,新規オンラインor店舗相談予約申込12500円,未提携,a8
ビルドジョブ｜建設業界特化の転職エージェントの無料キャリア面談,ＭｙＶｉｓｉｏｎ,s00000024757004,就職・転職,新規無料面談50000円,未提携,a8
ゼロから始めるWebマーケティングの授業【Break Marketing Program】,株式会社ブレイク,s00000022904001,習い事,新規面談13534円,未提携,a8
"【ahamo光】安定した光回線をコスパ良く！ｄポイント20,000pt",株式会社Ｗｉｚ,s00000017718076,回線,新規利用開始13500円,未提携,a8
全国対応！水道直結型の【楽水ウォーターサーバー】Purest設置台数No1,有限会社プラス１・コミュニケーションズ,s00000021058001,飲料,新規サーバー設置13500円,未提携,a8
最後に笑うために【オンライン家庭教師の銀河】,株式会社Ｗｅｌｌ─ｓｔｏｎｅ,s00000021891001,家庭教師・塾,新規無料体験13500円,未提携,a8
勉強が苦手な生徒の味方【オンライン家庭教師のナイト】,株式会社スター,s00000024597001,習い事,新規無料体験参加13500円,未提携,a8
勉強が苦手な子に最高の環境を！【家庭教師のゴーイング】,株式会社ゴーイング,s00000025554001,家庭教師・塾,新規無料体験レッスン受講13500円,未提携,a8
【返金保証】薄毛・AGAの悩み改善！Dr.AGAクリニック無料カウンセリング,Ｄｒ．ＡＧＡクリニック,s00000021692001,クリニック,新規カウンセリング実施13471円,未提携,a8
自立訓練(生活訓練)のエンラボカレッジ,株式会社エンラボ,s00000026808001,その他（仕事情報）,新規見学完了20000円,未提携,a8
天然水でもっとも安い　ウォーターサーバー「アクアセレクト」,株式会社ＢｅａｕｔｉｆｕｌＬｉｆｅ,s00000005979001,飲料,新規ウォーターサーバー設置4761円,未提携,a8
☆法人携帯ドットコム☆新規・MNP【ソフトバンク携帯】,株式会社ビジョン,s00000007633003,電話,開通完了１社（受注）13000円,未提携,a8
骨は睡眠を記憶する　頭・体を理想の軸に導くエイジングケア発想の枕【Dr.Bones Pillow】,株式会社ロッピングライフ,s00000011064074,その他（健康）,購入5000円,未提携,a8
全国60院以上！薄毛・AGA治療専門院【AGAスキンクリニック】,ＡＧＡスキンクリニック,s00000013366001,ヘアケア,来院14000円,未提携,a8
全国60院以上！薄毛・FAGA治療専門院【AGAスキンクリニック・レディース】,ＡＧＡスキンクリニックレディース院,s00000014107001,クリニック,新規来院14000円,未提携,a8
今だけボトル2本プレゼント！乗り換え返金サポート！【どこよりもウォーター】,株式会社Ｗｉｚ,s00000017718023,飲料,新規サーバー設置13000円,未提携,a8
法人携帯・スマホがおトク！【法人通信】＜ソフトバンク正規取扱店＞,アールアイ株式会社,s00000018938003,電話,新規開通13000円,未提携,a8
IT職種・業界に完全特化。キャリア相談品質に自信があります【IT転職エージェント＠PRO人】,ＩＴ専門転職エージェント＠ＰＲＯ人（株式会社エスアイイー）,s00000020853002,就職・転職,新規面談13000円,未提携,a8
未経験からITエンジニアに！初めての転職も徹底サポート【IT専門転職エージェント＠PRO人】,ＩＴ専門転職エージェント＠ＰＲＯ人（株式会社エスアイイー）,s00000020853003,就職・転職,新規面談13000円,未提携,a8
脱毛効果なら「医療脱毛」の美容クリニック【ルシアクリニック】,ルシアクリニック,s00000021583001,医療,新規カウンセリング13000円,未提携,a8
【無料体験】自分に合ったプロ講師を選べる！【オンライン家庭教師マナリンク 】,株式会社ＮｏＳｃｈｏｏｌ,s00000022072001,家庭教師・塾,新規無料体験13000円,未提携,a8
全国通勤チャットレディ求人【CHATSTYLE】,株式会社ＲＴＫ,s00000022254001,就職・転職,"新規通勤稼働13000円
新規通勤＋在宅稼働13000円
新規在宅稼働10000円",未提携,a8
東大生の家庭教師最大規模【東大家庭教師友の会】,株式会社トモノカイ,s00000022930002,家庭教師・塾,初回無料体験授業参加13000円,未提携,a8
がん保険の専門相談サイト【baby planet（ベビープラネット）】,株式会社レガシーワークス,s00000023341003,保険,新規無料相談13000円,未提携,a8
不動産の訪問査定完了【持ち家売却】,株式会社セレス,s00000023754008,総合（不動産・引越）,訪問査定＋相談完了13000円,未提携,a8
オーダーメイド発毛専門AGAクリニックなら信頼と実績の【 Dクリニック 】,Ｄクリニック,s00000026045001,クリニック,新規診療orカウンセリング実施13000円,未提携,a8
安定した未来のため資産形成やライフリスクは【ファイナンシャルプランナーに相談】へ,ファインドイット株式会社,s00000026218001,その他（金融・投資・保険）,新規無料相談13000円,未提携,a8
SAP特化のITフリーランスの案件紹介サービス【SAPフリーランスバンク】,株式会社スプラッシュエンジニアリング,s00000026342001,就職・転職,新規カウンセリング13000円,未提携,a8
セキュリティ特化のフリーランス案件紹介サービス【セキュリティプロ・フリーランス】,株式会社スプラッシュエンジニアリング,s00000026342003,その他（仕事情報）,新規カウンセリング13000円,未提携,a8
大手現役人事が手掛ける完全無料の就活サポート【ユメキャリ就職エージェント】,ＲｅｖｅＣａｒｅｅｒＡｇｅｎｃｙ株式会社,s00000026686001,就職・転職,新規面談完了13000円,未提携,a8
大手企業の人事部が提供する転職サポート【ユメキャリ転職エージェント】,ＲｅｖｅＣａｒｅｅｒＡｇｅｎｃｙ株式会社,s00000026686002,就職・転職,新規キャリアカウンセリング13000円,未提携,a8
免許をとるなら合宿免許in静岡！関東エリア・愛知県からのアクセス抜群！,株式会社遠鉄自動車学校,s00000026881001,資格取得,新規普通車合宿免許参加13000円,未提携,a8
【Airレジ　オンライン導入相談】,株式会社リクルート,s00000017321004,その他（Webサービス）,導入相談12927円,未提携,a8
いつでもどこでも『いつも』がサポート 【全国ご融資開始キャンペーン！】,株式会社いつも,s00000015855001,金融,新規契約12600円,未提携,a8
【求人】☆体験OK！日払いOK！店舗数70店舗☆【ブライトグループ】,ブライトグループ,s00000019026001,在宅ワーク,"新規面接12500円(通勤希望)
新規稼働12500円(在宅希望)",未提携,a8
スマホで学ぶ資産形成【不動産投資のJPリターンズ】,Ｊ．Ｐ．Ｒｅｔｕｒｎｓ株式会社,s00000018750003,投資,新規資料請求12495円,未提携,a8
動画で学ぶ資産形成【JPリターンズ動画視聴】,Ｊ．Ｐ．Ｒｅｔｕｒｎｓ株式会社,s00000018750004,総合（学び・資格）,新規動画視聴12495円,未提携,a8
全国40院以上！AGA治療の【イースト駅前クリニック】,イースト駅前クリニック,s00000025703001,医療,新規診療12295円,未提携,a8
【定期なし】オンライン診療ならSDHクリニック,株式会社ライカ,s00000027212001,医療,新規診察12295円,未提携,a8
大阪ガスのインターネット「さすガねっと」,大阪ガス株式会社,s00000023687001,プロバイダー,"▽一般メディア
新規開通30076円

▽ポイントサイト
新規開通12030円",未提携,a8
日本初の保険ショップが約50社を無料で徹底比較！【保険クリニック】,株式会社アイリックコーポレーション,s00000027367001,保険,新規無料相談完了12030円,未提携,a8
Fin Techを活用したオンラインファクタリング【Easy factor】,株式会社Ｎｏ．１,s00000020552003,総合（金融・投資・保険）,新規見積もり申込20000円,未提携,a8
【建設業者様特化のファクタリング】株式会社No.1,株式会社Ｎｏ．１,s00000020552004,その他（金融・投資・保険）,新規ファクタリング申込20000円,未提携,a8
小学生からのオンライン英語専門校はCampusTop！,株式会社ＱＱ＿Ｅｎｇｌｉｓｈ,s00000020929005,習い事,新規無料カウンセリング22550円,未提携,a8
エノサポ就活｜早く内定が欲しいあなたへ！最短1週間で内定へ導く伴走支援型エージェントサービス,株式会社エノバンス,s00000027370001,就職・転職,新規面談完了17000円,未提携,a8
FX環境を安定性で選ぶなら、リソース保証型の【XServer VPS for FX プレミアム】,エックスサーバー株式会社,s00000001642025,サーバー,"契約12000円（ライトプラン10GB）
契約14000円（スタンダードプラン24GB）
契約29000円（プレミアムプラン48GB）
契約43000円（ビジネスプラン64GB）",未提携,a8
GMOとくとくBB【ソフトバンク光・エアー】,ＧＭＯインターネット株式会社,s00000000018043,回線,新規開通＋利用12000円,未提携,a8
暖房器具【ケノンヒーター スグダン】販売促進プログラム,アローエイト株式会社,s00000010841005,家電,購入12000円,未提携,a8
合宿免許受付センター,合宿免許受付センター,s00000010921001,専門学校・スクール,免許合宿参加12000円,未提携,a8
おいしい天然水のウォーターサーバーなら【PREMIUM WATER(プレミアムウォーター) 】,プレミアムウォーター株式会社,s00000012352001,飲料,申込12000円,未提携,a8
ヒゲや全身のムダ毛のお悩みに！男性脱毛の【メンズリゼ】,リゼクリニック,s00000014289002,エステ,新規来院12000円,未提携,a8
未経験からITエンジニアを目指したい方の特化型就職サポート【ウズウズIT】,株式会社ウズウズ,s00000014490008,就職・転職,新規登録12000円,未提携,a8
業界最安値の探偵会社・浮気調査【HAL探偵社】,株式会社ＨＡＬ,s00000015849001,その他（暮らし）,新規問い合わせ12000円,未提携,a8
※たった2ヶ月で人生が変わるほど痩せる！完全個室ダイエットジム【リタスタイル】,株式会社利他フーズ,s00000017244001,ダイエット,新規無料カウンセリング12000円,未提携,a8
スマホのパケット量が使い放題で工事が不要！【SoftbankAir】,株式会社Ｗｉｚ,s00000017718022,プロバイダー,新規開通15000円,未提携,a8
みんなのＦＸ　口座開設プロモーション,トレイダーズ証券株式会社,s00000018633001,投資,口座開設12000円,未提携,a8
みんなのシストレ,トレイダーズ証券株式会社,s00000018633003,投資,新規口座開設完了＋取引10000円,未提携,a8
結婚式プロフィールムービー制作の【ナナイロウエディング】,株式会社レトロミーム,s00000019324001,ウエディング,"▽一般メディア
新規購入6000円

▽ポイントサイト
新規購入2331円

▽クーポンサイト
新規購入3000円",未提携,a8
キャンペーン実施中！FXはじめるなら【LIGHT FX】口座開設,ＬＩＧＨＴＦＸ,s00000019554001,投資,口座開設12000円,未提携,a8
AIやデータサイエンスが学べる就労移行支援【Neuro Dive】,パーソルダイバース株式会社,s00000019630003,就職・転職,新規WEB説明会参加12000円,未提携,a8
Web業界経験者のための転職サポートサービス【CREATIVE VILLAGE】,株式会社クリーク・アンド・リバー社,s00000019744005,就職・転職,新規面談12000円,未提携,a8
今最も勢いのある電話占いサイト「電話占いセラ」,Ｃ・Ｓ・Ｅプロダクション株式会社,s00000022005002,占い,新規電話占い利用12000円,未提携,a8
100円からお取引可能！FXをはじめるなら【松井証券 MATSUI FX】,松井証券株式会社,s00000022371001,投資,新規FX口座開設完了＋取引12000円,提携中,a8
難関校受験から帰国生受験までオンライン指導が可能！【名門会オンライン】,株式会社名門会,s00000023574001,家庭教師・塾,新規カウンセリング12000円,未提携,a8
ブランド品の買取なら【ブランドオフ宅配買取】,株式会社Ｋ─ブランドオフ,s00000024224001,リサイクル,無料買取申込＋着荷12000円,未提携,a8
【新発売】浄水型ウォーターサーバー「ViVi Water（ヴィヴィウォーター）」,株式会社ＶＩＳＩＯＮ,s00000025803001,飲料,新規設置12000円,未提携,a8
不動産売却・査定のご相談なら【不動産SHOPナカジツ】,株式会社不動産ＳＨＯＰナカジツ,s00000026729001,その他（不動産・引越）,新規査定申込12000円,未提携,a8
東京都限定　初期費用ゼロで太陽光発電と蓄電池を設置！【ゼロスタート ソーラー】,株式会社ラクサポ,s00000026856001,物件,"▽一般
新規見積もり完了12000円

▽ポイントサイト
新規契約完了20000円",未提携,a8
”めんどうみ”が違います【保険コンパス】,株式会社ティー・エフ・オフィス,s00000027443001,保険,新規相談12000円,未提携,a8
最短90分で請求書を現金化！法人向けファクタリング【株式会社アバンティア】,株式会社アバンティア,s00000027455001,金融,新規査定申込12000円,未提携,a8
約3万件の実績！プライバシー重視の脂肪吸引専門クリニック【ガーデンクリニック】,株式会社アップドラフト,s00000027519001,クリニック,新規カウンセリング12000円,未提携,a8
無料で資産形成や保険について相談できる！FPカフェ,株式会社ｍｏｇａｎａ,s00000027294001,総合（金融・投資・保険）,新規面談完了11700円,未提携,a8
【Airビジネスツールズ開業支援セット】,株式会社リクルート,s00000017321005,起業・会社設立,新規導入相談11645円,未提携,a8
メンズ　アートネイチャー,株式会社アートネイチャー,s00000008714001,ヘアケア,来店11538円,未提携,a8
【ＴＯＫＡＩ】おいしい水の贈りもの うるのん申込,株式会社ザ・トーカイ,s00000007057005,飲料,初回申込み(設置)11500円,未提携,a8
【ＴＯＫＡＩ】おいしい水の宅配便,株式会社ザ・トーカイ,s00000007057007,飲料,新規サーバー設置11500円,未提携,a8
"高速10ギガ＆光テレビが980円〜！5ギガ、１ギガも2,380円〜でおトク【eo光】",デジタルサポート株式会社,s00000016397001,回線,新規開通14500円,未提携,a8
実際の教師で体験できる！入会金0円で月謝もリーズナブル【家庭教師ファースト】,家庭教師ファースト（株式会社エムズグラント）,s00000022870001,家庭教師・塾,新規体験授業受講11500円,未提携,a8
キャッシング【アロー】,株式会社アロー,s00000013023001,金融,新規契約成立11429円,未提携,a8
プロの意見も交えた初心者にやさしい保険選び【保険ランドリー】,株式会社ティー・フィック,s00000017634001,その他（金融・投資・保険）,新規面談11329円,未提携,a8
当社グループ独占の人気商品！【家庭用ルームランナー販売店】,アローエイト株式会社,s00000010841004,医療,購入11278円（ルームランナー　シリウストレッド8）,未提携,a8
FP無料保険相談【保険マンモス】,保険マンモス株式会社,s00000027024001,保険,新規面談11278円,未提携,a8
20代・スポーツ経験者向け転職支援サービス【スポーツフォース】,株式会社アーシャルデザイン,s00000020128001,就職・転職,新規面談実施完了11275円,提携中,a8
未経験職種への転職ならアーシャルデザイン,株式会社アーシャルデザイン,s00000020128003,就職・転職,新規面談実施完了11275円,未提携,a8
新規キャッシング【アルコシステム】会員募集・利用促進,株式会社アルコシステム,s00000010046001,金融,契約成立11000円,未提携,a8
20代のキャリアを本気で変える、転職成功保証付き専門塾【ホワイトアカデミー】,Ａｖａｌｏｎ＿Ｃｏｎｓｕｌｔｉｎｇ株式会社,s00000025508005,就職・転職,新規無料相談参加12000円,未提携,a8
天然水ウォーターサーバー・宅配水なら【公式】オーケンウォーター,株式会社オーケンウォーター,s00000007476001,飲料,新規定期申込11000円,未提携,a8
簡単一括見積もり【ハピタスリフォーム】,株式会社オズビジョン,s00000007478010,物件,新規見積もり書受取完了11000円,未提携,a8
【家庭教師のあすなろ】★無料体験・入会申込★,家庭教師のあすなろ（株式会社ひのき）,s00000007787001,家庭教師・塾,無料体験受講11000円,未提携,a8
治療家の転職を、専門家が無料でトータルサポート！【レバウェル治療家】,レバレジーズ株式会社,s00000011866037,就職・転職,新規会員登録11000円,未提携,a8
【累計お問合わせ数10万件突破！】＜オフィス・店舗デザイン＞業者ご紹介サービ ス【EMEAO ! 】,株式会社ｅｃｌｏｒｅ,s00000012115037,その他（仕事情報）,新規法人申込11000円,未提携,a8
【楽器セット】楽しく上達！初心者向けウクレレ講座DVD初心者セット,マナビーノ,s00000013869008,音楽,購入11000円,未提携,a8
全国49校普通自動車専門の合宿免許予約サイト【ユーアイ免許】,株式会社ユーアイ,s00000016013001,資格取得,新規合宿免許参加11000円,未提携,a8
ファクタリングならトラストゲートウェイ【クラウド契約対応】,株式会社トラストゲートウェイ,s00000017543001,金融,新規問い合わせ11000円,未提携,a8
資金繰りにお悩みの方へ、最短2時間で入金可能！【ビートレーディング】,株式会社ビートレーディング,s00000017625001,総合（金融・投資・保険）,新規問い合わせ11000円,未提携,a8
事業資金でお困りならご相談ください！【一般社団法人日本中小企業金融サポート機構】,（一社）日本中小企業金融サポート機構,s00000019221001,その他（金融・投資・保険）,新規問い合わせ11000円,未提携,a8
老舗リフォーム見積もり比較サイト：防水セレクトナビ,株式会社サフタ,s00000019485004,物件,新規一括見積り完了11000円,未提携,a8
イチから就職を目指せます！Cocorportの就労移行支援サービス,株式会社ココルポート,s00000019799001,その他（仕事情報）,新規見学11000円,未提携,a8
コンサル・IT業界のハイクラス転職に特化【AXIS Agent（アクシスコンサルティング）】,アクシスコンサルティング株式会社,s00000020769001,就職・転職,新規キャリア相談18000円,未提携,a8
お金や保険の無料相談は【マネードクター】,マネードクター,s00000020829001,保険,新規面談11279円,未提携,a8
重機買取【建機買取屋.コム】は中間マージンなし高額買取、無料スピード査定が特徴,株式会社リペスタ,s00000020940002,車・バイク,新規見積り査定11000円,未提携,a8
TAクリニック｜安心の最長5年保証【全国展開中の美容外科 TAクリニック】,医療法人愛美会,s00000022872001,クリニック,"新規カウンセリング8500円（その他）
新規カウンセリング11000円（婦人科）
新規カウンセリング15500円（ヒアルロン酸）
新規カウンセリング17000円（くまとり）
新規カウンセリング19000円（二重）
新規カウンセリング19000円（メンズ二重）
新規カウンセリング19000円（リフト）
新規カウンセリング19000円（豊胸）
新規カウンセリング19000円（人中）
新規カウンセリング19000円（脱毛）
新規カウンセリング19000円（バッカルファット）
新規カウンセリング23000円（鼻）",未提携,a8
今話題のメディカルダイエット！オンライン診療だから簡単！【デジタルクリニックグループ】,デジタルクリニックグループ,s00000024053001,医療,新規オンライン診療11000円,未提携,a8
2023年10月新プラン登場【月3800円で水素水が飲み放題】水素水サーバーSUIREX5,株式会社コスモスエンタープライズ,s00000024242001,飲料,新規契約11000円,未提携,a8
最新いびき治療【いびきのクリニック】,いびきのクリニック,s00000025483001,医療,新規カウンセリング11000円,未提携,a8
最短即日！業界No.1ファクタリングはPMG,ピーエムジー株式会社,s00000025725001,金融,新規問い合わせ11000円,未提携,a8
スタサプ講師が代表を務めるコーチング塾！【難関大受験専門塾 現論会】,株式会社言楽舎,s00000025840001,家庭教師・塾,新規無料相談11000円,未提携,a8
初心者OK！デザイン＆広告スキル習得【ウェブスキ】,株式会社ファーストビュー,s00000026577001,その他（学び・資格）,新規無料レクチャー受講完了11000円,未提携,a8
【ウズカレIT】1ヶ月のオンライン研修でITエンジニア就職へ！,株式会社ＵＺＵＺＣＯＬＬＥＧＥ,s00000026657001,就職・転職,新規無料オンライン説明会参加11000円,未提携,a8
ITスキルゼロから、市場価値の高いAWSエンジニアへ【ウズウズカレッジAWSコース 】,株式会社ＵＺＵＺＣＯＬＬＥＧＥ,s00000026657002,就職・転職,新規無料オンライン説明会参加11000円,未提携,a8
あなたの資産形成の考えを教えてください！お金のインタビューモニター募集【ITトレンドMoney】,株式会社Ｉｎｎｏｖａｔｉｏｎ＿＆＿Ｃｏ．,s00000026693002,その他（金融・投資・保険）,新規面談11000円,未提携,a8
即日資金調達！安心のファクタリング会社【JPS】,株式会社ＪＰＳ,s00000026919001,その他（金融・投資・保険）,新規お問い合わせ11000円,未提携,a8
外壁塗装、比べて選べばもっとお得。【外壁塗装一括net】,サンライフ株式会社,s00000027200001,総合（暮らし）,新規見積依頼11000円,未提携,a8
"最短開通日即日！35,000円の高額キャッシュバックが可能！【めちゃトク光】",株式会社ネットサービス,s00000027333001,回線,新規開通11000円,未提携,a8
高性能・家庭用美容器「ケノン公式ＨＰ」新商品,アローエイト株式会社,s00000010841003,美容機器,商品購入12000円,未提携,a8
ギター1本でカッコよく弾ける！【ソロギター講座3弾セット教本＆DVD】,マナビーノ,s00000013869012,音楽,購入10945円,未提携,a8
【Pappy】ワンランク上のマッチングサービス,イククル,s00000009685004,恋愛,新規有料プラン登録10900円,提携中,a8
債務整理なら【アース司法書士事務所】お一人で悩まず、専門家にご相談下さい！,アース司法書士事務所,s00000021503001,その他（暮らし）,新規問合せ10900円,未提携,a8
医療美容脱毛の【フェミークリニック】,フェミークリニック,s00000024092001,エステ,新規無料カウンセリング12000円,未提携,a8
初心者向けピアノ講座【30日でマスターするピアノ教本3弾セット】,マナビーノ,s00000013869001,書籍・本,購入10824円,未提携,a8
オーボエの美しい音色を手に入れるための上達講座【初心者向けオーボエ教本＆DVD 3弾セット】,マナビーノ,s00000013869005,習い事,購入10824円,未提携,a8
歌いながらサックスがグングン上達する【初心者向けアルトサックス教本＆DVD 3弾セット】,マナビーノ,s00000013869006,習い事,購入10824円,未提携,a8
92.4%の女性が満足した永久脱毛 【医療法人社団カルミア美肌クリニック】,スパイラル株式会社,s00000012416002,エステ,新規来店10767円,未提携,a8
【全身脱毛Dione】敏感肌専門 脱毛サロン ディオーネ,ドクターサポート株式会社,s00000018171003,エステ,新規体験実施10722円,未提携,a8
家庭教師の【がんば】無料体験レッスン募集,株式会社がんば,s00000010800001,家庭教師・塾,新規無料体験申込10700円,未提携,a8
60日で平均-8.60kg！女性専用パーソナル×痩身エステで理想のカラダへ【GYMS】,株式会社ライズ,s00000027515001,ダイエット,新規無料体験or無料店舗カウンセリング実施10600円,未提携,a8
車を持つなら頭金、ボーナス払いなし、月額定額カーリース[カーリースカルモくん],ナイル株式会社,s00000019530001,その他（スポーツ・趣味）,"新規審査通過10526円

▽ポイントサイト
新規契約13000円",未提携,a8
【ＧＭＯクリック証券】FXネオ口座開設,ＧＭＯクリック証券,s00000004526005,投資,新規FX口座開設10500円,未提携,a8
最先端を行くオンライン家庭教師【e-Live】,ＬＩＶＥ株式会社,s00000020839001,家庭教師・塾,新規無料体験10500円,未提携,a8
海外・国内在住どちらでも！【エフィサージュ　海外子女向けオンライン家庭教師 】,ＬＩＶＥ株式会社,s00000020839003,家庭教師・塾,新規無料体験10500円,未提携,a8
自宅で予備校要らずの大学受験対策【オンライン大学受験塾プロイゴ】,ＬＩＶＥ株式会社,s00000020839004,家庭教師・塾,新規無料体験10500円,未提携,a8
ハイパワー美顔器本格ケア【DISM EMS EER メディスキンケアデバイス】,アンファー株式会社,s00000016002014,美容機器,新規購入10250円,未提携,a8
学資保険の無料相談サイト「ガーデン」,株式会社Ｇｌｏｂａｌ８,s00000020819001,その他（金融・投資・保険）,"新規面談10250円
新規資料請求500円",未提携,a8
貯蓄の無料相談サイト「ガーデン」,株式会社Ｇｌｏｂａｌ８,s00000020819003,総合（金融・投資・保険）,初回面談10250円,未提携,a8
保険の無料相談サイト「ガーデン」,株式会社Ｇｌｏｂａｌ８,s00000020819004,保険,初回面談10250円,未提携,a8
ゲーム業界の転職・求人情報【G-JOBエージェント】,株式会社リンクトブレイン,s00000024560001,就職・転職,新規無料相談エントリー10152円,未提携,a8
国語特化のオンライン個別指導【ヨミサマ。】,株式会社Ｏｖｅｒｆｏｃｕｓ,s00000024444002,家庭教師・塾,新規無料体験参加10100円,未提携,a8
若手ハイエンド特化の転職エージェント【ASSIGN AGENT】,株式会社アサイン,s00000019900002,就職・転職,新規キャリア面談10033円,未提携,a8
クボタ筑波期間従業員｜寮あり・正社員登用有,トリプルエース株式会社,s00000027304001,就職・転職,新規応募15000円,未提携,a8
業界最大級！医師転職サイト「医師転職ドットコム」無料会員登録,株式会社メディウェル,s00000009894001,就職・転職,"新規会員登録30000円（正社員（常勤）希望の場合）
新規会員登録10000円（アルバイト（非常勤）希望の場合）",未提携,a8
リフォーム見積もり比較サイト【ハピすむ】,株式会社エス・エム・エス,s00000001248022,物件,新規見積り依頼10000円,未提携,a8
カスタマイズ可能なECサイト構築ASP【ECドルフィン】,株式会社シード,s00000005869008,ホームページ・ネットショップ,新規成約10000円,未提携,a8
日本株も米国株もNISAも！ポイントを貯めながらアプリで取引！【DMM 株】,株式会社ＤＭＭ．ｃｏｍ証券,s00000008903007,投資,新規アカウント登録＋1回の取引完了10000円,未提携,a8
女性限定・初心者専門の英会話スクール【b わたしの英会話】,株式会社ｂｙＺＯＯ,s00000010346001,専門学校・スクール,無料体験レッスン申込み10000円,未提携,a8
土地付き太陽光発電の投資物件検索サイト【タイナビ発電所】,株式会社グッドフェローズ,s00000010685003,物件,新規会員登録7000円,未提携,a8
安いだけじゃない、口コミ評価の高いオンライン家庭教師ガンバ,株式会社がんば,s00000010800002,家庭教師・塾,新規体験授業参加10000円,未提携,a8
安心できるパートナー【ハローハッピー】フリーローン成約促進,株式会社ハローハッピー,s00000011187001,金融,成約10000円,未提携,a8
全ての悩みを全国各地の有名占い師達が解決！【電話占いヴェルニ】,株式会社ファンフィール,s00000011537001,占い,新規会員登録8000円,未提携,a8
IT・Web転職サービスなら【レバテックキャリア】,レバレジーズ株式会社,s00000011866006,就職・転職,『レバテックキャリア』への新規会員登録10000円,未提携,a8
新卒ITエンジニア専門の就活エージェント 【レバテックルーキー】,レバレジーズ株式会社,s00000011866020,就職・転職,新規カウンセリング10000円,未提携,a8
IT・Webのスカウト転職サービスなら【レバテックダイレクト】,レバレジーズ株式会社,s00000011866029,就職・転職,新規登録10000円,未提携,a8
【利用料0円！】＜テレマーケティング＞日本最大級のBtoB見積比較サービス【一括.jp】,株式会社ｅｃｌｏｒｅ,s00000012115004,その他（Webサービス）,新規法人問合せ10000円,未提携,a8
【利用料0円！】＜複合機・コピー機＞日本最大級のBtoB見積比較サービス【一括.jp】,株式会社ｅｃｌｏｒｅ,s00000012115006,その他（Webサービス）,新規法人問合せ10000円,未提携,a8
【累計お問合わせ数10万件突破！】＜LED照明工事＞業者ご紹介サービス【EMEAO ! 】,株式会社ｅｃｌｏｒｅ,s00000012115011,その他（Webサービス）,新規法人申込10000円,未提携,a8
【利用料0円！】＜アプリ開発＞日本最大級のBtoB見積比較サービス【一括.jp】,株式会社ｅｃｌｏｒｅ,s00000012115013,webコンサルティング,新規法人問合せ10000円,未提携,a8
【利用料0円！】＜リスティング代行＞日本最大級のBtoB見積比較サービス【一括.jp】,株式会社ｅｃｌｏｒｅ,s00000012115016,webコンサルティング,新規法人問合せ10000円,未提携,a8
【利用料0円！】＜防犯カメラ設置＞日本最大級のBtoB見積比較サービス【一括.jp】,株式会社ｅｃｌｏｒｅ,s00000012115019,その他（Webサービス）,新規法人問合せ10000円,未提携,a8
"17年以上4,300社の圧倒的実績を誇るSEO対策サービス【ランクエスト】",株式会社ｅｃｌｏｒｅ,s00000012115020,その他（Webサービス）,新規問い合わせ10000円,未提携,a8
【累計お問い合わせ数10万件突破！】＜防犯カメラ＞設置業者ご紹介サービス【EMEAO!】,株式会社ｅｃｌｏｒｅ,s00000012115022,家電,新規法人申込10000円,未提携,a8
【利用料0円！】＜法人携帯＞日本最大級のBtoB見積比較サービス【一括.jp】,株式会社ｅｃｌｏｒｅ,s00000012115023,電話,新規法人問合せ10000円,未提携,a8
【累計お問い合わせ数10万件突破！】＜アプリ開発＞会社ご紹介サービス【EMEAO!】,株式会社ｅｃｌｏｒｅ,s00000012115038,webコンサルティング,新規法人申込10000円,未提携,a8
【累計お問い合わせ数10万件突破！】＜Pマーク取得支援＞コンサルご紹介サービス【EMEAO!】,株式会社ｅｃｌｏｒｅ,s00000012115039,その他（仕事情報）,新規法人申込10000円,未提携,a8
【累計お問い合わせ数10万件突破！】＜ビジネスホン＞業者ご紹介サービス【EMEAO!】,株式会社ｅｃｌｏｒｅ,s00000012115040,その他（仕事情報）,新規法人申込10000円,未提携,a8
驚愕の的中率を誇るカリスマ鑑定師がズラリ【電話占いウィル】,株式会社ウィル,s00000012748002,占い,新規利用10000円,未提携,a8
メンズ医療脱毛なら【ゴリラ脱毛】,医療法人社団十二会,s00000013449001,エステ,新規無料カウンセリング10000円,未提携,a8
続けられる。男の薄毛(AGA)治療・抜け毛対策なら【ゴリラクリニック】,医療法人社団十二会,s00000013449010,ヘアケア,新規無料カウンセリング13000円,未提携,a8
リフォームの無料一括見積もり【リショップナビ】,株式会社じげん,s00000013511001,物件,新規見積申込10000円,未提携,a8
外壁塗装の無料比較サイト【リショップナビ外壁塗装】,株式会社じげん,s00000013511007,その他（不動産・引越）,新規見積申込10000円,未提携,a8
外壁塗装の一括見積もり【外壁塗装コンシェルジュ】,株式会社じげん,s00000013511009,その他（暮らし）,新規見積申込10000円,未提携,a8
子ども・幼児・キッズ向け英会話スクール【ペッピーキッズクラブ】,イッティージャパン株式会社,s00000013580001,幼児教育,新規体験受講10000円,未提携,a8
自宅でラクラク、楽しく上達！初心者向けウクレレ講座DVD,マナビーノ,s00000013869007,習い事,購入10000円,未提携,a8
たったの30分で弾けるようになる【初めてのヴァイオリンレッスンDVD1弾〜3弾セット】,マナビーノ,s00000013869010,習い事,購入10000円,未提携,a8
たったの30分で弾ける！初めてのヴァイオリンレッスンDVD1弾〜3弾【楽器セット】,マナビーノ,s00000013869011,習い事,購入10000円,未提携,a8
【リゼクリニック・メンズリゼ】肌治療来院促進プログラム,リゼクリニック,s00000014289003,クリニック,新規無料カウンセリング10000円,未提携,a8
"置くだけ簡単Wi-Fi！30,000円現金キャッシュバック！【SoftBank Airキャンペーン】",株式会社ＮＥＸＴ【優良代理店表彰実績多数】,s00000014546016,回線,新規開通10000円,未提携,a8
業界最速のキャッシュバック還元！更にオプション加入条件なし【auひかりサイト】,株式会社ＮＥＸＴ【優良代理店表彰実績多数】,s00000014546021,総合（インターネット接続）,新規開通10000円,未提携,a8
入会金・解約手数料・教材費はすべて0円！上場企業が運営【家庭教師のサクシード,株式会社サクシード,s00000014574010,家庭教師・塾,新規無料体験完了10000円,未提携,a8
来店不要・振込キャッシング【パーソナルクレジット　セントラル】,株式会社セントラル,s00000014787001,金融,新規契約借入10000円,提携中,a8
来店不要・振込キャッシング【女性専用　マイレディス】,株式会社セントラル,s00000014787002,金融,新規契約借入10000円,未提携,a8
メディア紹介多数！どこよりもリーズナブルにゴルフレッスン【サンクチュアリゴルフ】,株式会社サンクチュアリゴルフ,s00000015530001,スポーツ,新規入会6000円,未提携,a8
理想の結婚式を！結婚式場探し・ブライダルフェア予約サイト【Hanayume】,株式会社エイチームライフデザイン,s00000015770001,ウエディング,"新規ブライダルフェア来館10000円
新規ブライズデスク来店10000円",未提携,a8
あなたに合った企業への就職を徹底サポート【DYM就職】,株式会社ＤＹＭ,s00000015876003,就職・転職,新規面談5287円,未提携,a8
【最短で開通確認後即日振込】Auひかり＠niftyキャンペーンサイト,株式会社アウンカンパニー,s00000016275011,回線,新規開通10000円,未提携,a8
全国のリサイクルショップの集客支援プラットフォーム【おいくら】買取業者募集！,ＲｅＲｅ,s00000016522004,リサイクル,新規広告掲載10000円,未提携,a8
【全国対応】住宅用太陽光発電のNo.1見積りサイト【ソーラーパートナーズ】,株式会社ソーラーパートナーズ,s00000016799001,物件,"▽一般メディア
新規見積り10000円

▽ポイントサイト
新規契約完了22556円",未提携,a8
無料POSレジアプリ【Airレジ】,株式会社リクルート,s00000017321002,その他（Webサービス）,新規アカウント登録＋Airレジ利用12927円,未提携,a8
医療脱毛プロモーション【レジーナクリニック】,レジーナクリニック,s00000017584001,エステ,新規カウンセリング来院10000円,未提携,a8
"WEB限定！最大79,000円キャッシュバックor豪華人気商品プレゼント！【フレッツ光 】",株式会社Ｗｉｚ,s00000017718003,回線,"新規開通10000円（コラボレーション光）
新規開通30000円（フレッツ（法人SOHOのみ））",未提携,a8
"【ドコモ光】新規工事費実質無料！当サイト限定！最大100,000円の高額キャッシュバック！",株式会社Ｗｉｚ,s00000017718004,回線,"新規転用5000円
新規開通10000円",未提携,a8
メディア会員の方必見！電気代コスト削減！★大幅還元実施中★【ハルエネ電気】,株式会社Ｗｉｚ,s00000017718017,その他（暮らし）,"新規申込10000円(利用料金：8,000円〜11,999円)
新規申込12000円(利用料金：12,000円〜15,999円)
新規申込18000円(利用料金：16,000円〜19,999円)
新規申込20000円(利用料金：20,000円〜29,999円)
新規申込30000円(利用料金：30,000円以上)",未提携,a8
小規模事業者持続化補助金対応！プロがまるっと営業代行【ウルマップ営業代行】,株式会社Ｗｉｚ,s00000017718062,総合（Webサービス）,"新規導入10000円（通常1か月プラン） 
新規導入20000円（補助金3か月プラン）",未提携,a8
ITエンジニアのための転職エージェント【TechClipsエージェント】,ｎｏｔａｒｉ株式会社,s00000017743001,就職・転職,新規面談10000円,未提携,a8
保険の「見直し」と「新規加入」お金のプロが無料で解決！【保険見直しラボ】,保険見直しラボ,s00000017791001,保険,新規無料相談10000円,未提携,a8
フリーランスエンジニアに安心保障と豊富な案件紹介を【Midworks】,株式会社ＴＷＯＳＴＯＮＥ＆Ｓｏｎｓ,s00000017868002,就職・転職,新規登録10000円,未提携,a8
フィリピン・セブ島留学【MeRISE留学（ミライズ）】,ＭｅＲＩＳＥ株式会社,s00000018011002,専門学校・スクール,新規無料オンライン面談10000円,未提携,a8
最短2ヶ月で ネイティブな 英語発音を身につける【ハツオン】,ＭｅＲＩＳＥ株式会社,s00000018011003,習い事,新規カウンセリング面談10000円,未提携,a8
暗号資産CFDサービス【みんなのコイン】,トレイダーズ証券株式会社,s00000018633002,投資,取引10000円,未提携,a8
英会話を身につけるならスパルタな会話量で。３ヶ月短期集中スパルタ英会話,株式会社スパルタ英会話,s00000018721001,その他（学び・資格）,新規入会30000円,未提携,a8
顧客満足度 総合第1位に選ばれた、格安結婚式プロデュース【スマ婚】,タメニー株式会社,s00000019430001,ウエディング,新規無料カウンセリング10000円,提携中,a8
【全額返金保証付き】女性用育毛剤「ラミナス」※特許成分配合,メディカルネット株式会社,s00000019481002,ヘアケア,新規購入10000円,未提携,a8
新登場！AGA専門治療病院【B&Hメディカルクリニック】,株式会社Ｓｃａｌｐ＿Ｈａｉｒ＿Ｌａｂｏ,s00000019680001,クリニック,新規カウンセリング10000円,未提携,a8
FAGA（女性の薄毛）治療【B&Hメディカルクリニック】,株式会社Ｓｃａｌｐ＿Ｈａｉｒ＿Ｌａｂｏ,s00000019680002,クリニック,新規カウンセリング10000円,未提携,a8
「流す」から「洗う」へ！？話題沸騰のあのシャワーヘッド！【ミラブルzero】,株式会社ＧＷＦ,s00000019882005,家電,新規購入12000円,未提携,a8
福岡・九州で格安で結婚式をするなら！最低価格に挑戦！【ブラなび】,株式会社ブラナビプラス,s00000019981001,ウエディング,新規無料相談15000円,未提携,a8
【業務用 カラオケレンタルNAVi】導入無料相談窓口,株式会社メディアサービス,s00000020187006,総合（エンタメ）,法人新規契約10000円,未提携,a8
初期費用無料！高い売上成長率【ウィルメール(WiLL Mail)】,株式会社サパナ,s00000020309001,webコンサルティング,新規無料トライアル申込10000円,未提携,a8
一括査定の集客！高単価・不動産売却【マンション.navi】,マンションリサーチ株式会社,s00000020320001,物件,新規査定10000円,未提携,a8
大阪心斎橋・梅田・天王寺・京都烏丸・神戸・岡山の医療脱毛【大美会クリニック 】,医療法人大美会,s00000020443001,エステ,新規無料カウンセリング13000円,未提携,a8
代理店の決定版！20万でスタートできる風呂釜洗浄代理店,株式会社アロン,s00000020635006,家事・日用品,新規加盟契約10000円,未提携,a8
英語コーチング STAR’S UNIVERSITY（スターズ）,ＬａｎＣｕｌ株式会社,s00000020682004,幼児教育,"新規無料体験カウンセリング10000円
新規入会20000円",未提携,a8
借金問題に専門特化した妥協なき債務整理！【弁護士法人イストワール法律事務所】,弁護士法人イストワール法律事務所,s00000020704001,その他（金融・投資・保険）,新規問合せ10000円,未提携,a8
借金問題に専門特化した債務整理！【弁護士法人イストワール法律事務所】,弁護士法人イストワール法律事務所,s00000020704002,その他（暮らし）,新規問合せ10000円,未提携,a8
【メイクさんが使う美顔器】上場企業グループ運営・韓国スキンケアショップの韓国美顔器,株式会社Ｋ＿Ｖｉｌｌａｇｅ,s00000020785005,美容機器,初回購入10000円,未提携,a8
【Boost Coaching】スピーキング特化の英語コーチングサービス,株式会社ＱＱ＿Ｅｎｇｌｉｓｈ,s00000020929002,習い事,新規無料カウンセリング10000円,未提携,a8
クラウド契約で即入金・最低水準の手数料,株式会社アクシアプラス,s00000020978001,その他（金融・投資・保険）,"新規問合せ20000円(売掛金が100万円以上の場合)
新規問合せ10000円(売掛金が100万円未満の場合)",未提携,a8
"医療脱毛で全身脱毛がたったの月額2,300円！？【フレイアクリニック】",フレイアクリニック,s00000021044001,エステ,"▽一般メディア
新規来院10000円

▽ポイントサイト
新規契約10000円",未提携,a8
【全国通勤・在宅チャットレディ求人】アスタリスク.network,Ａｓｔｅｒｉｓｋ株式会社,s00000021085001,その他（仕事情報）,"新規稼働14000円(通勤チャットレディ、通勤バーチャルチャットレディ)
新規稼働10000円(在宅チャットレディ、在宅バーチャルチャットレディ)",未提携,a8
プログラミングスクールSkillHacks・動画編集スクールMovieHacks,スキルハックスプロモーション,s00000021268001,習い事,新規申込6835円,未提携,a8
脱毛は男のたしなみ【RBL_ローランドビューティーラウンジ】,株式会社ＬａｄｙＢｉｒｄ,s00000021329001,エステ,新規来店10000円,未提携,a8
英語はロジックと習慣化で伸ばす【オンライン英語コーチング ENGLEAD/イングリード】,株式会社Ｍｏｒｒｏｗ＿Ｗｏｒｌｄ,s00000021433001,習い事,新規無料カウンセリング10000円,未提携,a8
最短1ヶ月で動画編集スキルが身につく！動画編集スクール【クリエイターズジャパン】,ハズム株式会社,s00000021455001,その他（学び・資格）,新規受講申込10000円,未提携,a8
中古トラック買取の【トラックファイブ】,株式会社ＺＥＡＬ．ＴＥＡＭ,s00000021708001,車・バイク,新規買取完了10000円,未提携,a8
数学専門塾・数強塾【オンライン家庭教師】,株式会社数強塾,s00000021736001,家庭教師・塾,新規体験レッスン受講10000円,未提携,a8
合格保証つき英検個別指導・英論会【オンライン家庭教師】,株式会社数強塾,s00000021736002,習い事,新規体験レッスン受講10000円,未提携,a8
他教科も伸びる国語指導・現代日本国語塾【オンライン家庭教師】,株式会社数強塾,s00000021736003,習い事,新規体験レッスン受講10000円,未提携,a8
情報専門塾・情報ラボ【オンライン家庭教師】,株式会社数強塾,s00000021736004,習い事,新規体験レッスン受講10000円,未提携,a8
コーチと一緒に英語を活かすキャリアへ『フラミンゴキャリアコーチング』,株式会社フラミンゴ,s00000021739002,その他（学び・資格）,新規無料体験参加10000円,未提携,a8
AIファクタリングで資金調達【PayToday】,Ｄｕａｌ＿Ｌｉｆｅ＿Ｐａｒｔｎｅｒｓ株式会社,s00000021866001,その他（金融・投資・保険）,新規審査完了10000円,未提携,a8
医療従事者が推奨するNMNサプリ No.1【GAAH】,スリーエム株式会社,s00000021920002,健康食品,新規購入10000円,未提携,a8
あなたの悩みに寄り添う【電話占いリノア】,Ｃ・Ｓ・Ｅプロダクション株式会社,s00000022005001,占い,新規無料電話鑑定10000円,未提携,a8
【レジーナクリニックオム】,レジーナクリニックオム,s00000022221001,エステ,"▽一般メディア
新規カウンセリング来院10000円

▽ポイントサイト
新規契約10000円",未提携,a8
【業界最安の月額500円】バーチャルオフィスサービス「和文化推進協会」,一般社団法人和文化推進協会,s00000022683001,ホームページ・ネットショップ,新規契約5000円,未提携,a8
【0円バーチャルオフィス】法人登記・屋号・郵便宅配受取・電話受付転送など全て無料,一般社団法人和文化推進協会,s00000022683007,起業・会社設立,新規契約10000円,未提携,a8
「オンラインファクタリングJBL」最短2時間で資金化が可能となった売掛金買取サービス！,株式会社ＪＢＬ,s00000022686001,その他（Webサービス）,新規申込15000円,未提携,a8
現金キャッシュバック実施中！最短翌日開通！次世代接続方式v6プラス利用可能光回線【イツキ光】,株式会社ＩＴＳＵＫＩ,s00000022801001,回線,"新規開通15000円
新規転用申込10000円
新規事業者変更10000円",未提携,a8
動画のみでRYT200が取れる！【全米ヨガアライアンス認定】おうちヨガ動画コース,株式会社ＭＡＪＯＬＩ,s00000022963001,習い事,新規無料説明会参加10000円,未提携,a8
大学院生・ポスドクに特化した求人紹介サービス【アカリク就職エージェント】,株式会社アカリク,s00000023028003,就職・転職,新規面談10000円,未提携,a8
業界歴１５年以上のノウハウでサポート！チャットレディア募集【アリアチャット】,アリアチャット,s00000023044001,在宅ワーク,"新規問い合わせ・応募3000円
新規在宅稼働10000円
新規通勤稼働13000円",未提携,a8
クラウドPOSレジ【スマレジ】 - オンライン相談・ショールーム予約完了,株式会社スマレジ,s00000023202004,総合（Webサービス）,"新規オンライン相談10000円
新規ショールーム来場10000円",未提携,a8
妊娠〜出産〜子育て中の「ママ」のための保険無料相談サービス【ベビープラネット】,株式会社レガシーワークス,s00000023341001,保険,新規無料相談13533円,未提携,a8
＋αの出会いが叶うマッチングアプリ【paters】,株式会社ａｍｉｃａ,s00000023431001,恋愛,新規有料会員登録＋ログイン10000円,提携中,a8
資格と仕事に強い！個人レッスンのプログラミングスクール【Winスクール】,Ｗｉｎスクール,s00000023621001,総合（学び・資格）,新規無料カウンセリング・受講相談参加10000円,未提携,a8
個人レッスンだからできる！未経験からデザイナーを仕事に【Winスクール】,Ｗｉｎスクール,s00000023621002,その他（学び・資格）,新規無料カウンセリング・受講相談参加10000円,未提携,a8
未経験からの転職　Pythonでキャリアを変える【Python Winner】,Ｗｉｎスクール,s00000023621003,その他（学び・資格）,新規無料カウンセリング・受講相談参加10000円,未提携,a8
税理士・経理に強い転職エージェント【ヒュープロ】,株式会社ヒュープロ,s00000023662001,就職・転職,新規無料会員登録10000円,未提携,a8
不動産投資一括面談予約【Oh!Ya(オーヤ)】,株式会社セレス,s00000023754001,その他（金融・投資・保険）,面談10000円,未提携,a8
日本語教師を目指すなら、東京・大阪・京都・兵庫のKEC日本語学院,ケイ．イー．シー．株式会社,s00000023920003,専門学校・スクール,新規無料個別受講相談10000円,未提携,a8
大阪・京都・オンラインの英会話スクールKEC外語学院,ケイ．イー．シー．株式会社,s00000023920004,幼児教育,"新規無料個別ガイダンス10000円
新規入学20000円",未提携,a8
創業42年目を迎えた合宿免許の老舗【合宿免許のマイライセンス】,株式会社日本教育機器販売関東,s00000024065001,総合（学び・資格）,"新規合宿参加10000円（普通車仮免許所持または普通車以外の大型車・バイク・二種など）
新規合宿参加15000円（普通車）",未提携,a8
訳アリ不動産買取専門店【ラクウル】,株式会社ネクサスプロパティマネジメント,s00000024144001,総合（不動産・引越）,新規査定申込10000円,未提携,a8
相続した不動産の売却なら【ラクウル】,株式会社ネクサスプロパティマネジメント,s00000024144002,その他（暮らし）,新規問い合わせ10000円,未提携,a8
空き家・中古戸建て買取専門【ラクウル】,株式会社ネクサスプロパティマネジメント,s00000024144003,その他（不動産・引越）,新規査定申込10000円,未提携,a8
住宅ローン返済にお困りなら【リトライ】,株式会社ネクサスプロパティマネジメント,s00000024144004,その他（不動産・引越）,新規問い合わせ10000円,未提携,a8
副業コンサル・フリーランスコンサルタントプラットフォーム【コンサルデータバンク】,ＫＩＣＫ＿ＺＡ＿ＩＳＳＵＥ株式会社,s00000024182001,総合（Webサービス）,新規無料会員登録10000円,未提携,a8
副業・フリーランスエンジニアプラットフォーム【エンジニアデータバンク】,ＫＩＣＫ＿ＺＡ＿ＩＳＳＵＥ株式会社,s00000024182002,総合（仕事情報）,新規無料会員登録10000円,未提携,a8
コンサルタント特化型転職支援【CDBエージェント】,ＫＩＣＫ＿ＺＡ＿ＩＳＳＵＥ株式会社,s00000024182003,就職・転職,新規無料面談10000円,未提携,a8
ITエンジニア特化型転職支援【EDBエージェント】,ＫＩＣＫ＿ＺＡ＿ＩＳＳＵＥ株式会社,s00000024182004,就職・転職,新規無料面談10000円,未提携,a8
ファクタリングでスピード資金調達！事業資金のことなら【三共サービス】,株式会社三共サービス,s00000024361001,その他（金融・投資・保険）,新規申し込み10000円,未提携,a8
【ポケットリサーチ】男性モニター大募集！,株式会社トライエ,s00000024438002,ポイントサービス・懸賞,新規オンラインセミナー参加＋モニター案件申込完了10000円,未提携,a8
はじめて暗号資産買はコインチェック！,コインチェック株式会社,s00000024484001,その他（金融・投資・保険）,新規口座開設＋暗号資産購入7000円,未提携,a8
IT/Webエンジニア特化の転職支援サービス【キッカケエージェント】,株式会社キッカケクリエイション,s00000024500001,就職・転職,新規キャリア相談10000円,未提携,a8
完全没入型英語コーチング【TEPPEN ENGLISH】,株式会社スクールウィズ,s00000024582003,習い事,新規無料カウンセリング参加10000円,未提携,a8
トルコツアー専門旅行会社　ターキッシュエア＆トラベル 満足度97%7年継続中,株式会社ＥＶＥＮＴ＿ＬＡＢ,s00000024730001,海外旅行,ツアー参加10000円,未提携,a8
太陽光発電所を最大5社が査定！高値売却できるサービス【メガ発一括査定】,株式会社エナジーリンクス,s00000024898001,その他（金融・投資・保険）,新規見積申込10000円,未提携,a8
ESGサステナビリティ専門転職エージェント【サスキャリ】,株式会社リバースネット,s00000025096001,就職・転職,"新規面談実施完了10000円
新規転職希望20000円",未提携,a8
ほけんのAI 無料オンラインFP相談 無料オンライン保険相談,株式会社Ｆｉｎａｔｅｘｔ,s00000025154001,保険,新規FP無料相談10000円,未提携,a8
最低1回の通院でOK！マウスピース矯正の【Oh my teeth】,株式会社Ｏｈ＿ｍｙ＿ｔｅｅｔｈ,s00000025174001,健康グッズ,新規無料相談10000円,未提携,a8
待ち時間なしで治療ができるオンラインのAGAクリニック【レバクリ】,レバレジーズ株式会社,s00000025176001,クリニック,新規オンライン診療10000円,提携中,a8
フリーエンジニアの案件探しなら実績２８年のエージェントへ【エンジニアルーム】,株式会社シ・エム・シ,s00000025229001,就職・転職,新規無料エントリー10000円,未提携,a8
Dr.トレーニング｜運動の無駄をゼロにするパーソナルジム,株式会社Ｄｒ．トレーニング,s00000025320001,ダイエット,新規無料カウンセリングor体験トレーニングorオンライントレーニング10000円,未提携,a8
紹介型マッチングアプリ【Archers(アーチャーズ)】パートナー紹介×恋愛相談,Ａｒｃｈｅｒｓ株式会社,s00000025500001,総合（結婚・恋愛）,新規有料会員登録10000円,未提携,a8
総合型選抜と公募推薦対策の専門塾【ホワイトアカデミー高等部】,Ａｖａｌｏｎ＿Ｃｏｎｓｕｌｔｉｎｇ株式会社,s00000025508002,家庭教師・塾,新規無料相談会参加10000円,未提携,a8
認知症による資産凍結から親を守る｜家族信託の「おやとこ」,株式会社こころのカンパニー,s00000025525001,総合（金融・投資・保険）,新規問い合わせ10000円,未提携,a8
浮気・不倫調査の探偵なら信頼と実績の【ピ・アイ・オ】,浮気・不倫調査ならＰＩＯ,s00000025687001,その他（結婚・恋愛）,"新規問い合わせ完了10000円
新規電話問い合わせ完了10000円",未提携,a8
採用調査・バックグラウンドチェックのことなら株式会社ピ・アイ・オにお任せください！,浮気・不倫調査ならＰＩＯ,s00000025687002,その他（仕事情報）,"新規問い合わせ10000円 
新規電話問い合わせ10000円",未提携,a8
成績保証付きのオンライン家庭教師【ドリーム】,東海ビジネスサービス株式会社,s00000025698001,家庭教師・塾,新規無料体験10000円,未提携,a8
オンライン家庭教師&中学受験コーチング個別指導【受験コーチゆうた】,受験コーチゆうた,s00000025811001,その他（学び・資格）,新規無料面談参加完了10000円,未提携,a8
ローンに不安がある方専門の通る自動車ローン【げんき自動車の自社ローン】,げんき自動車株式会社,s00000025832001,金融,新規審査通過完了10000円,未提携,a8
イビキはレーザーで治す時代へ【東京イビキクリニック】,東京イビキクリニック,s00000025952001,医療,新規無料カウンセリング10000円,未提携,a8
太陽光パネル・蓄電池、お得に導入するなら！【AD-HOME】,株式会社ＡＤーＨＯＭＥ,s00000025953001,物件,新規見積申込10000円,未提携,a8
プチ整形専門【オーダーメイドの切らない美容医療 】ALMOND CLINIC,ＡＬＭＯＮＤ＿ＣＬＩＮＩＣ,s00000025996001,医療,新規施術10000円,未提携,a8
※地域最安値更新中※　パーソナルジム『サスティナ』,株式会社ａｉｒｌｉｎｋ,s00000026001001,その他（健康）,新規無料体験参加10000円,未提携,a8
中古車の自社ローン専門販売店【カーリバ】,リバイブ株式会社,s00000026035001,車・バイク,新規審査通過完了10000円,未提携,a8
女性の薄毛専門クリニック【クレアージュ】,Ｄクリニック,s00000026045002,クリニック,新規診療orカウンセリング実施10000円,未提携,a8
法人化の無料相談なら【会社設立専門・税理士法人経営サポートプラスアルファ】,税理士法人経営サポートプラスアルファ,s00000026111001,起業・会社設立,新規無料相談完了10000円,未提携,a8
最短1日で自社に合ったIT製品やシステム開発会社が見つかる【発注ナビ】,発注ナビ,s00000026142001,その他（Webサービス）,新規商談10000円,未提携,a8
ミスマッチの無い税理士・会計業界の転職ならミツプロ,株式会社ミツカルプロフェッショナル,s00000026359001,就職・転職,新規会員登録10000円,未提携,a8
クラウドバンク【融資型クラウドファンディング】,クラウドバンク,s00000026371001,投資,新規口座開設＋投資8350円,未提携,a8
ゲーム・エンタメ業界の転職ならエニカン【AnyKan】,ＡｎｙＫａｎ株式会社,s00000026390001,就職・転職,新規電話面談予約10000円,未提携,a8
完全オーダーメイドなご家庭サポート【きらりライフサポート】,株式会社ぴんぴんきらり,s00000026423001,その他（暮らし）,新規無料相談完了10000円,未提携,a8
脱・短期集中。燃え尽きない英語コーチングをやってみたいなら【90 English】,９０株式会社,s00000026495001,習い事,新規無料カウンセリング10000円,未提携,a8
会社員のまま次の一歩へ。戦略的・独立／副業の伴走支援【パーパスドック/ユース】,株式会社ナラティブリンク,s00000026548001,就職・転職,新規無料カウンセリング10000円,未提携,a8
会社員のまま次の一歩へ。戦略的・独立／副業の伴走支援【パーパスドック/ミドル】,株式会社ナラティブリンク,s00000026548002,就職・転職,新規無料カウンセリング10000円,未提携,a8
20代の転職なら、あなたにぴったりの転職エージェントを複数紹介！【キャリコン】,Ｃｒｏｗｎ＿Ｃａｔ株式会社,s00000026651001,就職・転職,新規オンライン面談10000円,未提携,a8
三井物産グループのデジタル証券の資産運用サービス【ALTERNA（オルタナ）】,三井物産デジタル・アセットマネジメント株式会社,s00000026692001,投資,新規口座開設＋10万以上の取引完了10000円,未提携,a8
飲食業界特化型の求人紹介サービス【RestLab】,株式会社ビロー,s00000026845001,就職・転職,新規無料相談10000円,未提携,a8
【funfo】月額無料！飲食店のPOSレジ、モバイルオーダーが一つのアプリで完結,ファンフォ株式会社,s00000026887001,webコンサルティング,新規商談10000円,未提携,a8
外壁塗装の一括比較【外装工事ヒカーク】,株式会社ｓｈａｌｃｆｉｅｌｄ,s00000026991001,その他（暮らし）,新規見積もり10000円,未提携,a8
Web制作会社LIG運営 Webデザインスクール【デジタルハリウッドSTUDIO by LIG】,株式会社ＬＩＧ,s00000027020002,総合（学び・資格）,新規説明会参加10000円,未提携,a8
全国約580拠点【三井不動産のワークスタイリング】,三井不動産株式会社,s00000027056001,その他（仕事情報）,新規問い合わせor内覧希望10000円,未提携,a8
太陽光発電で電気代削減！安心の無料相談と見積り！【東京ガスの太陽光発電・蓄電池】,東京瓦斯株式会社,s00000027108001,総合（暮らし）,新規無料相談申込10000円,未提携,a8
10台以上の自動車保険（フリート契約）,株式会社未来保険,s00000027148001,保険,"新規見積依頼10000円
新規保険申込10000円",未提携,a8
あなたにふさわしい留学プランから帰国後のキャリアまで留学なら【留学ジャーナル】,株式会社留学ジャーナル,s00000027244001,専門学校・スクール,新規留学相談10000円,未提携,a8
スキル0OK！未経験に寄り添うITエンジニア特化の転職エージェント【キャリアカンパニー】,株式会社エンデバース,s00000027288001,就職・転職,新規無料転職相談実施10000円,未提携,a8
Carebase｜介護向け動画マニュアル管理,株式会社ウィルグループ,s00000027312001,その他（Webサービス）,新規資料請求10000円,未提携,a8
メーカー転職ならタイズ,株式会社タイズ,s00000027409001,就職・転職,新規会員登録10000円,未提携,a8
東証スタンダード上場グループが高値売却を徹底サポート！【明和地所の仲介】,明和地所株式会社,s00000027417001,総合（不動産・引越）,新規査定申込10000円,未提携,a8
業界最安級の手数料で法人口座を即日開設！【ラクスルバンク】,ラクスルバンク株式会社,s00000027458001,その他（金融・投資・保険）,新規法人口座開設申込10000円,未提携,a8
"初回最大10,000円分無料！24時間いつでも本格鑑定【電話占いマディア】",株式会社グラフィット,s00000027461001,占い,新規電話占い利用10000円,未提携,a8
グローバル・外資系・ハイクラスの転職支援サービス【Samurai Job】,ムーンコミュニケーションズ・エンタープライゼス合同会社,s00000027466001,就職・転職,新規無料カウンセリング10000円,未提携,a8
お住まいの地域に特化した、経験豊富なアドバイザーが転職をサポート【おしごとカルテ】,株式会社ピアラ,s00000027473001,就職・転職,新規会員登録完了10000円,未提携,a8
未経験・ブランクOK！介護転職のプロが面談で徹底サポート【介護タウン】,株式会社グローブリッジ,s00000027480001,就職・転職,新規面談実施10000円,未提携,a8
借入不要で支払日を最大60日延長！請求書のクレカ支払いで資金繰りを改善【Fintoカード後払い】,トラボックス株式会社,s00000027484001,金融,新規ログイン完了10000円,未提携,a8
基本料金ずっと0円！使った分だけ支払うシンプルな電気【プライムでんき】,Ｊａｐａｎ電力株式会社,s00000027488001,その他（暮らし）,新規開通＋継続利用10000円,未提携,a8
マイナビグループ×手数料上限7％で最短即日入金！【マイナビブリッジ法人専用ファクタリング】,株式会社マイナビブリッジ,s00000027493001,金融,新規見積もり10000円,未提携,a8
プロが選ぶ投資で、資産形成の第一歩を踏み出そう【miralita】,ミラリタ株式会社,s00000027511001,その他（金融・投資・保険）,新規出資完了10000円,未提携,a8
個人事業主・フリーランスのための資金が増える税務顧問【最安マイクロ法人パッケージ】,菊池会計事務所,s00000027517001,その他（金融・投資・保険）,新規契約完了10000円,未提携,a8
東証プライム上場×都心特化！月1万円から始める資産形成【プロパティエージェント不動産投資】,プロパティエージェント株式会社,s00000027521001,投資,新規個別面談実施10000円,未提携,a8
わずか３ステップ！プロが教える一眼レフカメラ上達講座３弾セット,マナビーノ,s00000013869003,習い事,購入9834円,提携中,a8
30日でマスターする【ギター講座　教本＆DVD】,マナビーノ,s00000013869004,習い事,購入9834円,未提携,a8
売れる商品写真が初心者でも撮れる【広告写真のプロが教える写真講座】,マナビーノ,s00000013869009,習い事,購入9834円,提携中,a8
国内オンラインショッピング完全攻略ツール【Storoid(ストロイド)】,株式会社オークファン,s00000010530005,その他（Webサービス）,新規会員登録5000円,未提携,a8
歯列矯正の新時代【キレイライン矯正】,ＳｈｅｅｐＭｅｄｉｃａｌ＿Ｔｅｃｈｎｏｌｏｇｉｅｓ株式会社,s00000025682001,医療,新規初回検診完了9800円,未提携,a8
たかの友梨 ブライダルホワイトコース お試しキャンペーン,株式会社不二ビューティ,s00000009778002,エステ,新規申込9775円,未提携,a8
新発想角質ケアクリーム【レチベイビー】,株式会社Ｎ─ＬａＢｏ,s00000020822003,スキンケア,初回購入7519円,未提携,a8
"新規/乗り換えでもCB45,000円最短翌月末進呈！【SoftBank 光】",株式会社エヌズカンパニー【お客様レビュー８０００件突破！】,s00000017059001,回線,"■SoftBank光
初回開通13000円
初回他社転用9750円
事業者変更9750円",未提携,a8
【全国対応】無料保険相談『みんなの生命保険アドバイザー』在籍FP3000名以上！,パワープランニング株式会社,s00000009416001,保険,無料相談完了10000円,未提携,a8
抜け毛が気になり始めたら【スカルプD育毛剤】(トニック),アンファー株式会社,s00000016002016,ヘアケア,新規購入9600円,未提携,a8
富士山の天然水ウォーターサーバーふじざくら命水【産直価格・安心安全の国産サーバー】,ふじざくら命水,s00000015156001,飲料,新規定期契約9525円,未提携,a8
業界最大級！医師アルバイトサイト「医師バイトドットコム」無料会員登録,株式会社メディウェル,s00000009894002,就職・転職,"新規会員登録8000円（スポット）
新規会員登録10000円（定期・常勤）",未提携,a8
あなたの悩みを解決します【電話占い　ピュアリ】,株式会社ピュアリ,s00000017542001,占い,新規無料電話鑑定15000円,未提携,a8
メディカル・コンシェルジュ求人サイト【MCナースネット】会員登録,株式会社メディカル・コンシェルジュ,s00000010449001,就職・転職,会員登録9523円,未提携,a8
【韓国美顔器】上場企業グループ運営・韓国コスメスキンケアショップの美顔器Dr. tengle,株式会社Ｋ＿Ｖｉｌｌａｇｅ,s00000020785004,美容機器,初回購入9500円,未提携,a8
水素水ウォーターサーバーのアクアバンク,アクアバンクステーション福岡＿アクアバンク公式販売店,s00000021681001,飲料,新規ウォーターサーバー設置9500円,未提携,a8
月額880円+郵送費用で法人登記&月4回転送付【バーチャルオフィス1】,株式会社ナレッジソサエティ,s00000024633001,起業・会社設立,新規契約成立9500円,未提携,a8
キャリアに特化したコーチング・サービス【POSIWILL CAREER】,ポジウィル株式会社,s00000025557001,就職・転職,新規無料カウンセリング面談実施9473円,未提携,a8
【GABA】マンツーマン英会話,株式会社ＧＡＢＡ,s00000019218001,その他（学び・資格）,新規無料体験9372円,未提携,a8
不動産投資【ベルテックスセミナー】,株式会社ベルテックス,s00000025188001,総合（不動産・引越）,新規セミナー参加完了8980円,未提携,a8
業界のパイオニア！医師の常勤・非常勤サービスを提供【民間医局】,株式会社メディカル・プリンシプル社,s00000004872001,就職・転職,"新規会員登録5500円
エージェント登録10000円（非常勤・スポット）
エージェント登録30000円（常勤）",未提携,a8
公認会計士・税理士・経理の転職求人情報なら【ジャスネットキャリア】,ジャスネットキャリア,s00000015032001,就職・転職,会員登録9096円,未提携,a8
【電話成果対応】24時間365日全国対応の【原一探偵事務所】,株式会社原一,s00000008452005,その他（暮らし）,"新規無料メール相談9091円
新規電話問い合わせ9091円",未提携,a8
【PC専用】AIスライド資料作成ツール「イルシル」パーソナルプラスプラン,株式会社イルシル,s00000027298001,その他（Webサービス）,初回プラン契約13670円,未提携,a8
国内最大級の治療家(マッサージ師)特化の人材紹介【マッサージキャリアナビ】,株式会社ヒトイキ,s00000026070001,就職・転職,新規会員登録12000円,未提携,a8
GMOインターネット株式会社【GMOとくとくBB】ドコモ光はこちら,ＧＭＯインターネット株式会社,s00000000018031,回線,"＜ドコモ光（新規・転用・事業者変更）＞
新規利用開始9000円

＜ドコモ光＋ドコモでんき（新規・転用・事業者変更）＞、＜ドコモ光＋dカード＞
新規利用開始13000円

＜ドコモ光（新規・転用・事業者変更）＋ドコモでんき＋dカード＞
新規利用開始17000円",提携中,a8
GMOとくとくBB auひかりプロモーション,ＧＭＯインターネット株式会社,s00000000018037,プロバイダー,"新規開通9000円(月額割引)
新規開通12000円(キャッシュバック)",提携中,a8
第二新卒向け転職エージェント【UZUZ第二新卒】,株式会社ウズウズ,s00000014490001,就職・転職,新規無料会員登録9000円,未提携,a8
既卒・フリーター向け就職エージェント【UZUZ既卒】,株式会社ウズウズ,s00000014490002,就職・転職,新規無料会員登録9000円,未提携,a8
スカルプＤから登場した第1類医薬品発毛剤【スカルプD メディカルミノキ5 プレミアム】,アンファー株式会社,s00000016002011,ヘアケア,新規購入9000円,未提携,a8
"【最短開通即日】最大47,000円キャッシュバック！【TCOMヒカリ】",株式会社アウンカンパニー,s00000016275012,回線,新規開通9000円,未提携,a8
設立から四半世紀！フリーランスエンジニアの独立をサポート【ＰＥ−ＢＡＮＫ】,株式会社ＰＥ─ＢＡＮＫ,s00000017703001,就職・転職,新規エントリー9000円,未提携,a8
子どもとのつながりが、あなたの心を豊かにする【チャイルド・スポンサーシップ】,ＮＰＯ法人ワールド・ビジョン・ジャパン,s00000017787001,その他（暮らし）,新規支援9000円,未提携,a8
リハビリ職の転職・求人なら【レバウェルリハビリ】,レバレジーズ株式会社,s00000022039005,就職・転職,新規登録9000円,未提携,a8
複雑な条件なし！契約期間しばり無し光回線＋【おてがる光】,株式会社エクスパートナーズ,s00000022354001,回線,"おてがる光（1ギガ回線）の場合
新規契約9000円
新規転用9000円
新規事業者変更9000円

おてがる光クロス（10ギガ回線）の場合
新規契約15000円
新規転用15000円
新規事業者変更15000円",未提携,a8
"NAWABARI｜月額1,100円 BASEなど提供のバーチャルオフィス",株式会社Ｌｕｃｃｉ,s00000023157001,起業・会社設立,新規契約9000円,未提携,a8
最先端AIタブレット×正社員講師【自立学習RED（東証上場企業が運営）】,株式会社スプリックス,s00000023187002,家庭教師・塾,新規無料体験9000円,未提携,a8
第二新卒の就職活動ならジール就活エージェント,株式会社ジールコミュニケーションズ,s00000023631003,就職・転職,新規会員登録750円,未提携,a8
歯科業界専門で7年　歯科医師専門の転職エージェント,株式会社ＰＥＣＯＲＩ,s00000024076003,就職・転職,新規電話面談9000円,未提携,a8
産業用太陽光発電投資の物件紹介サイト【ビッグソーラー】,株式会社Ｎｉｎｔｅｒｎａｔｉｏｎａｌ,s00000026155001,その他（金融・投資・保険）,新規資料請求or問い合わせ9000円,未提携,a8
関西注力中・体験会に参加する【プログラボ（ロボットプログラミング教室）】,株式会社ミマモルメ,s00000027074001,その他（暮らし）,新規体験会参加9000円,未提携,a8
1億円まで対応！ファクタリングの【メンターキャピタル】,株式会社Ｍｅｎｔｏｒ＿Ｃａｐｉｔａｌ,s00000027218001,その他（金融・投資・保険）,新規問い合せ9000円,未提携,a8
賃貸併用住宅で副収入 専門会社がトータルサポート【はたらくおうち】,ＳＨｉＴＥＮ株式会社,s00000026007001,物件,新規無料電子書籍請求8800円,未提携,a8
低刺激スクロール型で全身をスムーズにケア【JOVS Dora scroll】,株式会社オーラムテック,s00000027509001,美容機器,新規購入8700円,未提携,a8
電気の「つくる人」が見える再エネ【みんな電力】,株式会社ＵＰＤＡＴＥＲ,s00000027182001,総合（暮らし）,新規供給開始8640円,未提携,a8
KDDIグループのビジネス向けレンタルサーバー【CPI】,株式会社ＫＤＤＩウェブコミュニケーションズ,s00000003166001,サーバー,共用サーバー成約8500円,未提携,a8
【ダンディハウス】エステ体験,株式会社ミス・パリ,s00000007836003,エステ,"新規施術（脱毛コース）5858円
新規施術（その他コース）8500円",未提携,a8
【MEN’S　TBC】エステティック体験コース申込,ＴＢＣグループ株式会社,s00000010235003,エステ,"エステティックTBC
お申込み後来店4490円（その他）
お申込み後来店6420円（TBCスーパー脱毛）
お申込み後来店4490円（TBCライト脱毛）
お申込み後来店4490円（TBC痩身）
お申込み後来店4490円（TBCフェイシャル）

MEN'S TBC
お申込み後来店8440円（MENSヒゲ脱毛）
お申込み後来店8440円（MENSカラダ脱毛）
お申込み後来店8440円（MENSライト脱毛）
お申込み後来店8440円（MENS痩身）
お申込み後来店8440円（MENSフェイシャル）",未提携,a8
マカ超えの強力パワー！精力サプリメント【クラチャイダムゴールド】,日本サプリメントフーズ株式会社,s00000013307001,健康食品,初回購入5800円,未提携,a8
テレビ番組やCMで話題なので成果が出やすいシャワーヘッド！【ミラブルオンライン】,株式会社ＧＷＦ,s00000019882002,家電,新規購入8500円,未提携,a8
敏感・デリケートへ悩む方へ　乳酸菌サプリ【デコつる】,新日本漢方ラボ合同会社,s00000020459001,美容食品,新規購入1500円,未提携,a8
湘南美容クリニック【AGA治療、自毛植毛】,ＳＢＣマーケティング株式会社,s00000024229003,クリニック,新規来院8333円,未提携,a8
年収1000万円以上の転職なら【プロフェッショナル転職サービス／ランスタッド】,ランスタッド株式会社,s00000019113004,就職・転職,新規サービス登録4218円,未提携,a8
通いやすさで選ばれる【椿音楽教室】無料体験レッスン参加促進プロモーション,椿音楽教室,s00000021657001,音楽,新規入会8100円,未提携,a8
IT・Web業界を目指せる転職支援サービス【ユニゾンキャリア転職】,株式会社ユニゾン・テクノロジー,s00000025272001,就職・転職,新規無料相談実施13000円,未提携,a8
出前なまはげ　〜訪問型「しつけ支援」サービス〜,ツルマキ,s00000002404013,その他（学び・資格）,新規予約8000円,未提携,a8
メール配信システムＡＳＰサービス「める配くん」,株式会社ディライトフル,s00000002462001,webコンサルティング,お申し込み8000円,未提携,a8
次亜塩素酸水なら除菌水ジーア。花粉やウイルス、消臭対策に大活躍！,株式会社オーケンウォーター,s00000007476002,その他（暮らし）,新規定期購入4500円,未提携,a8
【ミスパリ】エステティック ミス・パリ,株式会社ミス・パリ,s00000007836001,エステ,エステ体験予約申込後の新規来店・施術8000円,未提携,a8
【ミスパリ】ダイエットセンター体験,株式会社ミス・パリ,s00000007836002,エステ,ミスパリ ダイエットセンター新規施術8000円,未提携,a8
メンズダイエットなら　男のダイエット「ダンディハウス PERSONAL GYM」,株式会社ミス・パリ,s00000007836006,ダイエット,新規来店10000円,未提携,a8
フリーランス向け！Webエンジニア案件情報なら【レバテックフリーランス】,レバレジーズ株式会社,s00000011866011,就職・転職,新規会員登録8000円,未提携,a8
【累計お問合わせ数10万件！】＜業務用エアコン＞設置業者ご紹介サービス【EMEAO ! 】,株式会社ｅｃｌｏｒｅ,s00000012115018,その他（Webサービス）,新規法人申込8000円,未提携,a8
美容業界で人気の資格【スキンケアアドバイザー通信講座】申込み,一般社団法人日本スキンケア協会,s00000012595001,資格取得,新規講座申込6000円,未提携,a8
30種の活力パワー！百歳山参配合の活力サプリ【EDITAL EX(エディタルEX)】,日本サプリメントフーズ株式会社,s00000013307018,健康食品,初回購入6000円,未提携,a8
住宅用太陽光発電一括見積もり【グリエネ】,株式会社じげん,s00000013511003,物件,新規見積り申込み8000円,未提携,a8
個人事業主・法人向けローンの【ＭＲＦ】申込促進,株式会社エム・アール・エフ,s00000014470001,金融,新規融資申込8000円,未提携,a8
FX自動売買【シストレセレクト365】新規口座開設,フジトミ証券株式会社,s00000014612002,投資,新規口座開設＋取引8000円,未提携,a8
【公式】ネットとセットでスマホがおトク【So-net 光 (auひかり)】,ソニーネットワークコミュニケーションズ株式会社,s00000015120003,回線,新規開通8000円,未提携,a8
借りやすくて返しやすい！レディースキャッシング【フタバ】,フタバ株式会社,s00000015135001,金融,新規契約10000円,未提携,a8
借りやすくて返しやすい！キャッシング【フタバ】,フタバ株式会社,s00000015135002,金融,新規契約10000円,未提携,a8
高速回線選ぶならコミュファ光！速度もキャッシュバックも満足度No1！【コミュファ光】,株式会社アウンカンパニー,s00000016275010,プロバイダー,新規開通11000円,未提携,a8
"【オプションなしで最大50,000円CBが最短翌月末進呈】工事不要のSoftBank Air！",株式会社エヌズカンパニー【お客様レビュー８０００件突破！】,s00000017059003,その他（インターネット接続）,初回開通8000円,未提携,a8
Webエンジニア輩出No1プログラミングスクール「ポテパンキャンプ」,株式会社ポテパン,s00000017938002,その他（学び・資格）,"新規無料カウンセリング参加10000円
新規契約20000円(Webアプリケーションコース)
新規契約30000円(Railsキャリアコース)",未提携,a8
日本初上陸の新型パーソナルトレーニング【exercise coach】,エクササイズコーチジャパン株式会社,s00000018180001,ダイエット,新規無料体験7518円,提携中,a8
新卒の就活サポートなら【キャリアパーク就職エージェント】,ポート株式会社,s00000018455006,就職・転職,新規エントリー完了4000円,未提携,a8
"【BBIQ(ビビック)】当サイト特典！最大30,000円キャッシュバック！",株式会社グローバルキャスト,s00000019044004,プロバイダー,新規開通9000円,未提携,a8
"【メガエッグ光】最大現金50,000円大還元キャンペーン実施中！",株式会社グローバルキャスト,s00000019044006,回線,新規開通9000円,未提携,a8
【@nifty公式】光回線なら「高品質・高速・キャッシュバック実施中」の@nifty光 ！,ニフティ株式会社,s00000019208002,回線,新規利用8000円(3年プラン),未提携,a8
【全額返金】元神医師が開発！女性用神サプリ【ヘアバースサプリメント】,メディカルネット株式会社,s00000019481001,美容食品,初回購入8000円,未提携,a8
老舗墓石見積もり比較サイト：墓石ナビ,株式会社サフタ,s00000019485002,葬祭,新規一括見積もり完了8000円,未提携,a8
長く働き続けたい方のための【就労移行支援・ミラトレ】,パーソルダイバース株式会社,s00000019630002,その他（仕事情報）,新規見学10000円,未提携,a8
手作り結婚指輪・婚約指輪の来店予約【鎌倉彫金工房】,株式会社鎌倉彫金工房,s00000019877001,ウエディング,新規来店8000円,未提携,a8
Shopify(ショッピファイ）_世界基準のネットショップ開設プラットフォーム,Ｓｈｏｐｉｆｙ＿Ｊａｐａｎ株式会社,s00000020058001,ホームページ・ネットショップ,新規有料会員登録8000円,未提携,a8
圧倒的にSEOに強く・上位表示され易い国内最高峰のWPテーマ「ゴールドメディア」,フィット株式会社,s00000020294003,ホームページ・ネットショップ,新規購入8000円,未提携,a8
画期的な割引の仕組みでお得な結婚式を！式場下見予約サイト【結婚スタイルマガジン】,結婚スタイルマガジン,s00000020563001,ウエディング,新規ブライダルフェア予約5263円,未提携,a8
先払い買取現金化、闇金、後払いツケ払い現金化被害を即日解決します！,イーライフ司法書士法人,s00000021035001,総合（金融・投資・保険）,"新規Web問合せ10000円
新規電話問合せ10000円",未提携,a8
脳も体も究極の睡眠を【ブレインスリープ マットレス フロート】,株式会社ブレインスリープ,s00000021363002,インテリア,新規購入8000円,未提携,a8
実質0円のワーホリ・長期留学！【タビケン留学】,株式会社Ｍｏｒｒｏｗ＿Ｗｏｒｌｄ,s00000021433003,専門学校・スクール,新規カウンセリング8000円,未提携,a8
健康やせで誰もが健康的に美しく【健康やせＥＶＥ】,健康やせ専門イヴ,s00000021578001,エステ,新規来店8000円,未提携,a8
資格を家で簡単に取得できる女性のための通信講座【SARAスクール】,株式会社新生技術開発研究所,s00000021666001,資格取得,新規受講8000円,未提携,a8
真実の通信講座【諒設計アーキテクトラーニング】,株式会社新生技術開発研究所,s00000021666002,資格取得,新規受講申込8000円,未提携,a8
既卒、フリーター歓迎！若手キャリアアップに特化した正社員転職サービス【夢創転職】,株式会社ｆｒｅｅ＿ｍｏｖａ,s00000022176004,就職・転職,新規応募8000円,未提携,a8
フリーランスのコンサルタント向け案件紹介サービス【Strategy Consultant Bank】,株式会社Ｇｒｏｏｖｅｍｅｎｔ,s00000022413001,総合（仕事情報）,新規面談8000円,未提携,a8
フリーのIT・SAPコンサルタントが活躍する案件紹介プラットフォーム【IT Consultant Bank】,株式会社Ｇｒｏｏｖｅｍｅｎｔ,s00000022413003,総合（仕事情報）,新規面談8000円,未提携,a8
【不用品回収】業界最安値に挑戦中！作業実績20万件突破,株式会社ＦｉｒｅＷｏｒｋｓ,s00000022947004,その他（暮らし）,新規作業完了8000円,未提携,a8
格安・便利なレンタルオフィス・コワーキングスペース「アントレサロン」,銀座セカンドライフ,s00000023383001,引越,新規契約8000円,未提携,a8
業界最安値のウォーターサーバー【富士おいしい水】,富士おいしい水,s00000023526001,飲料,新規ウォーターサーバー設置8000円,未提携,a8
マイナビグループが提供する障害者向け人材紹介サービス【マイナビパートナーズ紹介】,株式会社マイナビパートナーズ,s00000023643001,就職・転職,新規無料カウンセリング8000円,未提携,a8
ニッチ領域で高単価　ケアマネ専門の転職サイト,株式会社ＰＥＣＯＲＩ,s00000024076002,就職・転職,新規電話面談8000円,未提携,a8
東海3県に特化した「ぴったり転職」を実現する名古屋の転職エージェント【R4CAREER】,株式会社Ｒ４ＣＡＲＥＥＲ,s00000024258001,就職・転職,新規無料転職相談参加8000円,未提携,a8
バックオフィス業務特化のオンライン転職支援サービス【Backup Carrer】,Ｍｉｒｉｓｅ＿ｕｐ株式会社,s00000024822001,就職・転職,新規面談実施8000円,未提携,a8
完全無料で転職のプロをパーソナルマッチング【転職AGENT Navi】,ｃｉｒｃｕｓ株式会社,s00000024824001,就職・転職,新規無料相談登録8000円,未提携,a8
法務部特化型の転職・求人情報なら／BEET-AGENT,株式会社アシロ,s00000024873002,就職・転職,新規会員登録8000円,未提携,a8
90日で英検準1級合格を目指す集中対策プログラム【ホワイトアカデミー高等部】,Ａｖａｌｏｎ＿Ｃｏｎｓｕｌｔｉｎｇ株式会社,s00000025508003,家庭教師・塾,新規無料相談会参加8000円,未提携,a8
立川のボイトレスクール【DECO MUSIC SCHOOL】,ＤＥＣＯ＿ＭＵＳＩＣ＿ＳＣＨＯＯＬ,s00000025720001,専門学校・スクール,新規入会8000円,未提携,a8
吉祥寺のボイトレスクール【ZIGZAG MUSIC SCHOOL】,ＺＩＧＺＡＧ＿ＭＵＳＩＣ＿ＳＣＨＯＯＬ,s00000025723001,習い事,新規入会8000円,未提携,a8
はじめてのWeb集客なら国内最大級の見積もりサイト【ゼヒトモ】リフォーム業者・工務店必見,株式会社Ｚｅｈｉｔｏｍｏ,s00000026122002,その他（Webサービス）,新規事業者登録8000円,未提携,a8
家事・育児経験で、忙しい子育て世帯をサポート【きらりライフサポート】,株式会社ぴんぴんきらり,s00000026423002,就職・転職,新規面談8000円,未提携,a8
東京・銀座のボイストレーニングスクール【WACCA MUSIC SCHOOL】,株式会社ＷＡＣＣＡ＿ＭＵＳＩＣ,s00000026498001,習い事,新規入会8000円,未提携,a8
医療・介護・福祉の求人探しは【ジョブソエル】,株式会社ＨＩＲＯグローバルホールディングス,s00000026704001,就職・転職,新規会員登録8000円,未提携,a8
お金の作り方を学ぶオンライン講座【Finorie｜フィノリー】,株式会社アイキカク,s00000026859001,総合（金融・投資・保険）,新規お試し無料講座受講＋アンケート回答8000円,未提携,a8
大宮（埼玉）のボイストレーニングスクール【NOPPO MUSIC SCHOOL】,株式会社ＮＯＰＰＯ＿ＭＵＳＩＣ,s00000026987001,習い事,新規入会8000円,未提携,a8
実践での活躍を目指す方の人気資格「国家資格キャリアコンサルタント養成講習」,株式会社パソナ,s00000027191001,習い事,"新規ガイダンス参加8000円
新規養成講習申込40000円",未提携,a8
手続きかんたん！速くて安いインターネット【かんたん光】,株式会社ＩＣ−ＮＥＴ,s00000027300001,その他（暮らし）,"新規工事完了8000円（1ギガコース）
新規工事完了15000円（10ギガコース）",未提携,a8
1日10分・継続率◎！親子で遊ぶ体験型英語！【マイフレ英語】,株式会社Ｍｙ＿Ｆｒｉｅｎｄ＿Ｅｎｇｌｉｓｈ,s00000027320001,幼児教育,新規購入8000円,未提携,a8
補助金でお得に設置！太陽光・蓄電池の専門窓口【エコエネハウス】,株式会社Ｇプラットフォーム,s00000027330001,物件,新規無料相談申込8000円,未提携,a8
楽天ランキング1位の美顔器 【BIOAESTECH デュアルオーブディープリフト】,株式会社ＭＤ,s00000027467001,スキンケア,初回購入8000円,未提携,a8
レディースアートネイチャー,株式会社アートネイチャー,s00000008714006,ヘアケア,初回来店7971円,未提携,a8
骨董品・美術品の高価買取なら【古美術永澤】,株式会社古美術永澤,s00000025956001,リサイクル,新規無料査定完了7846円,未提携,a8
100種類以上の求人広告一括取り扱い、求人広告掲載なら【求人広告ドットコム】,株式会社ｂサーチ,s00000023673002,その他（仕事情報）,新規問い合わせ7800円,未提携,a8
実践形式のビジネススクール【コミュトレ】,株式会社アイソルート,s00000023887001,総合（学び・資格）,新規無料体験トレーニング参加10920円,未提携,a8
日本FX教育機構　超かんたん考えない投資法【FXスクール説明会】,一般社団法人日本ＦＸ教育機構,s00000025795001,その他（金融・投資・保険）,新規説明会参加7800円,未提携,a8
セルワーク薬剤師｜≪全国≫薬剤師向け専門求人サイト,株式会社セルバ,s00000025047001,就職・転職,"新規アドバイザー無料相談7700円（契約社員・パート・アルバイト・派遣社員）
新規アドバイザー無料相談27000円（正社員）",未提携,a8
Beeミュージックスクール｜ボイトレ教室・ギター教室・ピアノ教室,株式会社ビー・ファクトリー,s00000025074001,習い事,新規入会7700円,未提携,a8
無添加無香料の育毛剤【チャップアップ(CHAPUP)】,株式会社ソーシャルテック,s00000013218001,ヘアケア,購入7692円,未提携,a8
お支払は使った分だけ！【リボンエナジー】,株式会社リボンエナジー,s00000026564001,その他（暮らし）,新規供給開始7692円,未提携,a8
業界初、無料で楽器をプレゼント！楽器は47種類から選べる！【EYS音楽教室】,２ｎｄ＿Ｃｏｍｍｕｎｉｔｙ株式会社,s00000016222001,その他（学び・資格）,新規入会7600円,未提携,a8
楽器や2ヵ月分のお月謝が無料に！子供の音楽・バレエ・ダンス教室【ＥＹＳ‐ｋｉｄｓ】,２ｎｄ＿Ｃｏｍｍｕｎｉｔｙ株式会社,s00000016222007,習い事,新規入会7600円,未提携,a8
Eki スキンベールプライマー,株式会社Ｎ─ＬａＢｏ,s00000020822005,スキンケア,初回購入7519円,未提携,a8
おいしい水を水道水から【Locca】,プレミアムウォーター株式会社,s00000021525001,飲料,新規設置7519円,未提携,a8
90日間で成果を出す！「アガルートコーチング」,株式会社アガルート,s00000019260002,家庭教師・塾,新規無料学習相談7518円,未提携,a8
PROJECT XENO ブラウザ版【PROJECT XENO】,Ｔａｐｆｕｎ株式会社,s00000026696001,ゲーム,新規有料課金7518円,未提携,a8
法人向けWordPress専用ホスティングサービス【XServer for WordPress】,エックスサーバー株式会社,s00000001642024,ホームページ・ネットショップ,"成約7500円（ベーシック6ヶ月以上）
成約10000円（スタンダード6ヶ月以上）
成約15000円（プレミアム6ヶ月以上）
成約25000円（エンタープライズ6ヶ月以上）",未提携,a8
女性に大人気！【ホットヨガスタジオLAVA】体験募集,株式会社ＬＡＶＡＩｎｔｅｒｎａｔｉｏｎａｌ,s00000007809001,ダイエット,初回体験受講申込7500円,提携中,a8
簡単・便利　ネットキャッシング【クレジットのニチデン】,クレジットのニチデン,s00000011827001,金融,キャッシング成約7500円,未提携,a8
医療脱毛なら【リゼクリニック】来院促進プロモーション,リゼクリニック,s00000014289001,エステ,新規来院7500円,提携中,a8
株式会社NEXTと公式特典が魅力！３つの豪華選べるキャンペーン!!【ソフトバンク 光】,株式会社ＮＥＸＴ【優良代理店表彰実績多数】,s00000014546008,回線,"新規開通7500円(他社転用)　　　 
新規開通10000円（softbank air）
新規開通10000円（SoftBank光）",未提携,a8
14年連続☆*お客様満足度No.1【Pikara光（ピカラ光）】,株式会社ＮＥＸＴ【優良代理店表彰実績多数】,s00000014546012,回線,新規開通7500円,未提携,a8
業界最安級！中国地方限定【MEGA・EGG（メガ・エッグ）】,株式会社ＮＥＸＴ【優良代理店表彰実績多数】,s00000014546014,回線,新規開通9000円,未提携,a8
5年連続☆*お客様満足度No.1！九州の光回線【BBIQ（ビビック）】,株式会社ＮＥＸＴ【優良代理店表彰実績多数】,s00000014546018,回線,新規開通9000円,未提携,a8
コスパ最強インターネット So-net 光 S/M/L,ソニーネットワークコミュニケーションズ株式会社,s00000015120002,回線,新規開通7500円,未提携,a8
超高速通信に感動！ 【So-net 光 10ギガ】,ソニーネットワークコミュニケーションズ株式会社,s00000015120012,回線,新規開通7500円,未提携,a8
ダイエット＆ボディメイク専門！女性専用パーソナルトレーニングジム！【Reborn Myself】,エクササイズコーチジャパン株式会社,s00000015792001,ダイエット,新規来店7500円,提携中,a8
"オプション加入なしで必ず40,000円CB！【ソフトバンク光キャンペーン】",株式会社アウンカンパニー,s00000016275013,回線,"新規開通7500円(他社転用・事業者変更)
新規開通10000円（SoftBank光）
新規開通10000円（softbank air）",未提携,a8
"【最短開通確認後即日】最大50,000円キャッシュバック！【メガ・エッグ】",株式会社アウンカンパニー,s00000016275015,回線,新規開通7500円,未提携,a8
ジュエリー、アクセサリー、バッグ、衣料などを高額買取いたします【コメ兵宅配買取】,株式会社コメ兵,s00000018067001,リサイクル,"買取成立5000円(衣料)
買取成立5000円(ブランドバッグ)
買取成立5000円(着物)
買取成立5000円(カメラ)
買取成立5000円(楽器)
買取成立5000円(宝石)
買取成立5000円(時計)",未提携,a8
安心のマンツーマンレッスン　ボーカルレッスン【ＭｙＵ】,株式会社ミュウ,s00000019552001,その他（学び・資格）,新規入会5500円,未提携,a8
とってもお得！【格安スマホ・格安SIM　J:COM】,ＪＣＯＭ株式会社,s00000019927002,電話,新規利用開始7810円（スマホセット、SIM単体、eSIM）,未提携,a8
【ナユタス】上場企業グループが運営する「ボイトレ・ダンススクール」,株式会社Ｋ＿Ｖｉｌｌａｇｅ,s00000020785002,その他（学び・資格）,新規入会7500円,未提携,a8
【ナユタス】上場企業グループが運営する完全マンツーマン全国110校以上展開のダンススクール,株式会社Ｋ＿Ｖｉｌｌａｇｅ,s00000020785008,習い事,新規入会7500円,未提携,a8
業界最安級の天然水「ウォーターワン」のウォーターサーバー！,株式会社Ｗａｔｅｒ＿Ｓｅｒｖｅｒ,s00000021288001,飲料,新規契約7500円,未提携,a8
【ミラブル限定カラー取扱正規店】美顔器のようなシャワーヘッドと話題のミラブル！,株式会社ミルキーウェイ,s00000022954001,美容機器,購入7500円,未提携,a8
2ヶ月でピラティス講師デビューできる【オンラインピラティス資格取得 / MAJOLI】,株式会社ＭＡＪＯＬＩ,s00000022963002,資格取得,新規無料説明会参加7500円,未提携,a8
動画でピラティス資格取得！MAJOLIのPMA認定資格講座,株式会社ＭＡＪＯＬＩ,s00000022963004,資格取得,新規オンライン個別説明会参加7500円,未提携,a8
マシンピラティス資格取得講座の新規説明会参加,株式会社ＭＡＪＯＬＩ,s00000022963005,資格取得,新規個別説明会参加7500円,未提携,a8
"体験希望者が1万人を突破！月々2,760円〜で始めるリモート歯科矯正【DPEARL】",株式会社フィルダクト,s00000024191001,医療,新規無料カウンセリング7500円,未提携,a8
本格ニキビ治療と美肌内服【Mona青山クリニック】,一般社団法人Ｍｅｄｉｖａｔｅ,s00000026602001,クリニック,新規オンライン相談予約7500円,未提携,a8
全国複数のハウスメーカーの展示場見学予約サービス【ホムホム】,株式会社プロクラ,s00000026709001,物件,新規来場予約7500円,未提携,a8
電気をお得に使いたいならバリューでんき,株式会社ＣＤエナジーダイレクト,s00000026899001,その他（暮らし）,新規開通7500円,未提携,a8
【コスパと出会いが魅力のシェアハウス日本最大手オークハウスが入居者募集中】,株式会社オークハウス,s00000018828001,物件,新規成約7452円,未提携,a8
日本全国に展開している音楽教室【シアーミュージック】無料体験レッスン申込募集,シアー株式会社,s00000013334001,専門学校・スクール,無料体験レッスン後の新規成約7407円,未提携,a8
共立美容外科　豊胸来院,共立美容外科,s00000023744001,医療,新規カウンセリング予約完了7326円,未提携,a8
共立美容外科　二重来院,共立美容外科,s00000023744002,クリニック,新規カウンセリング予約完了7326円,未提携,a8
共立美容外科　ダーマペン来院,共立美容外科,s00000023744003,クリニック,新規カウンセリング予約完了7326円,未提携,a8
共立美容外科　ワキガ・多汗症来院,共立美容外科,s00000023744004,クリニック,新規カウンセリング予約完了7326円,未提携,a8
【顔脱毛Dione】敏感肌専門 脱毛サロン ディオーネ,ドクターサポート株式会社,s00000018171001,エステ,新規体験実施7307円,未提携,a8
【VIO脱毛Dione】敏感肌専門 脱毛サロン ディオーネ,ドクターサポート株式会社,s00000018171002,エステ,新規体験実施7307円,未提携,a8
【キッズ脱毛Dione】敏感肌専門 脱毛サロン ディオーネ,ドクターサポート株式会社,s00000018171004,エステ,新規体験実施7307円,未提携,a8
投資家・富裕層×ウイスキー好きと相性◎【ウイスキーふるさと納税】,株式会社あるやうむ,s00000027240002,総合（暮らし）,購入7300円,未提携,a8
アデランス増毛お試し体験（無料）,株式会社アデランス,s00000011991001,クリニック,新規増毛お試し体験（無料）申込＋来店7200円,未提携,a8
「女性向けオーダーメイドウィッグ試着体験」（無料）,株式会社アデランス,s00000011991003,ファッション小物,新規試着体験完了7200円,未提携,a8
カード到着前に番号を発番する「スピード発番」【スルガJCBカード】,スルガカード株式会社,s00000026555003,金融,新規カード利用7120円,未提携,a8
【増大・長茎】施術限定 ーメンズライフクリニックー,メンズライフクリニック,s00000020560002,エステ,新規無料カウンセリング7029円,提携中,a8
法人・産業用太陽光発電の一括無料見積り【タイナビNEXT】,株式会社グッドフェローズ,s00000010685002,物件,"無料見積り依頼3000円(タイナビ蓄電池（一般住宅）)
無料見積り依頼7000円(タイナビ（一般住宅）)
無料見積り依頼11000円(タイナビNEXT（法人・産業用）)",未提携,a8
高速インターネット NURO 光（公式）,ソニーネットワークコミュニケーションズ株式会社,s00000013431001,回線,"初回回線開通9000円（一戸建て）
初回回線開通7000円（アパート・マンション）",提携中,a8
PPPoE光回線【BB.excite光 Classic】,エキサイト,s00000000979008,回線,新規契約7000円,未提携,a8
選べて便利！安全でおいしい【ネイフィールウォーター】,久本木材株式会社,s00000012461001,飲料,初回申込＋設置完了7000円,未提携,a8
ブランド品らくらく一括査定【ラクーダ】,ワールドファーマ,s00000012553003,リサイクル,新規買取成立7000円,未提携,a8
マカ×シトルリン×クラチャイダムの男の活力サプリ【マカエンペラー】,日本サプリメントフーズ株式会社,s00000013307005,健康食品,初回購入4600円,未提携,a8
全国どこからでも24時間簡単ご契約【プラン】,有限会社プラン,s00000016058001,金融,新規融資決定6000円,未提携,a8
「女性のための」マネーセミナー【アットセミナー】,パワープランニング株式会社,s00000016523003,総合（学び・資格）,セミナー参加7000円,未提携,a8
マーケティング・クリエイティブ職種特化型の人材紹介サービス,株式会社マスメディアン,s00000016542001,就職・転職,新規面談7000円,未提携,a8
【IT導入補助金対応】法務業務のコストカットと時短に！【KANBEI SIGN】,株式会社Ｗｉｚ,s00000017718069,その他（Webサービス）,"新規導入7000円（通常プラン） 
新規導入10000円（補助金プラン）",未提携,a8
"密かにブームの""特許取得・整体枕""！【Cure:Re THE MAKURA】",株式会社キュアレ,s00000020864001,総合（健康）,新規購入7000円,未提携,a8
英会話スクール「ECC外語学院」無料体験レッスン,株式会社ＥＣＣ,s00000020865001,習い事,"新規無料体験レッスン受講7000円（英語のコース）
新規無料体験レッスン受講2300円（英語以外のコース）",未提携,a8
天然水のウォーターサーバー【コスモウォーター】,株式会社Ｗａｔｅｒ＿Ｓｅｒｖｅｒ,s00000021288004,飲料,新規契約7000円,未提携,a8
定額飲み放題のウォーターサーバー【アクアバンク】,株式会社Ｗａｔｅｒ＿Ｓｅｒｖｅｒ,s00000021288005,飲料,新規契約8500円,未提携,a8
浄水型ウォーターサーバー【putio】,株式会社Ｗａｔｅｒ＿Ｓｅｒｖｅｒ,s00000021288017,飲料,新規ウォーターサーバー設置7000円,未提携,a8
心が安らぎ・脳が眠る【ブレインスリープ コンフォーター ウェイトバランス 】,株式会社ブレインスリープ,s00000021363004,インテリア,初回購入7000円,未提携,a8
アメリカ発　子供向けのオンライン英会話【NovaKid】,Ｎｏｖａｋｉｄ＿Ｉｎｃ,s00000021380001,幼児教育,"▽一般メディア
新規お試しレッスン受講7000円

▽ポイントサイト
新規プラン登録完了13500円",未提携,a8
3ヶ月でWEBマーケターを目指す【Wannabeアカデミー】,株式会社Ｓｈａｒｅｗａｙ,s00000021714001,その他（学び・資格）,新規無料個別相談7000円,未提携,a8
実質0円でワーホリ・長期留学！Google口コミ満足度No.1の【夢カナ留学】,株式会社Ｊｓｔｙｌｅ,s00000022047001,総合（学び・資格）,新規カウンセリング完了7000円,未提携,a8
SaaS業界特化の転職エージェント【マーキャリNEXT CAREER】,株式会社エムエム総研,s00000022372001,就職・転職,新規面談12000円,未提携,a8
三菱UFJ eスマート証券 FX（旧：auカブコムFX）口座開設プロモーション,三菱ＵＦＪ＿ｅスマート証券株式会社（旧：ａｕカブコム証券）,s00000022398001,投資,新規取引完了7000円,未提携,a8
バーチャルオフィスを東京で格安利用するなら【ユナイテッドオフィス】,株式会社ユナイテッド・コンサルティング・ファーム,s00000022743001,引越,新規契約7000円,未提携,a8
【安定のお仕事】フリーター・第二新卒・20代の未経験転職専用・転職支援サービス,株式会社日本若者転職支援センター,s00000023436001,就職・転職,新規無料相談7000円,未提携,a8
街角害獣駆除相談所,トラベルブック株式会社,s00000024877002,その他（暮らし）,新規見積7000円,未提携,a8
雨漏り修理なら！【街角雨漏り相談所】,トラベルブック株式会社,s00000024877004,その他（暮らし）,新規見積7000円,未提携,a8
女性専用AIパーソナルトレーニングジム FURDI（ファディー）,株式会社ＦＵＲＤＩ,s00000025316001,ダイエット,"新規無料体験13670円(千歳烏山店、小岩店、西宮門戸厄神駅前店、武蔵小杉医大通り店)
新規無料体験7000円(その他)",未提携,a8
不動産投資1棟目から始める1億円資産形成の実践メソッド【神・大家さん倶楽部】,さくらいふ株式会社,s00000025848001,投資,新規無料セミナー参加7000円,未提携,a8
インターネット英語スピーキング上達教材【YouCanSpeak】,ＢＬＡ,s00000026276001,習い事,新規購入7000円,未提携,a8
働き方に自由を/SNSマーケティングスクール【エストレ】,株式会社ｇｉｆｔｓ,s00000026481001,習い事,新規無料カウンセリング参加完了7000円,未提携,a8
"“逆転就活”実績No.1。Google口コミ評価 業界No.1の""マンツーマン就活塾""【上京塾】",ＬＤＣ株式会社,s00000026944001,就職・転職,新規無料相談会参加7000円,未提携,a8
【害獣駆除のROY】一級建築士事務所・ROYの害獣駆除サービス 作業実績3万件以上！,ＲＯＹ株式会社,s00000027089001,その他（暮らし）,新規問い合わせ7000円,未提携,a8
再発させない害獣駆除｜侵入経路を徹底封鎖【住環境サポートラボ】,株式会社ＣＲＥＷ,s00000027416001,その他（暮らし）,新規問い合わせ7000円,未提携,a8
TikTok公認提携・未経験OKのライバー事務所【ReStart】,株式会社リスタート,s00000027447001,動画,新規面談実施7000円,未提携,a8
創業70年の信頼と高価買取を実現！ブランド品・貴金属の無料査定【ロデオドライブ】,株式会社アールケイエンタープライズ,s00000027452001,リサイクル,新規買取成約7000円,未提携,a8
データ無制限・国内通話無料・楽天ポイントでお得に使える【楽天モバイル】,楽天モバイル,s00000027494001,wifi,新規利用7000円,未提携,a8
定額制通い放題のシミュレーションゴルフ【SMART GOLF】,ＧＪＢ株式会社,s00000024473001,スポーツ,新規無料体験予約6925円,未提携,a8
「とことん寄り添う」ネズミ、イタチ、コウモリなどの害獣駆除業者【害獣BUZZ】,株式会社ＡＣＭＥＥ,s00000025357001,その他（暮らし）,新規見積もり完了6800円,未提携,a8
レディースのブランド古着・洋服の宅配買取【RIBLA】,株式会社ＢＬＭ,s00000025363001,リサイクル,新規買取成立6800円,未提携,a8
"国内最安値水準でマンジャロ処方の【Actually,(アクチュアリー,)】",株式会社Ａｃｔｕａｌｌｙ,s00000026920001,クリニック,初回お薬購入完了6767円,未提携,a8
コーチとして稼ぐ力を身につける育成から就業まで一貫サポート【ポジウィルコーチングスクール】,ポジウィル株式会社,s00000025557002,総合（学び・資格）,新規無料体験会参加6766円,未提携,a8
最大10万円還元【ソフトバンク光】,株式会社ＩＮＥ,s00000023325002,回線,新規申込6750円,未提携,a8
キャッシュバック最大3万円！【au光】,株式会社ＩＮＥ,s00000023325004,回線,新規申込6750円,未提携,a8
【医師専門】転職支援サービス登録促進,株式会社リクルートメディカルキャリア,s00000008908003,就職・転職,"アルバイト登録（非常勤登録）6667円
転職支援登録（常勤登録）14286円",未提携,a8
★全国54店舗以上展開★脱毛サロン「RinRin」集客促進,脱毛サロン【ＲｉｎＲｉｎ】,s00000011355001,エステ,新規施術9781円,未提携,a8
生協の宅配【パルシステム】新規WEB加入募集,パルシステム生活協同組合連合会,s00000000064011,総合（グルメ・食品）,新規WEB入会完了6500円,未提携,a8
【フロムぴゅ〜ちゃん】マダムとおしゃべり館チャットレディー募集[女性求人]募集,マダムとおしゃべり館,s00000002477002,在宅ワーク,新規本稼働6500円,未提携,a8
【チャトレ30】マダムとおしゃべり館[30代女性向]チャットレディー募集,マダムとおしゃべり館,s00000002477004,在宅ワーク,本登録後の稼動確認6500円,未提携,a8
【LoｖeChat】【30代以上向け高収入求人】チャットレディー募集,マダムとおしゃべり館,s00000002477005,在宅ワーク,本稼動6500円,未提携,a8
オトコを上げるMONOVO！和漢成分で育毛発毛促進【ヘアトニックグロウジェル】,日本サプリメントフーズ株式会社,s00000013307009,ヘアケア,新規購入4300円,未提携,a8
難関大受験ハイレベルオンライン塾「エベレス高校部」｜ベネッセ,ベネッセコーポレーション進研ゼミ・こどもちゃれんじ,s00000017205002,家庭教師・塾,新規入会申込6500円,未提携,a8
業界最大手！！リゾートバイトで働く！遊ぶ！体験する！【リゾバ.com】,株式会社ヒューマニック,s00000018982001,就職・転職,新規応募6500円,未提携,a8
東京23区・関東エリア特化のスピード対応【害虫ファースト】,株式会社ファースト,s00000026965001,その他（暮らし）,新規見積6500円,未提携,a8
ニキビ治療の美容医療クリニック【フェミークリニック】,フェミークリニック,s00000024092002,医療,新規無料カウンセリング6410円,未提携,a8
骨盤をケアし、アクティブな毎日へ締めつけない体幹サポート【DERIT TECH(デリットテック)】,株式会社ドクターイースト,s00000027372001,健康グッズ,新規購入6400円,未提携,a8
快適なインターネット生活を送ろう！超高速光回線【Fon光】,フォン・ジャパン株式会社,s00000023877001,回線,新規開通6380円,未提携,a8
【エステティックTBC】体験コース申込獲得,ＴＢＣグループ株式会社,s00000010235001,エステ,"エステティックTBC
お申込み後来店4490円（その他）
お申込み後来店6420円（TBCスーパー脱毛）
お申込み後来店4490円（TBCライト脱毛）
お申込み後来店4490円（TBC痩身）
お申込み後来店4490円（TBCフェイシャル）

MEN'S TBC
お申込み後来店8440円（MENSヒゲ脱毛）
お申込み後来店8440円（MENSカラダ脱毛）
お申込み後来店8440円（MENSライト脱毛）
お申込み後来店8440円（MENS痩身）
お申込み後来店8440円（MENSフェイシャル）",未提携,a8
新電力サービスのオクトパスエナジー【オクトパスエナジー】,ＴＧオクトパスエナジー株式会社,s00000026570001,その他（暮らし）,新規電気供給開始6349円,未提携,a8
安心を築くサポートとセキュリティ【WADAXのレンタルサーバー】,ＧＭＯグローバルサイン・ホールディングス株式会社,s00000012042015,サーバー,サービス利用6336円,未提携,a8
売上No.1焙煎ごぼう茶のあじかんが本気でつくった【ごぼうリセットスープ】,株式会社あじかん,s00000027306001,加工食品,新規購入6329円,未提携,a8
【求人数No.1】リゾートバイト、探すならダイブ,株式会社ダイブ,s00000023231001,就職・転職,新規面接6300円,未提携,a8
メンズスキンケアは男性専門美容の【ゴリラクリニック】,医療法人社団十二会,s00000013449011,医療,新規無料カウンセリング13000円,未提携,a8
美容大国韓国でも注目《ビオまつ毛（まつ毛美容液）》,株式会社ソーシャルテック,s00000013218014,コスメ・メイク,新規購入6153円,未提携,a8
光回線【ビッグローブ光】,株式会社ＩＮＥ,s00000023325001,回線,新規申込6100円,未提携,a8
東大式マンツーマンコーチングで成績UP/合格へ導く【オンライン家庭教師東大先生】,株式会社ＡＧＩＬＥ＿ＳＴＵＤＹ,s00000025196001,家庭教師・塾,新規無料学習相談6050円,未提携,a8
介護業界に特化した転職支援サービス 【レバウェル介護】,レバレジーズ株式会社,s00000022039002,就職・転職,新規無料登録10000円,未提携,a8
美容鍼灸院【HARICCHI】が開発したオールインワン美容液　『ハリッチプレミアムリッチプラス』,株式会社Ｎ─ＬａＢｏ,s00000020822001,スキンケア,初回購入7519円,未提携,a8
針入りほうれい線用クリーム＋【L Shot】,株式会社Ｎ─ＬａＢｏ,s00000020822002,スキンケア,初回購入7519円,未提携,a8
ライバー事務所【321 INC】,株式会社３２１,s00000026490001,その他（エンタメ）,新規面談予約6015円,未提携,a8
"国内最安値水準でイソトレチノイン（ニキビ治療薬）処方の【Actually,(アクチュアリー,)】",株式会社Ａｃｔｕａｌｌｙ,s00000026920002,クリニック,初回お薬購入完了6015円,未提携,a8
IT業界志望学生のための新卒紹介サービス【TECH-BASE 就活エージェント】,シンクトワイス株式会社,s00000022228004,就職・転職,"新規面談予約15000円
新規面談完了15000円

＜ポイントサイト＞
新規面談完了6000円",未提携,a8
GMOとくとくBB【GMO光アクセス】,ＧＭＯインターネット株式会社,s00000000018040,回線,"＜とくとくBB光【光アクセス】＞
転用6000円
事業者変更6000円
新規開通6000円

＜とくとくBB光 mini＞
転用6000円
事業者変更6000円
新規開通6000円",提携中,a8
【ネルソンズドッグフード】中〜大型犬にオススメ!大容量＆高品質ドッグフード,株式会社レティシアン,s00000000458006,ペット,"新規購入6000円（ネルソンズドッグフード）
新規購入8000円（ネルソンズドッグフード　大型犬用）",提携中,a8
中高男子の包茎諸君120万人にターゲットを絞った包茎グッズ【キトー君】,ツルマキ,s00000002404014,医療,"初回購入10000円（キトー君DX　手術代2万円保証付）
初回購入6000円（キトー君DX、キトー君ST）",未提携,a8
メール＋音声講座「１年でＴＯＥＩＣ９００！分かる！解ける！英文法！」販売,有限会社ＶａｎｄｅｌａｙｅＰｕｂｌｉｓｈｉｎｇ,s00000003748003,習い事,申込み9000円,未提携,a8
英語・英会話講座「英語基礎講座ＮｅｗＢｅｇｉｎｎｉｎｇ」販売,有限会社ＶａｎｄｅｌａｙｅＰｕｂｌｉｓｈｉｎｇ,s00000003748004,習い事,申込9000円,未提携,a8
「英語リーディング実践講座４４」販売,有限会社ＶａｎｄｅｌａｙｅＰｕｂｌｉｓｈｉｎｇ,s00000003748005,習い事,申込み6000円,未提携,a8
実用英文法を全部、動画とメール・PDFで学べる【総合実用英文法講座】,有限会社ＶａｎｄｅｌａｙｅＰｕｂｌｉｓｈｉｎｇ,s00000003748006,習い事,購入13500円,未提携,a8
トランクルームなら掲載物件数No.1の【ハローストレージ】！,エリアリンク株式会社,s00000007033001,引越,成約6000円,未提携,a8
【TOKAI】業界屈指の低価格機種もラインナップ！浄水型ウォーターサーバー しずくりあ,株式会社ザ・トーカイ,s00000007057008,飲料,新規サーバー設置6000円,未提携,a8
介護専門求人サイト【かいご畑】人材サービス登録募集,株式会社ニッソーネット,s00000008824002,就職・転職,新規人材サービス登録6000円,未提携,a8
コンセントタイプで工事不要！法人・店舗向けの5G対応Wi-Fi【BizAir】,Ｌｉｎｋｌｅｔ株式会社,s00000010885017,wifi,新規問い合わせ6000円,未提携,a8
【累計お問合わせ数10万件突破！】＜POSレジ・システム＞業者ご紹介サービス【EMEAO ! 】,株式会社ｅｃｌｏｒｅ,s00000012115003,その他（Webサービス）,新規法人申込6000円,未提携,a8
【累計お問合わせ数10万件突破！】＜遺品整理＞業者ご紹介サービス【EMEAO ! 】,株式会社ｅｃｌｏｒｅ,s00000012115042,リサイクル,新規申込6000円,未提携,a8
【累計お問合わせ数10万件突破！】＜屋根・雨漏り修繕＞業者ご紹介サービス【EMEAO！】,株式会社ｅｃｌｏｒｅ,s00000012115045,その他（不動産・引越）,新規申込6000円,未提携,a8
【累計お問合わせ数10万件突破！】＜害虫害獣駆除＞業者ご紹介サービス【EMEAO！】,株式会社ｅｃｌｏｒｅ,s00000012115046,その他（不動産・引越）,新規申込6000円,未提携,a8
【全国対応/宅配買取】スニーカー買取【ＪＵＳＴＹ】,株式会社ＪＵＳＴＹ,s00000013178024,リサイクル,買取成立1200円,未提携,a8
【関西在住/10代〜30代】短期でIT・事務の一般就職を目指す就労移行支援【UZUZ Plus】,株式会社ウズウズ,s00000014490015,専門学校・スクール,新規無料相談完了6000円,未提携,a8
優良遺品整理業者紹介サービス【遺品整理110番】,シェアリングテクノロジー株式会社,s00000015223034,その他（暮らし）,新規見積依頼6000円,未提携,a8
バッシュ専門買取だから圧倒的高価買取！【スニーカー・バッシュ買取王国】,株式会社買取王国,s00000015589003,リサイクル,査定完了6000円,未提携,a8
クロネコヤマトで安心、大型荷物も対応、郊外倉庫で安価！荷物保管は宅トラ,株式会社クオリティライフ・コンシェルジュ,s00000015832001,引越,"新規WEB申込200円（その他の申込）
新規WEB申込1500円（ボックスタイプを含む申込）",未提携,a8
メディカルエストロジー　スカルプセラム<薬用育毛剤>,アンファー株式会社,s00000016002006,ヘアケア,新規購入6000円,未提携,a8
日本初の白玉乳酸菌配合の美容プロテイン【ドクターズ ナチュラル レシピ】,アンファー株式会社,s00000016002017,ダイエット,新規購入6000円,未提携,a8
業界No.1の高時給！！リゾートバイトなら【リゾートバイト.com】！！,株式会社グッドマンサービス,s00000017171001,就職・転職,新規面談6000円,未提携,a8
美容のプロが愛用する実力派化粧品 【C-マックスローション】,株式会社キャシーズチョイス,s00000017336001,スキンケア,新規購入6000円,未提携,a8
インターネットを活用した次世代型完全個別指導塾【ネット松陰塾】,株式会社ショウイン,s00000018204002,家庭教師・塾,入塾6000円,未提携,a8
収納スペースにお困りの方へ！トランクルームなら.Ｒ（ドッとあ〜る）コンテナ,株式会社ユーティライズ,s00000018472001,その他（不動産・引越）,新規契約8000円,未提携,a8
障害者の就職・転職なら【dodaチャレンジ】,パーソルダイバース株式会社,s00000019630001,就職・転職,新規面談6000円,未提携,a8
トップクラスの鑑定師が名を連ねる至高の電話占い「Etoile エトワール」,Ｕｎｉｘ＿Ｃｏｍｐｕｔｅｒ＿Ｔｒａｄｉｎｇ＿Ｌｔｄ,s00000019825003,占い,新規課金6000円,未提携,a8
５分無料で当たる人気占い師と電話鑑定を使い放題！【電話占いアリス】,Ｕｎｉｘ＿Ｃｏｍｐｕｔｅｒ＿Ｔｒａｄｉｎｇ＿Ｌｔｄ,s00000019825004,占い,新規課金6000円,未提携,a8
引越し時の電気・ガス・ネットをまとめて無料手続き【電気の手続きサポートセンター】,株式会社メディアサービス,s00000020187011,物件,新規契約6000円,未提携,a8
SEO・デザイン・機能の3拍子揃った国内最高峰のWordPressテーマ「ザ・トール」,フィット株式会社,s00000020294001,ホームページ・ネットショップ,新規購入6000円,未提携,a8
人間関係と自己肯定感ＵＰに【伝え方コミュニケーション検定・初級中級セット】,株式会社ジェイ・バン,s00000021281001,総合（学び・資格）,新規受講申込6000円,未提携,a8
業界最安級！！【トーエルウォーターサーバー】,株式会社Ｗａｔｅｒ＿Ｓｅｒｖｅｒ,s00000021288015,飲料,新規ウォーターサーバー設置6000円,未提携,a8
国産フード唯一のすっぽん配合【ミシュワンシニア犬用】,株式会社ミシュワン,s00000021939003,ペット,初回購入6000円,未提携,a8
加盟店者数最大級【外壁塗装の窓口】,外壁塗装の窓口,s00000022710001,物件,新規見積6000円,未提携,a8
マンツーマンでスポーツの習い事【体育スポーツ家庭教師ファースト】,家庭教師ファースト（株式会社エムズグラント）,s00000022870002,総合（スポーツ・趣味）,新規体験指導受講6000円,未提携,a8
全国対応フリーローン・おまとめローン・不動産担保ローンの【デイリーキャッシング】,株式会社デイリープランニング,s00000022912001,金融,新規融資実行6000円,未提携,a8
低用量ピルのオンライン処方なら【マイピル】,株式会社オンラインメディカルケア,s00000023462003,医療,新規オンライン診療6000円,未提携,a8
利用満足９０％！支援の手厚い就活エージェントなら【DiG UP CAREER】,《新卒》ＤｉＧ＿ＵＰ＿ＣＡＲＥＥＲ・《中途》ゼロイチ転職,s00000023866001,就職・転職,新規オンライン面談6000円,未提携,a8
歯科衛生士の転職[歯科転職ナビ]業界最大級の求人数！歯科専門の転職エージェント！,株式会社ＰＥＣＯＲＩ,s00000024076001,就職・転職,新規電話面談6000円,未提携,a8
10代20代向け転職エージェント【タネックス】,株式会社ミライユ,s00000024432001,就職・転職,新規無料会員登録6000円,未提携,a8
手料理サブスク／出来立て手作り惣菜を冷蔵でお届け【ツクリオ(旧つくりおき.jp)】,株式会社Ａｎｔｗａｙ,s00000024605001,加工食品,新規注文登録完了6000円,未提携,a8
シロアリ駆除なら！【街角シロアリ駆除相談所】,トラベルブック株式会社,s00000024877006,その他（暮らし）,新規見積6000円,未提携,a8
初心者歓迎・女性専用24時間ジム【Amazones（アマゾネス）】,株式会社Ｗｅｌｌｎｅｓｓ＿Ｌａｎｄ,s00000025083001,ダイエット,新規無料体験or見学6000円,未提携,a8
【YouTubeで話題！】オンライン完結型の結婚相談所Presia,株式会社Ｐｒｅｓｉａ,s00000025189001,婚活,新規無料カウンセリング完了20000円,提携中,a8
選べるデザイン58種類本物の結婚式ムービー【ウェディングムービーシュシュ】,株式会社シュシュ,s00000025236001,ウエディング,新規購入6000円,未提携,a8
オンラインWebデザインスクールの無料カウンセリング参加【WEBCOACH】,株式会社アップグレード,s00000025256001,習い事,新規無料カウンセリング参加完了6000円,未提携,a8
どんな人形もご成約で最低1000円で買取保証【七福　人形買取】,総合出張買取＿七福,s00000025310010,リサイクル,新規買取6000円,未提携,a8
どんなミシンでも最低1000円買取保証,総合出張買取＿七福,s00000025310011,リサイクル,新規買取6000円,未提携,a8
どんな贈答品でも最低1000円買取保証,総合出張買取＿七福,s00000025310012,リサイクル,新規買取6000円,未提携,a8
どんな食器も3点まとめて1000円買取保証,総合出張買取＿七福,s00000025310013,リサイクル,新規買取6000円,未提携,a8
どんなピアノでも査定します！【七福　ピアノ買取】,総合出張買取＿七福,s00000025310014,リサイクル,新規買取成立6000円,未提携,a8
新車・中古車のマイカーリースならオリックスカーリース(25-0219),オリックス自動車株式会社,s00000025807002,車・バイク,新規審査申込6000円,未提携,a8
オンライン特化型ファクタリングサービス「SoKuMo(ソクモ)」,株式会社アドプランニング,s00000026177002,その他（金融・投資・保険）,新規ファクタリング申込6000円,未提携,a8
スピード特化型ファクタリング「買速」,株式会社アドプランニング,s00000026177003,その他（金融・投資・保険）,新規ファクタリング申込6000円,未提携,a8
【スマモ二】賢い女性のお試しサイト,株式会社ベストナビ,s00000026581001,総合（美容）,新規オンラインセミナー参加＋モニター案件申込6000円,未提携,a8
日本の外食産業に革新を！人財領域で一気通貫でサポート【TRIPLE THREE】,株式会社トリプルスリー,s00000026763003,就職・転職,新規お問い合わせ6000円,未提携,a8
パーソル発！ドライバー特化型転職支援【パーソルイノベーション転職エージェント】,パーソルイノベーション株式会社,s00000026823002,就職・転職,新規会員登録6000円,未提携,a8
スタートアップ転職なら【スタクラ】,株式会社スタートアップクラス,s00000026900001,就職・転職,新規会員登録6000円,未提携,a8
"1科目5,980円〜受講できる料金の安さ！オンライン専門塾「ウィズスタディ」",合同会社バオウェン,s00000026909001,家庭教師・塾,"新規無料カウンセリング面談6000円
新規無料体験9000円",未提携,a8
Ｚ会グループの留学会社【ISS留学ライフ】,株式会社国際交流センター,s00000026973001,専門学校・スクール,新規カウンセリング6000円,未提携,a8
【料金は水代だけ！】日田天領水ウォーターサーバー「アクアリーヴ」,アクアリーヴ株式会社,s00000027051001,飲料,新規購入6000円,未提携,a8
教室と同じ学習をご自宅で！オンライン子ども英語教室【Lepton Bridge】,株式会社ＦＲＥＥＭＩＮＤ,s00000027130002,幼児教育,新規無料体験レッスン6000円,未提携,a8
AIを活用した、まったく新しい英会話学習サービス【スマイルゼミ ENGLISH】,株式会社ジャストシステム,s00000027262001,総合（学び・資格）,新規有料プラン入会6000円,未提携,a8
【株式会社テコラ】10年に一度のシロアリ予防,株式会社テコラ,s00000027342001,その他（暮らし）,新規成約6000円,未提携,a8
補助金活用でスキルアップ！在宅ワークへのキャリアチェンジを完全サポート【MySTAR】,株式会社よつば商事,s00000027427001,就職・転職,新規無料体験受講6000円,未提携,a8
"月50,000円から使える！ネット販売支援ツール！【うちでのこづち】",株式会社Ｅ−Ｇｒａｎｔ,s00000020800001,その他（Webサービス）,新規商談5760円,未提携,a8
【高収入/スマホ可】「エンジェルライブリクルート」女性会員募集,株式会社リアズ,s00000001086004,在宅ワーク,本登録完了2300円,未提携,a8
異常気象で需要増大【雨漏り修理110番】,シェアリングテクノロジー株式会社,s00000015223007,その他（暮らし）,見積依頼5700円,未提携,a8
レディースエステサロン 【AILE（エール）】,株式会社ＡＩＬＥ,s00000017029001,エステ,新規来店5400円,未提携,a8
不動産業界を専門にした転職支援サービス【宅建Jobエージェント】,株式会社ヘイフィールド,s00000021009002,就職・転職,新規登録5635円,未提携,a8
保育士の求人・転職・募集なら【レバウェル保育士】,レバレジーズ株式会社,s00000011866026,就職・転職,新規無料会員登録5600円,未提携,a8
"月額2,400円(税込)〜で1万社以上の導入サポート実績【コピー機王国】",株式会社ＡｐｐＤａｔｅ＿Ｈｏｌｄｉｎｇｓ,s00000027252002,家電,新規面談実施5538円,未提携,a8
世界シェアNo.1「HIKVISION」の防犯カメラ【コピー機王国】,株式会社ＡｐｐＤａｔｅ＿Ｈｏｌｄｉｎｇｓ,s00000027252003,総合（暮らし）,新規面談実施5538円,未提携,a8
【サクソバンク証券】CFD,サクソバンク証券株式会社,s00000026612001,投資,新規取引完了5530円,未提携,a8
【サクソバンク証券】FX,サクソバンク証券株式会社,s00000026612002,投資,新規取引完了5530円,未提携,a8
働くママ・パパからの味評価No１獲得！安心の手作り惣菜【わんまいる】,株式会社ファミリーネットワークシステムズ,s00000013027001,その他（グルメ・食品）,"購入5000円(健幸ディナー・美食弁当の定期お届けセット)
購入（税抜）3％（上記以外の商品）",未提携,a8
工場・製造派遣なら【工場求人フォルダ】｜寮完備・全国対応,日本マニュファクチャリングサービス株式会社,s00000027272001,就職・転職,新規求人応募7000円,未提携,a8
RIZAP新事業！月額制通い放題暗闇フィットネス・EXPA（エクスパ）,ＲＩＺＡＰ株式会社,s00000001671086,ダイエット,新規来店5500円,提携中,a8
移転工事費何度でも無料！工事費実質無料！【ビッグローブ光】,株式会社ＮＥＸＴ【優良代理店表彰実績多数】,s00000014546010,回線,"新規他社転用5500円
新規開通8000円",未提携,a8
"SOHO・法人45,000円還元！個人の方でも高額還元CB！【フレッツ光】",株式会社ＮＥＸＴ【優良代理店表彰実績多数】,s00000014546011,回線,"新規開通12000円（フレッツ光新規開通）
新規開通10000円（ソフトバンク光新規）
新規開通7500円（ソフトバンク光他社転用）
その他コラボ新規8000円
その他コラボ転用5500円",未提携,a8
【きゅっと】最短即日エコキュート修理,株式会社ＧＲＡＣＥ,s00000015892033,その他（暮らし）,新規見積もり5500円,提携中,a8
最安値月額2520円！トランクルーム・コンテナトランクの【スペースプラス】,株式会社ランドピア,s00000016139001,引越,新規契約5500円,未提携,a8
法人向けフレッツ光＆個人向け光コラボ【キャッシュバック特典有り！】,株式会社アウンカンパニー,s00000016275001,回線,"新規開通7500円（ソフトバンク光他社転用）
新規開通10000円（ソフトバンク光新規）
新規開通12000円（フレッツ光新規開通）
その他コラボ転用5500円
その他コラボ新規8000円",未提携,a8
最短即日キャッシュバック【ビッグローブ光】,株式会社アウンカンパニー,s00000016275008,その他（インターネット接続）,"新規他社転用・事業者変更5500円
新規開通8000円",未提携,a8
カード・電マネ・QR・ポイントも使えるお店の決済サービス【AirPay】,株式会社リクルート,s00000017321001,起業・会社設立,新規申込5500円,未提携,a8
最速キャッシュバックキャンペーン実施中！【スマホ 乗り換え.com】,アールアイ株式会社,s00000018938001,電話,"新規開通5500円(スマホ)
新規開通10000円(スマホMNP)",未提携,a8
老舗リフォーム見積もり比較サイト：リフォーム比較プロ,株式会社サフタ,s00000019485001,物件,新規見積もり比較依頼5500円,未提携,a8
「音楽プロデューサー」が設立【アバロンミュージックスクール】,アバロン・ミュージック・スクール,s00000020706001,習い事,新規契約5500円,未提携,a8
ご利用者数50万人突破★占い師2000人以上登録！【MIROR（ミラー）】,株式会社ラップス,s00000022019001,占い,新規電話占い5500円,未提携,a8
炭酸発生60分間を誇る、独自処方の洗い流さない炭酸ガスパック【EKATO.】,ａｎｄ＿ｂｅａｕｔｙ株式会社,s00000022400001,スキンケア,新規購入5500円,未提携,a8
駅チカクリニックでの人間ドックなら【MYメディカルクリニック】,ＭＹメディカルクリニック,s00000023364004,医療,新規来院+検査5500円,未提携,a8
女性限定のキャリアデザインスクールの説明会参加【HerTech（旧：WeRuby）】,株式会社ＨｅｒＴｅｃｈ,s00000023487001,総合（学び・資格）,新規無料説明会参加8000円,未提携,a8
ペット用酸素室【オーツーチャージ】,株式会社オーツーチャージ,s00000024584001,ペット,新規モニターキャンペーン参加申込5500円,提携中,a8
最短最安で国家資格者になれる！オンライン【キャリアコンサルタント養成講習】,一般社団法人地域連携プラットフォーム,s00000024586001,その他（学び・資格）,"新規講座説明会・質問受付会参加5500円
新規養成講習申込30000円",未提携,a8
最短1時間審査！専門家が徹底サポートするファクタリング【ファクタープラン】,株式会社ワイズコーポレーション,s00000026871001,総合（金融・投資・保険）,"新規無料見積申込5500円
新規契約14500円",未提携,a8
新品タイヤ＋メンテナンス＋パンク補償の月額タイヤサービス【mobox】,ブリヂストンＢＭＳ株式会社,s00000026074001,車・バイク,新規申込完了5466円,未提携,a8
タイヤ購入から取付予約まで、ネットで完結の便利なサービス,ブリヂストンＢＭＳ株式会社,s00000026074002,車・バイク,"新規購入5466円（ブリヂストンオンラインストア）
新規契約5466円（mobox）",未提携,a8
ソフトバンクでんきの【おうちでんき】,ソフトバンク株式会社,s00000026810001,その他（暮らし）,新規供給開始5460円,未提携,a8
メディカルアロマ検定＆メディカルアロマインストラクター資格取得講座,ＮＰＯ法人日本統合医学協会,s00000021674001,資格取得,新規資格講座申込5455円,未提携,a8
来院不要！不眠症(睡眠障害)のオンライン診療【デジタルクリニックグループ】,デジタルクリニックグループ,s00000024053003,医療,新規オンライン診療5454円,未提携,a8
【お金のみらいマップ】オンラインでお金の無料相談！,合同会社オンライン,s00000025897001,その他（金融・投資・保険）,新規オンライン無料相談5446円,未提携,a8
次亜塩素酸で花粉やウイルス対策！クリクラ 空間除菌・消臭サービス【ZiACO(ジアコ)】,クリクラ,s00000009598005,家電,新規契約4300円,未提携,a8
★即時提携★東急でんき＆ガスなら毎日のあれこれがおトクに！【東急でんき＆ガス】,株式会社東急パワーサプライ,s00000021918003,総合（暮らし）,新規利用開始5300円,未提携,a8
たかの友梨 お得なエステキャンペーン,株式会社不二ビューティ,s00000009778001,エステ,エステ申込5263円,未提携,a8
既卒第二新卒で就職なら【キャリアパーク就職エージェント】,ポート株式会社,s00000018455004,就職・転職,新規面談実施6836円,未提携,a8
自宅にいながら相続手続き【相続ナビ】,株式会社ベクトル,s00000025623001,その他（暮らし）,新規会員登録5263円,未提携,a8
「東邦ガスのガス・電気セット契約」で引越し先の光熱費がおトクに！【東邦ガス】,東邦ガス株式会社,s00000024208001,総合（不動産・引越）,"新規電気契約5260円
新規都市ガス契約8190円",未提携,a8
トクトクタイムプラン（夜トク）,東邦ガス株式会社,s00000024208002,その他（暮らし）,新規供給開始5260円,未提携,a8
PC一つで自由に働きたい方へ。未経験者向けWEBスクール【SHElikes】,ＳＨＥ株式会社,s00000021637001,その他（学び・資格）,新規無料体験レッスン受講5250円,未提携,a8
綺麗な発音で英語を話そう！英語発音矯正スクール【ハミングバード】,株式会社リンクアカデミー,s00000011022003,習い事,新規入会5200円,未提携,a8
皮膚科学の知見から生まれた、メンズスキンケアシリーズ【DISMクリーミーフォームウォッシュ】,アンファー株式会社,s00000016002010,スキンケア,新規購入5200円,未提携,a8
毛穴汚れを一掃！黒の吸着泡洗顔【DISM クリーミーウォッシュ ブラック】,アンファー株式会社,s00000016002015,スキンケア,新規購入5200円,未提携,a8
サイト運営に必要なすべての要素が揃ったブログ向けテーマ「ゴールドブログ」,フィット株式会社,s00000020294002,ホームページ・ネットショップ,新規購入5200円,未提携,a8
腕時計レンタルサービスならカリトケ,ななし株式会社,s00000020878001,ファッション小物,新規申込2500円（すべてのプラン）,提携中,a8
GMOとくとくBB【とくとくBBホームWi-Fi】,ＧＭＯインターネット株式会社,s00000000018046,wifi,新規利用5100円,未提携,a8
男性の背中、胸元、二の腕ニキビに！【ジュエルレイン】,株式会社ピカイチ,s00000010819005,ボディケア,初回購入4000円,未提携,a8
【30分で！オンライン査定】最短1時間で高額ファクタリング！【オンラインでも上 限額なし！】,ＫＫＴ株式会社,s00000026921001,その他（金融・投資・保険）,"新規見積り申込5100円
新規契約完了20000円",未提携,a8
医療ダイエットで痩せ体質をつくる【ファイヤークリニック】,医療法人ともしび会,s00000025784001,クリニック,"新規診療完了5040円（オンライン）
新規診療完了10500円（来院）",提携中,a8
ダンボール・梱包材業界No.1通販サイト【ダンボールワン】法人向け,ラクスル株式会社,s00000023808001,その他（暮らし）,新規法人購入(税抜)15％,未提携,a8
コーヒーメーカーとコーヒー豆の定期購入サービス【パナソニック公式】,パナソニック株式会社,s00000025109006,飲料,初回申込＋2回目の課金完了7000円,提携中,a8
コンパクトベーカリーとパンミックスコース【foodable】,パナソニック株式会社,s00000025109012,その他（グルメ・食品）,初回申込＋2回目の決済完了8000円,未提携,a8
有機野菜・オーガニック食材宅配 ビオ・マルシェの宅配（入会申込）,株式会社ビオ・マーケット,s00000014332002,グルメ予約,新規入会8000円,未提携,a8
最低価格保証+留学前の英会話無料【ネイティブキャンプ留学】,株式会社ネイティブキャンプ,s00000014758002,専門学校・スクール,新規見積完了10000円,未提携,a8
自動調理鍋オートクッカービストロと調味料のサブスク【foodable】,パナソニック株式会社,s00000025109001,家電,初回申込＋2回目の課金完了8000円,提携中,a8
【パナソニック公式】最高峰モデル炊飯器と銘柄米の定期購入サービス,パナソニック株式会社,s00000025109002,生鮮食品,初回申込＋2回目の課金完了8000円,提携中,a8
ホームベーカリーBistro月額購入サービス【パナソニック公式】,パナソニック株式会社,s00000025109005,家電,初回申込＋2回目の課金完了8000円,提携中,a8
[atus]通学型アフィリエイトスクール【対面で個別サポート】,株式会社Ｋａｅｒｕ,s00000016324001,総合（学び・資格）,新規入会5000円,未提携,a8
グルコサミンの約20倍以上のパワー！塗るプロテオグリカン【リフリーラ】,株式会社イワミズ,s00000016380012,健康食品,初回購入5000円,未提携,a8
美容液を肌に直接注入！極細ニードル×バランシングナノカプセル【モイストパッチ】,株式会社イワミズ,s00000016380013,スキンケア,初回購入5000円,未提携,a8
高浸透化技術の浸透ナノプセル配合！シワ改善クリーム【ラップリフト】,株式会社イワミズ,s00000016380017,スキンケア,初回購入5000円,未提携,a8
高浸透化技術の浸透ナノプセル配合！アイクリーム【ラップリフトリンクル】,株式会社イワミズ,s00000016380018,スキンケア,初回購入5000円,未提携,a8
尿酸値対策の機能性表示食品【飲むルテオリン リフリーラ】,株式会社イワミズ,s00000016380020,健康食品,初回購入5000円,未提携,a8
あなただけの占い師　電話占い【リエル】,株式会社メディア工房,s00000018138001,占い,新規課金5000円,未提携,a8
【電話占いステラコール】ステラ薫子が厳選した当たる優良占い師が所属する電話占いサービス。,株式会社メディア工房,s00000018138002,占い,新規課金5000円,未提携,a8
【電話占い・霊感占いラフィネ】厳しい採用基準をクリアした本物の占い師が多数在籍。,株式会社ギフトカムジャパン,s00000019455001,占い,新規課金5000円,未提携,a8
ソフトバンクグループ運営の通信制大学【サイバー大学】,株式会社サイバー大学,s00000027192001,専門学校・スクール,"新規資料請求5000円
新規入学20000円",未提携,a8
【公式】BIGLOBE WiMAX +5G,ビッグローブ株式会社,s00000000040014,回線,"【BIGLOBE WiMAX +5G】
申込5000円（データ端末つき）",未提携,a8
「ヘテムル」レンタルサーバー,ＧＭＯペパボ株式会社,s00000000404005,サーバー,ヘテムルの本契約5000円,未提携,a8
ホームページ作成サービス「グーペ」,ＧＭＯペパボ株式会社,s00000000404011,ホームページ・ネットショップ,新規契約5000円,未提携,a8
ショッピングカート「SHOP-Maker」正式登録募集,クロスセル株式会社,s00000000745001,ホームページ・ネットショップ,正式会員登録5000円,未提携,a8
メール共有・管理ソフト「問いマネ」正式登録ユーザー募集,クロスセル株式会社,s00000000745003,webコンサルティング,申込み５０００円,未提携,a8
フレッツ光の10ギガ光回線【BB.exciteカスタム クロス回線】,エキサイト,s00000000979023,回線,"新規利用5000円（転用・事業者変更）
新規利用10000円（新規契約）",未提携,a8
フレッツ光の1ギガ光回線が安い【BB.exciteカスタム ネクスト回線】,エキサイト,s00000000979024,回線,"新規利用5000円（転用・事業者変更）
新規利用5000円（新規契約）",未提携,a8
保育士の「無料」転職支援サービス【保育士人材バンク】,株式会社エス・エム・エス,s00000001248025,就職・転職,初回登録5000円,未提携,a8
徹底指導で“英語脳”を鍛える【RIZAP イングリッシュ】,ＲＩＺＡＰ株式会社,s00000001671071,総合（学び・資格）,新規来店15000円,未提携,a8
【生協の宅配　コープデリ】新規加入プログラム,コープデリ生活協同組合連合会,s00000003050002,総合（グルメ・食品）,新規加入5000円,未提携,a8
FXの電子書籍が1冊まるごと無料！【FX投資マスターガイド】,株式会社ＦＰＯ,s00000003196001,投資,新規ダウンロード500円,未提携,a8
法人向け！電話回線のみ/ネットも同時に手配どちらでも可能!【電話加入権．com】,株式会社ビジョン,s00000007633024,電話,"新規電話回線申込5000円
新規電話回線開通21500円",未提携,a8
【Karigo】業界一の老舗　バーチャルオフィス利用者募集,株式会社Ｋａｒｉｇｏ,s00000007653001,起業・会社設立,新規成約5000円,未提携,a8
家でも外でも利用可能なWi-Fiルーター【DTI WiMAX 2+】,株式会社ドリーム・トレイン・インターネット,s00000008091016,回線,新規申込5000円,未提携,a8
【開運】商品の決定版：手書き護符,株式会社ＰＩＬ,s00000008298004,その他（エンタメ）,購入5000円,未提携,a8
電話占いデスティニー,有限会社アイティル,s00000008422001,占い,新規無料会員登録10000円,未提携,a8
人気占い師多数在籍!! 電話占い【Destiny〜デスティニー】,有限会社アイティル,s00000008422005,占い,新規無料会員登録5000円,未提携,a8
医師96.2％が納得した東洋漢方サプリがアフィリエイト解禁！【ゆうき田七人参粒】,デオラボ,s00000008623006,健康食品,新規購入5000円,未提携,a8
LIFULL HOME'Sの「不動産業界の転職専門」支援サービス,株式会社ＬＩＦＵＬＬ,s00000008688004,就職・転職,新規カウンセリング5000円,未提携,a8
保育専門求人サイト【ほいく畑】人材サービス登録募集,株式会社ニッソーネット,s00000008824003,就職・転職,新規人材サービス登録5000円,未提携,a8
【TOSSY】あらゆる取引がアプリひとつで完結！お得な特典が盛りだくさん！,株式会社ＤＭＭ．ｃｏｍ証券,s00000008903009,投資,新規アカウント登録＋1回取引15000円,未提携,a8
新会社でも作れる法人ＥＴＣカード,高速情報協同組合,s00000008928001,車・バイク,新規成約5000円,未提携,a8
得して走ろう！法人ＥＴＣカード,高速情報協同組合,s00000008928002,車・バイク,新規成約5000円,未提携,a8
法人ＥＴＣ専用カードの決定版,高速情報協同組合,s00000008928004,車・バイク,新規成約5000円,未提携,a8
【銀座総合美容クリニック（AGA相談の銀クリ）】AGA無料カウンセリング予約募集,銀座総合美容クリニック,s00000009467001,医療,無料カウンセリング来院5000円,提携中,a8
メディカル・コンシェルジュ求人サイト【MC介護のお仕事】会員登録,株式会社メディカル・コンシェルジュ,s00000010449004,就職・転職,会員登録5000円,未提携,a8
《経済産業大臣賞受賞》富士山の恵みから生まれた天然水【フレシャス】,富士山ＧＸホールディングス株式会社,s00000010789001,飲料,申込5000円,未提携,a8
【CM放映中】浄水型ウォーターサーバー「every frecious（エブリィフレシャス）」,富士山ＧＸホールディングス株式会社,s00000010789007,飲料,新規ウォーターサーバー設置5000円,未提携,a8
ネットで話題となり売上げ急上昇！メガホーム社製・蒸留水器＜メガキャット＞,メガキャットジャパン,s00000011449001,家電,購入5000円,未提携,a8
【求人】【高収入】国内ライブチャットレディ募集 【GTM】,株式会社ダラーズ,s00000011503001,在宅ワーク,"チャットレディ応募完了5000円（在宅レディ）
チャットレディ面接完了5000円（通勤レディ）",未提携,a8
[SNSメディア優遇]年間鑑定数50万件!占い師在籍数1400名突破【電話占いヴェルニ】,株式会社ファンフィール,s00000011537004,占い,新規会員登録500円,未提携,a8
ブランド品・洋服の専門買取【リファスタ】,リファスタ,s00000011821001,リサイクル,"見積り500円
宅配買取申込み1000円
LINE査定完了100円",未提携,a8
ダイヤモンドの専門買取【リファスタ】,リファスタ,s00000011821002,リサイクル,"見積り2000円
宅配申込み4000円",未提携,a8
金・プラチナ・宝石等の宝飾品専門買取【リファスタ】,リファスタ,s00000011821004,リサイクル,"見積申込2000円
宅配申込4000円
オンライン買取申込4000円
電話申込4000円
LINE査定完了100円",未提携,a8
節税・相続に効果的！金地金の精錬分割加工サービス【リファスタ】,リファスタ,s00000011821005,リサイクル,"新規分割加工5000円
新規納品物売却5000円",未提携,a8
"看護師""派遣""の求人・転職・募集なら【レバウェル看護 派遣】※旧看護のお仕事派遣",レバレジーズ株式会社,s00000011866012,就職・転職,新規会員登録5000円,未提携,a8
フリーランス向け！Web・ゲームクリエイター案件情報なら【レバテッククリエイター】,レバレジーズ株式会社,s00000011866023,就職・転職,新規会員登録5000円,未提携,a8
【VisionWiMAX】選べるプラン内容,株式会社ビジョン,s00000011875008,回線,新規契約7000円,未提携,a8
婚約指輪・結婚指輪【BRILLIANCE＋】(来店予約用),株式会社ドリームフィールズ,s00000012196002,ウエディング,新規来店5000円,未提携,a8
《医療機器》自分で治せる巻き爪矯正器【巻き爪ロボ】,株式会社鹿浜製作所,s00000012271002,その他（健康）,"初回購入5000円
一部商品購入50円〜100円（※詳しくは「商品別成果情報はこちら」をご覧ください）",未提携,a8
魅せるオトコのストロングスタイルな筋肉へ【HMBマッスルプレス】,日本サプリメントフーズ株式会社,s00000013307014,健康食品,初回購入3400円,未提携,a8
アスリートクオリティの毎日を！【アルギニン×シトルリン マッスルプレス】,日本サプリメントフーズ株式会社,s00000013307019,健康食品,初回購入3800円,未提携,a8
パーソナルトレーニングジム【24/7Workout】,株式会社トゥエンティーフォーセブン,s00000013333001,ダイエット,新規無料カウンセリング申込完了10900円,未提携,a8
介護職応援プロジェクト実施中！介護職・福祉専門の転職サイト介護JJ,株式会社ＪＪメディケアキャリア,s00000013807005,就職・転職,新規会員登録5000円,未提携,a8
【自分の英語を書いて、話す】オンライン英会話ベストティーチャー,株式会社ベストティーチャー,s00000013934001,習い事,新規無料体験レッスン（Writingレッスン）受講5000円,未提携,a8
IPv6接続標準提供で高速インターネット！auスマートバリューでお得【＠nifty光】,株式会社ＮＥＸＴ【優良代理店表彰実績多数】,s00000014546013,回線,"新規他社転用5300円
新規開通7950円",未提携,a8
最短翌月振込！T COM(アットティーコム)ヒカリ キャンペーンサイト,株式会社ＮＥＸＴ【優良代理店表彰実績多数】,s00000014546023,回線,"新規転用・事業者変更5000円
新規お申込み9000円",未提携,a8
保育士さんのための転職支援サービス【保育エイド】,株式会社サクシード,s00000014574001,就職・転職,新規登録10000円,未提携,a8
保育士さんのための転職支援サービス【保育バランス】,株式会社サクシード,s00000014574002,就職・転職,新規登録10000円,未提携,a8
保育士の転職支援サービス【保育メトロ】,株式会社サクシード,s00000014574006,就職・転職,新規登録10000円,未提携,a8
スマホで03/0120利用！クラウドPBXでどこでも発信・着信・内線【ナイセンクラウド】,アイティオール株式会社,s00000015087001,電話,"新規申込み5000円（ライト）
新規申込み10000円（ペア）
新規申込み15000円（プロ）",未提携,a8
女性用赤ニキビケア薬用クリーム【メティーナ】,株式会社レオナビューティー,s00000015266008,スキンケア,初回購入5000円,未提携,a8
肝斑シミ用美白ジェル「プラファスト」,株式会社レオナビューティー,s00000015266009,スキンケア,初回購入5000円,未提携,a8
インターネットの引越しは、130万人以上の利用実績のある、引越しラクっとNAVI,株式会社リベロ,s00000015642002,回線,新規回線開通5000円,未提携,a8
ダイヤモンドの高額買取・最短即日30分で無料出張査定の【クラリティ】,株式会社ＧＲＡＣＥ,s00000015892016,リサイクル,新規査定5000円,未提携,a8
害獣トラブルなら・最短即日30分で無料出張見積もり【害獣退治屋さん】,株式会社ＧＲＡＣＥ,s00000015892018,その他（暮らし）,新規見積もり2000円,未提携,a8
身近な電気工事業者を探せる”日本最大級”のサイト【電気工事の達人】,株式会社ＧＲＡＣＥ,s00000015892020,ホームページ・ネットショップ,新規契約5000円,未提携,a8
【V2H】で電気自動車・自宅の電気・太陽光の電力をつなげて活用！,株式会社ＧＲＡＣＥ,s00000015892023,車・バイク,新規見積もり5000円,未提携,a8
ネズミトラブル解決！ネズミ退治専門【ラッター】,株式会社ＧＲＡＣＥ,s00000015892028,その他（暮らし）,新規見積もり2500円,未提携,a8
新会社への発行率ＮＯ.１！しかもスピード発行の【法人ＥＴＣカード】,ＥＴＣ協同組合,s00000015923001,車・バイク,新規成約5000円,未提携,a8
新会社でも作れる・ポイントも貯まる！お得な【法人ＥＴＣカード】,ＥＴＣ協同組合,s00000015923002,車・バイク,新規成約5000円,未提携,a8
全国で使える【法人専用ガソリンカード】,ＥＴＣ協同組合,s00000015923003,その他（金融・投資・保険）,新規成約5000円,未提携,a8
【一味違うマンガ版】新会社への発行率ＮＯ.１！しかもスピード発行の法人ＥＴＣカード,ＥＴＣ協同組合,s00000015923005,車・バイク,新規成約5000円,未提携,a8
【一味違うマンガ版】全国で使える【法人専用ガソリンカード】,ＥＴＣ協同組合,s00000015923006,金融,新規成約5000円,未提携,a8
高額4万円CB＋ルーターorカタログギフトプレゼント【＠niftyキャンペーン】,株式会社アウンカンパニー,s00000016275014,回線,"新規開通8000円
新規転用・事業者変更5000円",未提携,a8
首元・デコルテ用のシートマスク！貼るプロテオグリカン【ハーリスネックシートマスク】,株式会社イワミズ,s00000016380014,スキンケア,初回購入5000円,未提携,a8
ひざ関節の機能性表示食品【飲むプロテオグリカン リフリーラ】,株式会社イワミズ,s00000016380021,健康食品,初回購入5000円,未提携,a8
糖化ケアの機能性表示食品【ハーリス ロダンBB】,株式会社イワミズ,s00000016380025,ダイエット,初回購入5000円,未提携,a8
便秘気味の方のお通じ改善の機能性表示食品【飲むグアーガム リフリーラ】,株式会社イワミズ,s00000016380026,健康食品,初回購入5000円,未提携,a8
血糖値対策の機能性表示食品【飲むグアーガム リフリーラ】,株式会社イワミズ,s00000016380027,健康食品,初回購入5000円,未提携,a8
高浸透化技術の浸透ナノプセル配合！ネッククリーム【ラップリフトネック】,株式会社イワミズ,s00000016380029,ボディケア,初回購入5000円,未提携,a8
ニオイの原因を根本から絶つW薬用有効成分配合！【アニセ ワキガ対策クリーム】,株式会社イワミズ,s00000016380032,その他（美容）,初回購入5000円,未提携,a8
ITフリーランス向け！高額×エンド直案件なら【エンジニアファクトリー】,アイムファクトリー株式会社,s00000016458004,就職・転職,"新規面談13000円(勤務地：関東)
新規面談15000円(勤務地：関西)",未提携,a8
【ピンクゼリー】【グリーンゼリー】特許取得！産婦人科でも取扱い中の妊活ゼリー,ジュンビー株式会社,s00000016628003,その他（健康）,購入5000円,未提携,a8
空き駐車場・空きスペースを貸して副収入をゲット！【アキッパ（akippa）】,ａｋｉｐｐａ株式会社,s00000017017002,総合（暮らし）,新規駐車場登録5000円,未提携,a8
ゲーム、アニメ、イラストなどを学びたい方必見！【アミューズメントメディア総合学院】,株式会社アミューズメントメディア総合学院,s00000017145001,専門学校・スクール,"新規資料請求5000円
新規体験説明会参加5000円",未提携,a8
カナダ現地留学エージェントの無料留学手続きサービス【カナダジャーナル】,ＪａｐａｎＡｄｖｅｒｔｉｓｉｎｇＬｔｄ．,s00000017209001,専門学校・スクール,新規学校申込5000円,未提携,a8
妊活期のための葉酸サプリ【CiQoni】,株式会社アイテック,s00000017358003,健康食品,新規購入5000円,未提携,a8
お野菜セット定期宅配【坂ノ途中】,株式会社坂ノ途中,s00000017462001,生鮮食品,新規購入5000円,未提携,a8
電話占いとメール占いの「絆」,ビットアップ株式会社,s00000017482001,占い,新規鑑定利用5000円,未提携,a8
【どこよりもWiFi】最安値保証！20GB・50GB・100GBから選べるモバイルWiFi,株式会社Ｗｉｚ,s00000017718015,wifi,"新規申込み2000円（20GB）
新規申込み3000円（50GB)
新規申込み5000円（100GB）",未提携,a8
起業にまつわる手続きの手間とコストを削減【0円創業くん】,株式会社Ｗｉｚ,s00000017718070,起業・会社設立,新規導入5000円,未提携,a8
【和漢・みらいのドッグフード】特別療法食から総合栄養食まで全13種類,自然の森製薬株式会社,s00000017753002,ペット,新規購入5000円,提携中,a8
【和漢 いのちのごちそう sowaka】全sowaka7種,自然の森製薬株式会社,s00000017753005,ペット,新規購入5000円,提携中,a8
【飲食業界特化の転職支援サービス（フーズラボエージェントbｙ株式会社クオレガ）】,株式会社クオレガ,s00000017827001,就職・転職,新規会員登録5000円,未提携,a8
無農薬野菜作りを楽しむことが出来る「畑のレンタルサービス」です【シェア畑】,株式会社アグリメディア,s00000017889001,その他（暮らし）,新規シェア畑見学5000円,提携中,a8
うつ症状専門の就労移行支援【atGPジョブトレ うつ症状コース】,株式会社ゼネラルパートナーズ,s00000017969002,就職・転職,新規見学5000円,未提携,a8
統合失調症専門の就労移行支援【atGPジョブトレ 統合失調症コース】,株式会社ゼネラルパートナーズ,s00000017969003,就職・転職,新規見学5000円,未提携,a8
発達障害専門の就労移行支援【atGPジョブトレ 発達障害コース】,株式会社ゼネラルパートナーズ,s00000017969004,就職・転職,新規見学5000円,未提携,a8
Web制作と働き続けるスキルがバランス良く身につく就労移行支援【atGPジョブトレ IT・Web】,株式会社ゼネラルパートナーズ,s00000017969005,その他（仕事情報）,新規見学2000円,未提携,a8
難病専門の就労移行支援【atGPジョブトレ 難病コース】,株式会社ゼネラルパートナーズ,s00000017969006,就職・転職,新規見学5000円,未提携,a8
障害別の就労移行支援【atGPジョブトレ】,株式会社ゼネラルパートナーズ,s00000017969007,就職・転職,新規見学5000円,未提携,a8
聴覚障害専門の就労移行支援【atGPジョブトレ 聴覚障害コース】,株式会社ゼネラルパートナーズ,s00000017969008,就職・転職,新規見学5000円,未提携,a8
CMでも話題の次世代ウォーターサーバー！！！【ウォータースタンド】,ウォータースタンド株式会社,s00000018199001,飲料,"新規設置完了5000円(代理店エリア)
新規設置完了5000円(直営エリア)",未提携,a8
"業界最安級！月額1,380円〜利用できる【カシモWiMAX】",株式会社ＭＥモバイル,s00000018263001,回線,開通5000円,未提携,a8
"""鉄板""教材で効率よく学ぶ！【行政書士TEPPAN通信講座】",株式会社オンラインスクール,s00000018694003,資格取得,新規講座購入5000円,未提携,a8
フリーランス向け請求書買取サービス【ラボル】,株式会社ラボル,s00000018733008,起業・会社設立,新規会員登録3000円,未提携,a8
自宅の空き駐車場・空きスペースを貸し出そう【月間 7万7千円の駐車場売上 ♪ 】「特P」,株式会社アース・カー,s00000019160001,総合（暮らし）,新規駐車場無料登録5000円,未提携,a8
日本で1番安くて効果の高い歯のホワイトニング専門クリニック【starwhitening】,医療法人社団百星会,s00000019203001,医療,新規施術5000円,未提携,a8
キャッシュバック実施中！ニフティ株式会社の【@nifty with ドコモ光】,ニフティ株式会社,s00000019208003,回線,"新規開通/事業者変更9000円
転用5000円",未提携,a8
国際人になるためのオンライン英語スクール【Global Step Academy】,Ｇｌｏｂａｌ＿Ｓｔｅｐ＿Ａｃａｄｅｍｙ株式会社,s00000019598001,幼児教育,新規無料体験5000円,未提携,a8
すべての占い師と無料相談ができる人気の電話占い【電話占いコメット】,Ｕｎｉｘ＿Ｃｏｍｐｕｔｅｒ＿Ｔｒａｄｉｎｇ＿Ｌｔｄ,s00000019825001,占い,新規課金8000円,未提携,a8
5分無料で話して試せる人気の本格電話占い【電話占いATLANTIS】,Ｕｎｉｘ＿Ｃｏｍｐｕｔｅｒ＿Ｔｒａｄｉｎｇ＿Ｌｔｄ,s00000019825002,占い,新規課金5000円,未提携,a8
CMでお馴染みのバカ売れシャワーヘッド！【ミラブルシリーズ】,株式会社ＧＷＦ,s00000019882007,家電,"新規購入5000円（ミラブルケア）
新規購入12000円（ミラブルzero）

＜ポイントサイト＞
新規購入5000円（全商品）",未提携,a8
ブランド買取専門店【ギャラリーレア】,株式会社サークラックス,s00000019989001,リサイクル,新規買取成立9091円,未提携,a8
【ギガWi-Fi】TVでも紹介★業界最安級のクラウドポケット型Wi-Fi★,株式会社メディアサービス,s00000020187002,wifi,"新規利用5000円(10GB定額プラン)
新規利用13000円(100GB／3年割賦)
新規利用13000円(100GBスティック型WiFi／3年割賦)
新規利用13000円(100GB 5G対応／3年割賦)
新規利用13000円(100GB 海外無制限／3年割賦)",未提携,a8
急成長中！全国展開中のダイエットパーソナルジム【CALORIE TRADE JAPAN GROUP】,ＣＡＬＯＲＩＥ＿ＴＲＡＤＥ＿ＪＡＰＡＮ,s00000020325001,ダイエット,"新規無料カウンセリング5000円
新規入会9398円（一宮本町・緑区店）
新規入会31329円（上記店舗以外）",提携中,a8
ママのための1ヶ月【Fammママwebデザイナースクール無料電話説明会申込み】,株式会社Ｔｉｍｅｒｓ,s00000020411003,その他（学び・資格）,新規無料電話説明会参加3000円,未提携,a8
中高一貫校専門 個別指導塾【モチべーションアカデミア】,株式会社モチベーションアカデミア,s00000020491001,家庭教師・塾,"新規資料請求5000円（来校希望）
新規資料請求5000円（オンライン希望）
新規来校10000円
オンライン無料体験学習受講10000円",未提携,a8
中学受験専門のプロ個別指導教室【SS-1】,株式会社モチベーションアカデミア,s00000020491002,家庭教師・塾,"新規資料請求5000円（来校希望）
新規資料請求5000円（オンライン希望）
新規来校10000円
オンライン無料体験学習受講10000円",未提携,a8
英会話カフェ LanCul（ランカル）,ＬａｎＣｕｌ株式会社,s00000020682001,その他（学び・資格）,"新規無料体験5000円
新規月額定期会員入会5000円",未提携,a8
東証プライム上場グループが運営する「日本最大級」の韓国語教室【株式会社 K Village】,株式会社Ｋ＿Ｖｉｌｌａｇｅ,s00000020785001,習い事,新規入会5000円,未提携,a8
首専用美顔器で首集中ケア【VリフトLEDネックケア】,株式会社Ｋ＿Ｖｉｌｌａｇｅ,s00000020785006,美容機器,初回購入5000円,未提携,a8
きっかけを作る！【ティントル　不登校専門オンライン個別指導】,ＬＩＶＥ株式会社,s00000020839002,家庭教師・塾,新規無料体験5000円,未提携,a8
【結婚相談所ムスベル】日本一親身な結婚相談所でありたい,ムスベル株式会社,s00000020954001,恋愛,"新規資料請求5000円
新規面談5000円",未提携,a8
担任制で圧倒的な成果のでる英語研修を！【ウィリーズ・法人オンライン英会話】,ＷｉＬＬｉｅｓ＿Ｅｎｇｌｉｓｈ（ウィリーズ英語塾）,s00000021199002,その他（学び・資格）,新規無料体験申込5000円,未提携,a8
【アクアクララ】ウォーターサーバー新規設置プログラム,株式会社Ｗａｔｅｒ＿Ｓｅｒｖｅｒ,s00000021288013,飲料,新規契約4000円,未提携,a8
暗号資産取引なら【SBI VCトレード（新VCTRADE）】,ＳＢＩ＿ＶＣトレード株式会社,s00000021551001,その他（金融・投資・保険）,新規暗号資産購入3600円,未提携,a8
【マジキャリ】キャリアと向き合う60日間！有料キャリアコーチング,アクシス株式会社,s00000021803001,就職・転職,新規面談実施11000円,未提携,a8
レンジフード交換工事サービス、富士工業公式オンラインショップ【-Fujioh-】,フジテックメンテナンス株式会社,s00000021842002,その他（暮らし）,新規交換工事サービス見積依頼5000円,未提携,a8
リハ・ケア・ナースに特化した法人eラーニング【はぐくも】,株式会社ｇｅｎｅ,s00000021864004,その他（学び・資格）,新規契約5000円,未提携,a8
ずっと寄り添うフードで「二十歳を目指す」　プレミアムドッグフード【ミシュワン小型犬用】,株式会社ミシュワン,s00000021939002,ペット,初回購入5000円,提携中,a8
不動産ＡＩ×クラウドファンディング【TSON FUNDING】,株式会社ＴＳＯＮ,s00000021956001,投資,新規投資家登録3000円,未提携,a8
月額990円〜！東京・横浜の一等地バーチャルオフィス【レゾナンス】,バーチャルオフィス＿レゾナンス,s00000022012001,その他（不動産・引越）,"新規成約5000円（その他プラン）
新規成約9000円（週一転送プラン別）",未提携,a8
最低時給保証2千円！全国20都市通勤チャットレディ【アリュール（ALLURE）】,アリュール,s00000022101001,その他（仕事情報）,"新規応募完了2000円
新規オンライン面談完了5000円
新規稼働12000円",未提携,a8
難関大学・難関高校合格のための個別指導塾【スタディコーチ】,株式会社Ｂｕｉｌｄｓ,s00000022272002,家庭教師・塾,"新規資料請求2500円
新規無料体験申込5000円
新規入塾15000円",未提携,a8
＜宝くじがもらえる！＞新電力サービス【ドリームでんき】,株式会社エクスパートナーズ,s00000022354006,その他（暮らし）,新規利用5000円,未提携,a8
オール電化をさらにお得に！【楽々でんき】,株式会社エクスパートナーズ,s00000022354007,その他（暮らし）,新規利用5000円,未提携,a8
基本料金が永年0円！お得にでんきを使うなら【おてがるでんき】,株式会社エクスパートナーズ,s00000022354008,その他（暮らし）,新規利用5000円,未提携,a8
"1,000億個の乳酸菌×国産70種素材。ざくろ味の発酵美容ドリンク【エンプリーナ】",株式会社日本自然発酵,s00000022617002,健康食品,初回購入5000円,未提携,a8
【未経験＆初心者OK】ハンドメイドチャンネル「ブログライター体験募集」,一般社団法人和文化推進協会,s00000022683002,webコンサルティング,"新規契約5000円（少し経験ありコース）
新規契約10000円（初心者コース）
新規契約15000円（超初心者コース）",未提携,a8
【実質0円で利用可能】バーチャルオフィス「京都朱雀スタジオ」,一般社団法人和文化推進協会,s00000022683004,引越,新規契約5000円,未提携,a8
【法人登記する方は月額500円が0円に】法人向け業界最安値が誕生「京都朱雀スタジオ」,一般社団法人和文化推進協会,s00000022683005,その他（仕事情報）,新規契約5000円,未提携,a8
激トク6時間パック☆お掃除したい場所を自分で選べる☆作業実績50万件突破！,株式会社ＦｉｒｅＷｏｒｋｓ,s00000022947006,その他（暮らし）,新規クリーニング作業完了5000円,未提携,a8
韓国式ピラティススタジオ【Pilates isM】マンツーマン・マシンピラティス,株式会社ＭＡＪＯＬＩ,s00000022963006,習い事,新規体験レッスン参加5000円,未提携,a8
院卒者（修士・博士）専門の転職支援（エージェント）サービス【アカリクキャリア】,株式会社アカリク,s00000023028002,就職・転職,新規無料会員登録5000円,未提携,a8
初心者20代30代女子のためのダンススクール【東京ダンスヴィレッジ】,株式会社スプリックス,s00000023187007,その他（学び・資格）,新規無料体験参加5000円,未提携,a8
マルチ決済サービス【PAYGATE】,株式会社スマレジ,s00000023202003,その他（Webサービス）,新規問い合わせ5000円,未提携,a8
365日24時間お申し込み対応！最短即日入金！【ファクタリングのTRY】,ファクタリングのＴＲＹ,s00000023381001,その他（金融・投資・保険）,"新規無料見積5000円
新規契約20000円",未提携,a8
水道水をちゃんと美味しく、浄水サーバーという自由【ハミングウォーター】,株式会社コスモライフ,s00000023411001,飲料,新規ウォーターサーバー設置5000円,未提携,a8
ボトル型とまったく違う新しい浄水型サーバー,株式会社ｃｏｍａｍ,s00000023645001,飲料,新規ウォーターサーバー設置5000円,未提携,a8
業界唯一のノンアダルト専門プロダクション〜女の子の働きやすさを考える【フェアリーテイル】,フェアリーテイル,s00000023918001,在宅ワーク,新規面談5000円,未提携,a8
月額3000円から矯正が可能なウィスマイル矯正。 治療期間の相談もOKで最短3ヶ月〜。,株式会社Ｋｉｎｄｅｒｇａｒｔｅｎ,s00000023922001,医療,新規カウンセリング5000円,未提携,a8
絵画・美術品買取は獏（ばく）にお任せください！,美術品買取専門店獏,s00000023923001,リサイクル,新規買取査定5000円,未提携,a8
ブランド品の宅配買取サービス専門店【リクロ】,株式会社Ｋ─ブランドオフ,s00000024033001,リサイクル,新規査定申込5500円,未提携,a8
【全室完全個室！24時間営業！シミュレーションゴルフ】,ワイムシェアリング株式会社,s00000024192001,スポーツ,"新規入会5000円(チケット会員)
新規入会10000円(月額会員)
※月額会員プラン：オールタイム会員、平日デイ会員、プライム会員、オールタイム月4、平日デイ月4",未提携,a8
湘南美容クリニック【レディース根こそぎレーザー脱毛】,ＳＢＣマーケティング株式会社,s00000024229001,エステ,新規来院5000円,未提携,a8
湘南美容クリニック【オトコの根こそぎレーザー脱毛】,ＳＢＣマーケティング株式会社,s00000024229002,エステ,新規来院5000円,未提携,a8
湘南美容クリニック【美容整形】,ＳＢＣマーケティング株式会社,s00000024229005,医療,新規来院5000円,未提携,a8
1935年創業、完全国内縫製の本格オーダースーツ【HANABISHI】,ＨＡＮＡＢＩＳＨＩ,s00000024327001,その他（ファッション）,新規来店5000円,未提携,a8
"累積相談実績数40,000件以上！害獣駆除『駆除ザウルス』-TV番組多数出演-",株式会社コーテッツ,s00000024333001,その他（暮らし）,新規見積5000円,未提携,a8
"累積相談実績数40,000件以上！ネズミ駆除『駆除ザウルス』-TV番組多数出演-",株式会社コーテッツ,s00000024333002,その他（暮らし）,新規見積5000円,未提携,a8
業界最安級　1平方メートル880円（税込）〜で施工可能です【シロアリ駆除のキャッツ】,株式会社キャッツ,s00000024422001,その他（暮らし）,新規見積作成5000円,未提携,a8
ネズミ駆除【株式会社キャッツ】,株式会社キャッツ,s00000024422003,その他（暮らし）,新規見積作成5000円,未提携,a8
タクシードライバー（乗務員）に特化した転職サービス【ドライバーズワーク】,株式会社ミライユ,s00000024432002,就職・転職,新規会員登録5000円,未提携,a8
【手数料0円】英語力UPの留学エージェント【スクールウィズ】,株式会社スクールウィズ,s00000024582002,その他（学び・資格）,新規無料面談5000円,未提携,a8
ゴルフ会員権の購入・売却なら【日本ゴルフ同友会】,株式会社日本ゴルフ同友会,s00000024719001,スポーツ,新規問い合わせ5000円,未提携,a8
今なら2ヶ月無料。1日110円で使い放題の浄水器【マルチピュア】,マルチピュアジャパン株式会社,s00000024726001,飲料,新規レンタル5000円,未提携,a8
経理・財務が評価される企業への転職なら／BEET-AGENT,株式会社アシロ,s00000024873001,就職・転職,新規会員登録5000円,未提携,a8
日本人形・西洋人形買取致します【COYASH】,株式会社トリアイナ,s00000024881001,リサイクル,買取成立5000円,未提携,a8
業界最大級の蓄電池一括見積もりサイト【エコ×エネの相談窓口】,ＷＡＶＥ株式会社,s00000024982001,物件,新規無料見積もり申込5000円,未提携,a8
不登校で勉強に困難がある人を「完全1対1個別指導」でサポート！【キズキ共育塾】,株式会社キズキ,s00000025026002,家庭教師・塾,新規無料面談5000円,未提携,a8
【パナソニック公式】最新オーブンレンジBistroとAI料理パートナーの定期購入サービス,パナソニック株式会社,s00000025109003,家電,初回申込＋2回目の課金完了5000円,提携中,a8
オーブントースターBistro月額購入サービス【パナソニック公式】,パナソニック株式会社,s00000025109004,加工食品,初回申込＋2回目の課金完了5000円,提携中,a8
自動計量IH炊飯器と無洗米コース【foodable】,パナソニック株式会社,s00000025109011,生鮮食品,初回申込＋2回目の決済完了5000円,未提携,a8
待ち時間なしで治療ができるオンラインのEDクリニック【レバクリ】,レバレジーズ株式会社,s00000025176002,クリニック,新規オンライン診療5000円,未提携,a8
待ち時間なしで治療ができるオンラインのメディカルダイエット【レバクリ】,レバレジーズ株式会社,s00000025176004,医療,新規無料オンライン診療5000円,未提携,a8
AIスキルを学習してキャリアアップを目指す「AI CONNECT」,株式会社Ｄ４ｃアカデミー,s00000025233001,その他（学び・資格）,新規無料個別相談5000円,未提携,a8
20代30代の若手営業職に特化した転職エージェント【hape Agent】,株式会社ｈａｐｅ,s00000025290001,就職・転職,新規無料転職相談申込5000円,未提携,a8
"ルイ・ヴィトンバッグ最低10,000円以上で買取",総合出張買取＿七福,s00000025310002,リサイクル,新規買取5000円,未提携,a8
楽器・オーディオの高価出張買取,総合出張買取＿七福,s00000025310006,リサイクル,新規買取5000円,未提携,a8
【壊れていてもOK】貴金属・アクセサリー高価出張買取,総合出張買取＿七福,s00000025310007,リサイクル,新規買取5000円,未提携,a8
人が食べる食材だけで作ったドッグフード【ドッグフード工房】定期便,ペットフード工房株式会社,s00000025349002,ペット,新規購入5000円,未提携,a8
明光義塾が提供する民間学童・英語学童保育【明光キッズ/明光キッズe】,株式会社明光ネットワークジャパン,s00000025359002,幼児教育,"新規個別説明会参加5000円
新規スクール見学参加5000円
新規無料体験レッスン参加5000円",未提携,a8
偏差値40から難関大へ【キミノスクール】,株式会社クルイト,s00000025403001,専門学校・スクール,"新規資料請求・お問い合わせ・無料カウンセリング5000円
新規入塾11539円",未提携,a8
未経験でも正社員になれる【キャリアスタート完全無料転職相談】,キャリアスタート株式会社,s00000025404001,就職・転職,新規面談5000円,未提携,a8
受験のホームドクター「代々木進学会」,株式会社イスト,s00000025419001,家庭教師・塾,"新規資料請求5000円
新規入会15000円",未提携,a8
派遣のお仕事紹介どこよりも早くお届けします【Cic工場求人サイト】,株式会社イカイプロダクト,s00000025487001,就職・転職,"新規求人応募5000円
新規面談予約5000円",未提携,a8
大学生・既卒生のホワイト企業内定をサポートする就活塾【ホワイトアカデミー】,Ａｖａｌｏｎ＿Ｃｏｎｓｕｌｔｉｎｇ株式会社,s00000025508001,就職・転職,新規無料相談会参加5000円,未提携,a8
電力単価の安さ【アルカナエナジー】,アルカナエナジー株式会社,s00000025617001,その他（不動産・引越）,新規供給開始5000円,未提携,a8
電気代の高騰時にも変動なしでホット安心【四つ葉電力】,株式会社クローバー・テクノロジーズ,s00000025669001,その他（暮らし）,新規開通5000円,未提携,a8
電気代の高騰時にも変動なしでホット安心【四つ葉電力】ポイントサイト限定,株式会社クローバー・テクノロジーズ,s00000025669002,その他（暮らし）,新規利用5000円,未提携,a8
専門店比較で高価買取！全国対応、中古車、事故車全てOK！CTN車一括査定,株式会社ＣＴＮ,s00000025678001,車・バイク,新規査定申込5000円,未提携,a8
実務に役立つWebスキルをおトクに学ぶならオンラインスクール『デイトラ』,株式会社デイトラ,s00000025787001,習い事,新規有料講座購入5000円,未提携,a8
会員数国内No.1！上場企業グループ運営の不動産クラファン【利回りくん】,株式会社シーラ,s00000025945001,その他（不動産・引越）,"▽一般
新規会員登録完了5000円

▽ポイントサイト
新規会員登録＋20万円以上の出資完了5000円",未提携,a8
アクト・ウィル株式会社の事業者向けビジネスローン,アクト・ウィル株式会社,s00000026011001,総合（金融・投資・保険）,新規審査完了5000円,未提携,a8
【優良ファクタリングサービス】アクト・ウィル株式会社,アクト・ウィル株式会社,s00000026011002,総合（金融・投資・保険）,新規ファクタリング申込5000円,未提携,a8
建設業特化×最短60分審査！即日融資対応の事業資金ビジネスローン【アクト・ウィル株式会社】,アクト・ウィル株式会社,s00000026011003,金融,新規審査完了5000円,未提携,a8
運送業特化×最短60分審査！即日融資対応の事業資金ビジネスローン【アクト・ウィル株式会社】,アクト・ウィル株式会社,s00000026011004,金融,新規審査完了5000円,未提携,a8
1億円以上の大口融資も！法人向けビジネスローン【プレミアムビジネスローン】,アクト・ウィル株式会社,s00000026011005,金融,新規審査完了5000円,未提携,a8
医療・介護・薬局経営者の資金繰りを強力サポート！【メディカルビジネスローン】,アクト・ウィル株式会社,s00000026011006,金融,新規審査完了5000円,未提携,a8
ゲームの世界で学ぶオンライン英会話スクール【eスポーツ英会話eスピ！】,ゲシピ株式会社,s00000026141001,習い事,新規入会5000円,未提携,a8
あの芸能人もおすすめしている！NMNサプリ【Premium NMN20000】,株式会社バリューマーケティング研究所,s00000026169001,美容食品,新規購入5000円,未提携,a8
アドプランニングのファクタリングサービス,株式会社アドプランニング,s00000026177001,金融,新規申込5000円,未提携,a8
無料査定依頼キャンペーン【ノムコム】,ノムコム,s00000026205002,総合（不動産・引越）,初回査定問合せ5000円,未提携,a8
【会員様増加中！】楽しくレッスン習い放題＆通い放題のインドアゴルフ 【ビーグル】,インドアゴルフスクール＿ｂｅａｇｌｅ,s00000026224001,スポーツ,新規体験レッスン参加5000円,未提携,a8
生命保険の無料相談サービス【マネードットコム】,ツリーファイナンシャル株式会社,s00000026246001,保険,新規面談完了5000円,未提携,a8
ゴミ屋敷片付け・汚部屋清掃は「ゴミ屋敷片付け七福神」へお任せ！,株式会社クオーレ,s00000026456013,その他（暮らし）,新規見積もり5000円,未提携,a8
全部できるPOSレジ。クラウドPOSレジ【POS+(ポスタス)】,ポスタス株式会社,s00000026500001,起業・会社設立,新規資料請求or問い合わせ5000円,未提携,a8
評判の高いマイウェブで未経験から在宅WEBデザイナーを目指そう！,株式会社マイウェブ,s00000026528001,習い事,体験コンサル予約完了5000円,未提携,a8
即日発送のオゼンピックダイエット Mona Clinic,一般社団法人Ｍｅｄｉｖａｔｅ,s00000026602002,ダイエット,新規オンライン相談予約5000円,未提携,a8
即日発送のマンジャロダイエット Mona Clinic,一般社団法人Ｍｅｄｉｖａｔｅ,s00000026602003,ダイエット,新規オンライン相談予約5000円,未提携,a8
元人事のプロがあなた専属エージェントとして転職サポート！【Agent Kikkake】,Ｃｒｏｗｎ＿Ｃａｔ株式会社,s00000026651002,就職・転職,"新規人材紹介申込5000円(企業の方)
新規転職相談10000円(転職者の方)",未提携,a8
信頼と透明性あるコンサル案件紹介！【Smart Consul】,Ｃｒｏｗｎ＿Ｃａｔ株式会社,s00000026651003,その他（仕事情報）,"初回プロジェクト相談申込5000円(企業の方)
初回コンサルタント登録5000円",未提携,a8
害獣のことなら【駆除の達人】,株式会社ＳＡＫＩＧＡＫＥ,s00000026675001,その他（暮らし）,新規見積完了5000円,未提携,a8
メンズ医療脱毛【フレイアクリニックメンズ】,フレイアクリニックメンズ,s00000026688001,医療,新規来院完了5000円,未提携,a8
英語を話す力を伸ばしたい方に最適なAI英会話アプリ【スピーク】,スピークジャパン合同会社,s00000026697001,習い事,新規無料トライアル申込5000円,未提携,a8
ガロン・ペットボトル不要【ピュールサーバー】,ピュールサーバー,s00000026718001,飲料,新規無料お試しサーバー設置5000円,未提携,a8
自己分析の「質」が内定の「納得度」を変える『自己分析特化型』新卒エージェント【マイキャリ】,株式会社シーマインドキャリア,s00000026731002,就職・転職,新規キャリア面談実施5000円,未提携,a8
20代の営業職への転職ならイノセル株式会社,イノセル株式会社,s00000026770001,就職・転職,新規無料相談申込5000円,未提携,a8
地元密着！ペット火葬サービス【おみおくりペット火葬】,ＧＲＡＮＣＩＥＬ株式会社,s00000026781002,ペット,新規電話問合せ5000円,未提携,a8
診療放射線技師・臨床検査技師の転職エージェント【ドクターネットエージェント】,株式会社ドクターネット,s00000026783001,就職・転職,新規無料転職サポート申込5000円,未提携,a8
特典の数、日本一。電気代以上の価値を届ける【トクテンでんき】,フラットエナジー株式会社,s00000026902001,総合（暮らし）,新規利用5000円,未提携,a8
【戸建て住宅専門】住まいの維持管理をトータルサポートはすまサポ,株式会社ｅフレンドリー,s00000026997001,家事・日用品,新規作業5000円,未提携,a8
チャット占い【ブリランテ】,デジタル通信株式会社,s00000027016001,占い,新規コイン購入＋鑑定利用5000円,未提携,a8
シーセレモニー｜【価格競争力有り】小型クルーザーでの家族だけの海洋散骨,株式会社ＳＰＩＣＥ＿ＳＥＲＶＥ,s00000027021001,葬祭,新規問い合わせ完了5000円,未提携,a8
20年以上の取引実績を誇るゴルフ会員権の仲介業社【安心・信頼の朝日ゴルフ】,株式会社朝日ゴルフ,s00000027055001,スポーツ,新規問い合わせ5000円,未提携,a8
帰国生と英語上級者のための英語・受験専門塾,Ｇｌｏｂａｌ＿ＫＡ＿Ｈｏｌｄｉｎｇｓ株式会社,s00000027159001,家庭教師・塾,新規オンライン説明会参加5000円,未提携,a8
テイクアウトで使いたいモバイルオーダーシステムNo.1【テイクイーツ】,株式会社ランプ,s00000027167001,総合（グルメ・食品）,"新規資料請求5000円
新規申込7500円",未提携,a8
「P!っと縁結び」ピップが運営する全国対応の結婚相談所,ピップ株式会社,s00000027257001,婚活,新規無料カウンセリング実施5000円,未提携,a8
生鮮業界特化の転職エージェント｜オイシルキャリア,株式会社オイシル,s00000027284001,就職・転職,新規面談完了5000円,未提携,a8
ドッグラン専門施工技術でワンちゃんが思いきり走れる人工芝庭をつくります【日本人工芝計画】,日本人工芝計画株式会社,s00000027302001,その他（暮らし）,新規見積もり5000円,未提携,a8
家さがし・家づくりはじめるなら【すまいのいろはPlus】,Ａｃ・Ｃｏｎｎｅｃｔ株式会社,s00000027350001,物件,"新規無料相談5000円
新規紹介先面談15000円",未提携,a8
【紀ノ国屋・大戸屋など】人気ブランド惣菜240種類以上から選べる定期宅配サービス,株式会社ミールセレクト,s00000027355001,加工食品,初回購入5000円,未提携,a8
手描き似顔絵サービス【なつみかん】,株式会社ＷＩＬＦＡＴＨ,s00000027438001,その他（暮らし）,購入5000円,未提携,a8
環境構築不要！AIエージェント開発を非エンジニアでも即実践【AI Agent Camp】,ＡＩブレインパートナーズ株式会社,s00000027444001,その他（Webサービス）,新規有料プラン購入5000円,未提携,a8
保育士・幼稚園教諭の理想の職場探しをプロがサポート【ミライバ保育】,株式会社ＣＯＭＰＡＳＳ,s00000027503001,就職・転職,新規求人紹介申込5000円,未提携,a8
100種類の採用ツールを組み合わせた採用代行＆無料プランニング実施中【採善策】,株式会社ｂサーチ,s00000023673001,その他（仕事情報）,新規問い合わせ6000円,未提携,a8
JAバンクのクレジットカード【JAカード】,三菱ＵＦＪニコス株式会社,s00000025205001,金融,新規カード入会申込4963円,未提携,a8
【カナガンデンタルキャットフード】特許取得成分配合キャットフード,株式会社レティシアン,s00000000458023,ペット,新規購入4960円,提携中,a8
【モグニャンキャットフードライト】健康と食いつきを叶える低カロリーキャットフード,株式会社レティシアン,s00000000458038,ペット,新規購入4960円,未提携,a8
アデコならあなたに合った転職を実現できる【アデコの転職支援サービス】,アデコ株式会社,s00000026941001,就職・転職,新規登録4900円,未提携,a8
スタイリングはシャンプーから【スカルプD NEXT+】,アンファー株式会社,s00000016002013,ヘアケア,新規購入4895円,未提携,a8
【個別指導塾WAM】資料請求申込プログラム,株式会社エイチ・エム・グループ＿個別指導Ｗａｍ,s00000022009001,家庭教師・塾,新規お問合せ・資料請求4887円,未提携,a8
【オンライン家庭教師WAM】資料請求申込プログラム,株式会社エイチ・エム・グループ＿個別指導Ｗａｍ,s00000022009002,家庭教師・塾,新規お問合せ・資料請求4887円,未提携,a8
発達障害・グレーゾーン専門のオンライン家庭教師【ソウガク】,株式会社ソウガク,s00000027368001,その他（仕事情報）,新規体験授業参加4812円,未提携,a8
医薬品メーカー×国立大学による特許成分でオトコの自信復活！専門医監修サプリ『ペプチア』,株式会社ゼンケア,s00000018932001,健康食品,初回購入4800円,未提携,a8
年会費永年無料！キャッシュレス時代のスタンダード【三井住友カード （NL）】,三井住友カード株式会社,s00000023355003,金融,新規カード発行4800円,未提携,a8
★即時提携★年会費永久無料【エポスカード発行】,株式会社エポスカード,s00000015110002,金融,新規カード発行2600円,未提携,a8
美しい人肌を再現する大人気クリームコンパクトファンデーション 【フローレス フィット】,カバーマーク株式会社,s00000022278001,コスメ・メイク,新規購入3165円,未提携,a8
手軽に使える宅配型トランクルーム【minikura】,寺田倉庫株式会社,s00000023293001,その他（暮らし）,新規ボックス注文4800円,未提携,a8
子どもの成長記念を美しく残す、32年の信頼フォトスタジオ【スタジオキャラット】,株式会社キャラット,s00000027445001,写真・プリント,新規撮影4686円,未提携,a8
【不動産投資スクール】会員募集,株式会社ＦｉｎａｎｃｉａｌＡｃａｄｅｍｙ,s00000007099012,総合（不動産・引越）,"新規教室セミナー受講5635円
新規WEBセミナー視聴560円",未提携,a8
【株式投資スクール、外貨投資・FXスクール】会員募集,株式会社ＦｉｎａｎｃｉａｌＡｃａｄｅｍｙ,s00000007099013,投資,"新規教室セミナー受講5635円
新規WEBセミナー視聴560円",未提携,a8
定額制の新プラン登場！【シロノクリニック・全身医療脱毛】,シロノクリニック,s00000009928002,医療,"新規来院4545円
新規施術13986円",未提携,a8
資格・特技・趣味など、100以上の多彩な通信講座をご用意！【生涯学習のユーキャン】,株式会社ユーキャン,s00000018254001,習い事,講座申込4545円,未提携,a8
オフィスワークデビューなら【マイナビキャリレーション】,株式会社マイナビ,s00000011027013,就職・転職,新規応募4532円,未提携,a8
経理の派遣、紹介予定派遣のお仕事・求人情報なら【ジャスネットスタッフ】,ジャスネットキャリア,s00000015032002,就職・転職,会員登録4531円,未提携,a8
ウインテック留学センター｜アジア最優秀エージェントのキャリア設計留学,株式会社ウインテック,s00000026584001,専門学校・スクール,新規資料請求or留学相談5500円,未提携,a8
VODにも！業界最速、安全・匿名VPNサービス【ExpressVPN】,Ｅｘｐｒｅｓｓ＿Ｔｅｃｈｎｏｌｏｇｉｅｓ＿Ｌｔｄ．,s00000025894001,その他（Webサービス）,新規購入4500円,未提携,a8
医療技師の求人・転職・募集なら＋【レバウェル医療技師】,レバレジーズ株式会社,s00000011866030,就職・転職,新規会員登録4500円,未提携,a8
切手買取【バイセル】,株式会社ＢｕｙＳｅｌｌ＿Ｔｅｃｈｎｏｌｏｇｉｅｓ,s00000012923004,リサイクル,"新規Web無料査定問合せ4500円
新規電話申込4500円",提携中,a8
【全国対応】住宅用蓄電池のNo.1見積りサイト【ソーラーパートナーズ】,株式会社ソーラーパートナーズ,s00000016799004,物件,"▽一般
新規見積もり4500円　

▽ポイントサイト
新規契約完了17500円",未提携,a8
【93%の女性が「いい匂い」と回答！】男の練り香水「ボディセンス」,株式会社ソシア,s00000017106008,ボディケア,初回購入4500円,未提携,a8
10年間売れ続けているには訳がある！大人ニキビケア【薬用アシィドローションEX】,株式会社キャシーズチョイス,s00000017336002,スキンケア,新規購入4500円,未提携,a8
【資金調達プロ　ファクタリング10秒カンタン無料診断】法人経営者様向けの資金調達,株式会社ラボル,s00000018733005,その他（金融・投資・保険）,新規無料診断申込10000円,未提携,a8
不動産業界特化型転職エージェント【リアルエステートWORKS】,リアルエステートＷＯＲＫＳ,s00000023057001,就職・転職,新規登録4500円,未提携,a8
日本最大級 施工管理・建設業界の転職サイト「建設JOBs」,リアルエステートＷＯＲＫＳ,s00000023057002,就職・転職,新規登録4500円,未提携,a8
クラウドPOSレジ【スマレジ】 - サービス資料ダウンロード,株式会社スマレジ,s00000023202001,その他（Webサービス）,"新規資料請求4500円
新規問い合わせ4500円",未提携,a8
IT・Web業界特化の新卒就活エージェントなら【ユニゾンキャリア就活】,株式会社ユニゾン・テクノロジー,s00000025272002,就職・転職,新規面談完了4500円,未提携,a8
電気切り替えなら【エネワンでんき】,株式会社エネワンでんき,s00000025632001,その他（暮らし）,新規供給開始4500円,未提携,a8
全国のゴルフ場の会員権のご購入やご売却は信頼と実績の【住地ゴルフ】,株式会社住地ゴルフ,s00000026172001,スポーツ,新規問い合わせ4500円,未提携,a8
汚れ・カビ・黒ズミを落として、新築のように甦る【おそうじ本舗 外壁洗浄サービス】,株式会社ＨＩＴＯＷＡ（ライフパートナーカンパニー）,s00000026415002,その他（暮らし）,新規見積完了4500円,未提携,a8
製造・軽作業派遣なら【世界最大級の総合人材サービス企業ランスタッド」,ランスタッド株式会社,s00000019113001,総合（仕事情報）,新規登録予約4000円,未提携,a8
【公式】UQ WiMAX,ＵＱコミュニケーションズ株式会社,s00000012129001,回線,新規開通4424円,未提携,a8
世界初の技術を採用！しっかり届く”刺すヒアルロン酸”「ヒアロディープパッチ」,株式会社北の達人コーポレーション,s00000000204029,スキンケア,初回購入4422円,未提携,a8
【塗ってすぐパッチリ目!!】上まぶた専用商品『リッドキララ』,株式会社北の達人コーポレーション,s00000000204032,スキンケア,初回購入4422円,未提携,a8
男性用目の下特化型アイショットクリーム【メンズアイキララ】,株式会社北の達人コーポレーション,s00000000204038,コスメ・メイク,初回購入4422円,未提携,a8
【刺す化粧品シリーズ】眉間専用ケア商品『ミケンディープパッチ』,株式会社北の達人コーポレーション,s00000000204041,スキンケア,初回購入4422円,未提携,a8
男性用フェイスピーリングジェル 薬用『ピールショット』,株式会社北の達人コーポレーション,s00000000204045,スキンケア,初回購入4422円,未提携,a8
膝に直接貼るジェルシート型ヒアルロン酸『ヒアロエイド』,株式会社北の達人コーポレーション,s00000000204051,医療,初回購入4422円,未提携,a8
たった10秒でプロ級の仕上がり『ハックティック』,株式会社北の達人コーポレーション,s00000000204052,コスメ・メイク,初回購入4422円,未提携,a8
【カナガンデンタルドッグフード】特許取得成分配合ドッグフード,株式会社レティシアン,s00000000458020,ペット,新規購入3000円,提携中,a8
本格セルライトケアのバイオエステ【BTB】,株式会社バイオテクノロジービューティー,s00000027286001,エステ,新規体験4400円,未提携,a8
ブランド品の買取なら【ブランドオフ出張買取】,株式会社Ｋ─ブランドオフ,s00000024224003,リサイクル,買取成立4369円,未提携,a8
胡蝶蘭のスキンケア　オーキッドビューティー公式,オーキッドビューティー株式会社,s00000026417001,スキンケア,"▽一般メディア
購入（税抜）20％
新規購入（税抜）20％　（オーキッドビューティーWELCOME）
新規購入4300円（【定期便】アンナララティビューティフル）

▽ポイントサイト
新規購入（税抜）20％",未提携,a8
産院利用数No.1！【クリクラ】ウォーターサーバー契約,クリクラ,s00000009598004,飲料,新規契約4300円,未提携,a8
【クリクラfeelfree】新登場！浄水型ウォーターサーバー【putio（プティオ）】,クリクラ,s00000009598006,飲料,新規契約4300円,未提携,a8
ロゼッタストーンを活用した最先端英会話【ロゼッタストーン・ラーニングセンター】,株式会社リンクアカデミー,s00000011022002,その他（学び・資格）,新規入会5200円,未提携,a8
天然水の宅配サービス「コスモウォーター」のウォーターサーバー設置促進,株式会社コスモライフ,s00000005480001,飲料,成約4286円,未提携,a8
冷凍弁当・健康食のパイオニア【宅配弁当のタイヘイ】,タイヘイ株式会社,s00000021830001,健康食品,初回購入3000円,未提携,a8
《男性訴求》ニキビが治った後の予防化粧水【リプロスキン】,株式会社ピカイチ,s00000010819006,スキンケア,初回購入3000円,未提携,a8
【高収入求人！】業界大手チャットガール募集！【FANZAライブチャット】,株式会社デジタルコマース,s00000011486005,在宅ワーク,新規登録4200円,未提携,a8
【求人】FANZAライブチャット　ノンアダルトチャットレディ募集プログラム,株式会社ダラーズ,s00000011503002,在宅ワーク,新規チャットレディ応募完了5000円,未提携,a8
深い色に染める＆ふんわり仕上げ【スカルプD ボーテ ヘアカラートリートメント】,アンファー株式会社,s00000016002012,ヘアケア,新規購入4190円,未提携,a8
恋愛と結婚をまじめに考える婚活サイト【ブライダルネット】,株式会社ＩＢＪ,s00000002032001,恋愛,"新規会員登録1000円(トライアルプラン)
新規会員登録4532円(有料プラン)",未提携,a8
【TOKYU CARD】オンライン入会キャンペーン,東急カード株式会社,s00000023297001,金融,新規カード発行4135円,未提携,a8
不用品回収サービス【迅速片付け屋】,株式会社ＡＰＰＲＥＣＩＡＴＥ＿ＰＬＵＳ,s00000026060001,その他（暮らし）,新規無料見積依頼4135円,未提携,a8
全国40院以上！ED治療の【イースト駅前クリニック】,イースト駅前クリニック,s00000025703002,クリニック,新規診療4099円,提携中,a8
自宅にいながらブランド品を現金化！セカンドストリートブランド出張買取,ゲオオンラインストア,s00000021136007,リサイクル,新規買取申込5500円,未提携,a8
オンライン「相談」から始まる就活支援サービス【キャリセン就活エージェント】,シンクトワイス株式会社,s00000022228001,就職・転職,"新規面談予約15000円
新規面談完了15000円",未提携,a8
30代以上が選ぶ恋活・婚活マッチングNO.1！【華の会メール】無料会員登録,華コーポレーション,s00000008444007,恋愛,新規男女無料会員登録4000円,未提携,a8
着物【福ちゃん】,株式会社ＲＥＧＡＴＥ,s00000014709001,リサイクル,新規無料査定完了4000円,提携中,a8
切手【福ちゃん】,株式会社ＲＥＧＡＴＥ,s00000014709002,リサイクル,新規無料査定完了4000円,提携中,a8
金・貴金属【福ちゃん】,株式会社ＲＥＧＡＴＥ,s00000014709003,リサイクル,新規無料査定完了4000円,提携中,a8
食器【福ちゃん】,株式会社ＲＥＧＡＴＥ,s00000014709004,リサイクル,新規無料査定完了4000円,提携中,a8
骨董品・古美術品【福ちゃん】,株式会社ＲＥＧＡＴＥ,s00000014709007,リサイクル,新規無料査定完了4000円,提携中,a8
毛皮【福ちゃん】,株式会社ＲＥＧＡＴＥ,s00000014709009,リサイクル,新規無料査定4000円,提携中,a8
お酒【福ちゃん】,株式会社ＲＥＧＡＴＥ,s00000014709010,リサイクル,新規無料査定4000円,提携中,a8
カメラ【福ちゃん】,株式会社ＲＥＧＡＴＥ,s00000014709011,リサイクル,新規無料査定4000円,提携中,a8
楽器【福ちゃん】,株式会社ＲＥＧＡＴＥ,s00000014709012,リサイクル,新規無料査定4000円,提携中,a8
おもちゃ・レトロ玩具【福ちゃん】,株式会社ＲＥＧＡＴＥ,s00000014709014,リサイクル,新規無料査定完了4000円,提携中,a8
"＼とくとくBB限定！／現金5,000円キャッシュバック！【ドコモでんき】",ＧＭＯインターネット株式会社,s00000000018049,その他（暮らし）,新規利用開始4000円,未提携,a8
月額定額で安心して利用できる国産クラウド【KAGOYA Cloud Platform】,カゴヤ・ジャパン株式会社,s00000001031008,その他（Webサービス）,新規資料ダウンロード4000円,未提携,a8
販売手数料0円！毎月定額のネットショップ作成サービス【XServerショップ】,エックスサーバー株式会社,s00000001642010,ホームページ・ネットショップ,"成約4000円（ベーシックプラン）
成約4000円（スタンダードプラン）
成約4000円（プレミアムプラン）",未提携,a8
世界で唯一の真性包茎矯正グッズ【キトー君】,ツルマキ,s00000002404001,医療,初回購入6000円,未提携,a8
【バイクワン】バイク買取/全国無料出張買取,株式会社バイクワン,s00000006147001,車・バイク,買取成約5000円,未提携,a8
女を上げる2つのグラマスサプリ【LUNA-ルーナ-ハーバルサプリメントプレミアム】,株式会社ＨＲＣ（ネクステージ株式会社）,s00000007381018,美容食品,初回購入4000円,未提携,a8
注目の開運グッズ【護符】販売,株式会社ＰＩＬ,s00000008298002,グッズ,購入4000円,未提携,a8
【ジェイエステティック】脱毛・美顔　無料体験,ジェイエステティック,s00000009872001,エステ,新規体験申込み４０００円,未提携,a8
ニキビ・背中ニキビに！簡単保湿薬用JewelRain(ジュエルレイン),株式会社ピカイチ,s00000010819001,ボディケア,初回購入4000円,未提携,a8
【定期縛りなし】気になる背中ニキビに！背中ケアジェル『Jewel Rain(ジュエルレイン)』,株式会社ピカイチ,s00000010819021,スキンケア,初回購入4000円,未提携,a8
全国宅配買取対応【リファスタの着物買取】,リファスタ,s00000011821006,リサイクル,新規買取査定4000円,未提携,a8
【利用料0円！】＜DM発送代行＞日本最大級のBtoB見積比較サービス【一括.jp】,株式会社ｅｃｌｏｒｅ,s00000012115001,webコンサルティング,新規法人問合せ4000円,未提携,a8
【利用料0円！】＜翻訳代行＞日本最大級のBtoB見積比較サービス【一括.jp】,株式会社ｅｃｌｏｒｅ,s00000012115007,webコンサルティング,新規法人問合せ4000円,未提携,a8
【累計お問い合わせ数10万件突破！】＜翻訳代行＞会社ご紹介サービス【EMEAO!】,株式会社ｅｃｌｏｒｅ,s00000012115021,webコンサルティング,新規申込4000円,未提携,a8
【累計お問い合わせ数10万件突破！】＜複合機＞業者ご紹介サービス【EMEAO!】,株式会社ｅｃｌｏｒｅ,s00000012115024,その他（仕事情報）,新規申込4000円,未提携,a8
【累計お問い合わせ数10万件突破！】＜清掃＞業者ご紹介サービス【EMEAO!】,株式会社ｅｃｌｏｒｅ,s00000012115025,その他（仕事情報）,新規申込4000円,未提携,a8
【利用料0円！】＜人材紹介＞日本最大級のBtoB見積比較サービス【一括.jp】,株式会社ｅｃｌｏｒｅ,s00000012115026,その他（仕事情報）,新規問合せ4000円,未提携,a8
【利用料0円！】＜人材派遣＞日本最大級のBtoB見積比較サービス【一括.jp】,株式会社ｅｃｌｏｒｅ,s00000012115027,その他（仕事情報）,新規問合せ4000円,未提携,a8
【利用料0円！】＜採用・面接代行＞日本最大級のBtoB見積比較サービス【一括.jp】,株式会社ｅｃｌｏｒｅ,s00000012115028,その他（仕事情報）,新規問合せ4000円,未提携,a8
【累計お問い合わせ数10万件突破！】＜決済代行＞会社ご紹介サービス【EMEAO!】,株式会社ｅｃｌｏｒｅ,s00000012115029,その他（仕事情報）,新規申込4000円,未提携,a8
【累計お問合わせ数10万件突破！】＜給与計算代行＞業者ご紹介サービス【EMEAO ! 】,株式会社ｅｃｌｏｒｅ,s00000012115030,その他（仕事情報）,新規申込4000円,未提携,a8
【累計お問い合わせ数10万件突破！】＜ポスティング＞会社ご紹介サービス【EMEAO!】,株式会社ｅｃｌｏｒｅ,s00000012115032,その他（仕事情報）,新規申込4000円,未提携,a8
【累計お問い合わせ数10万件突破！】＜デジタルサイネージ＞業者ご紹介サービス【EMEAO!】,株式会社ｅｃｌｏｒｅ,s00000012115033,その他（仕事情報）,新規申込4000円,未提携,a8
【累計お問合わせ数10万件突破！】＜スキャニング代行＞業者ご紹介サービス【EME AO !】,株式会社ｅｃｌｏｒｅ,s00000012115034,その他（仕事情報）,新規申込4000円,未提携,a8
【利用料0円！】＜サイト制作＞日本最大級のBtoB見積比較サービス【一括.jp】,株式会社ｅｃｌｏｒｅ,s00000012115036,webコンサルティング,新規問合せ4000円,未提携,a8
【利用料0円！】＜イベント・事務局代行＞日本最大級のBtoB見積比較サービス【一括.jp】,株式会社ｅｃｌｏｒｅ,s00000012115041,その他（仕事情報）,新規お問い合わせ4000円,未提携,a8
毛皮の高価買取専門【バイセル】,株式会社ＢｕｙＳｅｌｌ＿Ｔｅｃｈｎｏｌｏｇｉｅｓ,s00000012923011,リサイクル,"新規Web無料査定問合せ4000円
新規電話申込4000円",提携中,a8
カメラの高価買取専門【バイセル】,株式会社ＢｕｙＳｅｌｌ＿Ｔｅｃｈｎｏｌｏｇｉｅｓ,s00000012923020,リサイクル,"新規Web無料査定問合せ4000円
新規電話申込4000円",提携中,a8
レコードの高価買取専門【バイセル】,株式会社ＢｕｙＳｅｌｌ＿Ｔｅｃｈｎｏｌｏｇｉｅｓ,s00000012923022,リサイクル,"新規Web無料査定問合せ4000円
新規電話申込4000円",提携中,a8
食器の高価買取専門【バイセル】,株式会社ＢｕｙＳｅｌｌ＿Ｔｅｃｈｎｏｌｏｇｉｅｓ,s00000012923023,インテリア,"新規Web無料査定問合せ4000円
新規電話申込4000円",提携中,a8
楽器の高価買取専門【バイセル】,株式会社ＢｕｙＳｅｌｌ＿Ｔｅｃｈｎｏｌｏｇｉｅｓ,s00000012923024,リサイクル,"新規Web無料査定問合せ4000円
新規電話申込4000円",提携中,a8
オーディオの高価買取【バイセル】,株式会社ＢｕｙＳｅｌｌ＿Ｔｅｃｈｎｏｌｏｇｉｅｓ,s00000012923025,リサイクル,"新規Web無料査定問合せ4000円
新規電話申込4000円",提携中,a8
クルーズ旅行と船旅のことなら【ベストワンクルーズ】成約促進,ベストワンクルーズ,s00000013465001,総合（旅行）,成約2000円,未提携,a8
美の発酵シナジーで叶えるエイジングケアの最高峰ライン【ライースリペア】,ライスパワーショップ,s00000013806002,スキンケア,新規購入4000円（ライースリペア トライアルキット）,未提携,a8
隙のないアプローチを実現した革新的シワ改善美容液【ライース リンクルクロス】,ライスパワーショップ,s00000013806005,スキンケア,新規購入4000円,未提携,a8
機器代金0円！工事不要のホームルーターレンタル【おきらくホームWi-Fi】,株式会社ＮＥＸＴ【優良代理店表彰実績多数】,s00000014546025,wifi,新規開通4000円,未提携,a8
定額＆刷り放題の複合機レンタルサービス【プリント革命】,株式会社シー・コネクト,s00000014635006,家電,新規契約料金200％,未提携,a8
ブランド品【福ちゃん】,株式会社ＲＥＧＡＴＥ,s00000014709015,リサイクル,新規無料査定完了4000円,提携中,a8
出張買取【福ちゃん】,株式会社ＲＥＧＡＴＥ,s00000014709016,リサイクル,新規無料査定完了4000円,提携中,a8
宝石・ダイヤ【福ちゃん】,株式会社ＲＥＧＡＴＥ,s00000014709017,リサイクル,新規無料査定完了4000円,未提携,a8
気になる胸元・デコルテニキビには【パピュレ〜Papure〜】,株式会社レオナビューティー,s00000015266006,ボディケア,購入4000円,未提携,a8
ギャルソン・マルジェラがどこよりも高く売れる！ブランド古着買取【WHY NOT】,株式会社買取王国,s00000015589005,総合（暮らし）,査定完了4000円,未提携,a8
外食産業・飲食店特化型転職支援サービス【itk(アイティーケー)】,株式会社アイティーケー,s00000016501001,就職・転職,新規無料会員登録6000円,未提携,a8
"足りなくなったらギガチャージ！最安1,738円から使える『クラウドWiFi』",株式会社ニッチカンパニー,s00000016921003,wifi,新規契約3000円,未提携,a8
少し贅沢な大人のプライベートジムMMM（トリプルエム）,株式会社トリプルＭ,s00000017294002,ダイエット,"新規体験受講4000円
新規入会20000円",提携中,a8
パーソナルジム初！ダイエットしながらバストアップ出来るパーソナルジム！MMM（トリプルエム）,株式会社トリプルＭ,s00000017294003,その他（美容）,"新規体験受講4000円
新規入会20000円",未提携,a8
電子ギフト券を購入・出品できる売買サイト【ベテルギフト】,株式会社ノア商社,s00000017347001,その他（暮らし）,新規会員登録100円,未提携,a8
宝石・貴金属の高額買取専門店【BRAND REVALUE】,ＢＲＡＮＤ＿ＲＥＶＡＬＵＥ,s00000017941001,リサイクル,新規無料査定4000円,未提携,a8
ブランド品の高額買取専門店【BRAND REVALUE】,ＢＲＡＮＤ＿ＲＥＶＡＬＵＥ,s00000017941002,リサイクル,新規無料査定申込4000円,未提携,a8
ブランド時計の高額買取専門店【BRAND REVALUE】,ＢＲＡＮＤ＿ＲＥＶＡＬＵＥ,s00000017941003,リサイクル,新規無料査定申込4000円,未提携,a8
ブランドバッグの高額買取専門店【BRAND REVALUE】,ＢＲＡＮＤ＿ＲＥＶＡＬＵＥ,s00000017941004,リサイクル,新規無料査定申込4000円,未提携,a8
貴金属の高額買取専門店【BRAND REVALUE】,ＢＲＡＮＤ＿ＲＥＶＡＬＵＥ,s00000017941005,リサイクル,新規無料査定申込4000円,未提携,a8
ロレックスの高額買取専門店【BRAND REVALUE】,ＢＲＡＮＤ＿ＲＥＶＡＬＵＥ,s00000017941006,リサイクル,新規無料査定申込4000円,未提携,a8
テレビCM放送中！霧島天然水のむシリカ／専門家が支持する世界トップクラスシリカ水,株式会社Ｑｖｏｕ,s00000018316001,飲料,新規購入4000円,未提携,a8
ネイティブ講師から楽しく学べるお子さま向け英会話【キャンブリーキッズ】,キャンブリー,s00000018953002,その他（学び・資格）,新規有料会員登録4000円,未提携,a8
全国チャットレディ求人【チャットレディJP】,株式会社ディストノア,s00000019029001,在宅ワーク,"新規面接予約4000円
新規面接予約＋稼働14000円",未提携,a8
【産後・子育てママ専用骨盤ガードル】マジカルシェリー,株式会社Ｔｅｎ＿Ｂｕｒｇｅｒ,s00000019140007,健康グッズ,新規購入4000円,未提携,a8
"月額6,600円〜からのマイカーリース【リースナブル】",株式会社三和サービス,s00000019508001,車・バイク,"▽一般メディア
新規審査申込7000円

▽ポイントサイト
新規審査通過20000円
新規契約30000円",未提携,a8
お得で評判のエルピオ都市ガス！供給エリア拡大！,株式会社エルピオ,s00000020080002,その他（暮らし）,新規都市ガス契約4000円,未提携,a8
カーボンブラシで輝く笑顔に【クラプロックス　ブラックisホワイト電動歯ブラシ】,株式会社クラデンジャパン,s00000020344002,健康グッズ,初回購入4000円,未提携,a8
抗ウイルス・抗菌コーティング＿確かなエビデンスと多数の実績。無光触媒コートエフ,株式会社アロン,s00000020635008,その他（暮らし）,"新規施工4000円（施工料金〜88000円）
新規施工8000円（施工料金88001円〜）",未提携,a8
全世帯対象！毎月の電気代をおトクに！【リミックスでんき】,リミックスでんき,s00000021322002,総合（暮らし）,新規利用開始4000円,未提携,a8
枕・マットレス・掛布団がまとまった革新的なスリープギア【ブレインスリープ ALL IN ONE】,株式会社ブレインスリープ,s00000021363007,インテリア,初回購入4000円,未提携,a8
【再発させない】ハウスプロテクトの害獣駆除サービス,株式会社ＧＲＯＷＴＨ,s00000022082001,その他（暮らし）,新規見積もり4000円,未提携,a8
未経験OK！IT業界に興味がある学生のためのチーム学習型無料プログラム【TECH-BASE】,シンクトワイス株式会社,s00000022228003,就職・転職,新規オンライン説明会参加4000円,未提携,a8
求人数業界TOPクラス！初めてのリゾートバイトは【ワクトリ】,ワクトリ,s00000022291001,就職・転職,新規登録4000円,未提携,a8
1レッスン500円〜の英会話スクール【ワンコイングリッシュ】,株式会社ワンコイングリッシュ,s00000023089001,習い事,新規体験レッスン受講3000円,未提携,a8
クラウドPOSレジ【スマレジ】 - ホワイトペーパー『POSレジの選び方・比較』ダウンロード,株式会社スマレジ,s00000023202006,その他（Webサービス）,新規資料請求4000円,未提携,a8
強みにきづき目指したい未来の1歩目を後押しするキャリアコーチング【きづく。転職相談】,株式会社ｏｎｅ─ｒｅｃｏｌｌｅｃｔｉｏｎ,s00000023226001,就職・転職,新規無料相談9000円,未提携,a8
お客様満足度99.8％！成人式の振袖レンタル・購入なら【京都きもの友禅(来店予約)】,京都きもの友禅株式会社,s00000023518001,総合（ファッション）,新規来店4000円,提携中,a8
最短2週間で内定獲得ができるジール就職エージェント,株式会社ジールコミュニケーションズ,s00000023631002,就職・転職,新規会員登録4000円,未提携,a8
最短翌日に自宅に届く！？ピルのオンライン診療サービス【エニピル】,株式会社サルース,s00000023842001,その他（健康）,新規購入4000円,未提携,a8
10年で5万人の携帯ブラック支援実績！【レンタル携帯MVNOサンシスコン】,レンタル携帯サンシスコン,s00000024773001,電話,新規契約4000円,未提携,a8
リーズナブルでサポート充実のオンライン仲人型結婚相談所【ウェルスマ】,合同会社アクチュアライゼーション,s00000024863001,婚活,"新規無料相談4000円
新規入会20000円",未提携,a8
街角水道工事相談所,トラベルブック株式会社,s00000024877003,家事・日用品,新規見積4000円,未提携,a8
【建築のプロが対応】害獣プロテックの害獣対策工事・害獣駆除サービス,害獣プロテック,s00000024901001,その他（暮らし）,新規見積もり提示4000円,未提携,a8
電気代安くするなら、シンプルに安い【しろくま電力（ぱわー）】,しろくま電力株式会社,s00000025001001,その他（暮らし）,新規供給開始4000円,未提携,a8
【投資家登録】みんなの年金（クラウドファンディング）,株式会社ネクサスエージェント,s00000025225003,その他（金融・投資・保険）,新規投資家登録4000円,未提携,a8
国内最大級の中高生向けプログラミングスクール『Life is Tech』,ライフイズテック株式会社,s00000025413001,習い事,"新規AIクリエイティブ　親子体験会参加（小学校高学年向け）4000円
新規説明会参加8500円
新規見学会参加8500円",未提携,a8
【防災士＆消防士監修】いざというときに備える充実の44点セット あかまる防災,株式会社ＳＩＢ製薬,s00000025626001,その他（暮らし）,初回購入4000円,未提携,a8
自由に受取る給与＆寮費・光熱費・食費完全無料◎リゾートバイト-Jobチケット,株式会社ＭＥＤＩＬＣＹ,s00000026549001,就職・転職,新規求人応募4000円,未提携,a8
声優・話し方・歌のボイトレスクール【Voice Camp（ボイスキャンプ）】,株式会社モノクロマーケティング,s00000027112001,習い事,新規無料体験レッスン受講4000円,未提携,a8
SNSで話題の今がチャンス！！認知度が高く売りやすい【豊潤サジー】,株式会社フィネス,s00000027179001,健康食品,新規購入4000円,未提携,a8
東邦ガスだから任せられる【東邦ガスくらしハウスクリーニング】,東邦瓦斯株式会社,s00000027185001,その他（暮らし）,作業完了4000円,未提携,a8
振込手数料90円の法人ネット口座_【北國銀行提携のフィンサーバンク】,株式会社ｆ９ｋ,s00000027295001,その他（金融・投資・保険）,新規口座開設4000円,未提携,a8
笑顔で暮らせる住まいがきっと見つかる【いい介護】,株式会社エイジプラス,s00000027434001,その他（暮らし）,"新規資料請求4000円
新規見学実施4000円",未提携,a8
【医薬部外品】真皮ケアオールインワンジェル『シンピスト』,株式会社北の達人コーポレーション,s00000000204047,スキンケア,初回購入3980円,未提携,a8
【カナガンキャットフード チキン・サーモン】健康を第一に考えたキャットフード,株式会社レティシアン,s00000000458004,ペット,"新規購入3960円(カナガンキャットフード チキン)
新規購入3960円(カナガンキャットフード サーモン)
新規購入4960円(カナガンデンタルキャットフード)",提携中,a8
【モグワンドッグフード】手作りレシピを実現した愛情たっぷりドッグフード,株式会社レティシアン,s00000000458008,ペット,新規購入3960円,提携中,a8
【モグニャンキャットフード】香りと味わいを追求したキャットフード,株式会社レティシアン,s00000000458011,ペット,新規購入3960円,提携中,a8
【アランズナチュラルキャットフード】自然素材にこだわったナチュラルなキャットフード,株式会社レティシアン,s00000000458030,ペット,新規購入3960円,提携中,a8
【ペロリコドッグフード アレカット】完食ペロリな低アレルゲンドッグフード,株式会社レティシアン,s00000000458031,ペット,新規購入3960円,提携中,a8
【マックアダムズキャットフード チキン＆ターキー】偏食克服を本気で目指すキャットフード,株式会社レティシアン,s00000000458033,ペット,新規購入3960円,提携中,a8
【ヨラドッグフード】昆虫を使用した次世代の低アレルゲンドッグフード,株式会社レティシアン,s00000000458036,ペット,新規購入3960円,提携中,a8
【カナガン】生涯に渡って犬猫本来の最適な食生活へ導くペットフードブランド,株式会社レティシアン,s00000000458037,ペット,新規購入3960円,提携中,a8
【モグワンドッグフード シニア用】シニア犬の健康を、毎日の食事からトータルサポート！,株式会社レティシアン,s00000000458039,ペット,新規購入3960円,未提携,a8
知名度と実績のアクアクララウォーターサーバー新規設置【アクアクララ公式】,アクアクララ株式会社,s00000004479001,飲料,新規ウォーターサーバー設置完了3928円,未提携,a8
のむシリカ無制限プレゼント！電気代をもっとおトクに【のむシリカ電力】,株式会社Ｑｖｏｕ,s00000018316003,総合（暮らし）,新規契約完了3904円,未提携,a8
簡単予約で優先的にご案内【コメ兵　店頭買取】,株式会社コメ兵,s00000018067002,リサイクル,"▽一般
店頭買取予約申込3900円

▽ポイントサイト
査定完了2340円",未提携,a8
光回線のインターネット接続サービス【DTI 光】,株式会社ドリーム・トレイン・インターネット,s00000008091019,回線,新規回線開通11250円(新規利用・転用・事業者変更),未提携,a8
1万円から投資可能！【不動産投資クラウドファンディングCREAL（クリアル）】,クリアル株式会社,s00000019962001,投資,新規投資申込3846円,未提携,a8
完全個室型セルフフィットネスジム【Private Box Fit】,株式会社トゥエンティーフォーセブン,s00000021305004,ダイエット,新規入会3800円,未提携,a8
クラウド勤怠管理【スマレジ・タイムカード】 -　サービス資料ダウンロード,株式会社スマレジ,s00000023202005,総合（Webサービス）,"新規資料請求3800円
新規問い合わせ3800円",未提携,a8
【 Uber Eats 】レストランパートナー募集,ＵｂｅｒＴｅｃｈｎｏｌｏｇｉｅｓＩｎｃ．,s00000023750002,グルメ予約,"新規利用申込3800円
新規契約締結16000円",未提携,a8
新発想の不眠対策商品【北の大地の夢しずく】,株式会社北の達人コーポレーション,s00000000204015,健康食品,初回購入3790円,未提携,a8
リハビリ職の転職なら【PT・OT・ST WORKER】,株式会社トライト,s00000026401001,就職・転職,新規会員登録3790円,未提携,a8
臨床工学技士の求人・転職なら【メディカル技師ワーカー（臨床工学技士）】,株式会社トライト,s00000026401003,就職・転職,新規会員登録3789円,未提携,a8
診療放射線技師の求人・転職なら【メディカル技師ワーカー（診療放射線技師）】,株式会社トライト,s00000026401004,就職・転職,新規会員登録3789円,未提携,a8
臨床検査技師の求人・転職なら【メディカル技師ワーカー（臨床検査技師）】,株式会社トライト,s00000026401005,就職・転職,新規会員登録3789円,未提携,a8
リノベ・リフォーム工務店紹介サイト　建築会社紹介サービス【ハウジングバザール】,自然派リフォーム工務店紹介サイト,s00000011766003,物件,新規紹介依頼申込後、リフォーム会社紹介3776円,未提携,a8
複数の工務店へ間取り作成・見積りを一括依頼【ハウジングバザール】,自然派リフォーム工務店紹介サイト,s00000011766004,その他（不動産・引越）,新規間取り作成依頼後、建築会社紹介3776円,未提携,a8
2か月後よりも、2年後の理想のために…プライベートジム【MIOSTILE】,株式会社トリプルＭ,s00000017294001,ダイエット,"新規来店3776円
新規入会18882円",提携中,a8
優良シロアリ駆除業者紹介サービス【シロアリ110番】,シェアリングテクノロジー株式会社,s00000015223003,その他（暮らし）,見積依頼5000円,未提携,a8
外壁塗装比較の専門スタッフが紹介！【外壁塗装プランナー】,シェアリングテクノロジー株式会社,s00000015223004,物件,見積依頼3770円,未提携,a8
恋愛相談が仕事になる！【婚活カウンセラー資格取得講座】,株式会社ＩＢＪ,s00000002032032,資格取得,新規婚活カウンセラー資格取得講座受講3760円,未提携,a8
中学生・高校生専用ドリンク！栄養機能食品【ノビエース】,株式会社Ｆｏｒ─Ｓ,s00000020575002,健康食品,新規購入3760円,提携中,a8
【美容皮膚科専門　エルムクリニック　アートメイク】,エルムクリニック,s00000024298001,医療,新規無料カウンセリング2630円,未提携,a8
人と社風で選ぶ就活エージェント【FIDIA Agent】,ＦＩＤＩＡ＿ＳＯＬＵＴＩＯＮＳ株式会社,s00000027425001,就職・転職,新規無料就活相談申込3760円,未提携,a8
まずは無料の査定から！高価買取はお任せください！【カメラの出張買取ウリエル】,株式会社クオーレ,s00000026456001,リサイクル,"▽一般
新規無料査定問合せ3759円

▽ポイントサイト
新規出張買取完了3759円",未提携,a8
まずは無料の査定から！高価買取はお任せください！【骨董の出張買取ウリエル】,株式会社クオーレ,s00000026456002,リサイクル,"▽一般
新規無料査定問合せ3759円

▽ポイントサイト
新規出張買取完了3759円",未提携,a8
まずは無料の査定から！高価買取はお任せください！【着物の出張買取ウリエル】,株式会社クオーレ,s00000026456003,リサイクル,"▽一般
新規査定相談申込3759円

▽ポイントサイト
新規出張買取完了3759円",未提携,a8
まずは無料の査定から！高価買取はお任せください！【香水の出張買取ウリエル】,株式会社クオーレ,s00000026456004,リサイクル,"▽一般
新規無料査定依頼3759円

▽ポイントサイト
新規出張買取完了3759円",未提携,a8
まずは無料の査定から！高価買取はお任せください！【古銭・硬貨の出張買取ウリエル】,株式会社クオーレ,s00000026456005,リサイクル,"▽一般
新規無料査定依頼3759円

▽ポイントサイト
新規出張買取完了3759円",未提携,a8
まずは無料の査定から！毛皮の高価買取はお任せください！【毛皮出張買取ウリエル】,株式会社クオーレ,s00000026456006,リサイクル,"▽一般
新規無料査定依頼3759円

▽ポイントサイト
新規出張買取完了3759円",未提携,a8
まずは無料の査定から！高価買取はお任せください！【楽器の出張買取ウリエル】,株式会社クオーレ,s00000026456007,リサイクル,"▽一般
新規無料査定依頼3759円

▽ポイントサイト
新規出張買取完了3759円",未提携,a8
まずは無料の査定から！高価買取はお任せください！【酒の出張買取ウリエル】,株式会社クオーレ,s00000026456008,リサイクル,"▽一般
新規無料査定依頼3759円

▽ポイントサイト
新規出張買取完了3759円",未提携,a8
まずは無料の査定から！高価買取はお任せください！【食器の出張買取ウリエル】,株式会社クオーレ,s00000026456009,リサイクル,"▽一般
新規無料査定依頼3759円

▽ポイントサイト
新規出張買取完了3759円",未提携,a8
まずは無料の査定から！高価買取はお任せください！【切手の出張買取ウリエル】,株式会社クオーレ,s00000026456010,リサイクル,"▽一般
新規無料査定依頼3759円

▽ポイントサイト
新規出張買取完了3759円",未提携,a8
まず無料の査定から！高価買取はお任せください【ブランドバッグの出張買取ウリエル】,株式会社クオーレ,s00000026456011,リサイクル,"▽一般
新規無料査定依頼3759円

▽ポイントサイト
新規出張買取完了3759円",未提携,a8
まず無料の査定から！高価買取はお任せください【ブランド時計の出張買取ウリエル】,株式会社クオーレ,s00000026456012,リサイクル,"▽一般
新規無料査定依頼3759円

▽ポイントサイト
新規出張買取完了3759円",未提携,a8
まず無料の査定から！高価買取はお任せください【ジュエリー宝石の出張買取ウリエル】,株式会社クオーレ,s00000026456014,リサイクル,"▽一般
新規無料査定依頼3759円

▽ポイントサイト
新規出張買取完了3759円",未提携,a8
まずは無料の査定から！高価買取はお任せください！【ゴルフの出張買取ウリエル】,株式会社クオーレ,s00000026456015,リサイクル,"▽一般
新規無料査定依頼3759円

▽ポイントサイト
新規出張買取完了3759円",未提携,a8
テレビCMで話題！出張買取なら「ウリエル」へおまかせ！【出張買取ウリエル】,株式会社クオーレ,s00000026456016,リサイクル,"▽一般
新規無料査定依頼3759円

▽ポイントサイト
新規出張買取完了3759円",未提携,a8
法人専用の資金調達ビジネスローン【HTファイナンス】,ヒューマントラスト株式会社,s00000026888001,その他（金融・投資・保険）,新規審査完了3759円,未提携,a8
撮影会&ライフプラン相談会,保険マンモス株式会社,s00000027024002,その他（暮らし）,新規撮影会＋ライフプラン相談会参加3759円,未提携,a8
ドライバーの転職なら【レバジョブ】,レバレジーズ株式会社,s00000011866035,就職・転職,新規無料会員登録完了3750円,未提携,a8
電気代をもっとおトクに！【Looopでんき】,株式会社Ｌｏｏｏｐ,s00000020901002,その他（暮らし）,新規契約3750円,未提携,a8
CTNバイク一括査定,株式会社ＣＴＮ,s00000025678002,車・バイク,新規査定依頼完了3750円,未提携,a8
お腹の中から健康【ココカラケア】　※機能性表示食品,アサヒグループ食品株式会社,s00000025917001,健康食品,新規購入3750円,未提携,a8
女性専用の無添加育毛剤【マイナチュレ】,株式会社レッドビジョン,s00000011495001,ヘアケア,初回購入2000円,未提携,a8
獣医師推奨！【GRANDS（グランツ）】グレインフリーのプレミアムドッグフード,ＧＲＡＮＤＳ株式会社,s00000021291002,ペット,初回購入3700円,提携中,a8
ベネッセのこども英語教室【ビースタジオ】,株式会社ベネッセビースタジオ,s00000025891001,幼児教育,初回無料体験申込完了3700円,未提携,a8
需要の高い国家資格に特化した学習スクール【能セン】,資格合格支援スクール【能セン】,s00000027188001,資格取得,新規有料講座受講3700円,未提携,a8
【公式】BIGLOBE光,ビッグローブ株式会社,s00000000040016,回線,"新規申込7500円（1ギガ、10ギガ）
転用申込3690円（1ギガ、10ギガ）
事業者変更申込3690円（1ギガ、10ギガ）",未提携,a8
リクルートのハイクラス転職サービス【RECRUIT DIRECT SCOUT(リクルートダイレクトスカウト)】,株式会社インディードリクルートパートナーズ,s00000018087001,就職・転職,新規レジュメ登録1730円,未提携,a8
置くだけ簡単自動でダニ退治【ダニ捕りくん】,株式会社ＳＩＢ製薬,s00000025626003,その他（暮らし）,新規購入3636円,未提携,a8
スカパー!新規加入,スカパーＪＳＡＴ株式会社,s00000019447001,動画,新規有料契約3620円,提携中,a8
GMOあおぞらネット銀行 【ビジネスデビット発行】,ＧＭＯあおぞらネット銀行株式会社,s00000019242003,金融,新規口座開設3609円,未提携,a8
GMOあおぞらネット銀行 【法人口座開設】,ＧＭＯあおぞらネット銀行株式会社,s00000019242004,その他（金融・投資・保険）,新規口座開設3609円,未提携,a8
【MS-Japan】管理部門特化型エージェント,株式会社ＭＳ─Ｊａｐａｎ,s00000017694001,就職・転職,"新規会員登録7122円（保有資格：弁護士・会計士・税理士）
新規会員登録3561円（その他）",未提携,a8
日本デザインスクール｜WEBデザインオンラインセミナー,株式会社日本デザイン,s00000023120001,習い事,新規セミナー参加3550円,未提携,a8
キャンディトーク【携帯ライブチャットレディ募集】,株式会社アテナコーポレーション,s00000017160001,在宅ワーク,新規無料会員登録4000円,未提携,a8
公認心理師（国家資格）のみが登録！オンライン心理カウンセリング【Kimochi】,株式会社ｒｅｍｅｎｔａｌ,s00000026504001,総合（健康）,新規プラン登録6000円,未提携,a8
レコード【福ちゃん】,株式会社ＲＥＧＡＴＥ,s00000014709013,リサイクル,新規無料査定完了3500円,提携中,a8
【NordVPN】プライバシー保護で安全な制限なしネットワーク！,ｎｏｒｄｖｐｎ＿Ｓ．Ａ,s00000018459001,プロバイダー,新規購入3500円,提携中,a8
稼働実績99.99％以上【ABLENET VPS】AI関連ツール/FX自動売買にも,株式会社ケイアンドケイコーポレーション,s00000021710001,サーバー,"●VPSお申し込み（V0プラン除く）
Win1プラン(メモリ2GB)：3500円
Win2プラン(メモリ3.5GB)：4000円
Win3プラン(メモリ6GB)：4500円
Win4プラン(メモリ10GB)：5000円
Win5プラン(メモリ16GB)：10000円
Win6プラン(メモリ32GB)：10000円
Win7プラン(メモリ64GB)：10000円
V1プラン(メモリ1.5GB)：2000円
V2プラン(メモリ2.5GB)：3000円
V3プラン(メモリ6GB)：5000円
V4プラン(メモリ10GB)：8000円
V5プラン(メモリ16GB)：16000円
V6プラン(メモリ32GB)：16000円
V7プラン(メモリ64GB)：16000円",提携中,a8
1日61円からはじめるFX自動売買専用VPS「シンクラウドデスクトップ for FX」,エックスサーバー株式会社,s00000025450003,サーバー,"■Windowsプラン
契約3500円（スタートアッププラン(2GB)）
契約4500円（スタートアッププラン(3GB)）
契約6500円（スタンダードプラン(5GB)）
契約7500円（スタンダードプラン(6GB)）
契約11500円（プレミアムプラン(10GB)）
契約12500円（プレミアムプラン(12GB)）
契約13500円（ エグゼクティブ プラン(16GB)）
契約14500円（エグゼクティブプラン(20GB)）

■Ubuntuプラン
契約3500円（スタートアッププラン(2GB)）
契約6500円（スタンダードプラン(5GB)）
契約11500円（プレミアムプラン(10GB)）
契約13500円（ エグゼクティブ プラン(16GB)）",未提携,a8
国内最速！初期費用無料の高性能レンタルサーバー【ConoHa WING】,ＧＭＯインターネット株式会社,s00000000018035,サーバー,"＜30日以上の継続利用＞
・通常支払いの場合
初回申込3500円（ベーシック）
初回申込5000円（スタンダード）
初回申込6500円（プレミアム）

・WINGパックの場合
初回申込 5000円（ベーシック）
初回申込 7500円（スタンダード）
初回申込10000円（プレミアム）
初回申込10000円（ビジネスプラン12ヵ月契約以上）

WINGパック＋ConoHa? Pencil（Lite）同時利用の場合
初回申込 6000円（ベーシック）
初回申込 8500円（スタンダード）
初回申込11000円（プレミアム）
初回申込11000円（ビジネスプラン12ヵ月契約以上）

・WINGパック＋ConoHa? Pencil（Standard/Business?）同時利用の場合
初回申込 7000円（ベーシック）
初回申込 9500円（スタンダード）
初回申込12000円（プレミアム）
初回申込12000円（ビジネスプラン12ヵ月契約以上）

＜30日未満の利用＞
初回利用金額100％",提携中,a8
無料会員登録！国内最大級出会い・恋愛マッチングサービス ハッピーメール,ハッピーメール,s00000002248001,恋愛,"女性新規会員登録3500円
男性新規会員登録3500円",提携中,a8
法人向け「GMOクラウド」のレンタルサーバー,ＧＭＯグローバルサイン・ホールディングス株式会社,s00000012042007,サーバー,"新規成約3500円（ミニ）
新規成約4500円（レギュラー）
新規成約8000円（プロ）",未提携,a8
【エミューの雫】エミューオイルをたっぷりと配合したオールインワンゲル,株式会社ユーコネクト,s00000012076004,スキンケア,新規購入3500円,未提携,a8
飲む炭、フィットネス【黒汁フィットネス】チャコールクレンズ,株式会社ユーコネクト,s00000012076005,ダイエット,初回購入50％,未提携,a8
【全国対応/宅配買取】スマホ・タブレットの買取【リサイクルネット】,株式会社ＪＵＳＴＹ,s00000013178005,リサイクル,買取成約3500円,未提携,a8
【全国対応/宅配買取】トレカ買取【ホビーコレクト】,株式会社ＪＵＳＴＹ,s00000013178014,リサイクル,買取成立500円,未提携,a8
【全国対応/宅配買取】カメラ買取【ＪＵＳＴＹ】,株式会社ＪＵＳＴＹ,s00000013178019,リサイクル,買取成立3500円,未提携,a8
手汗用制汗ジェル【フレナーラ】,株式会社レオナビューティー,s00000015266004,ボディケア,購入4000円,未提携,a8
アメトイ専門だから圧倒的に高価買取【アメトイ買取王国】,株式会社買取王国,s00000015589004,リサイクル,査定完了3500円,未提携,a8
【三井ショッピングパークカード《セゾン》】,株式会社クレディセゾン,s00000015597014,金融,初回カード発行3500円,未提携,a8
モンドセレクション受賞！足のニオイの原因物質を強力洗浄！【アニセ薬用石鹸】,株式会社イワミズ,s00000016380008,ボディケア,初回購入3500円,未提携,a8
【FreeMax+5G】2台目以降初期費用0円｜法人特別プラン,株式会社ニッチカンパニー,s00000016921005,wifi,新規サービス利用3500円,未提携,a8
初心者でもプロのようなバナーやヘッダーを直感的に作れるツール、バナープラスV2,株式会社ウェブライダー,s00000017376002,webコンサルティング,新規購入3500円,未提携,a8
着るだけ加圧シャツ！ 24時間強力負荷【SIX-CHANGE（シックスチェンジ）】,株式会社ＵＮＩＴＥＤ,s00000018173002,健康グッズ,初回購入3500円,未提携,a8
ワンタッチで世界中のネイティブ講師といつでもどこでも英会話【キャンブリー】,キャンブリー,s00000018953001,総合（学び・資格）,新規有料レッスン受講3500円,未提携,a8
世界中の仲間たちと楽しく英会話！少人数制グループレッスン【Cambly】,キャンブリー,s00000018953003,習い事,新規有料レッスン登録3500円,未提携,a8
"契約期間縛りのない月額1,980〜円(税込)のポケット型Wi-Fi【縛りなしWiFi】",株式会社ＨＵＭＡＮ＿ＬＩＦＥ,s00000019626001,wifi,新規申込1000円,未提携,a8
次世代エイジングサプリメント【ブレインスリープ NMN 9000】,株式会社ブレインスリープ,s00000021363006,美容食品,初回購入3500円,未提携,a8
クリニカルアロマの力であなたのキャリアを向上させる【資格取得オンライン講座】,ＮＰＯ法人日本統合医学協会,s00000021674014,習い事,新規オンライン説明会参加3500円,未提携,a8
【ABLENETレンタルサーバー】28年の実績 × 最新技術でさらに高速,株式会社ケイアンドケイコーポレーション,s00000021710002,サーバー,"レンタルサーバー申込3500円(ライトプラン)
レンタルサーバー申込5000円(スタンダードプラン)
レンタルサーバー申込6500円(プレミアムプラン)",提携中,a8
小中学生専門のオンランプログラミングスクール【アンズテック】,株式会社あんず堂,s00000022078001,総合（学び・資格）,新規無料体験3500円,未提携,a8
おトクに海外ツアー【トラベルウエスト】,株式会社トラベルウエスト,s00000022171005,海外旅行,海外ツアー成約3500円,未提携,a8
ニキビケア化粧品の【プロアクティブ】,ザ・プロアクティブカンパニー株式会社,s00000022920001,スキンケア,新規購入3500円,未提携,a8
激トク4時間パック☆お掃除したい場所を自分で選べる☆作業実績20万件突破！,株式会社ＦｉｒｅＷｏｒｋｓ,s00000022947002,家事・日用品,新規作業依頼3500円,未提携,a8
【害虫害獣駆除】業界最安値に挑戦！☆即日対応可能☆作業実績20万件突破,株式会社ＦｉｒｅＷｏｒｋｓ,s00000022947005,家事・日用品,新規サービス利用3500円,未提携,a8
クラウドWiFi大容量プラン　動画もSNSもたっぷり堪能ギガ300プラン【Glocal WiFi】,株式会社グローカルネット,s00000023372002,wifi,"新規利用3000円（30GB）
新規利用6000円（100GB）
新規利用8000円（300GB）",未提携,a8
バイク売るなら高価買取のバイク館へ【バイク館イエローハット】,株式会社バイク館イエローハット,s00000024225001,車・バイク,新規査定申込3500円,未提携,a8
無料の宅配キットに詰めて送るだけ！カメラ・レンズの「超」高額買取店【YTHカメラ】,株式会社ＹＴＨサービス,s00000024266002,リサイクル,新規査定完了3500円,未提携,a8
Terass Offer-自分にぴったりなプロ(エージェント)が見つかる、提案型物件探しサイト,株式会社ＴＥＲＡＳＳ,s00000025412001,総合（不動産・引越）,新規購入者登録3500円,未提携,a8
東海最大級のフォトスタジオ【フォトスタジオタートル】,フォトスタジオタートル,s00000026152001,その他（暮らし）,新規予約完了3500円,未提携,a8
累計10万人受講のロボット&プログラミング教室【ヒューマンアカデミージュニア】,ヒューマンアカデミー株式会社,s00000026735001,幼児教育,新規体験授業参加3500円,未提携,a8
完全無料で内定獲得までサポート【doda新卒エージェント】,株式会社ベネッセｉ−キャリア,s00000026801001,就職・転職,新規会員登録完了3500円,未提携,a8
オンライン・オフライン通訳、動画等の翻訳・吹替サービス【通訳吹替.com】,株式会社ビジョン,s00000011875007,起業・会社設立,"新規通訳利用3420円
新規翻訳利用6840円
新規動画吹替利用6840円",未提携,a8
海外行くなら！【海外WiFiレンタルショップ】,株式会社ニッチカンパニー,s00000016921006,wifi,初回契約3400円,未提携,a8
完全マンツーマンの英会話スクール【MeRISE英会話（ミライズ）】,ＭｅＲＩＳＥ株式会社,s00000018011001,習い事,新規面談5000円,未提携,a8
廃車買取専門店【ハイシャル】,ハイシャル,s00000026077001,車・バイク,"▽一般メディア
新規査定完了3383円

▽ポイントサイト
新規買取完了15000円",未提携,a8
"dポイント貯めるなら20,000Pt プレゼント！【ドコモ光】",株式会社ＩＮＥ,s00000023325003,回線,新規申込3375円,未提携,a8
"2,200万袋突破！ぷるっぷるコラーゲンサプリ【すっぽん小町】",ていねい通販,s00000010063001,健康食品,初回購入1500円,未提携,a8
ライブチャット女性募集【クレア】,株式会社アテナコーポレーション,s00000017160003,在宅ワーク,新規無料会員登録3333円,未提携,a8
ライブチャット女性募集【グラン】,株式会社アテナコーポレーション,s00000017160005,在宅ワーク,新規無料会員登録3333円,未提携,a8
クラウド型電子契約サービス【ベクターサイン】,株式会社ベクターホールディングス,s00000026937001,総合（Webサービス）,新規有料会員登録3319円,未提携,a8
内定を最短ルートで実現する【LHH就活エージェント】,アデコ株式会社,s00000022498002,就職・転職,新規本会員登録3307円,未提携,a8
足のにごり爪・ガサつき爪・ボロボロ爪対策ジェル 薬用『クリアストロングショットアルファ』,株式会社北の達人コーポレーション,s00000000204026,ネイル,初回購入3300円,未提携,a8
※医薬部外品※　手の甲の紫外線対策には『ルミナピール』,株式会社北の達人コーポレーション,s00000000204031,総合（美容）,初回購入3300円,未提携,a8
ペットの抜け毛対策用洗濯洗剤『リモサボン』,株式会社北の達人コーポレーション,s00000000204036,ペット,初回購入3300円,提携中,a8
手の甲の血管対策用ハンドクリーム『ハンドピュレナ』,株式会社北の達人コーポレーション,s00000000204037,ボディケア,初回購入3300円,未提携,a8
電話1本で無料査定・高価買取！【中古車買取カーネクスト】,カーネクスト,s00000014380003,車・バイク,"▽一般メディア
査定申込3300円

▽ポイントサイト
新規売却成約10000円",未提携,a8
電話1本で無料査定・高価買取！【トラック買取のカーネクスト】,カーネクスト,s00000014380004,リサイクル,"▽一般メディア
査定申込3300円

▽ポイントサイト
新規売却成約10000円",未提携,a8
年収以外にもこだわるハイクラス転職【LHH転職エージェント】,アデコ株式会社,s00000026941002,就職・転職,新規会員登録3300円,未提携,a8
20〜30代女性に最も使われているファッションレンタルアプリ【メチャカリ】,株式会社ストライプインターナショナル,s00000022397001,服,新規有料会員登録3280円,提携中,a8
おかげさまで800万食販売！ダイエットドリンクの【ヘルシーバンク】,株式会社アドバン,s00000011627001,ダイエット,初回購入5000円,未提携,a8
東証プライム上場！一番安い電気料金で契約するなら【エネピ】,株式会社じげん,s00000013511010,その他（暮らし）,新規切替完了3200円,未提携,a8
【シーボディ】「イルコルポ　ギフト」大切な人にはワンランク上のギフトを贈りませんか。,ＳｉＢＯＤＹ,s00000014225016,その他（ギフト）,新規購入1000円,未提携,a8
寝ながら身体を整える【ブレインスリープ ピロー ネックコンディショニング】,株式会社ブレインスリープ,s00000021363005,その他（暮らし）,初回購入3200円,未提携,a8
「zen place pilates」体験予約の申込,株式会社ＺＥＮ＿ＰＬＡＣＥ,s00000021478001,ダイエット,新規体験レッスン受講3200円,未提携,a8
「zen place yoga」体験予約の申込,株式会社ＺＥＮ＿ＰＬＡＣＥ,s00000021478002,ダイエット,新規体験レッスン受講3200円,未提携,a8
決済だけじゃない！売上アップやコストダウンもおまかせできる、新しい決済サービス,株式会社ＵＳＥＮ＿ＰＡＹ,s00000026339001,起業・会社設立,新規問い合わせ3195円,未提携,a8
日常に仕事に活かせる！【アーユルヴェーダ・スパイス検定オンライン資格】,ＮＰＯ法人日本統合医学協会,s00000021674002,資格取得,新規資格講座申込3181円,未提携,a8
楽しみながら無理なく学ぶ！【メディカルハーブセラピスト資格対応講座】,ＮＰＯ法人日本統合医学協会,s00000021674003,資格取得,新規資格講座申込3181円,未提携,a8
人の健康を守る！【ハンドセラピスト＆リフレセラピスト資格対応講座】,ＮＰＯ法人日本統合医学協会,s00000021674004,資格取得,新規資格講座申込3181円,未提携,a8
日常に仕事に活かせる！【アドラー心理学検定１級講座】,ＮＰＯ法人日本統合医学協会,s00000021674005,資格取得,新規資格講座申込3181円,未提携,a8
日常に仕事に活かせる！【アートセラピー資格取得講座】,ＮＰＯ法人日本統合医学協会,s00000021674006,資格取得,新規資格講座申込3181円,未提携,a8
日々の食事で健康に「食育と栄養」の資格【食育栄養アドバイザー講座】,ＮＰＯ法人日本統合医学協会,s00000021674007,資格取得,新規資格取得講座申込3181円,未提携,a8
美容や健康にも役立つ発酵食と美容健康の資格:発酵食美インストラクター資格取得講座,ＮＰＯ法人日本統合医学協会,s00000021674008,資格取得,新規資格取得講座申込3181円,未提携,a8
美容・健康に役立つ「食用オイル資格取得講座」,ＮＰＯ法人日本統合医学協会,s00000021674009,資格取得,新規資格取得講座申込3181円,未提携,a8
頑張らないで続けられる“薬膳実践講座”「養生薬膳資格取得講座」,ＮＰＯ法人日本統合医学協会,s00000021674010,資格取得,新規資格取得講座申込3181円,未提携,a8
心身の健康維持に役立つ「睡眠アドバイザー資格取得講座」,ＮＰＯ法人日本統合医学協会,s00000021674011,資格取得,新規資格取得講座申込3181円,未提携,a8
病気にならない健康な体づくりに役立つ「健康長寿栄養学」の資格取得講座,ＮＰＯ法人日本統合医学協会,s00000021674012,資格取得,新規資格取得講座申込3181円,未提携,a8
スポーツのパフォーマンス向上に役立つ「アスリート食」の資格取得講座,ＮＰＯ法人日本統合医学協会,s00000021674013,資格取得,新規資格取得講座申込3181円,未提携,a8
【サクソバンク証券】外国株式,サクソバンク証券株式会社,s00000026612003,投資,新規取引完了3160円,未提携,a8
【生協の宅配　コープデリ】お試しキャンペーン,コープデリ生活協同組合連合会,s00000003050004,その他（グルメ・食品）,新規申込3123円,未提携,a8
【法人サイト様限定】ポイントミュージアム無料会員募集,株式会社システムエッジ,s00000003655006,ポイントサービス・懸賞,新規無料会員登録後、翌日から3日以内にログインされた場合100円,未提携,a8
30秒で最大5社にラクラク見積もり【農機具買取査定君】,シェアリングテクノロジー株式会社,s00000015223026,その他（暮らし）,見積依頼3100円,未提携,a8
妊活専門の管理栄養士が作った、オールインワン妊活サプリ【makana（マカナ）】,株式会社ニューアクション,s00000016325002,健康食品,新規購入3100円,未提携,a8
家事代行スタッフ大募集！あなたの家事には価値がある。【タスカジ】,株式会社タスカジ,s00000019448001,その他（仕事情報）,新規オンライン面談3100円,未提携,a8
好きな「料理」を仕事に！料理代行の仕事なら【タスカジ】,株式会社タスカジ,s00000019448003,その他（仕事情報）,新規オンライン面談3100円,未提携,a8
管理栄養士が設計したバランスの取れた冷凍総菜【ワタミの宅食ダイレクト】定期,ワタミ株式会社,s00000018527007,加工食品,初回購入3095円,未提携,a8
【リネット保管】往復送料無料！宅配クリーニングのリネット,株式会社ホワイトプラス,s00000013507002,家事・日用品,"新規申込3022円（プレミアムクローク）
新規申込3626円（プレミアムクロークluxe）",未提携,a8
本格オンラインヨガ・フィットネスのSOELU,ＳＯＥＬＵ株式会社,s00000020569001,健康グッズ,"トライアル登録1000円
有料会員登録3000円",未提携,a8
スタイリスト厳選コーデが毎月届く SPU（スプートニクス）スタイルアップ便,株式会社ＳＥＥＴＨＥＬＩＧＨＴ,s00000011369002,服,新規プラン申込3007円,未提携,a8
英語は数が勝負【グローブ英会話】,株式会社Ｇｌｏｂａｌ＿Ｅｎｔｅｒｐｒｉｓｅｓ,s00000025351001,その他（学び・資格）,新規無料体験3007円,未提携,a8
留学に一番近い英会話オンラインスクール【グローブ英会話(オンライン)】,株式会社Ｇｌｏｂａｌ＿Ｅｎｔｅｒｐｒｉｓｅｓ,s00000025351002,習い事,新規無料体験レッスン3007円,未提携,a8
誰でもかんたん！「プロ級サイトをサクッと作成できる」WordPressテーマ【Xwrite】,エックスサーバー株式会社,s00000001642020,ホームページ・ネットショップ,"新規申込100％（サブスクリプションプラン／月額）
新規申込3000円（サブスクリプションプラン／年額）
新規申込3000円（買い切りプラン）",未提携,a8
【初回半月分半額キャンペーン】（7/15まで!）究極のバラサプリ　エンプレスローズ,株式会社マザーリーフ薬品,s00000002942011,美容食品,新規購入3500円,未提携,a8
【初回半月分半額キャンペーン!!】（7/15まで!）一期一会スーペリアスティック,株式会社マザーリーフ薬品,s00000002942033,美容食品,新規購入3500円,未提携,a8
有効成分プエラリン！含有量にこだわった高級プエラリア使用！【グラマーEpisode】,株式会社マザーリーフ薬品,s00000002942038,美容食品,初回購入3500円,未提携,a8
【初回半月分半額キャンペーン!!】（7/15まで!）善玉菌プレミアムダイエット,株式会社マザーリーフ薬品,s00000002942043,ダイエット,新規購入3500円,未提携,a8
【初回半月分半額キャンペーン】(7/15まで!)ザ・糖質スーパープレミアムダイエット,株式会社マザーリーフ薬品,s00000002942045,健康食品,新規購入3500円,未提携,a8
含有量保証！個別包装！大容量1日400mg以上超お得なオイロストNMN販売プログラム,株式会社マザーリーフ薬品,s00000002942046,健康食品,新規購入3500円,未提携,a8
【JETBOY】月額550円から使える次世代クラウド型SSDレンタルサーバー,株式会社セブンアーチザン,s00000002979029,サーバー,"新規成約4500円（ミニSSD）
新規成約6000円（ファーストSSD）
新規成約9000円（スタンダードSSD）
新規成約14000円（プレミアムSSD）
新規成約16000円（ビジネスSSD）
新規成約24000円（ビジネスプロSSD）",未提携,a8
家事代行スタッフ登録！お財布と心が笑顔になるクラウド家事代行サービス【CaSy】,株式会社ＣａＳｙ,s00000015619001,その他（暮らし）,"新規スタッフ登録8000円
新規稼働30000円",未提携,a8
未経験から独立開業！年商1000万円以上も可能！おそうじ革命【フランチャイズ加盟店募集】,株式会社ＫＩＲＥＩ＿ｐｒｏｄｕｃｅ,s00000017949002,その他（仕事情報）,"新規資料請求1000円
新規説明会参加5000円
新規加盟確定300000円",未提携,a8
施工管理技士資格試験の受験対策通信教育講座「独学サポート事務局」,株式会社ディーラーニング,s00000020062001,習い事,購入4000円,未提携,a8
熱意があれば未経験・ルックス不問！無料で夢のアイドルデビュー【NEW IDOL UNIT AUDITION 2026】,ティーアッププロモーション合同会社,s00000027513001,その他（エンタメ）,新規面接4000円,未提携,a8
太陽光発電の一括無料見積り【タイナビ】,株式会社グッドフェローズ,s00000010685001,物件,"無料見積り依頼3000円(タイナビ蓄電池（一般住宅）)
無料見積り依頼7000円(タイナビ（一般住宅）)
無料見積り依頼11000円(タイナビNEXT（法人・産業用）)",未提携,a8
「カラーミーショップ」集客に強いECサイト構築サービス,ＧＭＯペパボ株式会社,s00000000404003,ホームページ・ネットショップ,"新規登録800円
新規契約5000円(レギュラープラン)
新規契約10000円(ラージプラン)",未提携,a8
【アランズナチュラルドッグフード】原材料こだわった自然派ドッグフード,株式会社レティシアン,s00000000458002,ペット,新規購入3960円,提携中,a8
【カナガンドッグフード チキン・サーモン】愛犬の健康を第一に考えたドッグフード,株式会社レティシアン,s00000000458003,ペット,"新規購入3000円（カナガンデンタルドッグフード）
新規購入3960円（カナガンドッグフード　ドライフード）
新規購入3960円（カナガンドッグフード　サーモン）",提携中,a8
【エッセンシャル】 “最上の人生を彩る一皿”を届けるラグジュアリーペットフードブランド,株式会社レティシアン,s00000000458007,ペット,新規購入3960円,提携中,a8
【ペロリコドッグフード ライト】低カロリーと美味しさを叶えたプレミアムケアド ッグフード,株式会社レティシアン,s00000000458026,ペット,新規購入3000円,提携中,a8
【マックアダムズドッグフード チキン】本気で偏食克服を目指すプレミアムドッグフード,株式会社レティシアン,s00000000458032,ペット,新規購入3000円,提携中,a8
国内最大級の品揃え！【DMMブックス】,合同会社ＤＭＭ．ｃｏｍ,s00000000842023,書籍・本,新規購入1200円,未提携,a8
恋愛相談サービス【恋ラボ】,エキサイト,s00000000979019,その他（結婚・恋愛）,新規相談3000円,未提携,a8
【ユーザー数無制限で月額定額制】ビジネスに最適なKAGOYA MAIL,カゴヤ・ジャパン株式会社,s00000001031007,サーバー,"▼KAGOYA MAIL
申込3000円（ブロンズ）
申込9250円（シルバー 1TB）
申込12000円（シルバー 2TB）
申込27000円（エンタープライズR2s 2TB）
申込35000円（エンタープライズR2s 4TB）
申込40000円（エンタープライズR2s 6TB）",未提携,a8
性能・コスパ国内No.1！Windows搭載のVPS【XServer VPS for Windows Server】,エックスサーバー株式会社,s00000001642014,サーバー,"契約2000円（2GBプラン）
契約4000円（4GBプラン）
契約8000円（12GBプラン(旧8GB)）
契約16000円（24GBプラン(旧16GB)）
契約32000円（48GBプラン(旧32GB)）
契約64000円（96GBプラン(旧64GB)）",未提携,a8
いつでもどこでもクラウド上PCにアクセス！仮想デスクトップサービス【XServer クラウドPC】,エックスサーバー株式会社,s00000001642019,サーバー,"新規契約3000円（お試しプラン（メモリ2GB））
新規契約3700円（エントリープラン（メモリ3GB））
新規契約5600円（スタンダードプラン（メモリ5GB））
新規契約8500円（ビジネスプラン（メモリ10GB））
新規契約18000円 （ハイエンドプラン（メモリ16GB））",未提携,a8
社会人のためのＺ会英語講座【Asteria for Business / Adaptie】,株式会社Ｚ会,s00000001817010,習い事,新規入会申込3000円,未提携,a8
SSLレンタルサーバー会員募集,株式会社セブンアーチザン,s00000002979005,サーバー,成約3000円,未提携,a8
ｅ点ネット塾【公立中高一貫受検対策】,株式会社日本学術講師会,s00000003769005,家庭教師・塾,新規入会3000円,未提携,a8
みまもり機能が充実したキッズケータイHamic,Ｈａｍｅｅ株式会社,s00000004383006,ゲーム,購入10％,未提携,a8
PCMAX会員募集,株式会社マックス,s00000004502001,恋愛,新規会員登録3000円,未提携,a8
【ＧＭＯクリック証券】証券取引口座開設,ＧＭＯクリック証券,s00000004526002,投資,新規口座申込3000円,未提携,a8
「20代の転職相談所」第二新卒転職支援希望者の会員登録促進キャンペーン,ブラッシュアップ・ジャパン株式会社,s00000004769002,就職・転職,新規会員登録5000円,未提携,a8
セルビックEGF・FGF美容液 [5days]999円お試しセット,株式会社ディアワールド,s00000006898009,スキンケア,新規購入1050円,未提携,a8
独自開発のバストケア成分配合【LUNA ナチュラルアップ クリーム】,株式会社ＨＲＣ（ネクステージ株式会社）,s00000007381019,ボディケア,初回購入3000円,未提携,a8
【キャレント】で借りんと！融資申込みキャンペーン,ＣＡＲＥＮＴ,s00000007503003,金融,新規申込み3000円,未提携,a8
新会社でも作れる法人ガソリンカード（高速情報協同組合）,高速情報協同組合,s00000008928005,金融,新規成約3000円,未提携,a8
食材宅配サービス申込【らでぃっしゅぼーや】,オイシックス・ラ・大地株式会社,s00000009132001,生鮮食品,新規申込み3000円,未提携,a8
フレシャス【ONEPIECE（ワンピース）】ウォーターサーバー,富士山ＧＸホールディングス株式会社,s00000010789002,飲料,ONEPIECEサーバー新規設置完了3000円,未提携,a8
ニキビ後に♪導入型柔軟化粧水【リプロスキン（Reproskin）】,株式会社ピカイチ,s00000010819003,スキンケア,初回購入3000円,未提携,a8
光で整う生活リズム【光目覚まし時計 トトノエライトプレーン】,ムーンムーン株式会社,s00000011588036,その他（健康）,新規購入3000円,未提携,a8
ポケットワーク【求人】【在宅OK】【高収入】チャットレディ・テレフォンレディ募集,株式会社エムジー,s00000011829001,在宅ワーク,"新規稼働
1000円（テレフォンレディ）
15000円(在宅チャットレディ)
15000円(通勤チャットレディ)
3000円（在宅バーチャルライブチャットレディ）　
5000円（通勤バーチャルライブチャットレディ）",未提携,a8
フリーター、既卒、第二新卒の求人なら【ハタラクティブ】,レバレジーズ株式会社,s00000011866008,就職・転職,新規カウンセリング完了3000円,未提携,a8
成長企業特化型転職【キャリアチケット転職エージェント】,レバレジーズ株式会社,s00000011866027,就職・転職,新規会員登録3000円,未提携,a8
"国内最大級の導入実績6,000件のクラウドサーバー【GMOクラウド ALTUS(アルタス) 】",ＧＭＯグローバルサイン・ホールディングス株式会社,s00000012042009,サーバー,新規契約3000円,未提携,a8
【ベルタ酵素】165種類の酵素数＋美容成分配合「酵素ドリンク」,株式会社ベルタ,s00000012210003,ダイエット,購入1000円,未提携,a8
家庭教師の【ノーバス】資料請求・無料体験授業促進,家庭教師のノーバス,s00000012223001,家庭教師・塾,"資料請求3000円
無料体験授業受講10000円",未提携,a8
自然でオシャレ、データ納品の出張撮影マッチングサービス【fotowa (フォトワ) 】,ピクスタ株式会社,s00000012391003,写真・プリント,新規写真撮影3000円,未提携,a8
法人むけ出張撮影・カメラマンサービス【PIXTAオンデマンド（ピクスタオンデマンド）】,ピクスタ株式会社,s00000012391004,総合（Webサービス）,新規写真受取3000円,未提携,a8
アパレル業界に特化した派遣・求人情報サイト【アパレル派遣なび】登録促進,株式会社シーエーセールススタッフ,s00000012666001,就職・転職,新規登録３０００円,未提携,a8
日本で一番成婚にこだわったサービスを提供中！【結婚相談所フィオーレ】,トータルマリアージュサポート,s00000012898002,婚活,"新規資料請求3000円
新規無料相談予約3000円（オンライン相談）
新規無料相談予約6000円（来店相談）",未提携,a8
【全国対応/宅配買取】フィギュア買取【ホビーコレクト】,株式会社ＪＵＳＴＹ,s00000013178006,リサイクル,買取成立3000円,未提携,a8
お酒の買取　【買取リカーズ】,株式会社ＪＵＳＴＹ,s00000013178009,リサイクル,買取成立3000円,未提携,a8
【全国対応/宅配買取】おもちゃ・ホビー買取【ホビーコレクト】,株式会社ＪＵＳＴＹ,s00000013178015,リサイクル,買取成立3000円,未提携,a8
【全国対応/宅配買取】キャンプ・釣り・アウトドア用品専門【JUST BUY】,株式会社ＪＵＳＴＹ,s00000013178023,リサイクル,買取成立3000円,未提携,a8
バラの香りで吐息華やか！中からスッキリのエチケットサプリ【レディーズローズ】,日本サプリメントフーズ株式会社,s00000013307007,健康食品,新規購入1900円,未提携,a8
加圧タンクトップでスタイルアップ！【MUSCLE PRESS TANK TOP(マッスルプレス　タンクトップ)】,日本サプリメントフーズ株式会社,s00000013307021,健康グッズ,初回購入3000円,未提携,a8
電話占い・メール占い【ULana（ウラナ）】会員募集,株式会社コンコース,s00000013474001,占い,新規電話占い利用5000円,未提携,a8
透明感実感！スキンケア美容液【プラチナＶＣセラム】定期便,ＳｉＢＯＤＹ,s00000014225013,スキンケア,新規購入1000円,未提携,a8
駅前留学のNOVA 公式サイト【NOVA】来校促進,株式会社ＮＯＶＡ,s00000014257001,専門学校・スクール,新規来校３０００円,未提携,a8
成長期応援サプリメントDR.SENOBIRU　ず〜っとお得な定期コース獲得,株式会社エメトレ,s00000014295001,健康食品,初回購入3000円,未提携,a8
【Dr.Dekisugi】ず〜っとお得な定期コース,株式会社エメトレ,s00000014295005,健康食品,新規購入3000円,未提携,a8
どんな車も高価買取り！廃車買取の【カーネクスト】申し込み促進,カーネクスト,s00000014380001,車・バイク,"▽一般メディア
新規申込3000円

▽ポイントサイト
新規成約10000円",未提携,a8
業界初！インターネット回線のお客様紹介店【業務提携募集】,株式会社ＮＥＸＴ【優良代理店表彰実績多数】,s00000014546005,その他（Webサービス）,新規パートナー登録3000円,未提携,a8
大手人気企業の就活ならビズリーチ・キャンパス,株式会社ビズリーチ,s00000014571003,就職・転職,新規会員登録3000円,未提携,a8
国内トップクラスの含有量・有用成分イヌリン【菊芋粉末・極】定期コース,株式会社燦樹,s00000014723002,健康食品,"初回購入2400円（菊芋粉末・極 80g 1袋+国内産ゴールド1袋セット）
初回購入3400円（菊芋粉末・極 80g 1袋+国内産ゴールド2袋セット）
初回購入5980円（菊芋粉末・極 80g 3袋+国内産ゴールド1袋セット）
初回購入6980円（菊芋粉末・極 80g 3袋+国内産ゴールド2袋セット）",未提携,a8
1人で楽しく続けられる！【スタディサプリ小学講座】,株式会社リクルート,s00000014879006,習い事,新規有料登録3000円（ベーシックコース）,未提携,a8
《ポイント専用》富士山の天然水ウォーターサーバーふじざくら命水【産地直送・ 安心価格】,ふじざくら命水,s00000015156002,飲料,新規定期契約3000円,未提携,a8
歯科衛生士の求人数最大級【ファーストナビ歯科衛生士】,株式会社ファーストコネクト,s00000015214002,就職・転職,新規会員登録5500円,未提携,a8
歯科医師の求人数最大級【ファーストナビ歯科医師】,株式会社ファーストコネクト,s00000015214003,就職・転職,新規会員登録4765円,未提携,a8
人気の旅行券予約サイト【ソラハピ】,シェアリングテクノロジー株式会社,s00000015223027,総合（旅行）,予約1500円,未提携,a8
二の腕のブツブツ・ニキビ対策用ジェル【ピュアルピエ】,株式会社レオナビューティー,s00000015266001,ボディケア,初回購入3000円,未提携,a8
頭皮のニオイ対策用シャンプー【キュアラフィ】,株式会社レオナビューティー,s00000015266002,ヘアケア,購入3000円,未提携,a8
男性用ニキビケアジェル【スクリーノ】,株式会社レオナビューティー,s00000015266003,スキンケア,購入3000円,未提携,a8
1日たったの5分！自宅で簡単太ももエステ　美脚ホットマッサージジェル【ルナパルテ】,株式会社レオナビューティー,s00000015266005,ダイエット,初回購入3000円,未提携,a8
太りたくても太れずに悩んでいるあなたへ！【プッチェ〜Pucche〜】,株式会社レオナビューティー,s00000015266007,美容食品,購入3000円,未提携,a8
水漏れやトイレのつまり！水周りのお困りは【水道救急センター】,株式会社仕上舎,s00000015306001,物件,新規施工3000円,未提携,a8
お子様からシニアまで家族みんなで安心して使えるやさしいスマホ【トーンモバイル】,株式会社ドリーム・トレイン・インターネット,s00000015382001,電話,"web契約3000円
動画チケット10GB増量クーポンを用いたTONEアプリでの契約3000円
動画チケット10GB増量クーポンを用いた店頭での契約3000円",未提携,a8
出張買取専門の【遺品の整理屋さん】,株式会社ＧＲＡＣＥ,s00000015892010,リサイクル,新規査定3000円,未提携,a8
自宅にいながら即現金化！家電を高く売るなら出張買取で解決【家電の買取屋さん】,株式会社ＧＲＡＣＥ,s00000015892037,リサイクル,新規買取成立3000円,未提携,a8
外構工事の優良業者紹介サービス【外構・エクステリアパートナーズ】,株式会社ソーラーパートナーズ,s00000016799003,その他（暮らし）,新規見積もり3000円,未提携,a8
【FreeMax+5G】端末代金0円+無制限WiMAXレンタルサービス,株式会社ニッチカンパニー,s00000016921004,wifi,初回契約5000円,未提携,a8
ライブチャット女性募集【ガールズチャット】,ブルージェイ株式会社,s00000017201001,在宅ワーク,新規女性無料会員登録3000円,未提携,a8
ライブチャット女性募集【any(エニー)】,ブルージェイ株式会社,s00000017201006,在宅ワーク,新規女性無料会員登録3000円,未提携,a8
ライター・編集者向け。AI搭載の文章作成支援ツール【文賢】,株式会社ウェブライダー,s00000017376003,総合（Webサービス）,初回購入3000円,未提携,a8
当サイト限定　最大30000円現金キャッシュバック！【電気チョイス】,株式会社Ｗｉｚ,s00000017718005,その他（暮らし）,"新規供給開始3000円（個人）
新規供給開始15000円（法人）",未提携,a8
当サイト限定　最大30000円現金キャッシュバック！ガス代を今よりお安く！【ガスチョイス】,株式会社Ｗｉｚ,s00000017718006,その他（暮らし）,"新規供給開始3000円（ニチガス）
新規供給開始30000円（プロパンガス）",未提携,a8
ピッタリのPOSレジ導入を無料相談！【レジチョイス】,株式会社Ｗｉｚ,s00000017718010,その他（その他）,新規無料相談3000円,未提携,a8
相性でマッチングする20代向け転職支援サービス【相性転職PersonalFile】,株式会社Ｗｉｚ,s00000017718047,就職・転職,新規面談3000円,未提携,a8
飲食業界特化の採用DXプラットフォーム「FoodsLabo」bｙ株式会社クオレガ,株式会社クオレガ,s00000017827002,就職・転職,新規応募7000円,未提携,a8
脚の疲れむくみ取りに特化した整体【キュットレッグ】,株式会社ビーコンセプト,s00000017957003,エステ,初回施術来店3000円,未提携,a8
銀行振込など現金が必要な支払いをお持ちのカードで決済 【ラボル カード払い】,株式会社ラボル,s00000018733010,起業・会社設立,新規会員登録＋審査通過3000円,未提携,a8
楽天モバイルの法人スマホがお得！／楽天モバイル法人スマホ正規取扱店【ビズテン】,アールアイ株式会社,s00000018938004,電話,新規利用開始3000円,未提携,a8
最短2ヶ月から!口座振替OK&中古スマホセットで始める格安SIM【ごえんモバイル】,アールアイ株式会社,s00000018938005,その他（インターネット接続）,新規開通3000円,未提携,a8
40代からの本気のハリケア【アラプラス コンセントレートセラム】,ＳＢＩアラプロモ株式会社,s00000019122005,スキンケア,初回購入3000円,未提携,a8
法人向け光回線なら「@nifty 光ライフ with フレッツ」,ニフティ株式会社,s00000019208004,回線,"開通3000円　　(回線既存申込)
新規開通5000円(回線新規申込)",未提携,a8
GMOあおぞらネット銀行の【Mastercardプラチナデビットカード】,ＧＭＯあおぞらネット銀行株式会社,s00000019242007,金融,新規個人口座開設＋カード発行1954円,未提携,a8
バイリンガル講師なので日本語OK！子ども向け英会話【GLOBAL CROWN】,株式会社ハグカム,s00000019429001,幼児教育,新規無料体験レッスン受講3000円,未提携,a8
スマートな留学システムで従来の半額の費用を実現した格安留学サービス【スマ留】,株式会社リアブロード,s00000019593001,専門学校・スクール,新規面談申込3000円,未提携,a8
フリーランス向け「お金と保険」のサービス【FREENANCE（フリーナンス）】,フリー株式会社,s00000019646001,その他（仕事情報）,新規口座開設3000円,未提携,a8
ゲーム業界専門転職エージェント【ファミキャリ！】,株式会社クリーク・アンド・リバー社,s00000019744001,就職・転職,新規面談12000円,未提携,a8
★治験ボランティアの事前検診★ 協力費の出るボランティア 【コーメディカルクラブ】,株式会社シスモール,s00000020173002,総合（仕事情報）,新規事前検診参加3000円,未提携,a8
成果報酬型MEO＆集客支援ツール【2ヵ月無料トライアル】｜touch gate,株式会社メディアサービス,s00000020187010,その他（Webサービス）,"新規資料請求3000円
新規無料相談申込3000円",未提携,a8
女性のためのWebデザイナースクール【Famm女性向けWebデザイン講座無料電話説明会】,株式会社Ｔｉｍｅｒｓ,s00000020411004,習い事,新規電話説明会申込3000円,未提携,a8
オンライン英会話 LanCul（ランカル）,ＬａｎＣｕｌ株式会社,s00000020682003,その他（学び・資格）,"新規トライアル入会3000円
新規月額定額課金3000円",未提携,a8
プロ絶賛のガラスコーティングZeus clear(ゼウスクリア),日本ライティング,s00000020746002,車・バイク,初回購入20％,未提携,a8
審査なしクレカなしでも契約OK【誰でもWi-Fi】,だれでもモバイル株式会社,s00000020760012,wifi,新規契約3000円,未提携,a8
"5,500円〜コンサルタントをスポット活用！【コンパスシェア】",アクシスコンサルティング株式会社,s00000020769002,その他（仕事情報）,新規会員登録3000円,未提携,a8
不要なパソコンを送料無料で高額買取！【ジャングル 〜Jan-gle〜】,株式会社パステムセゾン,s00000020908001,リサイクル,新規買取3000円,未提携,a8
男性サポートに特化した【結婚相談所ヒーローマリッジ】,株式会社アルファブル,s00000020948004,婚活,"新規無料相談実施3000円
新規入会30000円",未提携,a8
ランキング1位獲得経験あり！都内の引越が最安値級で出来る【ハコブ引っ越しサービス】,ハコブ株式会社,s00000020949005,引越,新規成約3000円,未提携,a8
上場グループ運営！ハイクラスなソーシャルレンディングサイト【J.LENDING】,株式会社ジャルコ,s00000021283001,総合（金融・投資・保険）,新規投資家登録3000円,未提携,a8
三菱UFJ eスマート証券（旧：auカブコム証券）の証券口座開設プロモーション,三菱ＵＦＪ＿ｅスマート証券株式会社（旧：ａｕカブコム証券）,s00000021432001,投資,新規口座開設完了3000円,未提携,a8
"食の専門家10,000人以上が登録！ 日本最大級の出張シェフサービス！【シェアダイン】",株式会社シェアダイン,s00000021526001,その他（暮らし）,新規出張シェフ利用3000円,未提携,a8
「ABC Cooking Studio」から生まれた女性専用フィットネスジム【ボディーズ】,株式会社エービーシーキャピタル,s00000021538001,ダイエット,"新規無料体験予約2000円
新規WEB入会3000円",提携中,a8
無料でフォーム作成から問い合わせ対応・顧客管理までできる【formrun】,株式会社ベーシック,s00000021724001,ホームページ・ネットショップ,新規有料プラン登録3000円,未提携,a8
適齢に合わせた知育玩具を定期でお届け！【Cha Cha Cha】,自立の株式会社,s00000021840001,子育て,新規申込3000円,提携中,a8
整理整頓・断捨離・リサイクル・不用品は宅配買取の【エコリング】,株式会社エコリング,s00000021851001,リサイクル,買取成立1000円,未提携,a8
整理整頓・断捨離・リサイクル・不用品の出張買取は【エコリング】,株式会社エコリング,s00000021851004,リサイクル,新規出張買取成立3000円,未提携,a8
建設業界専門の転職支援サービス【RSG建設転職】転職・求職者募集,株式会社ＲＳＧ,s00000021947001,就職・転職,新規面談完了2930円,未提携,a8
不動産業界専門の転職支援サービス【RSG不動産転職】転職・求職者募集,株式会社ＲＳＧ,s00000021947004,就職・転職,新規カウンセリング3000円,未提携,a8
フリーランス向け報酬即日払いサービス【ペイトナー】,ペイトナー株式会社,s00000021957001,起業・会社設立,新規ユーザー登録3000円,未提携,a8
既卒、フリーター歓迎！事務職に特化した正社員転職サービス【ジムノミカタ】,株式会社ｆｒｅｅ＿ｍｏｖａ,s00000022176003,就職・転職,新規相談申込3000円,未提携,a8
１万円から始められる不動産投資クラウドファンディング【えんfunding】,株式会社えんメディアネット,s00000022403001,総合（金融・投資・保険）,新規会員登録3000円,未提携,a8
テックカンパニーが提供する最先端のバーチャルオフィス「DMM バーチャルオフィス」,ＤＭＭ．ｃｏｍ（ＤＭＭバーチャルオフィス）,s00000022432001,引越,"新規成約3000円（ミニマムプラン）
新規成約9000円（ベーシックプラン）",未提携,a8
ahamo,株式会社ＮＴＴドコモ,s00000022488001,その他（インターネット接続）,新規契約3000円,未提携,a8
たった一回で白い歯！東京、表参道のホワイトニング専門歯科【ホワイトマイスター】,ホワイトマイスター,s00000022529001,健康グッズ,新規施術完了3000円,未提携,a8
美容皮膚科医監修の針美容液で自宅エイジングケアを実現【Re:needle（リニードル）セラム】,ｂｅａｕｔｙ＿ｍａｋｅ＿ｌａｂｏ,s00000022540008,スキンケア,新規購入3000円,未提携,a8
【作品が売れる＆個人情報を守る】ハンドメイド作家向け支援プログラム,一般社団法人和文化推進協会,s00000022683003,習い事,新規契約3000円,未提携,a8
レンタル・バーチャルオフィスの世界最大手ブランド 【Regus (リージャス)】,日本リージャス株式会社,s00000022878001,その他（仕事情報）,新規問い合わせ7500円,未提携,a8
コスパ良しのバーチャルオフィスなら【GMOオフィスサポート】,ＧＭＯオフィスサポート株式会社,s00000023181001,総合（Webサービス）,"新規契約3000円（転送なしプラン）
新規契約9000円（月1転送プラン/週1転送プラン/隔週転送プラン）",未提携,a8
クラウドPOSレジ【スマレジ】- ホワイトペーパー『POSレジの教科書』ダウンロー ド,株式会社スマレジ,s00000023202002,その他（Webサービス）,新規資料請求3000円,未提携,a8
重い物もかさばる物も当日届く！IYNSbyONIGO,ＯｎｉＧＯ株式会社,s00000023216002,総合（グルメ・食品）,"新規購入3000円

▽ポイントサイト
新規購入1000円",未提携,a8
4技能パーソナライズ オンライン英語コーチング 【マネーイングリッシュ】,株式会社ＮＡＬＵ,s00000023274001,習い事,新規無料オンライン体験レッスン受講3000円,未提携,a8
格安・30日返金保証！ RYT200ヨガインストラクター養成講座【ぼっこ】,株式会社ぼっこ,s00000023283001,資格取得,"新規無料資料請求100円
新規講座受講24000円(RPYT)
新規講座受講26000円(RCYT)
新規講座受講30000円(RYT200)
新規講座受講62000円(RYS300)",未提携,a8
格安・30日返金保証・オンライン完結！ RPYTマタニティーヨガインストラクター講座【ぼっこ】,株式会社ぼっこ,s00000023283002,習い事,"新規無料資料請求100円
新規講座受講24000円(RPYT)
新規講座受講26000円(RCYT)
新規講座受講30000円(RYT200)
新規講座受講62000円(RYS300)",未提携,a8
格安・30日返金保証・オンライン完結！ RYT500養成講座（RYS300トレーニング）【 ぼっこ】,株式会社ぼっこ,s00000023283003,習い事,"新規無料資料請求100円
新規講座受講24000円(RPYT)
新規講座受講26000円(RCYT)
新規講座受講30000円(RYT200)
新規講座受講62000円(RYS300)",未提携,a8
格安・30日返金保証・オンライン完結！RCYTキッズヨガインストラクター養成講座 【ぼっこ】,株式会社ぼっこ,s00000023283004,習い事,"新規無料資料請求100円
新規講座受講24000円(RPYT)
新規講座受講26000円(RCYT)
新規講座受講30000円(RYT200)
新規講座受講62000円(RYS300)",未提携,a8
アンテナ修理・設置ならおまかせ! 【アンテナパンダ】,株式会社Ｑｒｅｅｄ,s00000023380001,総合（暮らし）,新規問い合わせ完了3000円,未提携,a8
即日利用が可能！プリペイド携帯・SIMの【Lyprimo（リプリモ）】,株式会社ＫＧＬ,s00000023623001,電話,新規購入3000円,未提携,a8
韓国語勉強は動画とオンラインレッスンで完結できる 【できる韓国語オンライン】,新大久保語学院,s00000024248001,習い事,"新規動画講座登録3000円
新規オンラインレッスン受講3000円",未提携,a8
ギガ付き買い切り型モバイルルーター（追加ギガも簡単チャージ）【リチャージWiFi】,株式会社カウスメディア,s00000024292001,wifi,"購入10％(ギガ付きモバイルルーター【MR1】)
購入12％(ギガ付きモバイルルーター【T8】)
購入8％(ギガ付きモバイルルーター(リユース品))
購入5％(ギガ付きモバイルルーター(アウトレット品))
購入1％(追加ギガチャージ・その他)",未提携,a8
輸入車専門＆全国対応の買取案件　輸入車買取センター,株式会社ＹＡＭＡＩ,s00000024293001,車・バイク,新規査定申込3000円,未提携,a8
冷蔵のお惣菜をご自宅へお届け、働くパパ・ママへ宅配食サービス【シェフの無添つくりおき】,株式会社ＡＩＶＩＣＫ,s00000024360001,加工食品,新規購入7000円,未提携,a8
【年会費永年無料】プロミスVisaカード,プロミスＶＩＳＡカード,s00000024441001,金融,新規カード発行3000円,未提携,a8
灘中合格者数日本一の浜学園が運営する幼児教室【はまキッズオルパスクラブ】,幼児教室＿はまキッズオルパスクラブ,s00000024492001,幼児教育,新規問合せ・資料請求3000円,未提携,a8
ブランド時計・ジュエリーの宅配買取なら【宝石広場】,株式会社ユーズカンパニー,s00000024554003,リサイクル,新規宅配買取申し込み3000円,未提携,a8
売上実績No.1のNMNサプリ【nonlie(ノンリ)NMN10230プラス】,株式会社ヘルメス,s00000024642001,健康食品,新規購入3000円,未提携,a8
6万人超が受講したデジタルマーケティング資格「ウェブ解析士認定資格」,一般社団法人ウェブ解析士協会,s00000024675001,資格取得,有料講座・試験購入3000円,未提携,a8
AI投資 ROBOPRO,株式会社ＦＯＬＩＯ,s00000024708001,投資,新規運用開始3000円,未提携,a8
SNSで大人気/手数料0円/留学前無料英会話/留学サービス【StudyIn】,株式会社ブルード,s00000024868001,習い事,"新規資料請求3000円
新規無料説明会参加5000円",未提携,a8
街角防犯カメラ相談所,トラベルブック株式会社,s00000024877007,その他（暮らし）,新規見積3000円,未提携,a8
シロアリ駆除【サンキョークリーンサービス】,株式会社サンキョークリーンサービス,s00000024888001,その他（暮らし）,新規見積発行3000円,未提携,a8
ねずみ駆除【サンキョークリーンサービス】,株式会社サンキョークリーンサービス,s00000024888002,その他（暮らし）,新規見積発行3000円,未提携,a8
Google評価★4.7！【税理士紹介エージェント】無料相談のCV獲得,税理士紹介エージェント（パスクリエイト株式会社）,s00000025008001,その他（仕事情報）,"新規問い合わせ15000円（法人顧問）
新規問い合わせ 9000円（個人顧問）
新規問い合わせ 7500円（相続税申告）
新規問い合わせ 3000円 (その他（確定申告・決算など）)",未提携,a8
利用者急増中の美容皮膚科オンライン診療サービス【東京美肌堂】,株式会社ＬＡＴＲＩＣＯ,s00000025015001,医療,新規オンライン診察予約完了3000円,未提携,a8
【1967年創業】業務用エアコン専門店・全国施工対応・エアコンセンターAC,株式会社ミタデン,s00000025175001,総合（暮らし）,新規見積もり申込3000円,未提携,a8
究極の疲労回復【リフレッシュストレッチサロン　レクサーストレッチ】,株式会社レクサー,s00000025218003,その他（健康）,新規体験施術3000円,未提携,a8
車の高価買取なら、お任せ下さい【車買取のチョージン】,株式会社ラグザス・クリエイト,s00000025234002,車・バイク,"▽一般メディア
新規申込3000円

▽ポイントサイト
新規成約10000円",未提携,a8
破れていてもOK！どんな洋服でも1袋1000円で出張買取【七福(しちふく)】,総合出張買取＿七福,s00000025310001,リサイクル,新規買取3000円,未提携,a8
ブランドシューズの高価出張買取,総合出張買取＿七福,s00000025310005,リサイクル,新規買取3000円,未提携,a8
金券・ギフト券などを額面100％で買取！,総合出張買取＿七福,s00000025310009,リサイクル,"▽一般メディア
新規買取成立3000円

▽ポイントサイト
新規買取成立1000円",未提携,a8
姿勢改善に特化した女性専用マシンピラティススタジオ【Repilates】,ｒｅｐｉｌａｔｅｓ株式会社,s00000025401001,総合（スポーツ・趣味）,新規無料体験参加3000円,未提携,a8
自由と先進性を兼ね備えた新世代レンタルサーバー【シンレンタルサーバー】,エックスサーバー株式会社,s00000025450001,サーバー,"＜通常プラン＞
成約3000円(ベーシック)
成約5000円(スタンダード)
成約8000円(プレミアム)

＜ビジネスプラン＞
成約3000円(ビジネス・ベーシック)
成約5000円(ビジネス・スタンダード)
成約8000円(ビジネス・プレミアム)",未提携,a8
63万人以上が体験済み！無料のボディメイク体験PR【MARUKO】,マルコ株式会社,s00000025459001,服,"新規無料試着体験3000円
新規成約22000円",未提携,a8
クルマに乗る方は特におトク！な新電力【idemitsuでんき】,出光興産株式会社,s00000025516001,その他（不動産・引越）,新規開通3000円,未提携,a8
関西の水漏れ・詰まりなどの水道修理工事【クジラのマークの水道屋さん】,クジラのマークの水道屋さん,s00000025583001,物件,新規問い合わせ3000円,未提携,a8
ぎゅ〜が癖になる気持ち良さ　特許採用！！メディテクト腰ベルト,株式会社ＳＩＢ製薬,s00000025626002,健康グッズ,初回購入3000円,未提携,a8
たんぱく質＆食物繊維W配合のkanau他、管理栄養士監修のおいしい宅食【食のそよ風】,株式会社ＳＯＹＯＫＡＺＥ,s00000025860001,加工食品,初回購入3000円,未提携,a8
東海地方の高速光回線なら【コミュファ光】充実したキャッシュバック特典あり！,エルアイデア株式会社,s00000025883001,回線,"新規申込3000円
新規問い合わせ3000円
新規利用開始15500円

▽ポイントサイト
新規利用開始15500円",未提携,a8
理数脳を育むソニーの自宅学習サービス「LOGIQ LABO（ロジックラボ）」,株式会社ソニー・グローバルエデュケーション,s00000025995001,習い事,新規有料プラン契約3000円,未提携,a8
野村不動産ソリューションズが運営する不動産情報サイト【ノムコム】,ノムコム,s00000026205001,総合（不動産・引越）,"新規見学予約1000円
新規資料請求1000円",未提携,a8
新規会員登録で実力派投資顧問の厳選注目3銘柄を無料プレゼント！【株マイスター】,株式会社ＳＱＩジャパン,s00000026247001,投資,新規会員登録3000円,未提携,a8
ワンキャリア転職｜中の人の声を聞いて受かる転職サービス,株式会社ワンキャリア,s00000026465002,就職・転職,新規会員登録3000円,未提携,a8
家具・家電を30日ごとにサブスクできる【Cosmo SubscRental】,株式会社グリッドリンクス,s00000026506001,インテリア,新規申込3000円,提携中,a8
不動産担保ローンの審査は無料で最短即日！丸の内AMS（エーエムエス）,丸の内ＡＭＳ株式会社,s00000026609001,金融,新規問い合わせ3000円,未提携,a8
箱に詰めるて送るだけ！即現金【宅配買取オクルウル】,株式会社マッチバンク,s00000026614001,リサイクル,新規買取成立3000円,未提携,a8
お酒を詰めて送るだけ！即現金【宅配買取オクルウル】,株式会社マッチバンク,s00000026614002,リサイクル,新規買取成立3000円,未提携,a8
デパコス詰めて送るだけ！即現金【宅配買取オクルウル】,株式会社マッチバンク,s00000026614004,リサイクル,新規買取成立3000円,未提携,a8
古いお金や切手を詰めて送るだけ！即現金【宅配買取オクルウル】,株式会社マッチバンク,s00000026614005,リサイクル,新規買取成立3000円,未提携,a8
警備員の求人情報ならお任せください！警備専門求人サイト【ケイサーチ！】,株式会社第二章,s00000026677001,就職・転職,求人応募3000円,未提携,a8
住信SBIネット銀行【法人口座開設】,住信ＳＢＩネット銀行株式会社,s00000026956001,総合（金融・投資・保険）,新規法人口座開設＋初回ログイン3000円,未提携,a8
「完璧じゃなくていい」単語から始める英会話アプリ【Epop】,Ｅ＿ｐｏｐ＿Ｓｏｆｔ＿Ｉｎｃ．,s00000027035001,習い事,新規プレミアムプラン登録3000円,未提携,a8
掲載数1万件以上の美容業界専門の求人サイト＆転職サポートは「サロンdeジョブ」,株式会社チーム・チャンネル,s00000027048001,就職・転職,"新規会員登録3000円
新規求人応募4000円",未提携,a8
トヨタ提供のIoT見守りデバイス【SayuU（サユー）】,トヨタ自動車株式会社,s00000027075001,その他（暮らし）,初回購入＋利用継続3000円,未提携,a8
理系学生利用者数No.1の総合就活サービス【TECH OFFER】,株式会社テックオーシャン,s00000027165001,就職・転職,新規会員登録3000円,未提携,a8
車買取ソコカラ｜電話か出張どちらかで最適な提案をする「２WAY査定」で高価買取,株式会社はなまる,s00000027197001,車・バイク,"▽一般メディア
新規査定完了3000円

▽ポイントサイト
売却成約20000円",未提携,a8
海外販路で高価買取！2WAY査定で最適提案（廃車用）,株式会社はなまる,s00000027197002,車・バイク,新規査定完了3000円,未提携,a8
プライム上場グループ提供！オーダーメイド家事代行サービス【Ohana(オハナ)】,株式会社広済堂ビジネスサポート,s00000027271001,総合（暮らし）,新規問い合わせ3000円,未提携,a8
オーディオ、電子楽器、PA機器、DJ機器、Apple製品の買取専門店【OTORAKU】,ＲｅＧｒｏｗｔｈ合同会社,s00000027282001,リサイクル,新規買取成立3000円,未提携,a8
【無料から】最短3分で予約ページが完成！かんたん予約システム『freee予約』,フリー株式会社,s00000027339001,その他（Webサービス）,新規会員登録完了3000円,未提携,a8
USENレジ｜飲食店向けPOSレジの資料請求,株式会社ＵＳＥＮ,s00000027363001,その他（Webサービス）,新規資料請求完了3000円,未提携,a8
赴任・出張・語学研修、自己啓発全て対応！ビジネス中国語マンツーマン｜オンライン・法人対応可,キャリアバンク株式会社,s00000027371001,その他（学び・資格）,新規無料体験レッスン3000円,未提携,a8
個人事業主向け即日対応可能ファクタリング【セーフトラスト】,ＳＡＦＥ＿ＴＲＵＳＴ株式会社,s00000027397001,その他（金融・投資・保険）,"新規申込3000円
新規成約15000円",未提携,a8
物販・EC販売者向けの仕入れ／卸サイト【Buyer’s Port（バイヤーズポート）】,株式会社ＦＩＲＳＴ＿ＭＯＶＥ,s00000027401001,ショッピングモール,新規無料会員登録3000円,未提携,a8
楽器買取専門店【楽器の買取屋さん】高額査定&最速の最短30分の無料の出張査定,ＵＮＩ＿ＳＯＵＮＤ株式会社,s00000027408001,音楽,新規査定3000円,提携中,a8
オーディオ買取専門店【オーディオの買取屋さん】高額査定&最速の最短30分の無料の出張査定,ＵＮＩ＿ＳＯＵＮＤ株式会社,s00000027408002,音楽,新規査定3000円,提携中,a8
カメラ買取専門店【カメラの買取屋さん】最短30分の無料出張査定,ＵＮＩ＿ＳＯＵＮＤ株式会社,s00000027408003,リサイクル,新規査定3000円,提携中,a8
モンテッソーリ教育の教材・知育玩具サブスクレンタル【IMANO MANABI｜イマノマナビ】,株式会社イマノマ,s00000027442001,幼児教育,新規申込3000円,未提携,a8
スマホで瞬間英作文発話トレーニング　トーキングマラソン,株式会社ユナイト,s00000027474001,総合（学び・資格）,新規有料プラン購入3000円,未提携,a8
困った目の下のお悩みを本気で改善『アイキララII』,株式会社北の達人コーポレーション,s00000000204020,コスメ・メイク,初回購入2980円,未提携,a8
「アトピー」「乾燥」でお悩みの方に『みんなの肌潤風呂』,株式会社北の達人コーポレーション,s00000000204018,その他（美容）,初回購入2980円,未提携,a8
業界初！男性専用NMN 国内産 純度100％【NMN 15000 BLUE premium】,株式会社燦樹,s00000014723005,美容食品,初回購入2980円,未提携,a8
業界初！女性専用NMN 国内産 純度100％【NMN 15000 WHITE premium】,株式会社燦樹,s00000014723006,美容食品,初回購入2980円,未提携,a8
メディカルエステ【シーズ・ラボ】新規ユーザ獲得プロモーション,株式会社シーズ・ラボ,s00000010990001,エステ,申込2953円,未提携,a8
ニキビケア売上No.1、ニキビ専用洗顔石鹸【NonA.】,有限会社プライマリー,s00000017132001,スキンケア,新規購入1800円,未提携,a8
職人・現場作業員専門の転職支援サービス【職人から施工管理エージェント】転職 ・求職者募集,株式会社ＲＳＧ,s00000021947005,就職・転職,新規無料相談2930円,未提携,a8
１００％天然由来のオーガニックシャンプー【HERBANIENCE(ハーバニエンス）】,さくらの森,s00000010133015,ヘアケア,初回購入2900円,未提携,a8
髪と頭皮のエイジングケア【CA101】,株式会社エル・ド・ボーテ,s00000013080001,ヘアケア,新規購入2900円,未提携,a8
女性の薄毛、抜け毛に新発想の育毛剤【CA101】,株式会社エル・ド・ボーテ,s00000013080002,ヘアケア,新規購入1900円（薬用スカルプエッセンス（キャンペーン価格）のみ）,未提携,a8
大切なお子さまを見守る全ての方に寄り添いたい！【ベビーセンスジャパン】,ベビーセンスジャパン合同会社,s00000024244001,子育て,購入13％,未提携,a8
若者ファーストのGOLDカード【dカード GOLD U】,株式会社ＮＴＴドコモ,s00000013470008,金融,初回カード発行2860円,未提携,a8
レンタル無料の天然水宅配サービス★【ワンウェイウォーター】,ワンウェイウォーター株式会社,s00000007612001,飲料,成約2840円,未提携,a8
鼻炎・花粉症・イビキの悩みに【えぞ式 すーすー茶】,株式会社北の達人コーポレーション,s00000000204014,健康食品,初回購入2838円,未提携,a8
女性誌多数掲載！！【ワクワクメール】無料会員募集,株式会社ワクワクコミュニケーションズ,s00000007384001,恋愛,男女会員登録3300円,未提携,a8
今ある寝具に敷くだけで体が整う【ブレインスリープマットレス　オーバーレイ】,株式会社ブレインスリープ,s00000021363009,インテリア,初回購入2800円,未提携,a8
コンタクトレンズ専門店【エースコンタクト】,株式会社ダブリュ・アイ・システム,s00000026964001,ファッション小物,"▽一般メディア
新規WEB登録後、90日以内に店舗に来店しコンタクトレンズを１箱以上購入3500円

▽ポイントサイト
新規WEB登録後、90日以内に店舗に来店しコンタクトレンズを１箱以上購入2800円",未提携,a8
単身引越しに特化した大人気の安心サービス！【ケーエー引越センター】,株式会社ケーエー企画,s00000027341001,引越,新規引越し2800円,未提携,a8
「バイク買取専門店バイク王」バイク無料出張買取申し込み募集,株式会社バイク王＆カンパニー,s00000001266001,車・バイク,"無料出張買取申込み２７７８円
お試し無料査定申込み２７７８円",未提携,a8
レスベラトロールの3倍！特許配合、美容健康のエイジングケアサプリ【フロージュ】,株式会社リアルメイト,s00000001709022,健康食品,初回購入2778円,未提携,a8
ＱＵＩＣＫ３９のキャッシングローン紹介,株式会社アリスエンターテイメント,s00000005965001,金融,お申込み２７７８円,未提携,a8
ナイツが絶賛！超心地よいヒンヤリ安眠枕【六角脳枕】,株式会社ロッピングライフ,s00000011064001,医療,購入2778円,未提携,a8
【利用料0円！】＜クレジット・カード決済代行＞日本最大級のBtoB見積比較サービス【一括.jp】,株式会社ｅｃｌｏｒｅ,s00000012115008,webコンサルティング,新規打ち合わせ2777円,未提携,a8
【累計お問合わせ数10万件突破！】＜データ入力代行＞業者ご紹介サービス【EMEAO ! 】,株式会社ｅｃｌｏｒｅ,s00000012115009,webコンサルティング,新規申込2777円,未提携,a8
業界最安水準で高品質なお葬式｜満足のいく家族葬をするなら【家族葬のこれから】,株式会社ＡＬＬ＿ｉｎ,s00000026631001,葬祭,"新規資料請求2750円（WEB経由）
新規問い合わせ2750円（電話経由）",未提携,a8
「ソフトバンクでんき × 関西ガスの特別プラン」,ソフトバンク株式会社,s00000026810002,その他（暮らし）,新規供給開始2730円,未提携,a8
環境にもお財布にも優しい電気プラン！【ソフトバンク自然でんき】,ソフトバンク株式会社,s00000026810003,その他（暮らし）,新規供給開始2730円,未提携,a8
子育てを応援！子育てアクアお試しセット【アクアクララ公式】,アクアクララ株式会社,s00000004479005,飲料,新規設置2728円,未提携,a8
【DMM英会話】オンライン英会話NO'1,合同会社ＤＭＭ．ｃｏｍ,s00000026707001,習い事,新規無料体験レッスン受講2728円,未提携,a8
学研のオンライン英会話 Kimini英会話｜教育のスペシャリストがオススメする英語学習,株式会社Ｇｌａｔｓ,s00000017782001,習い事,新規無料会員登録2707円,未提携,a8
「355万本突破、女性のためのマイナチュレスカルプシャンプー」,株式会社レッドビジョン,s00000011495002,ヘアケア,初回購入2700円,未提携,a8
フィギュア買取の専門店【フィギュア買取ネット】,ＧＥＥＫＳ株式会社,s00000012574002,リサイクル,買取成立2700円,未提携,a8
世界に一つだけの似顔絵をあなたに,丸井,s00000014629009,オリジナルギフト,購入3000円,未提携,a8
好きな分だけ、いつでも使える！【WiFi東京プリペイド】,株式会社ニッチカンパニー,s00000016921007,wifi,新規購入2700円,未提携,a8
【ネオチャージWiFi】契約不要・月額０円・契約期間の縛りなし・チャージ式のポケットWiFi！,株式会社エイチアールジェイ,s00000024354001,wifi,新規購入2700円,未提携,a8
生活スタイルに寄り添った選べるでんき【シン・エナジー】,シン・エナジー株式会社,s00000026303001,その他（暮らし）,新規供給開始2684円,未提携,a8
累計100万袋突破！子供向け成長サプリ【成長戦隊ノビルンジャー定期便】,株式会社Ｆｏｒ─Ｓ,s00000020575001,健康食品,新規購入2632円,未提携,a8
L.L.Bean Clubカードセゾン 新規発券プロモーション,株式会社クレディセゾン,s00000026575002,金融,初回カード発行2632円,未提携,a8
千趣会セゾンメンバーズカード 新規発券プロモーション,株式会社クレディセゾン,s00000026575003,金融,初回カード発行2632円,未提携,a8
WOWOWセゾンカード 新規発券プロモーション,株式会社クレディセゾン,s00000026575004,金融,初回カード発行2632円,未提携,a8
MUJI Card 新規発券プロモーション,株式会社クレディセゾン,s00000026575005,金融,初回カード発行2632円,未提携,a8
ロフトカード 新規発券プロモーション,株式会社クレディセゾン,s00000026575006,金融,初回カード発行2632円,未提携,a8
コクーンシティカードセゾン 新規発券プロモーション,株式会社クレディセゾン,s00000026575007,金融,初回カード発行2632円,未提携,a8
JMBローソンPontaカードVisa 新規発券プロモーション,株式会社クレディセゾン,s00000026575008,金融,初回カード発行2632円,未提携,a8
SEIBU PRINCE CLUBカード セゾン 新規発券プロモーション,株式会社クレディセゾン,s00000026575009,金融,初回カード発行2632円,未提携,a8
ヤマダLABI ANAマイレージクラブカード 新規発券プロモーション,株式会社クレディセゾン,s00000026575010,金融,初回カード発行2632円,未提携,a8
ショップチャンネルカード セゾン 新規発券プロモーション,株式会社クレディセゾン,s00000026575011,金融,初回カード発行2632円,未提携,a8
さくら野セゾンカード 新規発券プロモーション,株式会社クレディセゾン,s00000026575013,金融,初回カード発行2632円,未提携,a8
カワトクカード 新規発券プロモーション,株式会社クレディセゾン,s00000026575014,金融,初回カード発行2632円,未提携,a8
株式会社クレディセゾン（サッポロファクトリーカードセゾン）,株式会社クレディセゾン,s00000026575015,金融,初回カード発行2632円,未提携,a8
エムザセゾンカード 新規発券プロモーション,株式会社クレディセゾン,s00000026575017,金融,初回カード発行2632円,未提携,a8
オンラインピル処方【ルナルナおくすり便】,株式会社エムティーアイ,s00000017930002,その他（Webサービス）,初回アプリインストール＋問診完了2631円,未提携,a8
"""車査定は新時代へ"" 中古車買取一括査定【MOTA車買取】",株式会社ＭＯＴＡ,s00000000076017,車・バイク,出品登録2630円,未提携,a8
男女兼用妊活サプリ【ベルタプレリズム】,株式会社ベルタ,s00000012210013,健康食品,初回購入2600円,未提携,a8
年会費永久無料【エポスカード発行】,株式会社エポスカード,s00000015110001,金融,新規カード発行2600円,未提携,a8
すべての季節をこれ1枚で快適に【ブレインスリープ コンフォーター オールシーズンズ】,株式会社ブレインスリープ,s00000021363012,インテリア,初回購入2600円,未提携,a8
良質な睡眠へ導く【ブレインスリープ ウェア サーモ コントロール】,株式会社ブレインスリープ,s00000021363015,その他（ファッション）,初回購入2600円,未提携,a8
究極の疲労回復ウェア。《ブレインスリープ ウェア リカバリー》,株式会社ブレインスリープ,s00000021363017,その他（健康）,新規購入2600円,未提携,a8
全国初！カナダグースクリーニング専門店【FIVE★STAR HIRAISHIYA】,ＰＲＯＳＨＯＰ＿ＨＩＲＡＩＳＨＩＹＡ,s00000021490003,家事・日用品,新規注文2600円,未提携,a8
便秘に悩む人向け【カイテキオリゴ】,株式会社北の達人コーポレーション,s00000000204005,健康食品,初回購入2838円,未提携,a8
住宅ローンを無料で一括比較「モゲチェック」（ローンを見直したい方向け：借り換え）,株式会社ＭＦＳ,s00000017735001,総合（金融・投資・保険）,新規比較サービス申込2564円,未提携,a8
住宅ローンを無料で一括比較「モゲチェック」（これから家を買う方向け：借り入れ）,株式会社ＭＦＳ,s00000017735007,その他（金融・投資・保険）,新規比較サービス申込2564円,未提携,a8
VIOラインの黒ずみケアクリーム【ホスピピュアVIO】,株式会社シーオーメディカル,s00000016012027,ボディケア,初回購入2542円,未提携,a8
“冷凍惣菜”をご自宅まで宅配便でお届け!【ワタミの宅食ダイレクト】,ワタミ株式会社,s00000018527002,その他（グルメ・食品）,初回購入2538円,未提携,a8
有名人愛用のメディカルスキンケア【AMPLEUR（アンプルール）】クレンジングバーム定期コース,株式会社ハイサイド,s00000006767008,スキンケア,新規購入2520円,未提携,a8
毎日続けてスッキリ習慣【完熟アロエまるごと純しぼり】 初回購入,アロエ本舗株式会社,s00000017561001,健康食品,新規購入2000円,未提携,a8
＊元気な方はご遠慮ください。希少な純国産マカであなたをブースト【アスヘノカケハシ】,アイデイ商事株式会社,s00000026882001,健康食品,新規購入2520円,未提携,a8
繰り返すトラブル肌・荒れ肌に【アトピスマイルクリーム】,ライスパワーショップ,s00000013806001,スキンケア,"初回購入3000円（アトピスマイル クリーム）
初回購入10％　（その他商品）",未提携,a8
男女出会いコミュニティ「デジカフェ」女性獲得も強化中！,株式会社ＮＯＲＧ,s00000001223001,恋愛,新規無料会員登録3000円,未提携,a8
海外留学・ワーキングホリデーを比較するなら【留学くらべーる】,株式会社じげん,s00000007975015,専門学校・スクール,初回資料請求完了2500円,未提携,a8
30代以上が選ぶ恋活・婚活マッチングNO.1！【華の会メール】,華コーポレーション,s00000008444013,恋愛,新規無料会員登録2500円,未提携,a8
会員1500万人突破！【イククル】無料会員登録,イククル,s00000009685001,恋愛,新規無料会員登録2500円,未提携,a8
遺品整理業者の一括見積もり・検索サイト【みんなの遺品整理】,株式会社ＬＩＦＵＬＬ＿ｓｅｎｉｏｒ,s00000010276002,その他（暮らし）,新規WEB申込2500円,未提携,a8
プレクック野菜の宅配通販と簡単料理レシピ紹介【イエコック】会員獲得,株式会社ＢｉｚＢｒｅｗ,s00000011782001,生鮮食品,初回定期宅配申込み2500円,未提携,a8
"男性活力サプリの初回1,680円オファー縛り無し案件！【百凱王(ひゃっかいおう)】",株式会社ユーピーエス,s00000012183002,健康食品,新規購入2500円,未提携,a8
男性妊活応援サプリ【ベルタランシード】,株式会社ベルタ,s00000012210025,健康食品,初回購入2500円,未提携,a8
鉄道模型・ガンプラのおもちゃ・ホビー宅配買取専門店【モデモール】,株式会社山徳,s00000012789021,リサイクル,初回買取成立2500円,未提携,a8
自宅で簡単！オンライン英会話【エイゴックス】申込,株式会社シンプソン,s00000013164001,習い事,新規無料体験レッスン受講完了1200円,未提携,a8
【全国対応/宅配買取】ゲーム買取【ホビーコレクト】,株式会社ＪＵＳＴＹ,s00000013178004,リサイクル,買取成立2500円,未提携,a8
英語リスニング・発音に特化したコーチング【mimitore】産経オンライン英会話Plus,産経ヒューマンラーニング株式会社,s00000013202002,習い事,新規無料相談会参加2500円,未提携,a8
【税理士ドットコム】税理士探しの無料問合せ獲得,弁護士ドットコム株式会社,s00000014783001,その他（Webサービス）,"新規お問合せ15000円（法人）
新規お問合せ5000円（相続）
新規お問合せ2500円（その他個人）",未提携,a8
お風呂のお悩み即日解決！見積り無料【お風呂のリフォーム屋さん】,株式会社ＧＲＡＣＥ,s00000015892024,物件,新規見積もり申込2500円,提携中,a8
給湯器修理交換専門【お湯が出ない.com】,株式会社ＧＲＡＣＥ,s00000015892034,その他（暮らし）,新規見積もり2500円,未提携,a8
ジャニーズグッズ買取の【ジャニキング】,株式会社ＪＵＳＴ．Ｉ,s00000016322002,リサイクル,買取成立2500円,未提携,a8
アイドルグッズ買取の【ジャニキング】,株式会社ＪＵＳＴ．Ｉ,s00000016322004,リサイクル,買取成立2500円,未提携,a8
ディズニーグッズ買取の【ジャニキング】,株式会社ＪＵＳＴ．Ｉ,s00000016322005,リサイクル,買取成立2500円,未提携,a8
ゲーム買取の【ジャニキング】,株式会社ＪＵＳＴ．Ｉ,s00000016322006,リサイクル,買取成立2500円,未提携,a8
国内最大級！大人女性向けファッションサブスク【airCloset エアークローゼット 】,株式会社エアークローゼット,s00000016856001,服,"新規会員登録2500円(ライトプラン)
新規会員登録3300円(レギュラープラン)
新規会員登録3300円(ライトプラスプラン)",提携中,a8
1日40分で英語が聞ける、話せる【シャドーイングバディ】,トライズ株式会社,s00000016980004,その他（学び・資格）,初回有料登録2500円,未提携,a8
W保湿/99%天然由来/かゆみケア【アロベビーフォーマム 妊娠線クリーム】,株式会社ＳＯＬＩＡ,s00000017341006,ボディケア,新規購入1500円,未提携,a8
顔出し不要！携帯１台で稼げるテレホンレディ【P-girls】,株式会社コスモスプラス,s00000017423003,在宅ワーク,新規無料女性会員登録2500円,未提携,a8
満足度99.1％！コスパ業界最高クラスの英会話教室【イングリッシュ・ビレッジ】,株式会社イブ・コミュニケーションズ,s00000017576001,家庭教師・塾,新規無料体験レッスン2500円,未提携,a8
【nosh - ナッシュ】ヘルシー（低糖質・低塩分）な宅食サービス,ナッシュ株式会社,s00000017722002,加工食品,初回購入2500円,未提携,a8
本気のビジネスパーソンに！個別徹底指導のオンライン英会話【ビズイングリッシュ】,ビズイングリッシュ,s00000018299001,総合（学び・資格）,"新規無料カウンセリング2500円
新規入会25000円",未提携,a8
24時間365日の安心を【ALSOKホームセキュリティ】,ＡＬＳＯＫ株式会社,s00000018586001,その他（暮らし）,新規資料請求2500円,未提携,a8
"年間約30,000本の修理実績！時計修理専門店WATCH COMPANY",時計修理専門店ＷＡＴＣＨ＿ＣＯＭＰＡＮＹ,s00000018597001,その他（暮らし）,新規見積り2500円,未提携,a8
外壁塗装・屋根塗装の優良業者紹介サービス【ヌリカエ】,株式会社Ｓｐｅｅｅ,s00000018795001,その他（不動産・引越）,新規見積2500円,未提携,a8
【マジカルシェリー骨盤ショーツ】,株式会社Ｔｅｎ＿Ｂｕｒｇｅｒ,s00000019140001,健康グッズ,購入2500円,未提携,a8
月額700円で保証！スマホを守る唯一の保険「モバイル保険」,さくらリビングサービス株式会社,s00000019424001,電話,新規契約2500円,未提携,a8
専門医・管理栄養士監修！食事制限が必要な方に！美味しい宅配弁当【Dr.つるかめ キッチン】,株式会社クロスエッジ,s00000019760001,健康食品,新規購入2500円,未提携,a8
最短7分 オンラインで登記書類自動作成【GVA 法人登記】,ＧＶＡ＿ＴＥＣＨ株式会社,s00000020726001,その他（Webサービス）,新規制作申込2500円,未提携,a8
サンプル映像請求で成果完了！幼児向け英語DVD教材のミライコイングリッシュ,ミライコイングリッシュ,s00000020793001,習い事,新規無料サンプル動画請求500円,未提携,a8
プロがスタイリングしたコーディネートをご自宅にお届け！【DROBE(ドローブ)】,株式会社ＤＲＯＢＥ,s00000020848001,服,新規申込1500円,提携中,a8
QQEnglish（QQイングリッシュ）｜教師の質にこだわったオンライン英会話,株式会社ＱＱ＿Ｅｎｇｌｉｓｈ,s00000020929001,その他（学び・資格）,新規無料体験レッスン2500円,未提携,a8
オンライン完結サービス！スマホの結婚相談所【naco-do】,株式会社いろもの,s00000020930001,婚活,"新規無料面談予約2500円
新規資料請求625円",未提携,a8
1食595円〜 管理栄養士＆医療専門チーム監修の、カラダが喜ぶ健康宅食【メディミール】,メディミール,s00000021041001,健康食品,新規購入2500円,未提携,a8
ご利用継続率96%！日本で最も実績のある家事代行サービス【ミニメイド・サービス】,ミニメイド・サービス株式会社,s00000021213001,総合（暮らし）,新規問い合わせ・資料請求4000円,未提携,a8
科学に基づく睡眠の専門知識を体系的に学べる資格講座【スリーププランナー】,株式会社ブレインスリープ,s00000021363018,資格取得,初回受験料申込完了2500円,未提携,a8
【白髪染め口コミNo.1】トリートメントしながら染める敏感肌用白髪染めカラートリートメント,スリーエム株式会社,s00000021920001,ヘアケア,初回購入2500円,未提携,a8
【白髪染め口コミNo.1】毎日のシャンプーで敏感肌用白髪染めカラーシャンプー,スリーエム株式会社,s00000021920004,ヘアケア,初回購入2500円,未提携,a8
【続けたいと思うスカルプシリーズNo.1】頭皮にハリ・ツヤ・潤いスカルプシャンプー,スリーエム株式会社,s00000021920005,ヘアケア,初回購入2500円,未提携,a8
【続けたいと思うスカルプシリーズNo.1】頭皮に栄養をスカルプ ヘアエッセンス,スリーエム株式会社,s00000021920007,ヘアケア,初回購入2500円,未提携,a8
【全国どこでも】プロダンサーによるマンツーマンダンスレッスン「スポともダンス」,株式会社だんきち,s00000022097001,習い事,新規体験レッスン参加2500円,未提携,a8
24時間365日カンタン予約【国内ダイナミックパッケージ】,株式会社トラベルウエスト,s00000022171003,総合（旅行）,国内ダイナミックパッケージ成約2500円,未提携,a8
24時間365日カンタン予約【海外ダイナミックパッケージ】,株式会社トラベルウエスト,s00000022171006,海外旅行,海外ダイナミックパッケージ成約2500円,未提携,a8
5分で完売！魔法の美尻ショーツ！SNSでバズり中の注目商品！！【モモフル】,ＭＯＯＮ−Ｘ＿Ｊａｐａｎ株式会社,s00000023090001,服,新規購入2500円,未提携,a8
【大人の美尻ショーツmomoful＋】尻質改善が叶う特殊構造！モデル級の美尻に！？,ＭＯＯＮ−Ｘ＿Ｊａｐａｎ株式会社,s00000023090002,服,新規購入2500円,未提携,a8
１０日間で完売！モモフル吸水Tバックショーツ！おりものシート3枚分の吸水力！,ＭＯＯＮ−Ｘ＿Ｊａｐａｎ株式会社,s00000023090003,その他（健康）,新規購入2500円,未提携,a8
可愛すぎると話題沸騰！上品レース柄の【おりもの特化吸水ショーツ】,ＭＯＯＮ−Ｘ＿Ｊａｐａｎ株式会社,s00000023090005,服,初回購入2500円,未提携,a8
大人女性に人気　保温×吸水×可愛さが叶うサニタリーショーツ,ＭＯＯＮ−Ｘ＿Ｊａｐａｎ株式会社,s00000023090006,服,初回購入2500円,未提携,a8
オーストラリア発オーガニックコスメ「ジュリーク」の【フェイスオイル】,株式会社ピーオーグローバル,s00000023586008,スキンケア,"購入(税抜)10％（その他）
新規購入2500円（フェイスオイル）",未提携,a8
とにかく品質にこだわりまくった【おもてなしクリーニングのモクリン】,有限会社たんぽぽ,s00000023611001,家事・日用品,新規集荷依頼2500円,未提携,a8
不動産担保ローン【株式会社マテリアライズ】即日審査でスピード融資,株式会社マテリアライズ,s00000023692001,金融,新規問い合わせ2500円,未提携,a8
子ども一人ひとりの好き！やりたい！から未来にいきる力につながるオンライン習いごと,ＳＯＺＯＷ株式会社,s00000023957002,習い事,新規無料体験参加2500円,未提携,a8
おもちゃ知育玩具のレンタル・サブスク「And TOYBOX」,株式会社みのり,s00000024193001,幼児教育,新規申し込み2500円,提携中,a8
「できる韓国語」を作成した学校の本格レッスン【新大久保語学院　韓国語レッスン】,新大久保語学院,s00000024248002,総合（学び・資格）,新規無料体験参加2500円,未提携,a8
【新商品】安定して速いレンタルSIMの「REN SIM -レンシム-」,株式会社エイチアールジェイ,s00000024354003,回線,初回購入2500円,未提携,a8
お風呂のリフォームなら【株式会社キャッツ】,株式会社キャッツ,s00000024422002,その他（暮らし）,新規見積作成2500円,未提携,a8
水のトラブル即解決｜水漏れ修理・詰まり解消・水回りリフォーム【水の救急隊】,株式会社クリアライフ,s00000024614001,物件,新規申込2500円,未提携,a8
【モグモ】累計300万食突破！幼児向け冷凍宅食サービス,株式会社Ｏｘｘｘ,s00000024962001,子育て,新規購入2500円,未提携,a8
グルテンフリーの豆100%麺【ゼンブヌードル】8食 定期オトク便スタートセット,株式会社ＺＥＮＢ＿ＪＡＰＡＮ,s00000024965003,健康食品,新規購入2500円,未提携,a8
全国展開中！メディアで話題のホワイトニング専門店【ホワイトニングカフェ】,株式会社アユザック,s00000025126001,医療,新規カウンセリング完了2500円,未提携,a8
【スタディサプリENGLISH】法人向け英語研修サービス,株式会社リクルート,s00000025968001,習い事,新規資料請求orお問い合わせ2500円,未提携,a8
不動産担保ローン【MIRAIアセット・ファイナンス】即審査で土日対応可能,株式会社ＭＩＲＡＩアセットファイナンス,s00000026049001,金融,新規問い合わせ2500円,未提携,a8
通勤(札幌)・全国在宅可★高収入チャットレディ募集！激盛りカメラで理想の顔に！【ちょこ】,株式会社Ｒ,s00000026324001,在宅ワーク,"新規応募2500円
新規面接5000円（在宅）
新規面接10000円（通勤）
新規稼働15000円",未提携,a8
タクシー/配送/トラックまで！ドライバー求人豊富なエージェント【日本ドライバー人材センター】,株式会社Ｂｌｕｅ＿Ｒｏｃｋｅｔ,s00000026388001,就職・転職,新規会員登録2500円,未提携,a8
気軽に始められる音楽教室【オトノミチシルベ】,株式会社ＨＩＧＨ＿ＴＩＭＥ,s00000027253001,総合（学び・資格）,"新規体験レッスン参加2500円
新規入会3500円（月1回受講コース）
新規入会6500円（月2回以上受講コース）",未提携,a8
日本唯一の音大提携をした音楽教室！今なら入会で楽器プレゼント！【アサヒ音楽教室】,株式会社ＴｏｐＫｎｏｃｋ,s00000027446001,習い事,新規無料体験レッスン完了2500円,未提携,a8
障がい者の転職なら【世界最大級の転職エージェント／ランスタッド】,ランスタッド株式会社,s00000019113003,就職・転職,新規会員登録2499円,未提携,a8
若手ハイエンド向け転職サイト『ASSIGN』,株式会社アサイン,s00000019900001,就職・転職,会員登録完了2482円,未提携,a8
年間来店者26万人超！有名アスリート、著名人が通う【筋肉食堂】が提供する宅食サービス,ＴＡＮＰＡＣ株式会社,s00000022185001,その他（グルメ・食品）,新規購入2469円,未提携,a8
最高の睡眠枕【ブレインスリープ ピロー（スタンダード）】,株式会社ブレインスリープ,s00000021363001,インテリア,新規購入2450円,未提携,a8
廃車・買取なら引き取り・手続き無料の【廃車ラボ】,株式会社ＥＣＯＬＯＧＹ＿ＳＹＳＴＥＭ,s00000012158002,車・バイク,新規無料見積もり3123円,未提携,a8
【革・その他】高品質な宅配クリーニング／リナビス,株式会社リナビス,s00000014387002,ファッション小物,新規宅配クリーニング申込1500円,未提携,a8
理想の婚約・結婚指輪探し【ハナユメ】,株式会社エイチームライフデザイン,s00000015770008,ウエディング,新規来店予約2400円,未提携,a8
原料会社が作ったプラセンタ原液ドリンク【TOKYO PLACENTA 20cc】,一丸ファルコス株式会社,s00000016632003,美容食品,"初回購入800円（ブタトライアル）
初回購入1200円（ウマトライアル）",未提携,a8
販売累計120万本突破！【ちゅらら クレンジングローション】,株式会社ちゅらら,s00000026904001,スキンケア,新規購入2400円,未提携,a8
【レオゴルフ】全国対応のゴルフウェア宅配買取,株式会社ダイバーシティ,s00000027414001,スポーツ,新規買取成立2400円,未提携,a8
横向き寝を促進し、快適な眠りを。【ブレインスリープ ピロー スノーレス】,株式会社ブレインスリープ,s00000021363010,インテリア,初回購入2360円,未提携,a8
大人気のミルククレンジング 【トリートメント クレンジング ミルク】,カバーマーク株式会社,s00000022278002,スキンケア,新規購入1859円,未提携,a8
私大総合型・学校推薦型選抜合格実績No1【早稲田塾】,株式会社ナガセ,s00000023997003,家庭教師・塾,"新規資料請求2343円
新規無料体験参加2343円
新規オンライン説明会参加2343円
新規個別相談2343円",未提携,a8
ゲームソフト・ゲーム機の宅配買取「ふるいち ゲーム買取」,株式会社テイツー,s00000027481001,リサイクル,新規買取成立2343円,未提携,a8
スリーブのまま送るだけ！上場企業が運営するトレカ宅配買取【ふるいち トレカ買取】,株式会社テイツー,s00000027481002,リサイクル,新規買取成立2343円,未提携,a8
フィギュア・プラモデルを自宅から簡単売却！【ふるいち宅配買取】,株式会社テイツー,s00000027481003,リサイクル,新規買取成立2343円,未提携,a8
送料無料・高価買取！スマホ・タブレットをかしこく売るなら【ふるいち】,株式会社テイツー,s00000027481004,リサイクル,新規買取成立2343円,未提携,a8
40年の実績。夢の地球一周はピースボートクルーズで。【ピースボート】,（株）ジャパングレイス,s00000017807001,海外旅行,"新規資料請求3000円
新規船旅説明会参加3000円
新規ボランティアスタッフ説明会参加3000円",未提携,a8
日本最大級のゴルフウェア高価買取専門店【ストスト】,株式会社一条,s00000019280003,リサイクル,新規買取成立2310円,未提携,a8
バイクウェア、ヘルメット高価買取専門店【ストスト】,株式会社一条,s00000019280004,車・バイク,新規買取成立2310円,未提携,a8
全額返金保証書付きホワイトニング&口臭予防歯磨き粉【ブレスマイルクリア】,株式会社ソーシャルテック,s00000013218009,健康グッズ,購入2307円,未提携,a8
口臭対策＆ホワイトニング【ブレスマイルマウスウォッシュ】,株式会社ソーシャルテック,s00000013218011,健康グッズ,初回購入2307円,未提携,a8
百貨店初のサブスク型ファッションレンタルサービス【AnotherADdress】,株式会社大丸松坂屋百貨店,s00000023131001,その他（ファッション）,新規有料会員登録2307円,提携中,a8
電話3社限定！メールで比較できる引越し見積もり【YUIE引越し見積もりサービス】,株式会社ＭＯＴＡ,s00000027564001,引越,新規引越し見積もり申込2307円,未提携,a8
おもちゃ買取なら趣味の品の買い取り専門店【トイフォレスト】買取促進,株式会社エスティ,s00000014347001,リサイクル,新規買取3500円,未提携,a8
格安スマホのUQモバイル【UQ mobile】,ＵＱｍｏｂｉｌｅ,s00000014884001,電話,"新規契約3450円（新規・他社乗りかえ（MNP））
新規契約750円（au/povoから乗りかえ）
新規機種変更3000円",未提携,a8
優良専門業者紹介サービス【ガラス110番】,シェアリングテクノロジー株式会社,s00000015223017,その他（暮らし）,見積依頼2300円,未提携,a8
2次元キャラになりきって稼ぐ！スマホアプリで簡単高収入・通話・チャットレディ募集【求人在宅】,有限会社ユニウェイ,s00000017242003,在宅ワーク,新規女性応募2300円,未提携,a8
累計80万本突破！デリケートゾーンの悩みに【イビサソープ】,株式会社ウィルミナ,s00000017477002,ボディケア,新規購入2000円,未提携,a8
老人ホーム検索サイト：みんなの介護,みんなの介護,s00000024591001,その他（暮らし）,"新規資料請求2300円
新規見学2300円",未提携,a8
ブランドバッグのサブスク。Laxus（ラクサス）,ラクサス・テクノロジーズ株式会社,s00000024844001,ファッション小物,新規アプリインストール＋レンタル申込2300円,提携中,a8
おうちの家族をそっと見守り 【 au 見守りプラグ】,ＫＤＤＩ株式会社,s00000027087001,その他（暮らし）,初回購入2300円,未提携,a8
【動物栄養学博士監修】国産無添加スペシャリティードッグフード「Dr.ケアワン」,株式会社アニマルライフ研究所,s00000017612002,ペット,初回購入1630円,提携中,a8
【最大21万円UP】 フィギュア・ホビーをネットで売るならもえたく！宅配買取,リネットジャパングループ株式会社,s00000008384005,リサイクル,買取1364円,未提携,a8
おうちの冷凍庫を宝箱に！フレンチシェフが贈る本格冷凍弁当ＤＥＬＩＰＩＣＫＳ,株式会社ＤＥＬＩＰＩＣＫＳ,s00000022857001,総合（グルメ・食品）,"新規購入2272円（お試し）
新規購入2500円（定期）",未提携,a8
ChatGPTなどの生成AIを学び仕事に活かす！「DMM 生成AI CAMP」,合同会社ＤＭＭ．ｃｏｍ,s00000027398001,その他（学び・資格）,"新規無料セミナー予約2257円
新規入会申込7519円",未提携,a8
血糖値が気になる方へ【アラプラス 糖ダウン/糖ダウンアラシア】,ＳＢＩアラプロモ株式会社,s00000019122001,健康食品,初回購入5000円,未提携,a8
お好きな車が月々1万円台から！新車に定額で乗れる【MOTAカーリース】,株式会社ＭＯＴＡ,s00000000076019,車・バイク,新規審査申込2255円,未提携,a8
無料体験申込み案内｜きもの着方教室【いち瑠（いちる）】,株式会社一蔵,s00000020823001,習い事,新規無料体験2255円,未提携,a8
便通改善＆体重・腹部の脂肪減少サポート！ヨーグルト味の機能性食品Oigurt,株式会社バッカス,s00000025092001,健康食品,初回購入2255円,未提携,a8
【VCリッチセラム　新型ビタミンC誘導体美容液】,株式会社キャシーズチョイス,s00000017336003,スキンケア,"新規購入2000円(C-マックスローション　通常・定期購入)
新規購入2000円(VCリッチセラム 通常・定期購入)
新規購入2250円(薬用アシィドローションEX 通常・定期購入)",未提携,a8
ライブチャット女性募集【キューティーワーク】,有限会社ユニウェイ,s00000017242001,在宅ワーク,新規女性無料会員登録2240円,未提携,a8
【BB.exciteモバイル／Flatプラン】定額制料金の格安SIM,エキサイト,s00000000979026,電話,新規開通2200円,未提携,a8
[成果原則全承認]【ハッピーメール】会員登録プログラム,ハッピーメール,s00000002248006,恋愛,新規無料会員登録2200円,未提携,a8
宅配健康食事を全国へお届けする通販サイト【ウェルネスダイニング】,ウェルネスダイニング株式会社,s00000014098001,総合（グルメ・食品）,初回購入2200円,未提携,a8
やわらかい宅配食を冷凍で全国へお届けする通販サイト【やわらかダイニング】,ウェルネスダイニング株式会社,s00000014098002,加工食品,初回購入2200円,未提携,a8
「たんぱく質が摂れる脂質調整食」〜ウェルネスダイニング〜,ウェルネスダイニング株式会社,s00000014098006,加工食品,初回購入2200円,未提携,a8
遺品整理専門【ライフリセット】,株式会社アシスト,s00000014894012,その他（暮らし）,新規成約2200円,未提携,a8
新感覚えびせん【クアトロえびチーズ】特別キャンペーン,株式会社志満秀,s00000019189002,加工食品,新規購入1500円,未提携,a8
バストアップ専門サロン発ナイトブラ【PG-Bra】,株式会社Ｂｅｌｌｅｔｉａ,s00000020641001,ボディケア,新規購入2200円,未提携,a8
ご利用者数50万人突破★占い師2000人以上登録【ミラーメール占い(チャット形式)】でお悩み相談！,株式会社ラップス,s00000022019002,占い,新規チャット占い2200円,未提携,a8
しみ・そばかすに飲んで効く医薬品【ホワイピュア】,ジェイフロンティア株式会社,s00000024569001,美容食品,新規購入2200円,未提携,a8
アプリで最短1分！年会費無料・審査なしVisaプリペイドカード【バンドルカード】,株式会社カンム,s00000027217001,その他（金融・投資・保険）,新規ポチっとチャージ完了2200円,未提携,a8
聞く・話す・読む・書くの4技能を同等に高められる子供英語教室【アミティー】,株式会社イーオン,s00000023532003,幼児教育,"新規資料請求2186円
新規無料体験申込完了4373円",未提携,a8
カラダの中からスッキリ、キレイに【美爽煌茶（びそうこうちゃ）】,株式会社フレージュ,s00000017284001,健康食品,新規購入2000円,未提携,a8
置き配を基本に、日替わりの夕食をお届け！【ワタミの宅食】,ワタミ株式会社,s00000023188001,加工食品,初回購入2150円,未提携,a8
おなかの脂肪・体重減少　スリムストンコーヒー,株式会社しまのや,s00000027387001,ダイエット,初回定期購入2149円,未提携,a8
成績アップの新常識！リクルート【スタディサプリ中学講座】,株式会社リクルート,s00000014879005,家庭教師・塾,新規有料登録2145円（ベーシックコース）,未提携,a8
【オンラインで学ぶ高品質ビジネス英会話】Bizmates（ビズメイツ）無料体験プロモーション,ビズメイツ株式会社,s00000012753001,習い事,新規無料体験レッスン受講2100円,未提携,a8
業界初！予約無しでレッスンし放題のオンライン英会話【NativeCamp】,株式会社ネイティブキャンプ,s00000014758001,習い事,無料レッスン体験1100円,未提携,a8
ガリバー中古車在庫問い合わせ,株式会社ＩＤＯＭ,s00000001263004,車・バイク,サービス申込2100円,未提携,a8
産婦人科医＆管理栄養士によるW監修の葉酸サプリ【メルミー葉酸サプリ】,株式会社ニューアクション,s00000016325004,健康食品,新規購入2100円,未提携,a8
もちもちツルツルのお肌に【アロベビー ミルクローション】,株式会社ＳＯＬＩＡ,s00000017341001,子育て,新規購入2100円,未提携,a8
レチノール高配合クリーム【BORDER FREE cosmetics マルチフェイシャルクリーム】,株式会社ＡｂｅｍａＴＶ,s00000021783004,スキンケア,初回購入2100円,未提携,a8
生活家電のレンタル・サブスクサービス【家電レンタルみんなのHappy】,株式会社トミザワ,s00000026260001,家電,新規サブスクまたはレンタル申込2100円,提携中,a8
業界トップクラスの車買取実績安心の証【carview!】,ＬＩＮＥヤフー株式会社,s00000026273001,リサイクル,新規査定申込2100円,未提携,a8
産後イライラサポートサプリ「ベルタママリズム」,株式会社ベルタ,s00000012210015,健康食品,初回購入2083円,未提携,a8
国内航空券＋ホテルの予約なら【エアトリプラス】,株式会社エアトリ,s00000001343016,国内旅行,成約2070円,未提携,a8
医療事務資格を最短1ヶ月で！合格率94.4％の実績【日本医療事務協会】,株式会社日本教育クリエイト,s00000021679004,資格取得,新規講座申込2040円,未提携,a8
ジェムプリ-スマホアプリで簡単高収入・通話・チャットレディ募集【求人・在宅】,有限会社ユニウェイ,s00000017242002,在宅ワーク,新規女性無料会員登録2030円,未提携,a8
預けて安心・創業60年以上の老舗クリーニング屋【宅配クリーニング 大和屋】,株式会社大和屋,s00000025597001,家事・日用品,新規注文2030円,未提携,a8
いつでもどこでもクラウド型インターネットFAX【MOVFAX［モバックス］】,日本テレネット株式会社,s00000017538001,総合（Webサービス）,契約2002円,未提携,a8
創業89年・京都の伝統の味を召し上がってみませんか？,京つけもの＿ニシダや,s00000021775001,加工食品,"▽一般
新規購入2000円（頒布会 ※定期便）
購入15％（単品商品）

▽ポイントサイト
新規購入15％（頒布会 ※定期便）
購入15％（単品商品）",未提携,a8
簡単お腹シェイプヒロミプロデュース【Vアップシェイパー】,株式会社ロッピングライフ,s00000011064014,ダイエット,"購入(税抜)9.3％（Vアップシェイパー）
購入2000円（VアップシェイパーEMS）",未提携,a8
フリーランス向けエージェント・求人紹介サービス【クラウドワークス テック】,株式会社クラウドワークス,s00000012521006,その他（仕事情報）,新規会員登録2000円,未提携,a8
送料無料早い人は翌朝実感肌！鬼売れ★神のコラーゲン【PURUOI】,株式会社マザーリーフ薬品,s00000002942037,美容食品,新規購入2200円,未提携,a8
【初回半額キャンペーン!!】（7/15まで!）ザ・糖質プレミアムダイエット,株式会社マザーリーフ薬品,s00000002942041,ダイエット,新規購入2200円,未提携,a8
“磁気ケア×バスト補整”という新発想のデイ＆ナイトブラ。【ドクトルリンパ】,株式会社ロッピングライフ,s00000011064075,服,"購入3000円（1枚単品）
購入6000円（3枚セット）
購入9000円（5枚セット）

▽ポイントサイト
購入3000円",未提携,a8
いますぐ予約可能！初心者のためのビジネス英会話 Aleva（アレバ）,株式会社ライトエデュケーション,s00000019544002,総合（学び・資格）,新規無料体験レッスン受講or有料会員移行完了2500円,未提携,a8
タカラスタンダードのショールーム予約促進プロモーション,タカラスタンダード株式会社,s00000022301001,物件,新規ショールーム予約＋来店(リフォーム)2600円,未提携,a8
蓄電池の公式一括見積りサイト【タイナビ蓄電池】,株式会社グッドフェローズ,s00000010685007,総合（暮らし）,新規無料一括見積り3000円,未提携,a8
古いゲーム買取、宅配買取の【レトログ】,株式会社山徳,s00000012789002,リサイクル,買取成立2000円,未提携,a8
骨董品の高額買取は【日晃堂】,株式会社日晃堂,s00000018434001,リサイクル,新規査定依頼4000円,未提携,a8
チャージ型ポケットWiFi【プレミアムチャージWiFi】何度も使える買い切り型モバイルWiFi,株式会社ＭＡＹＡビジネスソリューションズ,s00000022358003,wifi,新規購入2000円,未提携,a8
生協の宅配【パルシステム】おためし宅配,パルシステム生活協同組合連合会,s00000000064010,総合（グルメ・食品）,初回申込2000円,未提携,a8
大・大募集中！【SUUMO】新築マンション／一戸建て購入者アンケート,株式会社リクルート,s00000000141008,物件,新規webアンケート回答2000円,未提携,a8
【固定IPアドレスが539円！】ロリポップ！固定IPアクセス,ＧＭＯペパボ株式会社,s00000000404027,その他（インターネット接続）,新規契約2000円,未提携,a8
プログラミング不要！ブラウザだけで動かせる【ロリポップ！AIエージェントクラウド】,ＧＭＯペパボ株式会社,s00000000404028,webコンサルティング,新規契約2000円,未提携,a8
クルマ、中古車、事故車の全国買取査定,有限会社弥来精機,s00000000705001,車・バイク,"買取成約２０万円未満の買取１件につき２，０００円
買取成約２０万円以上の買取１件につき５，０００円
買い替え成約１件につき１０，０００円
買取でなく修理になった際は１件につき２，０００円",未提携,a8
会員1000万人以上！【ミントC!Jメール】無料会員登録,ＭＩＣクリエイターズ,s00000002509002,恋愛,新規無料会員登録（男女問わず）2000円,未提携,a8
家電・家具のお届けレンタルサービス【かして！どっとこむ】ご成約,株式会社サークランド,s00000003161003,家電,成約2000円,提携中,a8
不動産活用ローン、他ローン申込み,日宝,s00000003219001,金融,不動産担保ローン商品申込み2000円,未提携,a8
ムダ毛ケアローションからメンズ用が登場！塗り続けるだけであなたもツルモテ肌 に！,株式会社鈴木ハーブ研究所,s00000005950015,スキンケア,購入2000円,未提携,a8
ヒロセ【FX新規口座開設】促進企画,ヒロセ通商株式会社,s00000006699001,投資,"▽一般メディア
新規口座開設＋取引2000円

▽ポイントサイト
新規口座開設＋取引2000円",未提携,a8
家庭教師センターお探しなら『家庭教師比較くらべーる』,株式会社じげん,s00000007975013,家庭教師・塾,初回資料請求3800円,未提携,a8
あなたに合う結婚相談所の無料体験サービスを診断『結婚相談所比較ネット』,株式会社じげん,s00000007975014,婚活,初回資料請求3800円,未提携,a8
脂漏性の頭皮、ニオイ、フケかゆみ専用【デオラボ　LIAスカルプシャンプー】,デオラボ,s00000008623004,ヘアケア,新規購入2000円,未提携,a8
マキアレイベル【薬用クリアエステヴェール】,株式会社ＪＩＭＯＳ,s00000009421008,スキンケア,新規購入2000円,未提携,a8
【マキアレイベル】オールインワン”プロテクトバリアリッチｃ”,株式会社ＪＩＭＯＳ,s00000009421009,スキンケア,新規購入2000円,未提携,a8
妊婦さん＆1歳未満のママパパ限定！1本無料お試し【クリクラSMILEベビー】,クリクラ,s00000009598002,飲料,無料サーバー設置完了2000円,未提携,a8
史上初の処方！７秒でエステ級ケアを実現、美白オールインワンクリーム『グラスキン』,さくらの森,s00000010133024,スキンケア,初回購入2000円,未提携,a8
お得な定期便【mitete 女性100人の声から生まれた葉酸サプリ】,株式会社エーエフシー,s00000010234007,健康食品,初回購入2000円,未提携,a8
【周りも嫉妬のあざとキレイな美髪】Kicca クリームシャンプー定期便,株式会社エーエフシー,s00000010234011,ヘアケア,初回購入2000円,未提携,a8
【男の頭皮の悩みはこの1本でOK！】SHIN.薬用ボタニカルスカルプシャンプー定期便,株式会社エーエフシー,s00000010234012,ヘアケア,初回購入2000円,未提携,a8
セキュリティは安心のSECOM【セコム・ホームセキュリティ】資料請求促進,セコム株式会社,s00000011062001,物件,"新規資料請求2000円
新規見積り依頼2000円",未提携,a8
転職成功実績1万【リクルートエージェント】転職支援サービス登録,株式会社インディードリクルートパートナーズ,s00000011454002,就職・転職,新規WEBエントリー後、初回受付完了2000円,未提携,a8
【応募で成果・特別報酬あり】FANZAのノンアダルトチャトレ求人【GTM】,株式会社ダラーズ,s00000011503004,在宅ワーク,新規在宅チャットレディ応募2000円,未提携,a8
どこでも手軽にファックス　インターネットファックスなら【ｅＦａｘ】,ｊ２＿Ｇｌｏｂａｌ＿Ｊａｐａｎ有限会社,s00000011726001,その他（インターネット接続）,契約2000円,未提携,a8
どこでも手軽にファックス　インターネットファックスなら【ｊＦａｘ】,ｊ２＿Ｇｌｏｂａｌ＿Ｊａｐａｎ有限会社,s00000011726004,その他（Webサービス）,契約2000円,未提携,a8
メールのみOK【VI-VO(ビーボ)スマホチャットレディ募集】,株式会社エムジー,s00000011829005,在宅ワーク,新規稼働2000円,未提携,a8
サービス品質保証制度で安心・安全の「クラウド VPS byGMO」,ＧＭＯグローバルサイン・ホールディングス株式会社,s00000012042001,サーバー,"1GBプラン：1000円
2GBプラン：2000円
4GBプラン：3000円
6GBプラン：3000円
8GBプラン：3000円
12GBプラン：3000円",未提携,a8
売上NO1産婦人科医も推奨【ベルタ葉酸サプリ】,株式会社ベルタ,s00000012210004,美容食品,購入2000円,提携中,a8
ワキ・二の腕などの黒ずみ・ブツブツに！【薬用アットベリー】,株式会社ファーストフレンズ,s00000012325001,ボディケア,新規購入2000円,未提携,a8
ハリ、しわに♪ヒト幹細胞、卵殻膜を高配合！【ハニプラ美容液】,株式会社ファーストフレンズ,s00000012325003,スキンケア,初回購入2000円,未提携,a8
首や顔、デコルテなどのイボ、角質のポロリケア♪【クリアポロン】,株式会社ファーストフレンズ,s00000012325005,ボディケア,新規購入2000円,未提携,a8
高機能化粧水！４種の和漢エキス・ヒト幹細胞を配合♪【シロメル 】,株式会社ファーストフレンズ,s00000012325010,スキンケア,新規購入2000円,未提携,a8
除毛しながらくすみ吸着！輝くツルピカ肌へ！【ケトリーム】,株式会社ファーストフレンズ,s00000012325011,ボディケア,新規購入2000円,未提携,a8
Macの買取専門店 【Mac買取ネット】,ＧＥＥＫＳ株式会社,s00000012574008,家電,買取2000円,未提携,a8
【ビジネス特化型オンライン英語コーチング】 Bizmates Coaching（ビズメイツ コーチング）,ビズメイツ株式会社,s00000012753004,その他（学び・資格）,新規コーチング申込2000円,未提携,a8
K-POPグッズの宅配買取【推しトク】,株式会社山徳,s00000012789001,リサイクル,買取成立2500円,未提携,a8
アナログレコード買取専門店BeeRecords（ビーレコード）,株式会社山徳,s00000012789015,リサイクル,買取成立2000円,未提携,a8
会場探し、結婚準備に迷ったら【相談無料】ゼクシィ相談カウンター,株式会社リクルート,s00000013094006,婚活,新規相談予約完了（WEBも可）2000円,未提携,a8
【全国対応/宅配買取】ディズニーグッズ買取【ＪＵＳＴＹ】,株式会社ＪＵＳＴＹ,s00000013178003,リサイクル,買取成立2300円,未提携,a8
【全国対応/宅配買取】レコード専門買取【ＪＵＳＴＹ】,株式会社ＪＵＳＴＹ,s00000013178025,リサイクル,買取成立2000円,未提携,a8
筋力サポート加圧シャツ【MUSCLE PRESS（マッスルプレス）】,日本サプリメントフーズ株式会社,s00000013307010,その他（美容）,初回購入3000円,未提携,a8
ヒゲ、体毛のお悩みに！メンズ用化粧水【MONOVOヘアアフターシェーブローション】,日本サプリメントフーズ株式会社,s00000013307020,ボディケア,初回購入2000円,未提携,a8
圧倒的コスパの着圧レギンス【プリマキュットレギンス】,日本サプリメントフーズ株式会社,s00000013307036,ダイエット,初回購入2000円,未提携,a8
男らしさを取り戻す！栄養機能食品（亜鉛）【エデース亜鉛】,日本サプリメントフーズ株式会社,s00000013307040,健康食品,初回購入2000円,未提携,a8
【業界最大手】クリックジョブ介護会員登録,ライフワンズ株式会社,s00000013570001,就職・転職,新規会員登録2000円,未提携,a8
繰り返す毛穴・ニキビの肌悩みに画期的スキンケア【ライース クリアセラムNo.6】,ライスパワーショップ,s00000013806003,スキンケア,"新規購入2000円（ライース クリアセラムNo.6トライアル）
新規購入3000円（ライース クリアセラムNo.6）",未提携,a8
肌を育てるエイジングケアのスタンダードライン【ライースアクティブ】,ライスパワーショップ,s00000013806004,スキンケア,新規購入2000円（トライアル）,未提携,a8
敏感肌のための機能性スキンケアブランド【アトピスマイルフォルテ】,ライスパワーショップ,s00000013806007,スキンケア,新規購入2000円,未提携,a8
≪つばさコーポレーション≫不動産担保ローン申込促進,株式会社つばさコーポレーション,s00000014131001,金融,新規不動産担保ローン申込み2000円,未提携,a8
医薬部外品「薬用ＶＣボディミスト」背中・デコルテ・胸のニキビ、赤いぶつぶつに,ＳｉＢＯＤＹ,s00000014225008,スキンケア,新規購入2000円,未提携,a8
ディズニーGoodsって実は高く売れるんです！ディズニー関連グッズ買取専門【GOODS買取ネット】,ＧＯＯＤＳ買取ネット,s00000014249003,リサイクル,買取成立2000円,未提携,a8
【イエコマ】戸建住宅の軽メンテナンス（水管清掃/網戸張り替え/家屋修繕 など ）,株式会社ネオロジー,s00000014250001,その他（不動産・引越）,"新規問い合わせ2000円
新規施工3000円",未提携,a8
楽天１位獲得【防災士が厳選した防災グッズ39点セット】,ＮＵＬＬメンズ化粧品,s00000014286009,その他（暮らし）,購入2000円,未提携,a8
こどもの免疫力を高める【こどもバナナ青汁】,株式会社エメトレ,s00000014295002,健康食品,新規購入2000円,未提携,a8
結婚相談所Bridalチューリップ入会促進,株式会社ナウい,s00000014346001,婚活,"新規無料カウンセリング2000円
新規入会40000円",未提携,a8
30〜40代男性をターゲットにした結婚相談所【Bridalチューリップ】,株式会社ナウい,s00000014346003,婚活,"新規無料カウンセリング2000円
新規入会40000円",未提携,a8
月額1800円〜コスパ最強のモバイルWi-Fi【MONSTER MOBILE】,株式会社ＮＥＸＴ【優良代理店表彰実績多数】,s00000014546024,wifi,"＜個人＞ 
開通2000円（縛りなしプラン）
開通3000円（2年契約プラン）
開通3000円（無制限プラン）

＜法人＞
開通2000円（縛りなしプラン）
開通3000円（2年契約プラン）",未提携,a8
必要な時だけ都度チャージ！買い切り型チャージ式モバイルWiFi「Free-Style Wi-Fi」,株式会社ＮＥＸＴ【優良代理店表彰実績多数】,s00000014546026,wifi,新規購入2000円,未提携,a8
働きやすい学童保育所への転職・就職サポート【はじめての学童指導員】,株式会社サクシード,s00000014574009,就職・転職,新規登録2000円,未提携,a8
iPhoneデータ復旧・基板修理サービス【FIREBIRD】,株式会社ギア,s00000014833003,電話,新規修理申込2000円,未提携,a8
逆求人型転職エージェント【LIBZ】,株式会社リブ,s00000015285002,就職・転職,新規会員登録2000円,未提携,a8
インターネットFAXサービス　スマホでFAX確認するなら【メッセージプラス】,Ｍｅｓｓａｇｅ＋（メッセージプラス）,s00000015324001,電話,新規申込2000円,未提携,a8
輸入車の整備・車検・板金なら全国200社【buv.LABO】,株式会社ＧＲＡＣＥ,s00000015892021,車・バイク,新規見積もり1000円,提携中,a8
関連機関と連携し、頭皮・髪を研究してきた【スカルプDのシャンプー・トリートメント】,アンファー株式会社,s00000016002004,ヘアケア,新規購入2000円,未提携,a8
スカルプDのまつ毛美容液<アイラッシュセラム　プレミアム>,アンファー株式会社,s00000016002005,その他（美容）,新規購入2000円,未提携,a8
髪のエイジングサインにアプローチする【スカルプDボーテ】,アンファー株式会社,s00000016002009,ヘアケア,新規購入2000円,未提携,a8
不動産担保ローン・無料審査申込【ジェイエフシー（ＪＦＣ）】,ジェイ・エフ・シー株式会社,s00000016107001,その他（不動産・引越）,新規問い合わせ2000円,未提携,a8
創業から60年超、40歳からの結婚相談所！【茜会】(16-0229),日本健康管理株式会社,s00000016179001,婚活,"新規資料請求2000円
新規面談完了3000円",未提携,a8
おうちをレストランに変える食ブランド【TastyTable FOOD】,株式会社ニューアクション,s00000016325005,その他（グルメ・食品）,新規定期購入完了3000円,未提携,a8
【NHK紹介】全国対応 8.91万円からのお葬式【よりそうお葬式】,株式会社よりそう,s00000016461001,葬祭,新規資料請求2000円,未提携,a8
革命的シンプル！ブリッジWiFi,株式会社ニッチカンパニー,s00000016921008,wifi,新規購入2000円,未提携,a8
ビューティーデザイナー監修【オウミニョンヌ　オーガニックオイルセラム】,株式会社ｓａｌｙ,s00000017043003,スキンケア,新規購入2000円,未提携,a8
赤ちゃんの成長に必要な栄養たっぷりの【アロベビー 葉酸サプリ】,株式会社ＳＯＬＩＡ,s00000017341005,子育て,新規購入2000円,未提携,a8
桃谷順天館×アデランス(R)の共同開発 女性用新スカルプケア＜RF28 スカルプ エッセンス＞,株式会社桃谷順天館,s00000017393004,ヘアケア,初回購入2000円,未提携,a8
美容オイルINハリ肌強化オールインワンジェル【RF28 ミラクルワン リッチ＆リフト】,株式会社桃谷順天館,s00000017393006,スキンケア,新規購入2000円,未提携,a8
美活菌に着目した腸活サプリ【RF28　インナースキンビューティーフローラサプリメント】,株式会社桃谷順天館,s00000017393007,美容食品,新規購入2000円,未提携,a8
「シワ改善」×「シミ・美白」医薬部外品【RF28 Wエフェクトアイクリーム】,株式会社桃谷順天館,s00000017393008,スキンケア,新規購入2000円,未提携,a8
6万処方からたどり着いた純粋レチノール高濃度美容液【No46.ピュアRTセラム】,株式会社桃谷順天館,s00000017393010,スキンケア,新規購入2000円,未提携,a8
ビタミンC約250倍のパワー！フラーレン高濃度配合【No45.ピュアFLセラム】,株式会社桃谷順天館,s00000017393011,スキンケア,新規購入2000円,未提携,a8
クラウド会計ソフト「マネーフォワードクラウド」,株式会社Ｗｉｚ,s00000017718053,総合（Webサービス）,"新規導入2000円（通常プラン）
新規導入20000円（補助金プラン）",未提携,a8
＜個人事業主向け＞確定申告書等を自動作成で効率化！【マネーフォワード クラウド】,株式会社Ｗｉｚ,s00000017718074,起業・会社設立,"新規導入2000円（通常プラン）
新規導入20000円（補助金プラン）",未提携,a8
【和漢・みらいのキャットフード】特別療法食から総合栄養食まで全13種類,自然の森製薬株式会社,s00000017753003,ペット,新規購入2000円,提携中,a8
完全個別洗い！四万十川の源流水使用。布団クリーニング【しももとクリーニング】,有限会社しももとクリーニング,s00000017843001,家事・日用品,注文2000円,未提携,a8
ハウスクリーニングの専門家【おそうじ革命】,株式会社ＫＩＲＥＩ＿ｐｒｏｄｕｃｅ,s00000017949001,家事・日用品,予約2000円,未提携,a8
病気や症状への配慮を希望する学生向け就活サービス【atGP 就活エージェント】,株式会社ゼネラルパートナーズ,s00000017969009,就職・転職,新規会員登録2000円,未提携,a8
多種多様なフィギュアを絶賛買取しています！【フィギュア買取アローズ】,買取アローズ,s00000018024002,リサイクル,新規買取成立2000円,未提携,a8
多種多様なゲーム機・ゲームソフトを絶賛買取しています！【ゲーム買取ブラザーズ】,買取アローズ,s00000018024004,リサイクル,新規買取成立1000円,未提携,a8
GMOインターネットグループの【GMOコイン】,ＧＭＯコイン株式会社,s00000018080001,その他（金融・投資・保険）,新規口座開設完了2000円,未提携,a8
あらゆる資金ニーズにお応えします。【トラストホールディングス】,トラストホールディングス株式会社,s00000018376001,金融,新規不動産担保ローン申込み2000円,未提携,a8
"送料無料！他社との違いは""真心""「お客様単位」洗いで安心♪【プラスキューブ】",株式会社いすい,s00000018478001,家事・日用品,新規注文2000円,未提携,a8
結婚相談所をもっと始めやすく、もっと便利に。結婚相談所ならエン婚活エージェント。,エン婚活エージェント株式会社,s00000018779001,婚活,"新規無料体験2000円
新規入会15000円",未提携,a8
【乱視用コンタクトレンズ代を安くする】定額制・サブスクのdicon,粧美堂株式会社,s00000019683002,ファッション小物,初回定期購入2000円,未提携,a8
詰めて渡すだけのかんたん買取【ブックサプライ】,株式会社ブックサプライ,s00000019691001,リサイクル,新規買取成立2000円,未提携,a8
国産プレミアムドッグフード【Yum Yum Yum!(ヤムヤムヤム)】,株式会社カラーズ,s00000019729001,ペット,新規購入2000円,未提携,a8
縛りなし！業界最安級のレンタルSIM・Wi-Fi【ファストSIM-WiFi】,株式会社ツボスタ,s00000020065002,wifi,新規契約2000円,未提携,a8
理想のカラダへ導くボディメイクフード「Muscle Deli」,株式会社ＹＯＵＲ＿ＭＥＡＬ,s00000020311001,ダイエット,新規購入2000円,提携中,a8
オトコのスキンケア決定版！高保湿&サラサラなつけ心地【トータルスキンケア保湿ジェル】,ＨＯＬＯ＿ＢＥＬＬ,s00000020317001,スキンケア,"新規購入1500円(トータルスキンケア保湿ジェル　通常商品)
新規購入1500円(トータルスキンケア保湿ジェル　トライアル＆定期購入／定期購入)",未提携,a8
オンライン英会話 メンタリストDaiGoさんも受講している全く新しいAQUES,株式会社ＡＱＵＥＳ,s00000020365001,習い事,新規有料お試しレッスン10000円,未提携,a8
全国で毎月開催、ベビー＆キッズ＆ファミリー撮影を楽しめる無料オーディション撮影会,株式会社Ｔｉｍｅｒｓ,s00000020411001,写真・プリント,新規無料撮影申込2000円,未提携,a8
心のつらさをサポートする前向きサプリ【ヒキウツ笑顔 】,新日本漢方ラボ合同会社,s00000020459002,健康食品,初回購入1500円,未提携,a8
【アカデミー・デュ・ヴァン】ビギナー向けワイン講座が人気。まずは無料体験へ！,株式会社アカデミー・デュ・ヴァン,s00000020527001,習い事,新規無料体験参加2000円,未提携,a8
トップ大学生のフォローアップなどサポートが充実の新しいタブレット【RISU算数】,ＲＩＳＵ＿Ｊａｐａｎ株式会社,s00000020544001,総合（学び・資格）,"▽一般メディア
新規お試し体験完了2000円

▽ポイントサイト
新規成約5000円",未提携,a8
"""締め付け感ゼロ""なのに抜群の補正力！",株式会社Ｂｅｌｌｅｔｉａ,s00000020641003,服,新規購入2000円,未提携,a8
審査なしだから本人名義で契約できる！【だれでもモバイル】,だれでもモバイル株式会社,s00000020760011,電話,新規開通5000円,未提携,a8
おいしい+胃腸にいい水をつくる日本トリムの「電解水素水整水器」,株式会社日本トリム,s00000020784002,飲料,新規資料請求2000円,未提携,a8
たっぷり野菜のゴロうまおかずキットが届くGREEN SPOON,株式会社Ｇｒｅｅｎｓｐｏｏｎ,s00000020891001,健康食品,新規購入2500円,未提携,a8
ロレックス、オメガ、カルティエなどの腕時計修理オーバーホール【リペスタ】,株式会社リペスタ,s00000020940001,ファッション小物,新規見積り2000円,未提携,a8
★無添加グレインフリープレミアムキャットフード★【GRANDS（グランツ）】,ＧＲＡＮＤＳ株式会社,s00000021291001,ペット,初回購入2000円（定期コース）,提携中,a8
10秒で、洗顔の常識が変わる　SHIKARI BRIGHTENING WASH,株式会社長寿乃里,s00000021312001,スキンケア,初回購入2000円,未提携,a8
全国初！ルイヴィトン修理専門店の【REPAIR-SHOP HIRAISHIYA】,ＰＲＯＳＨＯＰ＿ＨＩＲＡＩＳＨＩＹＡ,s00000021490002,ファッション小物,新規注文2000円,未提携,a8
創業60年！老舗ブランドのネット宅配クリーニングサービス【ポニークリーニング】,ポニークリーニング,s00000021644001,家事・日用品,新規注文2000円,未提携,a8
国産フレッシュドッグフード【ペトコトフーズ(PETOKOTO FOODS)】,株式会社ペトコト,s00000021767001,ペット,新規購入2106円,提携中,a8
問い合わせ殺到中!!LINE予約・セグメント配信システム【リピッテ】,株式会社コネクター・ジャパン,s00000021843001,起業・会社設立,新規問い合わせ2000円,未提携,a8
愛犬の健康とオーナー様の想いをサポートするプレミアムドッグフード【ミシュワン】,株式会社ミシュワン,s00000021939001,ペット,初回購入2000円,未提携,a8
公認会計士圧倒的な合格者数！本気で公認会計士合格を目指すなら【CPA会計学院】,ＣＰＡ会計学院,s00000022147001,資格取得,新規資料請求2000円,未提携,a8
チャージ型ポケットWiFi【ギガセットWiFi】使いたい時に使いたい分だけチャージして使う！,株式会社ＭＡＹＡビジネスソリューションズ,s00000022358002,wifi,新規購入2000円,未提携,a8
1万円からはじめる不動産投資 不動産クラウドファンディング【FUNDROP】,ＯＮＥ＿ＤＲＯＰ＿ＩＮＶＥＳＴＭＥＮＴ株式会社,s00000022375001,その他（金融・投資・保険）,新規投資家登録5000円,未提携,a8
刺して届ける幹細胞×エクソソームで肌の奥から蘇る高機能乳液【Re:needle エマルジョン】,ｂｅａｕｔｙ＿ｍａｋｅ＿ｌａｂｏ,s00000022540007,スキンケア,新規購入2000円,未提携,a8
刺して届ける幹細胞×エクソソームで肌を本気で変える高機能化粧水【Re:needle ローション】,ｂｅａｕｔｙ＿ｍａｋｅ＿ｌａｂｏ,s00000022540009,スキンケア,新規購入2000円,未提携,a8
安心のイオングループ｜仕上がり満足保証付き ハウスクリーニング【カジタク】,カジタク,s00000022597001,家事・日用品,新規注文2000円,未提携,a8
安心のイオングループ｜仕上がり満足保証付き エアコンクリーニング【カジタク】,カジタク,s00000022597002,家事・日用品,新規注文2000円,未提携,a8
安心のイオングループ｜仕上がり満足保証付き 家事代行-掃除代行,カジタク,s00000022597005,家事・日用品,新規サービス実施2000円,未提携,a8
安心のイオングループ｜仕上がり満足保証付き 家事代行-片付け名人,カジタク,s00000022597006,家事・日用品,新規サービス実施2000円,未提携,a8
飲むエイジングケアNO.1を受賞【Hazumiバージンプラセンタサプリ】,株式会社ｓｋｉｎｂａｓｅ,s00000022700001,スキンケア,新規購入2000円,未提携,a8
おうちの困ったをすばやく解決！水回りのハウスクリーニングをお探しなら【ベアーズ】,株式会社ベアーズ,s00000022841002,その他（暮らし）,新規サービス利用2000円,未提携,a8
Webだけで予約完結出来ます！　エアコンクリーニングは【ベアーズ】,株式会社ベアーズ,s00000022841003,その他（暮らし）,新規サービス利用2000円,未提携,a8
Adobe基礎コースの申込【アドバンスクールオンライン】,株式会社アドバン,s00000023025001,習い事,新規プラン購入2000円,未提携,a8
大学院生＆理系学生に特化したオンライン就活イベント【アカリクイベント】,株式会社アカリク,s00000023028004,就職・転職,新規イベント参加2000円,未提携,a8
国内格安航空券・LCCの比較・予約なら【トラベリスト】,株式会社アップルワールド,s00000023067001,総合（旅行）,成約3200円,未提携,a8
【Travelist（海外格安航空券）】,株式会社アップルワールド,s00000023067003,海外旅行,成約2000円,未提携,a8
【航空券＋ホテル予約ならトラベリスト】,株式会社アップルワールド,s00000023067004,国内旅行,成約2000円（国内航空券+ホテル予約）,未提携,a8
【新発売】カワイイも機能性も叶える&色っぽナイトブラ｜ノンワイヤー｜谷間｜ホールド,ＭＯＯＮ−Ｘ＿Ｊａｐａｎ株式会社,s00000023090004,服,初回購入2000円,未提携,a8
あなたのお宝高価買取！【なんでもウリウリ】,バイバイ,s00000023123003,リサイクル,新規査定完了2000円,未提携,a8
トップ校受験に強い進学塾【湘南ゼミナール（東証上場企業が運営）】,株式会社スプリックス,s00000023187003,家庭教師・塾,新規問い合わせ2000円,未提携,a8
受験者数No.1のプログラミング検定【プログラミング能力検定（プロ検）】,株式会社スプリックス,s00000023187005,習い事,受験申込2000円,未提携,a8
VPNで固定IPアドレス付与 プロバイダー変更不要でかんたん導入【Glocal VPN】,株式会社グローカルネット,s00000023372003,その他（インターネット接続）,"申込2000円（かんたん固定IPアドレス）
申込8000円（せんぞく固定IPアドレス）",未提携,a8
アパレル・ファッションの求人・転職・派遣ならiDA,株式会社ｉＤＡ,s00000023434001,就職・転職,新規Webエントリー完了3000円,未提携,a8
未経験から事務正社員に就転職できる【WORXデジタルウーマン】,株式会社日本若者転職支援センター,s00000023436002,就職・転職,新規無料登録2000円,未提携,a8
来院不要　スマホ1つで完結　ピル最短翌日お届け ピルのオンライン診療【マイピル】,株式会社オンラインメディカルケア,s00000023462001,医療,"新規オンライン診療予約6000円（低用量ピル）
新規オンライン診療予約3000円（アフターピル）
新規オンライン診療予約1000円（生理移動ピル）",未提携,a8
オーガニック食材をお届け！生協の個人宅配【コープ自然派・加入申込】,コープ自然派事業連合,s00000023614001,加工食品,"新規資料請求2000円
新規加入5100円",未提携,a8
トイレのつまりや水漏れ、水道設備の故障、水のトラブル解決【イースマイル】,株式会社イースマイル,s00000023649001,総合（暮らし）,新規問合わせ＋訪問2000円,未提携,a8
未経験OK！副収入におススメのマンション投資一括資料請求【Oh!Ya(オーヤ)】,株式会社セレス,s00000023754003,その他（金融・投資・保険）,新規資料請求2000円,未提携,a8
オンライン中国語のサブスクリプションサービス【CCレッスン】,株式会社Ｇｌａｔｓ＿ＣＣレッスン,s00000023892001,習い事,新規無料体験受講2000円,未提携,a8
24時間365日対応の介護保険外のオーダーメイド介護サービスイチロウ,イチロウ株式会社,s00000023938001,総合（Webサービス）,新規無料問い合わせ4000円,未提携,a8
好きでつながる、居場所ができる最先端のオンラインフリースクール【SOZOWスクール】,ＳＯＺＯＷ株式会社,s00000023957001,総合（学び・資格）,新規無料体験入学説明会参加2000円,未提携,a8
「オンラインだから踏み出せる、自分だけの高校生活」SOZOWスクール高等部,ＳＯＺＯＷ株式会社,s00000023957003,専門学校・スクール,新規オンライン説明会参加2000円,未提携,a8
外出先でも使える！固定電話番号をスマホで使うなら【03plus（ゼロサンプラス）】初月0円！,株式会社グラントン,s00000023992001,電話,新規申込2000円,未提携,a8
11年間で11万人の携帯ブラックリストの方への支援実績あり！【誰でもスマホ】,株式会社アーラリンク,s00000024190001,電話,新規契約2000円,未提携,a8
無料の宅配キットに詰めて送るだけ！PC・タブレットの「超」高額買取【PC買取のYTH】,株式会社ＹＴＨサービス,s00000024266001,リサイクル,新規査定完了2000円,未提携,a8
"”国産素材”＆""無添加調理""の冷凍惣菜をご自宅にお届け【FIT FOOD HOME】",株式会社ＡＩＶＩＣＫ,s00000024360002,加工食品,"新規購入2000円（定期）
新規購入2000円（都度）
新規購入1500円（お試しセット）",未提携,a8
害虫をすぐに追い出し、再発はさせません！【街角害虫駆除相談所】,トラベルブック株式会社,s00000024877005,その他（暮らし）,新規見積2000円,未提携,a8
100万ダウンロード突破！【Awarefy】メンタルケアの決定版アプリ,株式会社Ａｗａｒｅｆｙ,s00000024926001,その他（健康）,新規有料プラン登録2000円,未提携,a8
減量をサポート！機能性レモン緑茶【のむだけ茶】,株式会社Ｏｘｘｘ,s00000024962002,健康食品,初回購入2000円,未提携,a8
成長期の子どもに必要な栄養を、毎日ワンプレートで。【モグモデリ】,株式会社Ｏｘｘｘ,s00000024962004,子育て,新規購入2000円,未提携,a8
ファクタリングでらくらく資金調達！請求書買取は【GoodPlus株式会社】,ＧｏｏｄＰｌｕｓ株式会社,s00000025060001,起業・会社設立,"新規見積完了500円
新規契約10000円",未提携,a8
乗り換え特化型ファクタリング【のりかえPLUS】,ＧｏｏｄＰｌｕｓ株式会社,s00000025060002,その他（金融・投資・保険）,"新規見積完了500円
新規契約10000円",未提携,a8
待ち時間なしで治療ができるオンラインのPILLクリニック【レバクリ】,レバレジーズ株式会社,s00000025176003,医療,新規オンライン診療2000円,未提携,a8
アマゾンキンドル（Kindle）の電子書籍・ペーパーバック出版代行パブフル,パブフル,s00000025286001,書籍・本,新規注文2000円,未提携,a8
分かる、出来るをクセにする！【横浜予備校】,横浜予備校,s00000025303001,家庭教師・塾,"新規資料請求2000円
新規無料受験相談・無料体験授業10000円",未提携,a8
健康食品・サプリの出張買取,総合出張買取＿七福,s00000025310003,その他（暮らし）,新規買取2000円,未提携,a8
使わなくなった香水を高価出張買取,総合出張買取＿七福,s00000025310004,リサイクル,新規買取2000円,未提携,a8
オーディオ楽器カメラ専門買取店【ニーゴ・リユース】,アンドトランク株式会社,s00000025372001,リサイクル,"買取申込2000円（WEB経由）
買取申込3500円（電話経由）",未提携,a8
夢に向かう、大きな一歩を応援　はじめての留学ならウィッシュインターナショナル,ウィッシュインターナショナル株式会社,s00000025731001,専門学校・スクール,新規資料請求2000円,未提携,a8
"【ロケモバWi-Fi】業界最安級1,880円〜法人向けクラウドWiFi",株式会社にゃんこカンパニー,s00000025733002,wifi,新規利用2000円,未提携,a8
"【にゃんこWi-Fi】縛りなし2,200円〜格安ポケットWiFi",株式会社にゃんこカンパニー,s00000025733003,wifi,新規契約2000円,未提携,a8
★口コミ★4.96★国家資格マシンピラティス｜全国50店舗以上,Ｐｉｌａｔｅｓ＿Ｓｔｕｄｉｏ＿ＤＥＰ,s00000025740001,ダイエット,新規体験2000円,未提携,a8
新宿マルイで終活・相続の無料相談！弁護士法人グループ会社【終活と相続のまどぐち】,終活と相続のまどぐち,s00000025765001,その他（暮らし）,"新規資料請求2000円
新規メール問い合わせ5000円",未提携,a8
コクヨの電子帳票配信システム【@TOVAS】,コクヨ株式会社,s00000025835003,起業・会社設立,初回問合せ2000円,未提携,a8
ゲームを高く売るなら【ゲーム王国】,株式会社Ｕｌｔｉｍａｔｅ＿Ｌｉｆｅ,s00000025874001,リサイクル,買取成立2000円,未提携,a8
【KATAN公式ショップ】肌ケアもできるクレンジングバーム,株式会社Ｈｅｌｌｏ＿Ｖｅｎｕｓ,s00000025961001,スキンケア,初回購入2000円,未提携,a8
"初回1,870円、いつでも解約OK【KATAN Cica ダーマヒットセラム５】",株式会社Ｈｅｌｌｏ＿Ｖｅｎｕｓ,s00000025961002,スキンケア,初回購入2000円,未提携,a8
【KATAN公式】毛穴特化クレンジングバーム＿炭ブラック,株式会社Ｈｅｌｌｏ＿Ｖｅｎｕｓ,s00000025961003,スキンケア,初回購入2000円,未提携,a8
【KATAN公式】全身使えるKATANヘパリンミルク,株式会社Ｈｅｌｌｏ＿Ｖｅｎｕｓ,s00000025961004,スキンケア,初回購入2000円,未提携,a8
SNSで大バズリの進化版！【KATAN Cica ダーマヒットセラム10】,株式会社Ｈｅｌｌｏ＿Ｖｅｎｕｓ,s00000025961005,スキンケア,初回購入2000円,未提携,a8
トリュフル配合でキレイを目指す！定期で届くシェイク習慣【KATAN TRUFFLE SHAKE MIST】,株式会社Ｈｅｌｌｏ＿Ｖｅｎｕｓ,s00000025961006,スキンケア,"▽一般
初回購入2000円

▽ポイントサイト
初回購入2000円",未提携,a8
小学生・中学生向けオンライン英会話【ボーダーリンク英会話】,株式会社ボーダーリンク,s00000026097001,習い事,新規無料体験レッスン実施2000円,未提携,a8
製造・工場・ものづくりの仕事探し　求人サイト【ものっぷ】,株式会社平山,s00000026115001,就職・転職,"新規登録3000円
新規面接2000円",未提携,a8
あなたと一緒に作る海外旅行【トラベル・スタンダード・ジャパン】,トラベル・スタンダード・ジャパン株式会社,s00000026123001,海外旅行,"新規旅行問い合わせ完了2000円

▽ポイントサイト
新規旅行実施完了5000円",未提携,a8
制服を買取、売るなら全国対応の制服買取サービス【ラミパス】,株式会社スモビー,s00000026138001,リサイクル,新規買取2000円,未提携,a8
車買取なら相場口コミ情報満載の【車選びドットコム買取】,株式会社ファブリカコミュニケーションズ,s00000026145001,車・バイク,新規査定申込2000円,未提携,a8
【乳酸菌1兆個】腸スッキリ実感！久光製薬の「乳酸菌EC-12」,久光ウエルネス株式会社,s00000026282001,健康食品,初回購入2000円,未提携,a8
相続手続きの「nocos」,ＮＣＰグループ,s00000026317001,その他（暮らし）,"新規資料請求2000円
新規電話問い合わせ7500円",未提携,a8
なんでも総合高価買取【ベスト買取】,株式会社リユースコミュニケーションズ,s00000026468001,リサイクル,新規無料査定完了2000円,未提携,a8
家具出張買取【ベスト買取】,株式会社リユースコミュニケーションズ,s00000026468002,リサイクル,新規無料査定完了2000円,未提携,a8
家電出張買取【ベスト買取】,株式会社リユースコミュニケーションズ,s00000026468003,リサイクル,新規無料査定完了2000円,未提携,a8
ゴルフ出張買取【ベスト買取】,株式会社リユースコミュニケーションズ,s00000026468004,リサイクル,新規無料査定完了2000円,未提携,a8
フィギュア・ホビー出張買取【ベスト買取】,株式会社リユースコミュニケーションズ,s00000026468005,リサイクル,新規無料査定完了2000円,未提携,a8
楽器出張買取【ベスト買取】,株式会社リユースコミュニケーションズ,s00000026468006,リサイクル,新規無料査定完了2000円,未提携,a8
個人ブログからの宣伝もOK。格安ホームページ制作サービス【99ホームページ】,ウェブドカタ,s00000026650001,ホームページ・ネットショップ,新規成約20000円,未提携,a8
新規オープン！少数精鋭の電話占いサービス【電話占いヴェリテ】,株式会社ヴェリテ,s00000026758001,占い,新規電話占い利用2000円,未提携,a8
日本初！体温を上げて、カラダについた脂肪を落とす機能性表示食品【スリリンファイア】,株式会社ＺＥＲＯ＿ＰＬＵＳ,s00000026848001,ダイエット,初回購入2000円,未提携,a8
自治体で導入実績あり！見守りGPSでお子様や大切な人の見守り,株式会社ミマモルメ,s00000027044001,その他（暮らし）,初回購入2000円,未提携,a8
首都圏最大級の個別指導塾【創英ゼミナール】,株式会社創英コーポレーション,s00000027138001,家庭教師・塾,"新規資料請求2000円
新規冬期講習の問合/ご相談2000円
新規無料体験10000円",未提携,a8
【マンダム aono（アオノ）】深層まで潤うオーガニックメンズケア,株式会社マンダム,s00000027251001,スキンケア,新規購入2000円,未提携,a8
1口1万円から始める資産運用。5周年特典第2弾！不動産小口「ジャストフィット」,シマダアセットパートナーズ株式会社,s00000027316001,その他（金融・投資・保険）,新規投資家登録＋初回出資確定2000円,未提携,a8
料理を仕事に！オレンジページの【OPCフードクリエイター資格】,株式会社オレンジページ,s00000027325001,総合（学び・資格）,"新規資格講座受講2000円
新規資格試験実施2000円",未提携,a8
20代・第二新卒・既卒向け転職エージェント【マイナビジョブ20's】,株式会社マイナビ,s00000027373001,就職・転職,新規申込2000円,未提携,a8
全国対応・破損品もOK！スマホ・iPhoneを高く売るなら【モバステ】,株式会社パステック,s00000027426001,リサイクル,新規買取成立2000円,未提携,a8
案件獲得までサポート!!動画クリエイターPLUS,株式会社ＮｅｘｕｓＦｉｒｓｔ,s00000027435001,習い事,"新規無料相談実施2000円
新規契約20000円",未提携,a8
美容業界の予約を一元管理、業務効率化を実現【リザービア】,株式会社リザービア,s00000027487001,その他（Webサービス）,新規資料請求2000円,未提携,a8
手間は抜いても、手抜きにならない。1.5〜6歳向け冷凍幼児食定期便【Kidslation】,株式会社キッズレーション,s00000027508001,子育て,新規購入2000円,未提携,a8
厚生労働省推奨「モノグルタミン酸型葉酸」使用！mitete 女性100人の声から生ま れた葉酸サプリ,株式会社エーエフシー,s00000010234002,健康食品,初回購入1986円,未提携,a8
オーストラリア発オーガニックコスメ「ジュリーク」の【スターターキット】,株式会社ピーオーグローバル,s00000023586006,スキンケア,"購入(税抜)10％（その他）
新規購入1980円（スターターキット）",未提携,a8
頭皮から健やかにツヤ髪へ【ラサーナ (La Sana) プレミオール 21日間 スターター セット】,株式会社ヤマサキ,s00000001148021,ヘアケア,初回購入900円,未提携,a8
機能性表示食品 お肌ための乳酸菌【スルーモイスト + 高純度 食物繊維イヌリン】,株式会社燦樹,s00000014723004,健康食品,初回購入1980円,未提携,a8
恋活・婚活・再婚活マッチング【マリッシュ（marrish）】,株式会社マリッシュ,s00000016987001,婚活,"新規登録1980円（女性）
新規登録2980円（男性）",未提携,a8
【SocialDog】★高額報酬★SNS アカウント運用ツール,株式会社ＳｏｃｉａｌＤｏｇ,s00000018052001,総合（Webサービス）,"新規無料会員登録150円　
新規有料会員登録1400円（Personal月額）
新規有料会員登録2500円（Personal年額）
新規有料会員登録7000円（Professional月額）
新規有料会員登録8500円（Professional年額）
新規有料会員登録20000円（Business月額）
新規有料会員登録30000円（Business年額）
新規有料会員登録40000円（Enterprise月額）
新規有料会員登録60000円（Enterprise年額）",未提携,a8
【動物栄養学博士監修】犬の口臭・免疫対策サプリメント「キュアペット」,株式会社アニマルライフ研究所,s00000017612001,ペット,初回購入1300円,提携中,a8
1日1杯のコーヒーで美味しく飲みながらキレイをサポート【SLIM COFFEE】,アンドワン株式会社,s00000027428001,ダイエット,新規購入1955円,未提携,a8
東京ガスの新電力サービス【基本プラン】,東京ガス,s00000022167002,その他（暮らし）,初回サービス申込＋契約1952円,未提携,a8
【アクセーヌ】イプノス シーバムクリア リペアクリーム,アクセーヌ株式会社,s00000021779007,スキンケア,新規購入1950円,未提携,a8
合格率89.0%の実績！登録販売者受験対策講座【三幸医療カレッジ】,株式会社日本教育クリエイト,s00000021679001,資格取得,新規講座申込1929円,未提携,a8
更年期のストレス・疲労・睡眠に！GABA機能性サプリ【ベルタエクリズム】,株式会社ベルタ,s00000012210026,健康食品,初回購入1920円,未提携,a8
他の化粧品と一緒に使用できる【オウミニョンヌ　ブースターウォーター】,株式会社ｓａｌｙ,s00000017043002,スキンケア,新規購入1920円,未提携,a8
安心の金利7.30％〜！キャッシング・消費者金融の【フクホー】,キャッシング・消費者金融のフクホー,s00000015251001,金融,新規申込1904円,未提携,a8
<夕食.net>　日替わりメニュー初回50%OFF　※一部エリアのサービスとなります,ヨシケイ,s00000008115001,生鮮食品,新規購入1000円,未提携,a8
<夕食.net>　冷凍弁当「シンプルミール」初回50%OFF　※一部エリアのサービスです,ヨシケイ,s00000008115002,その他（グルメ・食品）,新規購入1000円,未提携,a8
草刈り・芝刈り・草むしりすべてお任せください！【草刈り110番】,シェアリングテクノロジー株式会社,s00000015223021,その他（暮らし）,見積依頼1900円,未提携,a8
ベスコス受賞！オーガニックコスメ「ジュリーク」の【ミルククレンジング】,株式会社ピーオーグローバル,s00000023586001,スキンケア,"購入(税抜)10％
新規購入1900円（ミルククレンジング）",未提携,a8
在宅ワークの特化型求人サイト【PR市場】,求人広告のＰＲ市場（ＰＲいちば）,s00000025637001,就職・転職,"求人企業登録6000円（掲載企業）
会員登録1900円（求人応募）",未提携,a8
"【高級美容ドリンク】1本1,000円！継続率96.5％！W特許の次世代型ドリンク【ラメリアプレミアム】",株式会社ＬＡＭＥＬＬＩＡ＿ＪＡＰＡＮ,s00000019097001,美容食品,初回購入1890円,未提携,a8
害獣駆除ならお任せください！【害獣駆除110番】,シェアリングテクノロジー株式会社,s00000015223006,その他（暮らし）,見積依頼1880円,未提携,a8
顧客、防犯プラン提案力、価格満足度３冠達成【防犯カメラ設置110番】,シェアリングテクノロジー株式会社,s00000015223008,その他（Webサービス）,見積依頼1880円,未提携,a8
フィギュア・ドール・抱き枕カバーのWEB買取【2次元美少女買取王国】,株式会社買取王国,s00000014992001,リサイクル,新規買取成立1866円,未提携,a8
「糖素減」「潤腰」「深海皇」販売促進,株式会社ライフィックス,s00000003931001,健康食品,"新規購入1852円（通常）
新規購入3700円（定期）",未提携,a8
お水も無料で使える！アクアクララ　ウォーターサーバー無料お試し【アクアクララ公式】,アクアクララ株式会社,s00000004479002,飲料,新規無料お試し設置完了1819円,未提携,a8
英会話スクール大手、株式会社ECCの【ECCジュニア オンライン教室】！！,株式会社ＥＣＣ,s00000024133001,幼児教育,新規無料体験レッスン1840円,未提携,a8
断トツのハチの子の含有量！実感の声続々！聞こえてきました【ハチの子800プラス】,株式会社リアルメイト,s00000001709015,健康食品,"新規購入463円(10日間モニター)
新規購入1500円(モニター付き定期)
新規購入1500円(定期)
新規購入1000円(通常)",未提携,a8
無添加エンリッチプラス シワ改善1ヵ月集中セット【洗顔・クレンジング付き】,株式会社ファンケル,s00000016135001,スキンケア,"▽一般メディア
新規購入1830円

▽ポイントサイト
新規購入1830円",未提携,a8
無添加ブライトニング　薬用美白1ヵ月集中キット【クレンジング&洗顔付き】,株式会社ファンケル,s00000016135013,スキンケア,"▽一般メディア
新規購入1830円

▽ポイントサイト
新規購入1830円",未提携,a8
ワンランク上のハリツヤ肌へ【トイロバイタライジング】,株式会社ファンケル,s00000016135035,スキンケア,新規購入1830円,未提携,a8
酵水素328選公式サイト｜ファブール定期便,ジェイフロンティア株式会社,s00000024569002,スキンケア,新規購入1804円,未提携,a8
Dr.ケラー式 肌トラブル解決化粧品『b.glen(ビーグレン)』,ビバリーグレンラボラトリーズ,s00000004498001,スキンケア,新規購入1800円,未提携,a8
24時間安定稼働！初期費用無料の超高速VPS【ConoHa for Windows Server】,ＧＭＯインターネット株式会社,s00000000018034,サーバー,"●Windows VPSお申込み
・ 1GBプラン ：1000円
・ 2GBプラン ：2000円
・ 4GBプラン ：4100円
・ 8GBプラン ：8100円
・ 16GBプラン ：16100円
・ 32GBプラン ：32100円
・ 64GBプラン ：64100円",未提携,a8
ガリバー愛車無料査定申込,株式会社ＩＤＯＭ,s00000001263003,車・バイク,査定1800円,未提携,a8
塗るだけ簡単ムダ毛ケア化粧水！「パイナップル豆乳ローションプレミアム」,株式会社鈴木ハーブ研究所,s00000005950010,ボディケア,"初回購入4000円(3本定期専用LP商品)
初回購入2000円(プレミアムローション(定期1本))
初回購入2000円(プレミアムローション(定期3本))",未提携,a8
肌の乾燥が気になる方に。オルビスのインナーケア『ディフェンセラ』,オルビス株式会社,s00000008657019,美容食品,新規購入1800円,未提携,a8
最高峰エイジングケア 『オルビスユー ドット』,オルビス株式会社,s00000008657021,スキンケア,新規購入1800円,未提携,a8
オルビスの最先端美白美容液『アドバンスド　ブライトニング　セラム』,オルビス株式会社,s00000008657024,スキンケア,新規購入1800円,未提携,a8
オルビス発のオールインワン 【ORBIS AMBER(オルビス　アンバー)】,オルビス株式会社,s00000008657026,スキンケア,新規購入1800円,未提携,a8
「落とす」を変える。次世代美容液クレンジング『オルビス ザ クレンジング オイル』,オルビス株式会社,s00000008657030,スキンケア,新規購入1800円,未提携,a8
お得な定期便【めぐみのルテイン30】ルテインで視界クッキリ！※目のぼやけ、かすみ、疲労感,株式会社エーエフシー,s00000010234015,健康食品,新規購入1800円,未提携,a8
肉割れ・妊娠線ケア用ボディクリーム♪【プレマーム】,株式会社ファーストフレンズ,s00000012325007,ボディケア,新規購入1800円,未提携,a8
屋根の修理塗装【リペアルーフ】,株式会社アシスト,s00000014894013,その他（暮らし）,新規成約1800円,未提携,a8
水道の緊急トラブル対応【水道修理屋】,株式会社アシスト,s00000014894015,その他（暮らし）,新規成約1800円,未提携,a8
感謝の気持ちを伝えるペット葬儀【ペット葬儀110番】,シェアリングテクノロジー株式会社,s00000015223024,その他（暮らし）,見積依頼1800円,未提携,a8
ファンケルから待望のプログラム登場！【アクネケアたっぷりおためしキット】,株式会社ファンケル,s00000016135011,スキンケア,"▽一般メディア
新規購入1800円

▽ポイントサイト
新規購入1800円",未提携,a8
つながる！速い！高品質を実現した格安SIM／スマホ【LIBMO(リブモ)】,株式会社ＴＯＫＡＩコミュニケーションズ,s00000017964001,電話,"新規契約1800円(端末なし音声通話なし)
新規契約3000円(端末なし音声通話あり)
新規契約4000円(端末あり)",未提携,a8
首都圏最多校舎数の英会話スクール！無料体験レッスン募集！【シェーン英会話】,株式会社シェーンコーポレーション,s00000018104001,総合（学び・資格）,新規無料体験レッスン予約1800円,未提携,a8
ハウスクリーニングはプロにおまかせ【ユアマイスター】,ユアマイスター株式会社,s00000020962001,家事・日用品,"作業完了1800円
作業完了2300円（水回り3点セット以上(一般サイトのみ)）",未提携,a8
あなたの担任制講師が目標達成まで伴走します【ウィリーズオンライン英会話】,ＷｉＬＬｉｅｓ＿Ｅｎｇｌｉｓｈ（ウィリーズ英語塾）,s00000021199001,その他（学び・資格）,新規無料体験1800円,未提携,a8
仕事・家庭で使える！ウェブ３時間で資格取得「伝え方コミュニケーション検定・ 初級」,株式会社ジェイ・バン,s00000021281002,資格取得,新規受講申込1800円,未提携,a8
炭酸発生60分間 洗い流し不要 炭酸ガスパック【EKATO.スターターキット】,ａｎｄ＿ｂｅａｕｔｙ株式会社,s00000022400002,総合（美容）,初回購入1500円,未提携,a8
作業実績20万件突破！エアコン・ハウスクリーニングなら【アールクリーニング】,株式会社ＦｉｒｅＷｏｒｋｓ,s00000022947001,家事・日用品,新規作業依頼1800円,未提携,a8
国産キッチン・バス・洗面台の【トクラス】ショールーム,トクラス株式会社,s00000026861001,物件,新規ショールーム利用1800円,未提携,a8
住信SBIネット銀行個人口座開設,住信ＳＢＩネット銀行株式会社,s00000026956003,金融,新規口座開設1800円,未提携,a8
【日本全国どこでも対応】おもちゃ買取トイズキング,有限会社ヤマト,s00000020830001,リサイクル,新規買取1785円,未提携,a8
話題の美容オイル【ジ・オリーヴオイル F】,小豆島ヘルシーランド株式会社,s00000011794001,スキンケア,"初回購入1780円（お試し用ミニ）
初回購入3000円（本商品）
購入5％（その他商品）",未提携,a8
トイロ バランシングトライアルキット【洗顔＆クレンジング付き】,株式会社ファンケル,s00000016135033,スキンケア,新規購入1780円,未提携,a8
安心して楽しめるモニターサイト【ファンモニ】,株式会社リアル・フェイス,s00000023234001,総合（美容）,新規モニター申込5900円,未提携,a8
オンラインで外国語を学べる「ECCオンラインレッスン」,株式会社ＥＣＣ,s00000020865002,その他（学び・資格）,"新規無料体験レッスン受講1770円（こども英会話）
新規無料体験レッスン受講2300円（ECC外語学院・英語以外のコース）
新規無料体験レッスン受講2360円（オンライン日常英会話、ビジネス英会話）
新規無料体験レッスン受講7000円（ECC外語学院・英語のコース）",未提携,a8
ECCこども専門「ECCオンラインレッスン（キッズ）」,株式会社ＥＣＣ,s00000020865003,幼児教育,"新規無料体験レッスン受講1770円（ECCオンラインKids）
新規無料体験レッスン受講2360円（ECCオンラインレッスン）",未提携,a8
≪インズウェブ≫自動車保険一括見積もりサービス,ＳＢＩホールディングス株式会社,s00000000352007,保険,自動車保険一括見積もり申込み1714円,未提携,a8
オーディオブック配信サービス【audiobook.jp（オーディオブックジェイピー）】,株式会社オトバンク,s00000015623001,書籍・本,"購入20％
聴き放題プラン300円
チケットプラン400円(シングル)
チケットプラン800円(ダブル)

▽ポイントサイト
購入20％
聴き放題プラン1000円
チケットプラン400円(シングル)
チケットプラン800円(ダブル)
※個別設定を行っている為、全体の報酬変更とは連動しません",提携中,a8
【ニーズツアー】スキー＆スノーボード,株式会社エアトリ,s00000001343022,国内旅行,購入1700円,未提携,a8
全身まるごと肌ケアする薬用入浴剤リリアント・バス,株式会社ユーコネクト,s00000012076006,その他（美容）,新規購入1700円,未提携,a8
【Oisix CookBox】料理を楽しむ献立セット,オイシックス・ラ・大地株式会社,s00000026879001,加工食品,初回購入1700円,未提携,a8
コツコツ資産を増やすなら、固定利回りの資産運用サービス【Funds(ファンズ)】,ファンズ株式会社,s00000027236001,総合（金融・投資・保険）,新規口座開設1700円,未提携,a8
マルチプレイがかんたんにすぐ遊べるゲームサーバー【ConoHa for GAME】,ＧＭＯインターネット株式会社,s00000000018044,サーバー,"＜30日以上の利用＞
・時間課金払いの場合
初回利用880円（1GBプラン）
初回利用1680円（2GBプラン）
初回利用3280円（4GBプラン）
初回利用6680円（8GBプラン）
初回利用13000円（16GBプラン）
初回利用26000円（32GBプラン）
初回利用49000円（64GBプラン）

・長期割引パスの場合
初回利用1000円（1GBプラン 1ヶ月以上）
初回利用1100円（2GBプラン 1ヶ月）
初回利用2000円（2GBプラン 3ヶ月以上）
初回利用2100円（4GBプラン 1ヶ月 ）
初回利用3600円（4GBプラン 3ヶ月以上）
初回利用4100円（8GBプラン 1ヶ月 ）
初回利用7400円（8GBプラン 3ヶ月以上）
初回利用9000円（16GBプラン 1ヶ月 ）
初回利用14300円（16GBプラン 3ヶ月以上 ）
初回利用20100円（32GBプラン 1ヶ月 ）
初回利用28600円（32GBプラン 3ヶ月以上）
初回利用40200円（64GBプラン 1ヶ月 ）
初回利用53900円（64GBプラン 3ヶ月以上）

・Palworld専用プラン
初回利用2700円（8GBプラン）
初回利用6000円（16GBプラン）
初回利用15500円（32GBプラン）
初回利用32000円（64GBプラン）

＜30日未満の利用＞
初回利用金額100％",未提携,a8
ハワイ旅行なら【エアトリハワイ】,株式会社エアトリ,s00000013798009,海外旅行,"ツアー申込1630円(ツアー料金500,000円まで)
ツアー申込3270円(ツアー料金500,001円以上)",未提携,a8
引越しの予約・一括見積もりサービス【引越し侍】,株式会社エイチームライフデザイン,s00000004657008,引越,"新規一括見積完了1600円
新規予約後の引越し完了3800円",未提携,a8
お肌に優しくピーリング♪とろ〜んと馴染んでくるくるポロン！【ナノポロン】,株式会社ファーストフレンズ,s00000012325013,スキンケア,新規購入1600円,未提携,a8
【シーボディ】「ミネラルバスパウダー」ギネス認定雪塩配合発汗入浴剤,ＳｉＢＯＤＹ,s00000014225006,その他（暮らし）,新規購入1000円,未提携,a8
20年間肌荒れに悩んだ敏感肌のお医者さんが開発！本当の無添加化粧品ワイエスラボ,株式会社ナキュア,s00000015582002,スキンケア,新規購入1600円,未提携,a8
送料無料！富士山の伏流水と厳選した洗剤を使用！【フラットクリーニング】,株式会社サトウ商会,s00000022166001,家事・日用品,新規注文1600円,未提携,a8
ピアノ買取専門店【ピアノの買取屋さん】,ＵＮＩ＿ＳＯＵＮＤ株式会社,s00000027408004,音楽,新規査定1600円,未提携,a8
【動物栄養学博士監修】無駄吠えのしつけプラス,株式会社アニマルライフ研究所,s00000017612004,ペット,初回購入1593円,提携中,a8
スタディサプリEnglish　ビジネス英語コース,株式会社リクルート,s00000015388005,習い事,初回申込1589円,未提携,a8
【不動産投資ローン】無料投資シュミレーション、借り換えサービスのINVASE,株式会社ＭＦＳ,s00000017735005,投資,"新規無料借り換えWEB診断3205円
新規無料投資シミュレーション（バウチャー発行）完了3205円",未提携,a8
ワキや足臭・40代以上の汗臭対策に！【クリアネオ(CLEANEO)】,株式会社ソーシャルテック,s00000013218003,ボディケア,購入1568円,未提携,a8
メーカー公式だから安心！オンラインで完結するセイコー時計の修理受付【セイコーウオッチ】,セイコータイムラボ株式会社,s00000027453001,その他（暮らし）,新規修理申込1562円,未提携,a8
【OurPhoto】 出張撮影・納品サービス,株式会社うるる,s00000024452001,その他（暮らし）,新規撮影1650円,未提携,a8
【最大20%UP!!】 ネットで売るならネットオフ宅配買取「ブランド＆総合買取コース」,リネットジャパングループ株式会社,s00000008384003,リサイクル,買取909円,未提携,a8
【最大20%UP!!】 スマホをネットで売るなら宅配買取のネットオフスマホ買取,リネットジャパングループ株式会社,s00000008384006,リサイクル,新規買取909円,未提携,a8
【自宅から送るだけ！】 ジュエリー、宝石、金・プラチナ買取ならネットオフ宅配買取,リネットジャパングループ株式会社,s00000008384008,リサイクル,新規買取909円,未提携,a8
無学年式オンライン教材【すらら】,株式会社すららネット,s00000020322001,習い事,"新規資料請求Web申込1539円
新規受講申込15385円",未提携,a8
こだわりを食卓へ　鹿肉ドッグフード【きょうもごちそう】,きょうもごちそう,s00000025141001,ペット,初回購入1538円,未提携,a8
ウォーターサーバーシェア No.1【プレミアムウォーター】,株式会社ＡｐｐＤａｔｅ＿Ｈｏｌｄｉｎｇｓ,s00000027252004,飲料,新規面談実施1538円,未提携,a8
ご利用シェアNo.1のねずみ駆除サービス【ねずみ110番】,シェアリングテクノロジー株式会社,s00000015223009,その他（暮らし）,見積依頼1510円,未提携,a8
お電話1本で最短即日対応！【コウモリ駆除navi】,シェアリングテクノロジー株式会社,s00000015223011,その他（Webサービス）,見積依頼1510円,未提携,a8
どんな構造の建物でもお任せください！【解体工事110番】,シェアリングテクノロジー株式会社,s00000015223012,その他（暮らし）,見積依頼1510円,未提携,a8
１５秒で毛穴・角質オフ！酵素×クレイの洗顔料【ピュアセラ ディープクレイ】,ファインリンクス株式会社,s00000016005002,スキンケア,初回購入1510円,未提携,a8
『目、口元のシワもう悩まない！』天然ヒト型セラミド高配合【ピュアセラ美容オイル】,ファインリンクス株式会社,s00000016005003,スキンケア,初回購入1510円,未提携,a8
10秒ケアで若々しい目元へ！レチノール×ナイアシンアミド【リペアアイクリーム】,ファインリンクス株式会社,s00000016005004,スキンケア,初回購入1510円,未提携,a8
写真プリント、無料フォトブック、ストレージがセットのWebサービス primii(プリミィ),株式会社セールスパートナー,s00000017547001,写真・プリント,新規有料会員登録1510円（300円コース）,未提携,a8
アニメ・エンタメ見放題！14日間無料！【DMMプレミアム（DMM TV）】,合同会社ＤＭＭ．ｃｏｍ,s00000024593001,動画,初回DMMプレミアム登録1503円（DMM TV単体、他社サービスとのバンドルプラン）,未提携,a8
大人をもっと輝かせる世界を実現する｜AUEN[オーエン],株式会社ドラフト,s00000014443001,服,購入15％,未提携,a8
合格率97.3%！オンラインで学べるMOS試験対策講座【ハロー！パソコン教室】,株式会社イー・トラックス,s00000025690001,その他（学び・資格）,"購入15％
新規会員登録1500円

▽ポイントサイト
購入15％",未提携,a8
Hana Prime（ハナプライム）,株式会社ＨａｎａＰｒｉｍｅ,s00000019197001,花,"新規購入1500円（お花の定期便）
購入6％（その他商品）

▽ポイントサイト
購入6％（全商品）",未提携,a8
送料無料・即日発送 トレカ通販【カードショップ -遊々亭-】,株式会社スカラプレイス,s00000019958001,ゲーム,"買取1500円
販売4％",未提携,a8
シミを消して輝く肌に！【プルオイプレミアムホワイト】,株式会社マザーリーフ薬品,s00000002942047,美容食品,初回購入2000円,未提携,a8
Ｇ・Ｏ・Ｇ会員制パソコンサポート(個人)オフィスサポート(法人),Ｇ・Ｏ・Ｇ株式会社,s00000012566001,家電,"新規サポート有料会員登録4500円（個人）
新規サポート有料会員登録12000円（法人）",未提携,a8
リピーター続出！置き換えダイエット食【美穀菜/ブルックス】,株式会社ブルックス,s00000019211001,ダイエット,新規購入2000円,未提携,a8
坂上忍がプロデュースする芸能プロダクション【アヴァンセ】,アヴァンセ,s00000025084001,その他（学び・資格）,新規オーディション・体験レッスン申込3000円,未提携,a8
AmazonのオーディオブックAudible,Ａｕｄｉｂｌｅ,s00000027126001,書籍・本,"▽一般
新規登録+再生完了2000円

▽ポイントサイト
新規登録+再生完了1000円",未提携,a8
超高速かつ24時間安定稼働！FX専用VPS【お名前.com デスクトップクラウド】申込募集,ＧＭＯインターネット株式会社,s00000000018022,サーバー,"新規契約2000円（StartUp  2GB）
新規契約3000円（StartUp  3GB）
新規契約4000円（Standard 4GB）
新規契約5000円（Standard 5GB）
新規契約6000円（Premium 8GB）
新規契約7000円（Premium 9GB）",未提携,a8
"【makeshop】月額13,750円　業界No.1ECサイト構築サービス",ＧＭＯメイクショップ株式会社,s00000002664001,ホームページ・ネットショップ,"新規無料体験登録1500円
プレミアムプラン登録20000円",未提携,a8
古銭・古紙幣・金貨・記念コイン【福ちゃん】,株式会社ＲＥＧＡＴＥ,s00000014709006,リサイクル,新規無料査定完了4000円,提携中,a8
格安航空券サイト「エアトリ」国内格安航空券販売,株式会社エアトリ,s00000001343001,国内旅行,国内航空券成約1500円,未提携,a8
★「ライブでゴーゴー」男性会員募集,株式会社ハイスペック,s00000001505002,恋愛,男性会員新規登録1500円,未提携,a8
mRNA解毒サプリ【レプゲドック】これは内緒ですけどね,株式会社マザーリーフ薬品,s00000002942048,健康食品,新規購入1500円,未提携,a8
子供乗せ電動自転車のレンタルはMBR,株式会社サークランド,s00000003161004,その他（暮らし）,初回レンタル1500円,未提携,a8
ありえないほど簡単にホームページができる【ジンドゥー(Jimdo)】,株式会社ＫＤＤＩウェブコミュニケーションズ,s00000003166005,ホームページ・ネットショップ,"＜クリエイター＞
Proプラン登録1500円
Businessプラン登録3000円
SEO Plusプラン登録3000円
Platinumプラン登録3000円

＜AIビルダー＞
Startプラン登録1500円
Growプラン登録2000円",未提携,a8
インターネット自宅学習システム【ｅ点ネット塾】,株式会社日本学術講師会,s00000003769001,家庭教師・塾,"小学生コース申込み1500円
中学生コース申込み2000円
小・中学生コース申込み2000円
高校生コース申込み2500円
中学・高校生コース申込み2500円
フルコース申込み3000円",未提携,a8
【総合マネージメントサービス】不動産担保ローン融資の無料審査申込,株式会社総合マネージメントサービス,s00000006402001,金融,"新規審査申込み1500円
新規成約30000円",未提携,a8
バストアップブラ【Viageビューティアップナイトブラ】,株式会社ＨＲＣ（ネクステージ株式会社）,s00000007381007,ボディケア,初回購入1500円,未提携,a8
産後のママさんを応援するW美白シミケアセット！ マルガレッタ,株式会社ＨＲＣ（ネクステージ株式会社）,s00000007381017,スキンケア,初回購入1500円,未提携,a8
今日から私も褒められバスト【ルーナナチュラルアップナイトブラ】,株式会社ＨＲＣ（ネクステージ株式会社）,s00000007381020,服,初回購入1500円,未提携,a8
【痩せるだけじゃない！新常識ダイエットスムージー】EASY B-BODY定期便,株式会社エーエフシー,s00000010234010,ダイエット,初回購入1500円,未提携,a8
わたしのオンライン英会話　- 女性限定・機械オンチも安心オンライン英会話レッスン,株式会社ｂｙＺＯＯ,s00000010346002,習い事,新規月額会員登録1500円,未提携,a8
派遣・紹介予定派遣なら【マイナビスタッフ】,株式会社マイナビ,s00000011027010,就職・転職,新規会員登録1500円,未提携,a8
ネット宅配DVDレンタルサービス【ゲオ宅配レンタル】有料会員登録促進,株式会社ゲオ,s00000011047004,動画,新規有料会員登録1500円,未提携,a8
よく染まる！【マイナチュレ】カラートリートメント,株式会社レッドビジョン,s00000011495013,ヘアケア,初回購入1500円,未提携,a8
FANZAライブチャットー在宅チャットレディー【GTM】,株式会社ダラーズ,s00000011503003,在宅ワーク,"新規在宅チャットレディ応募1500円
新規稼働16000円",未提携,a8
医薬部外品_薬湯温活でツライ冷えや肩こりに効く【きざみ本薬湯】,株式会社ベルタ,s00000012210021,健康食品,初回購入1500円,未提携,a8
ブランド品の買取【バイセル】,株式会社ＢｕｙＳｅｌｌ＿Ｔｅｃｈｎｏｌｏｇｉｅｓ,s00000012923002,リサイクル,"新規Web無料査定問合せ4000円
新規電話申込4000円",提携中,a8
着物の高価買取専門【バイセル】,株式会社ＢｕｙＳｅｌｌ＿Ｔｅｃｈｎｏｌｏｇｉｅｓ,s00000012923005,リサイクル,"新規Web無料査定問合せ4000円
新規電話申込4000円",提携中,a8
古銭・記念硬貨の高価買取専門【バイセル】,株式会社ＢｕｙＳｅｌｌ＿Ｔｅｃｈｎｏｌｏｇｉｅｓ,s00000012923006,リサイクル,"新規Web無料査定問合せ4000円
新規電話申込4000円",提携中,a8
アクセサリーの高価買取専門【バイセル】,株式会社ＢｕｙＳｅｌｌ＿Ｔｅｃｈｎｏｌｏｇｉｅｓ,s00000012923007,リサイクル,"新規Web無料査定問合せ4000円
新規電話申込4000円",提携中,a8
お酒の高価買取専門【バイセル】,株式会社ＢｕｙＳｅｌｌ＿Ｔｅｃｈｎｏｌｏｇｉｅｓ,s00000012923009,リサイクル,"新規Web無料査定問合せ1500円
新規電話申込1500円",提携中,a8
時計の高価買取専門【バイセル】,株式会社ＢｕｙＳｅｌｌ＿Ｔｅｃｈｎｏｌｏｇｉｅｓ,s00000012923010,リサイクル,"新規Web無料査定問合せ1500円
新規電話申込1500円",提携中,a8
ダイヤモンドの高価買取専門【バイセル】,株式会社ＢｕｙＳｅｌｌ＿Ｔｅｃｈｎｏｌｏｇｉｅｓ,s00000012923012,リサイクル,"新規Web無料査定問合せ4000円
新規電話申込4000円",提携中,a8
遺品整理の高価買取専門【バイセル】,株式会社ＢｕｙＳｅｌｌ＿Ｔｅｃｈｎｏｌｏｇｉｅｓ,s00000012923013,リサイクル,"新規Web無料査定問合せ4000円
新規電話申込4000円",提携中,a8
引越しの高価買取専門【バイセル】,株式会社ＢｕｙＳｅｌｌ＿Ｔｅｃｈｎｏｌｏｇｉｅｓ,s00000012923014,リサイクル,"新規Web無料査定問合せ4000円
新規電話申込4000円",提携中,a8
骨董の高価買取専門【バイセル】,株式会社ＢｕｙＳｅｌｌ＿Ｔｅｃｈｎｏｌｏｇｉｅｓ,s00000012923015,リサイクル,"新規Web無料査定問合せ4000円
新規電話申込4000円",提携中,a8
洋服の高価買取専門【バイセル】,株式会社ＢｕｙＳｅｌｌ＿Ｔｅｃｈｎｏｌｏｇｉｅｓ,s00000012923016,リサイクル,"新規Web無料査定問合せ1500円
新規電話申込1500円",提携中,a8
ゴルフの高価買取【バイセル】,株式会社ＢｕｙＳｅｌｌ＿Ｔｅｃｈｎｏｌｏｇｉｅｓ,s00000012923026,リサイクル,"新規Web無料査定問合せ1500円
新規電話申込1500円",提携中,a8
家電の高価買取【バイセル】,株式会社ＢｕｙＳｅｌｌ＿Ｔｅｃｈｎｏｌｏｇｉｅｓ,s00000012923027,リサイクル,"新規Web無料査定問合せ1500円
新規電話申込1500円",提携中,a8
アスリート中高生の成長期を応援！フィジカルメンテPRO,ケンショウ株式会社,s00000012986005,健康食品,新規購入1500円,未提携,a8
【全国対応/宅配買取】コスメや美容家電買取【JUST BUY】,株式会社ＪＵＳＴＹ,s00000013178016,リサイクル,買取成立1000円,未提携,a8
【全国対応/宅配買取】健食・サプリ買取【リサイクルネット】,株式会社ＪＵＳＴＹ,s00000013178017,リサイクル,買取成立1000円,未提携,a8
【全国対応/宅配買取】ゴルフ用品買取【ＪＵＳＴＹ】,株式会社ＪＵＳＴＹ,s00000013178018,リサイクル,買取成立1500円,未提携,a8
塗るだけ簡単！ラクラク除毛でモテスベ肌！【MONOVOヘアリムーバークリーム】,日本サプリメントフーズ株式会社,s00000013307015,その他（美容）,初回購入1500円,未提携,a8
男性特有の「イカ臭い」をケア！メンズデオドラントミスト【TINCARE（チンケア）】,日本サプリメントフーズ株式会社,s00000013307039,ボディケア,初回購入1500円,未提携,a8
業界最安級の海外WiFiレンタル【WiFiトラベル】,クロスデータ株式会社,s00000013504001,wifi,新規申込1500円,未提携,a8
星付きソムリエ厳選ワイン【ミシュラン星付きセレクション】,株式会社アルディス,s00000013516001,飲料,新規購入2000円,未提携,a8
アジア周遊レンタルWiFi【アジアンデータ】,株式会社インバウンドプラットフォーム,s00000013909012,wifi,新規利用1500円,未提携,a8
イギリス専用レンタルWiFiルーター【イギリスデータ】,株式会社インバウンドプラットフォーム,s00000013909013,wifi,新規利用1500円,未提携,a8
インド専用レンタルWiFiルーター【インドデータ】,株式会社インバウンドプラットフォーム,s00000013909014,wifi,新規利用1500円,未提携,a8
カンボジア専用レンタルWiFIルーター【カンボジアデータ】,株式会社インバウンドプラットフォーム,s00000013909015,wifi,新規利用1500円,未提携,a8
グアム専用レンタルWiFIルーター【グアムデータ】,株式会社インバウンドプラットフォーム,s00000013909016,wifi,新規利用1500円,未提携,a8
ドイツ専用レンタルWiFiルーター【ドイツデータ】,株式会社インバウンドプラットフォーム,s00000013909017,wifi,新規利用1500円,未提携,a8
ベトナム専用レンタルWiFIルーター【ベトナムデータ】,株式会社インバウンドプラットフォーム,s00000013909018,wifi,新規利用1500円,未提携,a8
マレーシア専用レンタルWiFiルーター【マレーシアデータ】,株式会社インバウンドプラットフォーム,s00000013909019,wifi,新規利用1500円,未提携,a8
世界周遊レンタルWiFiルーター【ワールドデータ】,株式会社インバウンドプラットフォーム,s00000013909020,wifi,新規利用1500円,未提携,a8
【海外WiFiレンタルのグローバルモバイル】,株式会社インバウンドプラットフォーム,s00000013909021,wifi,新規利用1500円,未提携,a8
イタリア専用レンタルWiFiルーター【イタリアデータ】,株式会社インバウンドプラットフォーム,s00000013909023,wifi,新規利用1500円,未提携,a8
スペイン専用レンタルWiFiルーター【スペインデータ】,株式会社インバウンドプラットフォーム,s00000013909024,wifi,新規利用1500円,未提携,a8
フィリピン専用レンタルWiFiルーター【フィリピンデータ】,株式会社インバウンドプラットフォーム,s00000013909025,wifi,新規利用1500円,未提携,a8
フランス専用レンタルWiFiルーター【フランスデータ≫】,株式会社インバウンドプラットフォーム,s00000013909026,wifi,新規利用1500円,未提携,a8
アフリカ周遊レンタルWiFiルーター【アフリカデータ】,株式会社インバウンドプラットフォーム,s00000013909027,wifi,新規利用1500円,未提携,a8
カナダ専用レンタルWiFiルーター【カナダデータ】,株式会社インバウンドプラットフォーム,s00000013909028,wifi,新規利用1500円,未提携,a8
メキシコ専用レンタルWiFiルーター【メキシコデータ】,株式会社インバウンドプラットフォーム,s00000013909029,wifi,新規利用1500円,未提携,a8
中東周遊レンタルWiFiルーター【中東データ】,株式会社インバウンドプラットフォーム,s00000013909030,wifi,新規利用1500円,未提携,a8
南アフリカ専用レンタルWiFiルーター【南アフリカデータ】,株式会社インバウンドプラットフォーム,s00000013909031,wifi,新規利用1500円,未提携,a8
リノベーションなら【リノべる。】物件売却問合せ,リノベる株式会社,s00000014010002,その他（不動産・引越）,新規物件売却問合せ1500円,未提携,a8
30日で実感！60日で感動！話題の濃密「まゆ毛」「まつ毛」美容液【エクストラロングラッシュ】,ＹＯＵ＿ＵＰ＿ＩＮＴＥＲＮＡＴＩＯＮＡＬ,s00000014141008,コスメ・メイク,新規購入1500円,未提携,a8
あらゆる肌悩みの救世主【魔法のオールインワン石鹸】,ＹＯＵ＿ＵＰ＿ＩＮＴＥＲＮＡＴＩＯＮＡＬ,s00000014141012,スキンケア,新規購入1500円,未提携,a8
デリケートな目元の年齢サインに【ホワイトニングアイクリーム】,ＹＯＵ＿ＵＰ＿ＩＮＴＥＲＮＡＴＩＯＮＡＬ,s00000014141016,コスメ・メイク,新規購入1500円,未提携,a8
【シーボディ】「ミネラルボディシャインジェル」日焼けあと・身体の気になる黒ずみに,ＳｉＢＯＤＹ,s00000014225005,ボディケア,新規購入1500円,未提携,a8
【シーボディ】「ミネラルボディクリーム」入浴後の習慣に！肌とボディを整えるクリーム,ＳｉＢＯＤＹ,s00000014225014,ボディケア,新規購入1500円,未提携,a8
大学受験参考書・赤本、予備校テキスト買取サイト【学参プラザ】買取申込,株式会社ブックスドリーム,s00000014429001,リサイクル,新規買取申込2500円,未提携,a8
専門書、大学教科書、医学書の買取サイト【専門書アカデミー】,株式会社ブックスドリーム,s00000014429002,リサイクル,新規買取申込3500円,未提携,a8
医学書、看護学・薬学の大学教科書や専門書の買取サイト【メディカルマイスター】,株式会社ブックスドリーム,s00000014429003,リサイクル,新規買取申込3500円,未提携,a8
100％天然由来のエイジングケアシャンプー haru「kurokamiスカルプ」,株式会社ｎｉｊｉｔｏ,s00000014471001,ヘアケア,新規購入1500円,未提携,a8
日本初！100%天然由来の育毛剤　haru「スカルプエッセンス100」,株式会社ｎｉｊｉｔｏ,s00000014471006,ヘアケア,新規購入1500円,未提携,a8
ハウスクリーニングの【お掃除マスター】,株式会社アシスト,s00000014894005,その他（暮らし）,新規成約1500円,未提携,a8
剪定、伐採の専門【お庭マスター】,株式会社アシスト,s00000014894006,その他（暮らし）,新規成約1500円,未提携,a8
内装工事のことなら【内装マスター】,株式会社アシスト,s00000014894009,物件,新規成約1500円,未提携,a8
外溝工事【ロイヤルガーデン】,株式会社アシスト,s00000014894014,その他（暮らし）,新規成約1500円,未提携,a8
特殊清掃【ライフリセットb】,株式会社アシスト,s00000014894016,その他（暮らし）,新規成約1500円,未提携,a8
独立・開業を応援するフランチャイズ比較サイト【BMフランチャイズ】,株式会社ジエイ・ビー・クラフト,s00000014969001,その他（Webサービス）,新規資料請求1500円,未提携,a8
「中古を買ってリノベーション」で理想のわが家を実現しよう【ひかリノベ】,株式会社ネクサス・アールハウジングひかリノベ事業部,s00000015212001,物件,"初回資料請求2000円
初回問い合わせ2000円
初回イベント参加5000円
初回ショールーム来店5000円
初回物件検索会員登録1500円",未提携,a8
優良業者紹介サービス【害虫駆除110番】,シェアリングテクノロジー株式会社,s00000015223032,その他（暮らし）,依頼成立1500円,未提携,a8
優良水回り修理業者紹介サービス【水110番】,シェアリングテクノロジー株式会社,s00000015223038,その他（暮らし）,新規見積依頼1500円,未提携,a8
理想の結婚式を！結婚式場探し・ブライダルフェア予約サイト【Hanayume】_アドメディア様限定,株式会社エイチームライフデザイン,s00000015770010,ウエディング,"新規会員登録1500円
初回キャンペーンエントリー16000円",未提携,a8
馬肉を贅沢に使用したプレミアムドッグフード『馬肉自然づくり』,株式会社利他フーズ,s00000015836004,ペット,新規購入1500円,提携中,a8
【あなたの町のハウスクリーニング屋さん】最短即日30分で駆け付けます！,株式会社ＧＲＡＣＥ,s00000015892013,家事・日用品,新規見積り1500円,未提携,a8
工具・農機具・重機などなんでも対応！工具の買取専門店【工具の買取屋さん】,株式会社ＧＲＡＣＥ,s00000015892026,リサイクル,新規査定完了1500円,未提携,a8
ファンケルから待望のプログラム登場！マイルドクレンジングオイル,株式会社ファンケル,s00000016135009,スキンケア,"▽一般メディア
新規購入1500円

▽ポイントサイト
新規購入1000円",未提携,a8
プロが選ぶWordPressテーマテンプレート【LIQUID PRESS】,リキッドデザイン株式会社,s00000016379001,ホームページ・ネットショップ,有償テーマ購入1500円,未提携,a8
英語のリスニング力向上なら「シャドテン」,株式会社プログリット,s00000017068002,その他（学び・資格）,新規有料会員登録1500円,未提携,a8
青汁から乗換える方急増中！1日32円から始める桑の葉茶「糖煎坊」,株式会社ソシア,s00000017106009,健康食品,初回購入1500円,提携中,a8
1本でピンクベージュ美肌補正、マスク汚れ対応UVクリーム【スターオブザカラー】,株式会社リンクス,s00000017351006,スキンケア,"初回単品購入1500円
初回定期購入2000円",未提携,a8
箱に詰めて送るだけ。月額330円〜の宅配収納サービス【サマリーポケット】,株式会社サマリー,s00000017668001,その他（暮らし）,新規集荷手配1500円,未提携,a8
当たると評判！霊感霊視の電話占い【恋愛応援スペーシア】,有限会社多摩川エージェンシー,s00000017699001,占い,新規占い利用1500円,未提携,a8
クラウド会計ソフト【freee会計】,株式会社Ｗｉｚ,s00000017718057,総合（Webサービス）,"新規導入1500円（通常プラン）
新規導入20000円（補助金プラン）",未提携,a8
障害者転職サポート実績業界No.1！【アットジーピー（atGP）】,株式会社ゼネラルパートナーズ,s00000017969001,就職・転職,新規会員登録1500円,未提携,a8
多種多様なカメラ・レンズを絶賛買取しています！【カメラ買取アローズ】,買取アローズ,s00000018024003,リサイクル,新規買取成立1500円,未提携,a8
多種多様な楽器を絶賛買取しています！【楽器買取アローズ】,買取アローズ,s00000018024006,リサイクル,新規買取成立1500円,未提携,a8
多種多様なパソコン・周辺機器を絶賛買取しています！【パソコン買取アローズ】,買取アローズ,s00000018024008,リサイクル,新規買取成立1500円,未提携,a8
多種多様な鉄道模型を絶賛買取しております！【鉄道模型買取アローズ】,買取アローズ,s00000018024011,リサイクル,新規買取成約1500円,未提携,a8
フィギュア・UFOキャッチャー景品・ゲーム・おもちゃの宅配買取【カイトリワールド】,メディアワールド株式会社,s00000018068001,リサイクル,新規買取2000円,未提携,a8
ロレックス、オメガなど高級時計のオーバーホール・修理専門店【ＣＩＥＮ】,株式会社ＣＩＥＮ,s00000018917001,その他（暮らし）,新規見積り2500円,未提携,a8
鑑定歴30年、買取実績1000万枚の実績【エコストアレコード】,ＦＴＦ株式会社,s00000019039001,リサイクル,買取1500円,未提携,a8
鑑定歴30年、買取実績1000万枚の実績＋【エコストアCD買取センター】,ＦＴＦ株式会社,s00000019039002,リサイクル,新規買取1500円,未提携,a8
"今までこんな物件見たことありますか？家賃20,000円台で敷金・礼金・手数料・更新料が全て無料！",ビレッジハウス・マネジメント株式会社,s00000019376001,物件,"新規問合せ1500円（個人）
新規問合せ3000円（法人）",未提携,a8
毎月のコンタクトレンズ代を安くする【定額制・サブスク】dicon,粧美堂株式会社,s00000019683001,ファッション小物,初回定額制プラン購入1500円,未提携,a8
慢性腎臓病用の食事療法食【yum yum yum! 健康マネジメント腎臓】,株式会社カラーズ,s00000019729004,ペット,新規購入2000円,未提携,a8
ミラセル｜浴びる美容液！ヒト幹細胞培養液エキス配合シャワー用塩素除去カートリッジ,株式会社ＧＷＦ,s00000019882008,その他（美容）,初回購入1500円,未提携,a8
"取引実績月間15,000件以上！圧倒的な品揃え！【中古トレカ通販サイトカーナベル 】",カーナベル株式会社,s00000019953002,その他（エンタメ）,"リピート購入4％（報酬上限200円）
新規購入12％（報酬上限1000円）",未提携,a8
契約縛り無し、完全定額、大容量のSTAR Wi-Fi（お試しプランあり）,株式会社ツボスタ,s00000020065001,wifi,新規契約1500円,未提携,a8
エルピオでんき！セット割でお得！！,株式会社エルピオ,s00000020080001,その他（暮らし）,新規電力切り替え3000円,未提携,a8
水道水から簡単に浄水+シリカ水が作れます【高機能浄水器Welvina】,株式会社トロムソ,s00000020175001,飲料,新規購入3000円,未提携,a8
日本の成長企業をメインに投資する投資信託【ひふみ投信】,レオス・キャピタルワークス株式会社,s00000020226001,投資,新規口座開設1500円,未提携,a8
短期間でプロを目指す大人のためのデザイン学校【東京デザインプレックス研究所】,東京デザインプレックス研究所,s00000020296001,専門学校・スクール,新規資料請求1500円,未提携,a8
男の4大肌悩みにアプローチする医薬部外品【プレミアム保湿クリーム】,ＨＯＬＯ＿ＢＥＬＬ,s00000020317005,ボディケア,"購入1500円(単品、定期便）
購入2000円(ジェル＆クリーム）",未提携,a8
業界最多8種の有効成分【モアグロースアップ】,ＨＯＬＯ＿ＢＥＬＬ,s00000020317007,ヘアケア,新規購入1500円,未提携,a8
すらら漢字アドベンチャー,株式会社すららネット,s00000020322002,習い事,入会1500円,未提携,a8
お掃除のことなら、ハウスクリーニングのオン,株式会社アロン,s00000020635001,家事・日用品,"新規施工1000円(施工料金9000円〜29999円)　
新規施工3000円(施工料金30000円〜50000円)
新規施工5000円(施工料金50000円〜)",未提携,a8
安心安全・世界クオリティのフィリピン人の家事代行【ピナイ家事代行サービス】,株式会社ピナイ・インターナショナル,s00000020684001,その他（仕事情報）,"新規無料お問い合わせ1000円（ご利用相談・お問い合わせ）
新規単発利用1500円（家事代行プライムアウトレット・新規限定）",未提携,a8
【ハーブピーリング】上場企業グループ運営の韓国コスメスキンケアショップ,株式会社Ｋ＿Ｖｉｌｌａｇｅ,s00000020785003,スキンケア,初回購入1500円,未提携,a8
ブランド洋服買取の専門店【アクイール】,アクイール,s00000020894001,リサイクル,"新規宅配買取1500円
新規出張買取2000円",未提携,a8
買い物同行で1ランク上の自分に！ファッションコーディネートサービスFUKUJOY,株式会社アルファブル,s00000020948003,その他（ファッション）,新規プラン購入1500円,未提携,a8
会計業務を約1/2に削減するクラウド会計ソフト【マネーフォワード クラウド会計 】,株式会社マネーフォワード,s00000021185001,総合（Webサービス）,新規会員登録700円,未提携,a8
初めての方でも確定申告がラクラク完了【マネーフォワード クラウド確定申告】,株式会社マネーフォワード,s00000021185002,総合（Webサービス）,新規会員登録1500円,未提携,a8
コラボレートを加速するフリーランスプラットフォーム【Workship】,株式会社ＧＩＧ,s00000021273001,総合（仕事情報）,新規会員登録1500円,未提携,a8
日本初！「介護×美容」専門のプロフェッショナルスクール＋【介護美容研究所】,株式会社ミライプロジェクト,s00000021427001,その他（学び・資格）,新規資料請求1500円,未提携,a8
大規模市場で選ばれる訪問美容師へ「介護×美容」専門プロスクール【訪問美容コース】,株式会社ミライプロジェクト,s00000021427002,総合（学び・資格）,新規資料請求1500円,未提携,a8
”ケアビューティスト”になれるのは介護美容研究所だけ【スクール説明会】,株式会社ミライプロジェクト,s00000021427003,その他（仕事情報）,新規説明会申込1500円,未提携,a8
アニメCD・DVD・GAMEの宅配買取なら【いーすとえんど！】,株式会社アニエラ,s00000021769001,リサイクル,新規宅配買取成立1500円,未提携,a8
アニメグッズの買取なら【アニエラ】,株式会社アニエラ,s00000021769002,リサイクル,新規宅配買取成立1500円,未提携,a8
タペストリー・抱き枕カバーの高価買取なら【アニポス】,株式会社アニエラ,s00000021769003,リサイクル,新規宅配買取成立1500円,未提携,a8
BL・乙女向けCD・DVD・ゲームの宅配買取は【ブラックローズ】,株式会社アニエラ,s00000021769004,リサイクル,新規宅配買取成立1500円,未提携,a8
圧倒的な技術と価格コスパNo1宅配クリーニング【クリーニングモンスター】,株式会社シルキードライ,s00000021792001,家事・日用品,新規注文1500円,未提携,a8
圧倒的な技術と価格コスパNo1の布団宅配クリーニング【クリーニングモンスター】,株式会社シルキードライ,s00000021792002,家事・日用品,新規注文1500円,未提携,a8
【新プラン登場】メディア掲載多数「花のある暮らし」の定期便に、ライトプラン発売,株式会社ＢＯＴＡＮＩＣ,s00000021811001,ガーデニング,新規定期便申込1500円,未提携,a8
【白髪染め口コミNo.1】手軽にさっと使える敏感肌用白髪隠しカラーリングブラシ,スリーエム株式会社,s00000021920003,ヘアケア,初回購入1500円,未提携,a8
摩擦レス洗顔＋1分エステ【EKATO 炭酸泡パック洗顔】,ａｎｄ＿ｂｅａｕｔｙ株式会社,s00000022400003,スキンケア,初回購入1500円,未提携,a8
Nexus Card デポジット型クレジットカード,Ｎｅｘｕｓ＿Ｃａｒｄ株式会社,s00000022442001,金融,新規カード発行1500円,未提携,a8
あなたの楽曲を世界中に配信しよう！【narasu】,株式会社ローディアム,s00000022735001,音楽,"新規有料会員登録1000円（配信し放題プラン）
新規有料会員登録700円（1回払いきりプラン（シングル/アルバム））",未提携,a8
【初回500円オフ！】お花の定期便 by アンドプランツ,株式会社Ｄｏｍｕｚ,s00000022840002,花,初回購入1500円,提携中,a8
フィギュア・超合金などホビーの出張、宅配買取なら【ホビーレンジャー】,株式会社クリアーコットン,s00000023020001,グッズ,新規買取成立1500円,未提携,a8
【制作実績10万枚以上】ネットショップ向け商品画像制作サービス”商品画像クリエイト”,株式会社ＮＥＸＴ＿ＯＮＥ,s00000023122003,その他（Webサービス）,新規問い合わせ1500円,未提携,a8
全国約57万戸管理！家具家電付きの単身者向け賃貸【レオパレス２１】,レオパレス２１,s00000023134001,物件,"新規物件指定問い合わせ2000円
新規来店・オンライン面談2000円
新規物件契約9000円",未提携,a8
動画視聴に特化したVPN 海外から日本の動画サイトが観られないを解消【Glocal VPN】,株式会社グローカルネット,s00000023372001,サーバー,"新規契約1500円(1か月コース)
新規契約3000円(6か月コース)
新規契約5000円(12か月コース)",未提携,a8
生理移動ピルのオンライン処方なら【マイピル】,株式会社オンラインメディカルケア,s00000023462002,医療,新規オンライン診療1500円,未提携,a8
オンラインで本気でバイリンガルに！【GO School】,ＧＯ＿Ｓｃｈｏｏｌ,s00000023475001,幼児教育,"新規説明会参加1000円
新規無料体験レッスン受講5000円
新規入会10000円",未提携,a8
注文住宅資料請求サイト【持ち家計画】,株式会社セレス,s00000023754002,総合（暮らし）,新規資料請求1500円,未提携,a8
ブランド時計の高価買取なら【宝石広場】,株式会社ユーズカンパニー,s00000024554001,リサイクル,新規無料査定申込1500円,未提携,a8
ブランドジュエリーの高価買取なら【宝石広場】,株式会社ユーズカンパニー,s00000024554002,リサイクル,新規無料査定申込1500円,未提携,a8
ABABA｜不採用通知がスカウトに変わる新卒向けサービス,株式会社ＡＢＡＢＡ,s00000024702001,就職・転職,新規登録1500円,未提携,a8
国内安心運営の景品交換ができるオンパチサイト【PPPremium】,株式会社Ｑｕｅｓｔｉｏｎ,s00000024843001,ギャンブル,新規ポイント購入1500円,未提携,a8
【トラベルブック】団体・グループ旅行一括見積もりサービス,トラベルブック株式会社,s00000024877008,総合（旅行）,新規見積り申込1500円,未提携,a8
電動アシスト自転車の定額レンタルサービス【スマイルサイクル】,有限会社スマイルケア,s00000024907001,その他（暮らし）,初回レンタル1500円,未提携,a8
うつや発達障害の方の適職が見つかる就労以降支援事業所　キズキビジネスカレッジ,株式会社キズキ,s00000025026001,その他（仕事情報）,新規問い合わせ1500円,未提携,a8
トランクルームの比較・検索サイト「JAPANトランクルーム」,株式会社ジャパントランクルーム,s00000025306001,その他（暮らし）,新規メール問い合わせ1000円,未提携,a8
愛犬家のみなさまに選ばれ続け800万食突破【Ta-Ta】,株式会社ｄｏｔ＿ＬＩＦＥ,s00000025392001,ペット,新規購入1500円,未提携,a8
１日１５分！AI搭載ユーモラスなレッスンで英語力アップ 【gymglish】,ＫＯＬＥＮＤＡ＿Ｊａｐａｎ株式会社,s00000025458001,習い事,新規無料トライアル完了1500円,未提携,a8
１日１５分！AI搭載 frantastique、ユーモラスなレッスンでフランス語学習,ＫＯＬＥＮＤＡ＿Ｊａｐａｎ株式会社,s00000025458002,習い事,新規無料トライアル完了1500円,未提携,a8
１日１５分！AI搭載 Wunderbla、ユーモラスなレッスンでドイツ語学習,ＫＯＬＥＮＤＡ＿Ｊａｐａｎ株式会社,s00000025458003,習い事,新規無料トライアル完了1500円,未提携,a8
１日１５分！AI搭載 Saga Baldoria、ユーモラスなレッスンでイタリア語学習,ＫＯＬＥＮＤＡ＿Ｊａｐａｎ株式会社,s00000025458004,習い事,新規無料トライアル完了1500円,未提携,a8
１日１５分！AI搭載 Hotel Borbollon、ユーモラスなレッスンでスペイン語学習,ＫＯＬＥＮＤＡ＿Ｊａｐａｎ株式会社,s00000025458005,習い事,新規無料トライアル完了1500円,未提携,a8
ひどいくせ毛、縮毛にお悩みのあなたに【シルクサラン】,株式会社ヴォーカス,s00000025559001,ヘアケア,新規購入1500円,未提携,a8
早い！安心！ジャンク品もOK！スマホの高価買取なら【mmoba買取】,株式会社エムコム,s00000025681001,リサイクル,新規買取完了1500円,未提携,a8
【セイビーの出張車検】自宅にいながら車検が通せる、次世代型車検サービス,株式会社Ｓｅｉｂｉｉ,s00000025728001,その他（暮らし）,新規出張車検点検実施1500円,未提携,a8
サウナ比較・購入ポータルサイト【サウナの専門商社】,株式会社サイリージャパン,s00000025760001,その他（スポーツ・趣味）,新規問い合わせ2091円,未提携,a8
マンツーマンAI×担任サポート制【atama＋ オンライン塾】,ａｔａｍａ＿ｐｌｕｓ株式会社,s00000025922001,家庭教師・塾,"新規資料請求1500円
新規無料体験7500円",未提携,a8
"月額9,700円で詰め放題！新感覚の宅配クリーニングはLoop Laundry！",有限会社アドバンスシステム,s00000026065001,家事・日用品,新規サブスク宅配クリーニング申込1500円,未提携,a8
中部電力ミライズ【カテエネ】,中部電力ミライズ株式会社,s00000026369001,その他（暮らし）,"新規申込1500円（電気）
新規申込3450円（ガス）
新規申込4950円（電気ガスセット）",未提携,a8
150以上の言語に対応！外国語を学ぶなら【italki(アイトーキー)】,ｉｔａｌｋｉ,s00000026411001,習い事,新規クレジット購入orレッスン予約1500円,未提携,a8
ハウスクリーニング全国対応・訪問見積り無料【おそうじ本舗】,株式会社ＨＩＴＯＷＡ（ライフパートナーカンパニー）,s00000026415001,家事・日用品,新規作業完了1500円,未提携,a8
就活サイト「ワンキャリア」,株式会社ワンキャリア,s00000026465001,就職・転職,新規会員登録1500円,未提携,a8
NMNで輝きを取り戻す！次世代エイジング美容液【VITAL eL SERUM】,株式会社優越館,s00000026616001,スキンケア,新規購入1500円,未提携,a8
SNSで話題！芸能人多数愛用！＋【Reveオーガニック歯みがき粉】,イーリス株式会社,s00000026705001,健康グッズ,新規購入1500円,未提携,a8
上場企業運営の次世代年齢肌ケア美容液【ASHADA(アスハダ)】,株式会社ＲＡＶＩＰＡ,s00000026722001,スキンケア,初回購入1500円,未提携,a8
プリザーブドフラワー専門【アミティエノリ】,株式会社Ａｍｉｔｉｅ＿ｎｏｒｉ,s00000026737001,ガーデニング,新規申込完了1500円,未提携,a8
"【1台2,000円から】届いた瞬間すぐ使えるパソコンレンタル",株式会社ＨＡＫＵ,s00000026753002,家電,新規パソコンレンタル1500円,未提携,a8
業界最安値に挑戦〔伐採/剪定/除草〕きしかん園芸,株式会社きしかん,s00000026924001,ガーデニング,新規見積完了1500円,未提携,a8
手厚いサポートで婚約まで導く結婚相談所【IBJメンバーズ】,株式会社ＩＢＪ,s00000026962001,婚活,"新規資料請求1500円
新規オンライン面談3757円
新規来店9000円",未提携,a8
ペット火葬【ハピネス】,株式会社プログレス,s00000027069001,ペット,新規見積もり1500円,未提携,a8
英検2級を目指せる！“使える英語”が身につく子ども英語教室【Lepton】,株式会社ＦＲＥＥＭＩＮＤ,s00000027130001,資格取得,"新規資料請求1500円
新規無料体験レッスン6000円",未提携,a8
ヴィーガン&グルテンフリークッキー【FruOats（フルオーツ）】,株式会社フルオーツ,s00000027137001,加工食品,新規定期便購入1500円,未提携,a8
人にも環境にも最高のクリーニングを【ハイクリア】,有限会社ヨミヤクリーニング,s00000027173001,家事・日用品,新規注文1500円,未提携,a8
キャリア支援のプロへ。【キャリアコンサルタント養成講習】,特定非営利活動法人日本キャリア・マネージメント・カウンセラー協会,s00000027279001,資格取得,"新規資料請求1500円
新規無料説明会申込5500円
新規養成講習申込30000円",未提携,a8
看護受験専門の個別指導（対面・オンライン両方可）【さくら看護予備校】,株式会社ロイヤル,s00000027317001,家庭教師・塾,"新規無料相談1500円
新規入会20000円",未提携,a8
未経験OK！受付・接客販売の正社員転職なら【ディンプル】年間約1万人利用の転職支援,株式会社ディンプル,s00000027343001,その他（仕事情報）,新規会員登録1500円,未提携,a8
起きてすぐ行動できる朝をつくる【Morning Booster】,株式会社Ｍｉｋａｉ,s00000027436001,健康食品,新規購入1500円,未提携,a8
副業・独立・新規事業のビジネスを発見！無料で使える資料請求サイト【代理店ドットコム】,株式会社プライスレス,s00000027523001,起業・会社設立,新規資料請求1500円,未提携,a8
土居珈琲【「小さな焙煎」おためしセット】,株式会社土居珈琲,s00000011565001,飲料,"初回購入1483円（「小さな焙煎」おためしセット）
購入4％（その他商品）",未提携,a8
TVCMで話題！眠りでお悩みの方へ新睡眠対策サプリ【アラプラス 深い眠り】,ＳＢＩアラプロモ株式会社,s00000019122004,健康食品,初回購入1466円,未提携,a8
流行りのメンズコスメ！【アンビーク2ステップケアセット】,株式会社ＳＯＬＩＡ,s00000017341009,スキンケア,新規購入1460円,未提携,a8
ベスコス受賞！オーガニックコスメ「ジュリーク」の【ハンドクリーム】,株式会社ピーオーグローバル,s00000023586002,ボディケア,"購入(税抜)10％（その他）
新規購入1450円（ハンドクリーム）",未提携,a8
スタディサプリENGLISH（TOEIC対策コース）,株式会社リクルート,s00000015388002,総合（学び・資格）,初回会員登録1439円(TOEIC L&R対策コース),未提携,a8
【高収入】ライブでゴーゴー女性会員募集,株式会社リアズ,s00000001086017,在宅ワーク,新規女性会員登録1500円,未提携,a8
【テアトルアカデミー】タレントオーディション応募,株式会社テアトルアカデミー,s00000006490001,専門学校・スクール,オーディション申込1429円,未提携,a8
キッズモデル・子役なら【キャストネット】キッズ新規会員募集,株式会社キャストネット,s00000007516001,その他（仕事情報）,会員登録1500円,未提携,a8
婚活イベント【フィオーレパーティー】参加申込み,トータルマリアージュサポート,s00000012898001,婚活,新規パーティ参加1402円,未提携,a8
予約ができるスマート駐車場【アキッパ（akippa）】,ａｋｉｐｐａ株式会社,s00000017017001,総合（暮らし）,新規駐車場利用（税抜）5％,未提携,a8
人気トレカを販売！豊富な品揃え！トレカ通販【Bee本舗通販店】,株式会社山王商会,s00000026378001,その他（エンタメ）,"購入5％
買取成立1400円",未提携,a8
育毛剤【ふわ姫】,株式会社ソーシャルテック,s00000013218013,ヘアケア,初回購入1400円,未提携,a8
【リノべる。】中古マンションのワンストップリノベーションサービス,リノベる株式会社,s00000014010001,物件,"初回資料請求1400円
初回イベント参加予約3500円
初回ショールーム来店予約3500円",未提携,a8
脱毛大国トルコ発！顔から背中まで全身使える【ヘアーリデューシングクリーム】,ＹＯＵ＿ＵＰ＿ＩＮＴＥＲＮＡＴＩＯＮＡＬ,s00000014141004,ボディケア,新規購入1500円,未提携,a8
害獣駆除に関することなら何でも相談【害獣駆除屋】,株式会社アシスト,s00000014894002,その他（暮らし）,新規成約1400円,未提携,a8
害虫駆除に関することなら何でも相談【害虫駆除屋】,株式会社アシスト,s00000014894003,その他（暮らし）,新規成約1400円,未提携,a8
どんな木でも庭木一本からお任せください！【剪定110番】,シェアリングテクノロジー株式会社,s00000015223022,その他（Webサービス）,見積依頼1400円,未提携,a8
全国初！ダウンクリーニング専門店【PROSHOP HIRAISHIYA】,ＰＲＯＳＨＯＰ＿ＨＩＲＡＩＳＨＩＹＡ,s00000021490001,家事・日用品,新規注文1500円,未提携,a8
遊戯王カード宅配買取の【トレトク】,株式会社山徳,s00000012789016,リサイクル,買取成立1390円,未提携,a8
ポケモンカードカード宅配買取の【トレトク】,株式会社山徳,s00000012789017,リサイクル,買取成立1390円,未提携,a8
デュエルマスターズカード宅配買取の【トレトク】,株式会社山徳,s00000012789019,リサイクル,買取成立1390円,未提携,a8
ワンピースカード宅配買取の【トレトク】,株式会社山徳,s00000012789020,リサイクル,買取1390円,未提携,a8
キャッシングサービス【スカイオフィスキャッシング】,株式会社スカイオフィス,s00000009384001,金融,"申込200円
新規融資契約18000円",未提携,a8
瑞々しい自信の素肌へ【ぽろぽろとれる杏ジェル】,株式会社フレージュ,s00000017284002,スキンケア,新規購入1200円,未提携,a8
小型犬用ドッグフード【このこのごはん】,株式会社ゆずず,s00000019036001,ペット,初回購入1389円,提携中,a8
いつものごはんに混ぜるだけ！簡単わんちゃんのお口ケア【このこのふりかけ】,株式会社ゆずず,s00000019036003,ペット,初回購入1389円,提携中,a8
体型維持と健康な関節をサポートする【関節げんき このこのおやつじゅれ】,株式会社ゆずず,s00000019036007,ペット,初回購入1389円,提携中,a8
【リソウ】「リペアジェルトライアル」,株式会社リソウ,s00000013245001,スキンケア,新規購入500円,未提携,a8
脱ファンデで脱三スギ！あきゅらいずスキンケア商品「お試し詰合せ」,株式会社ユーグレナ,s00000025919001,スキンケア,新規購入1380円,未提携,a8
使いたい分だけ容量チャージ！日本国内+海外で使えるレンタルWiFi『チャージWiFi どっとこむ』,株式会社ビジョン,s00000011875012,wifi,新規購入1353円,未提携,a8
パーティールーム・レンタルスペースの予約【インスタベース】,株式会社Ｒｅｂａｓｅ,s00000026212001,引越,新規スペース利用1353円,未提携,a8
家族で分けあえるオンライン英会話【クラウティ】,株式会社ライトエデュケーション,s00000019544001,習い事,新規無料体験レッスン2500円,未提携,a8
超スピード英会話習得法！“DMEメソッド無料体験レッスン”会員登録促進,イングリッシュベル英会話,s00000010569001,習い事,新規無料体験受講1800円,未提携,a8
話せる実感！DMEとARCSの２つの最先端メソッド【イングリッシュベル英会話】,イングリッシュベル英会話,s00000010569002,その他（学び・資格）,新規無料体験受講1800円,未提携,a8
"楽天,Yahoo1位獲得【メンズ専用 NULLリムーバークリーム】除毛/脱毛クリーム",ＮＵＬＬメンズ化粧品,s00000014286001,ボディケア,購入1350円,未提携,a8
【高評価レビュー多数】携帯/スマホのスピード高価買取,バイヤーズ株式会社,s00000016351006,リサイクル,買取1350円,未提携,a8
話題の新サービス！『NUROモバイル』,ソニーネットワークコミュニケーションズ株式会社,s00000016938001,電話,新規申込1350円,未提携,a8
"毎月1,480円から始められるオーダーメイド枕のサブスク【THEPILLOW】",まくら株式会社,s00000026114002,インテリア,"購入(税抜)5％
初回申込1345円(サブスク商品）",提携中,a8
中古ゴルフクラブの買取ならゴルフエース【ゴルフエース】買取促進,株式会社ゲオ,s00000011047001,リサイクル,買取成約1310円,未提携,a8
火災保険を比較するなら【インズウェブ火災保険一括見積もりサービス】,ＳＢＩホールディングス株式会社,s00000000352014,保険,新規見積もり1400円,未提携,a8
うるおいほぐす極上クレンジング【オルビス　オフクリーム】,オルビス株式会社,s00000008657020,スキンケア,新規購入1300円,未提携,a8
最短即日発送！1日あたり最安160円〜の格安WiFiレンタル【WiFiGO】,クロスデータ株式会社,s00000013504003,wifi,新規申込1300円,未提携,a8
韓国専用WiFiルーターレンタル【韓国データ】,株式会社インバウンドプラットフォーム,s00000013909003,wifi,新規申込1300円,未提携,a8
タイ専用Wi-Fiルーター【タイデータ】,株式会社インバウンドプラットフォーム,s00000013909008,wifi,新規申込1300円,未提携,a8
オーストラリア専用レンタルWi-Fiルーター「オージーデータ」,株式会社インバウンドプラットフォーム,s00000013909010,wifi,新規申込1300円,未提携,a8
香港・マカオ専用レンタルWiFiルーター【香港・マカオデータ】,株式会社インバウンドプラットフォーム,s00000013909022,wifi,新規利用1300円,未提携,a8
優良業者紹介サービス【カーバッテリー110番】,シェアリングテクノロジー株式会社,s00000015223029,車・バイク,依頼成立1300円,未提携,a8
お掃除のプロが丁寧に対応いたします！【ハウスクリーニング110番】,シェアリングテクノロジー株式会社,s00000015223035,家事・日用品,新規見積依頼1300円,未提携,a8
【伐採グループ】庭のお手入れ低価格で即日対応！,株式会社ＧＲＡＣＥ,s00000015892027,ガーデニング,新規見積もり1300円,提携中,a8
青汁そのものを醗酵させた秘伝の製法【生搾りどくだみ青汁酒・十黒梅300】,株式会社食援隊,s00000016327001,健康食品,新規購入1300円,未提携,a8
販売実績260万本！リピート率93%！発毛促進剤「薬用グローリン・ギガ」,株式会社ソシア,s00000017106010,ヘアケア,初回購入1300円,未提携,a8
必須アミノ酸とグリシンで理想のボディを目指すなら「アミノスパルタンGOLD」,株式会社ソシア,s00000017106011,ダイエット,初回購入1300円,未提携,a8
こんなにふっくら！羽毛布団リフォーム（打ち直し）【しももとクリーニング】,有限会社しももとクリーニング,s00000017843002,家事・日用品,新規申込1300円,未提携,a8
多種多様なゴルフ用品を買取しています！【ゴルフ買取アローズ】,買取アローズ,s00000018024005,リサイクル,新規買取成立1300円,未提携,a8
最短即日発送！1日430円〜レンタルできるポケット型WiFi登場！【縛りなしWiFi　 短期プラン】,株式会社ＨＵＭＡＮ＿ＬＩＦＥ,s00000019626003,wifi,新規申込1300円,未提携,a8
洗髪・保護・スキンケアのトリプルアプローチ【3in1保湿シャンプー】,ＨＯＬＯ＿ＢＥＬＬ,s00000020317004,ヘアケア,"新規購入1300円(単品、トライアル＆定期便、定期便）
新規購入1800円(洗顔＆シャンプー）
新規購入1850円(ジェル＆シャンプー）
新規購入2750円(洗顔＆ジェル＆シャンプー）",未提携,a8
安心のイオングループ｜仕上がり満足保証付き 布団クリーニング【カジタク】,カジタク,s00000022597003,家事・日用品,新規注文2000円,未提携,a8
安心のイオングループ｜仕上がり満足保証付き 保管付宅配クリーニング【カジタク】,カジタク,s00000022597004,家事・日用品,新規注文2000円,未提携,a8
子どもが読書にハマるオンライン習い事【ヨンデミー】,株式会社Ｙｏｎｄｅｍｙ,s00000025896001,幼児教育,新規ユーザー登録1300円,未提携,a8
保険スクエアbang！火災保険の無料診断サービス,ウェブクルー,s00000000489041,その他（金融・投資・保険）,新規申込1279円,未提携,a8
インバウンドプラットフォーム「エアポートタクシー」,株式会社インバウンドプラットフォーム,s00000025021001,その他（暮らし）,乗車完了1275円,未提携,a8
スタディサプリENGLISH（新日常英会話コース）,株式会社リクルート,s00000015388006,習い事,新規申込1271円,未提携,a8
保湿スキンケア【みんなの肌潤糖】,株式会社北の達人コーポレーション,s00000000204011,スキンケア,初回購入3000円,未提携,a8
【動物栄養博士監修】涙やけクリア,株式会社アニマルライフ研究所,s00000017612005,ペット,初回購入1250円,提携中,a8
【アトクリアワン】スキンケア&サプリメント,株式会社アニマルライフ研究所,s00000017612006,ペット,初回購入1249円,未提携,a8
簡単3ステップ！会社設立をもっとラクに【マネーフォワード クラウド会社設立】,株式会社マネーフォワード,s00000021185003,総合（Webサービス）,新規会員登録600円,未提携,a8
【映画・スポーツ・海外ドラマみるなら】WOWOWオンデマンド,株式会社ＷＯＷＯＷ,s00000025070001,動画,新規有料プラン契約1230円,提携中,a8
法人自動車保険一括見積もりサービス【インズウェブ】,ＳＢＩホールディングス株式会社,s00000000352017,保険,新規見積もり依頼1200円,未提携,a8
法人向け自動車保険一括見積サービス【保険スクエアbang!自動車保険　法人】,ウェブクルー,s00000000489043,保険,新規見積申込1200円,未提携,a8
英語学習講座「１年でＴＯＥＩＣ９００！正統派の英語学習プロジェクト」販売,有限会社ＶａｎｄｅｌａｙｅＰｕｂｌｉｓｈｉｎｇ,s00000003748001,習い事,商品購入1200円,未提携,a8
WiFiモバイルルータの1日レンタルサービス【WiFiレンタルどっとこむ】,株式会社ビジョン,s00000011875005,wifi,成約1200円,提携中,a8
楽天3冠獲得【ソランシア】剛毛で悩む男性の脱毛・除毛クリーム,株式会社ＣＢ,s00000012537002,エステ,新規購入1400円,未提携,a8
高還元クレジットカード【リクルートカード】,株式会社リクルート,s00000013107008,金融,新規カード発行1200円,未提携,a8
これ1本で全身ケア！ニキビ×臭いゼロ化へ【MONOVOデオドラントボディ&フェイスウォッシュ】,日本サプリメントフーズ株式会社,s00000013307029,ヘアケア,初回購入1200円,未提携,a8
自然素材でお肌に優しい除毛/脱毛ワックス【メンズ専用 NULLブラジリアンワックス】,ＮＵＬＬメンズ化粧品,s00000014286003,ボディケア,購入1200円,未提携,a8
デキる男の自然な香りの香水クリーム【メンズ専用 NULLパヒュームクリーム】,ＮＵＬＬメンズ化粧品,s00000014286007,ボディケア,購入1200円,未提携,a8
楽天ランキング第1位！【NULL アフターシェーブローション Face&Body】,ＮＵＬＬメンズ化粧品,s00000014286011,スキンケア,初回購入1200円,未提携,a8
【衣類】高品質な宅配クリーニング／リナビス,株式会社リナビス,s00000014387001,家事・日用品,新規注文1200円,未提携,a8
思わずニッコリな買取価格！ファッション売るなら【古着買取王国】,株式会社買取王国,s00000015589001,リサイクル,査定完了1200円,未提携,a8
まだ知らない企業に会える。【Meets　Company】,株式会社ＤＹＭ,s00000015876001,就職・転職,"新規面談1200円（26卒）
新規面談1200円（27卒）",未提携,a8
即日発送！国内用WiFIレンタルサービス【WiFi東京レンタルショップ】,株式会社ニッチカンパニー,s00000016921001,wifi,利用申込1300円,提携中,a8
英検合格のためのネット教材【旺文社 英検ネットドリル】,株式会社ショウイン,s00000018204003,資格取得,購入1200円,未提携,a8
17時までの注文で最短翌日お届け？！日本国内用【Wifiレンタル屋さん】,株式会社ジェイフィールド,s00000019043001,wifi,新規申込1200円,提携中,a8
【テレビで話題！】幼児・小学生・中学生のデジタル教材【天神】日本e-Learning大賞グランプリ,株式会社タオ,s00000020873001,習い事,"新規資料請求1200円(個人)
新規資料請求4000円(法人)",未提携,a8
眠っているときの全てがこれでわかる【ブレインスリープコイン】,株式会社ブレインスリープ,s00000021363013,インテリア,初回購入1200円,未提携,a8
スニーカーダンク スニーカー・アパレルのフリマサービス【スニダン】,株式会社ＳＯＤＡ,s00000021512002,ファッション小物,新規購入1200円,未提携,a8
婚活・お見合いイベント参加者募集【レインボーファクトリー】,株式会社ＩＤＭ,s00000021605002,婚活,新規パーティー参加1500円,未提携,a8
当日便も申込OK！乗継便検索にも対応♪【NAVITIME Travel】,株式会社ナビタイムジャパン,s00000022192001,国内旅行,国内航空券成約1200円,未提携,a8
大切な思い出を手元にもオンラインにも保存する【HOZON PRINT】,ＳｔｏｃｋＴｅｃｈ株式会社,s00000023490002,写真・プリント,"新規有料会員登録1200円（HOZON PRINT 有料プラン）
新規有料会員登録2500円（HOZON PRINT＋HOZONアプリ無制限プラン、HOZON PRINT＋HOZONマルチデバイス1TBプラン）",未提携,a8
お金の診断・相談サービス【マネイロ】,株式会社モニクルフィナンシャル,s00000023909001,投資,"新規オンラインセミナー受講1200円
新規コンサル面談6000円",未提携,a8
スキル習得から案件紹介まで！3ヶ月でSNSを仕事にするSAKIYOMIスクール,株式会社ＳＡＫＩＹＯＭＩ,s00000026519001,その他（学び・資格）,新規LINE友達追加1200円,未提携,a8
医療介護求人サイト【かる・ける】,株式会社ルフト・メディカルケア,s00000027303001,就職・転職,"新規求人応募1200円
新規会員登録3500円",未提携,a8
最大6つの生成AIを同時に実行【天秤AI Biz byGMO】,ＧＭＯ天秤ＡＩ株式会社,s00000027265002,総合（Webサービス）,"新規資料請求1188円
新規有料会員登録3789円(スタンダード/月払い)
新規有料会員登録3789円(スタンダード/年払い)
新規Biz有料会員登録3956円",未提携,a8
海外でも神コスパ【ZEUS WiFi for GLOBAL】,株式会社ＨＵＭＡＮ＿ＬＩＦＥ,s00000023314002,wifi,利用開始1182円,未提携,a8
【セブンプレミアムカフェラテ】火災保険比較なら【インズウェブ火災保険一括見積りサービス】,ＳＢＩホールディングス株式会社,s00000000352016,保険,新規見積もり依頼1180円,未提携,a8
日本最大級！【ネットオフ家電買取】プロモーション,リネットジャパングループ株式会社,s00000008384010,リサイクル,買取796円,未提携,a8
【BB.exciteモバイル／Fitプラン】従量制料金の格安SIM,エキサイト,s00000000979014,電話,新規開通1155円,未提携,a8
【スマホの通話料半額サービス】BB.exciteでんわ（かけ放題プラン）,エキサイト,s00000000979025,電話,新規利用申込1150円,未提携,a8
【せんたく便】利用促進プロモーション,株式会社ヨシハラシステムズ,s00000008951001,家事・日用品,申込1150円,未提携,a8
業界トップクラスの求人数【派遣会社・テンプスタッフ】,パーソルテンプスタッフ株式会社,s00000014477001,就職・転職,新規登録1150円,未提携,a8
おためしセット販売【らでぃっしゅぼーや】,オイシックス・ラ・大地株式会社,s00000009132012,生鮮食品,初回購入1140円,未提携,a8
Amazonアカウントで利用できる【リコマース宅配買取サービス】,株式会社リコマース,s00000018337001,リサイクル,新規買取成立1134円,未提携,a8
透明感あふれるうるつや肌へ導くビタミンＣスキンケア［イデアアクト プラチナVC トライアル］,ＳｉＢＯＤＹ,s00000014225002,スキンケア,新規購入1000円(プラチナVCセラム),未提携,a8
優良専門業者紹介サービス「アンテナ110番」,シェアリングテクノロジー株式会社,s00000015223013,その他（暮らし）,見積依頼1130円,未提携,a8
お客様満足度98％以上鳩のことなら【鳩110番】,シェアリングテクノロジー株式会社,s00000015223014,その他（暮らし）,見積依頼1130円,未提携,a8
伐採・間伐はプロにお任せ！【伐採110番】,シェアリングテクノロジー株式会社,s00000015223015,その他（暮らし）,見積依頼1130円,未提携,a8
顧客・到着スピード・価格満足度３冠達成【ハチ110番】,シェアリングテクノロジー株式会社,s00000015223016,その他（暮らし）,見積依頼1130円,未提携,a8
年間通して高需要【カギ110番】,シェアリングテクノロジー株式会社,s00000015223019,その他（暮らし）,見積依頼1130円,未提携,a8
24時間365日、日本全国対応！【盗聴器発見110番】,シェアリングテクノロジー株式会社,s00000015223020,その他（暮らし）,見積依頼1130円,未提携,a8
砂利のことならお任せあれ！【砂利110番】,シェアリングテクノロジー株式会社,s00000015223023,その他（暮らし）,見積依頼1130円,未提携,a8
家中に潜むダニ・ノミをプロが撃退！【衛生害虫110番】,シェアリングテクノロジー株式会社,s00000015223025,その他（暮らし）,見積依頼1130円,未提携,a8
探さずに出会える！パーソナライズA.I.恋活【バチェラーデート】,株式会社バチェラーデート,s00000027012001,恋愛,新規アプリインストール＋電話番号認証完了1130円,未提携,a8
関西のホームセキュリティなら【関電ＳＯＳ】,株式会社オプテージ,s00000025606001,物件,"新規資料請求1125円
新規見積依頼7515円",未提携,a8
10年後のワンちゃんと家族の笑顔のために、身体に優しいフード・グッズ【ドクターズメイド】,株式会社ドクターズキッチンカンパニー,s00000027433001,ペット,"購入1％（その他）
購入1100円（生粋[単品]）
新規購入3500円（生粋[定期便]）",未提携,a8
★YOSHIKEI★8つの選べるミールキットお試し5days　＼全国で好評販売中／,ヨシケイ,s00000008115003,生鮮食品,新規購入1100円,未提携,a8
つらい貧血・冷え性に！鉄分補給サプリ【美めぐり習慣】,さくらの森,s00000010133018,健康食品,初回購入1100円,未提携,a8
手軽にホームページを作成【おちゃのこさいさい】,おちゃのこネット株式会社,s00000015680002,ホームページ・ネットショップ,"新規契約2100円（共用ドメインコース）
新規契約3000円（独自ドメインコース）",未提携,a8
電気自動車（EV）充電工事なら【EVホーム】,株式会社ＧＲＡＣＥ,s00000015892032,その他（暮らし）,新規見積もり1100円,未提携,a8
【店舗＆宅配】iPhone修理のダイワンテレコム（全国50店舗展開）,バイヤーズ株式会社,s00000016351004,電話,新規修理1500円,未提携,a8
1時間1500円からの家事代行【タスカジ】,株式会社タスカジ,s00000019448002,その他（暮らし）,新規依頼者登録1000円,未提携,a8
スマホ・iPhone買取なら【ノジマのスマホ買取】安心の東証プライム市場企業運営,株式会社ノジマ,s00000026076001,リサイクル,"▽一般
買取成立1100円

▽ポイントサイト
買取成立600円",未提携,a8
ベンチャー・成長企業への就職を全力サポート！スカウトで夢のキャリアへ【CheerCareer】,株式会社Ｃｈｅｅｒ,s00000027547001,就職・転職,新規会員登録1053円,未提携,a8
<ETVOS(エトヴォス)>毛穴をカバー【パーフェクトキット】,株式会社エトヴォス,s00000008761005,コスメ・メイク,"新規購入1050円(パーフェクトキット)
購入5％(その他商品)",未提携,a8
ドクターズコスメ【アンプルール】初回限定アンプルールトライアルキット,株式会社ハイサイド,s00000006767009,スキンケア,新規購入1050円,未提携,a8
業界最安級格安SIM！【ロケットモバイル】,株式会社ロケットモバイル,s00000027309001,その他（インターネット接続）,"新規購入1050円（データSIM）
新規購入1500円（通話SIM）",未提携,a8
国内シェアNo.1を誇るエックスサーバーの仮想専用サーバー【XServer VPS】,エックスサーバー株式会社,s00000001642013,サーバー,"■通常プラン
<1ヶ月契約＞
1046円（2GBプラン）
2000円（6GBプラン）
4000円（12GBプラン）
8864円（24GBプラン）
20091円（48GBプラン）
40182円（96GBプラン）

＜3ヶ月以上の契約＞
1569円（2GBプラン）
3000円（6GBプラン）
6000円（12GBプラン）
13296円（24GBプラン）
30137円（48GBプラン）
60273円（96GBプラン）

■ビジネスプラン
3000円（4GBプラン）
6000円（12GBプラン）
13296円（24GBプラン）
30137円（48GBプラン）
60273円（96GBプラン）
90000円（192GBプラン）",未提携,a8
濃密スカルプシャンプー【チャップアップシャンプー】,株式会社ソーシャルテック,s00000013218005,ヘアケア,購入1019円,未提携,a8
スマホ買取のモバゾウ,株式会社ワールドモバイル,s00000026416001,リサイクル,新規買取完了1015円,未提携,a8
国内シェアNo.1レンタルサーバー【エックスサーバー】,エックスサーバー株式会社,s00000001642001,サーバー,"＜サーバー申し込み＞
■エックスサーバー
成約5000円（スタンダードプラン6ヶ月以上）
成約7500円（プレミアムプラン6ヶ月以上）
成約10000円（ビジネスプラン6ヶ月以上）

■XServerビジネス
成約10000円（共有サーバー6ヶ月以上）
成約20000円（マネージド専用サーバー 仮想タイプ6ヶ月以上）
成約30000円（マネージド専用サーバー 物理タイプ6ヶ月以上）

＜WordPressテーマ購入＞
■Xwrite
成約100％（サブスクリプションプラン／月額）
成約3000円（サブスクリプションプラン／年額）
成約3000円（買い切りプラン）

■LIQUID INSIGHT
成約1000円

■Nishiki Pro
成約3000円（ライセンス新規・追加）

＜ドメイン＞
ドメイン取得1000円(1000円(税抜)以上のドメイン)
ドメイン取得100％（1000円(税抜)未満のドメイン）
ドメイン取得1円（無料ドメイン）",未提携,a8
成長率No.1！国内最安値のドメイン名取得サービス【XServerドメイン】,エックスサーバー株式会社,s00000001642007,ドメイン,"＜ドメイン＞
ドメイン取得・移管1000円(1000円(税抜)以上のドメイン)
ドメイン取得・移管100％ (1000円(税抜)未満のドメイン)
ドメイン取得1円（無料ドメイン）

＜サーバー申し込みオプション＞
■エックスサーバー
成約5000円（スタンダードプラン6ヶ月以上）
成約7500円（プレミアムプラン6ヶ月以上）
成約10000円（ビジネスプラン6ヶ月以上）

■XServerビジネス
成約10000円（共有サーバー6ヶ月以上）
成約20000円（マネージド専用サーバー 仮想タイプ6ヶ月以上）
成約30000円（マネージド専用サーバー 物理タイプ6ヶ月以上）",未提携,a8
25万社が導入！法人向けレンタルサーバー【XServerビジネス】,エックスサーバー株式会社,s00000001642023,サーバー,"＜サーバー申し込み＞
■エックスサーバー
成約5000円（スタンダードプラン6ヶ月以上）
成約7500円（プレミアムプラン6ヶ月以上）
成約10000円（ビジネスプラン6ヶ月以上）

■XServerビジネス
成約10000円（共有サーバー6ヶ月以上）
成約20000円（マネージド専用サーバー 仮想タイプ6ヶ月以上）
成約30000円（マネージド専用サーバー 物理タイプ6ヶ月以上）

＜ドメイン＞
ドメイン取得1000円(1000円(税抜)以上のドメイン)
ドメイン取得100％（1000円(税抜)未満のドメイン）
ドメイン取得1円（無料ドメイン）",未提携,a8
【坂ノ途中OnlineShop】お野菜と日々のお店,株式会社坂ノ途中,s00000017462003,総合（グルメ・食品）,"新規購入1000円（お野菜セット｜1回お届け）
新規購入2500円（コーヒー定期）
新規購入5000円（旬のお野菜セット｜定期購入）
新規購入10％　（上記以外のその他商品）",未提携,a8
【PAW'S GREEN DELI】高い食いつきの国産無添加フードシリーズ,株式会社Ｐａｗ’ｓ＿Ｇｒｅｅｎ,s00000026654001,ペット,"購入10％
新規購入1000円（お試しアソートセット「腸・ヘルスケア」for CATS）
新規購入1000円（お試しアソートセット「腸・ヘルスケア」 for DOGS）
新規購入1000円（フリーズドライ（まぐろ）【総合栄養食】for CATS）
新規購入1000円（フリーズドライ（まぐろ）【総合栄養食】for DOGS）",未提携,a8
医師も推奨ショップ！無塩ドットコム の初回限定セット！【無塩ドットコム】,株式会社ノルト,s00000019525004,加工食品,"▽一般メディア
購入8％（その他）
購入1000円（お試しセット）

▽ポイントサイト
購入1000円（お試しセット）",未提携,a8
「末永く使ってもらえるものづくり」【Kanaeteオンラインストア】,カナエテ株式会社,s00000026387001,インテリア,"購入（税抜）6.3％
新規問い合わせ1000円",未提携,a8
中古クラブなら在庫数１５万本の【ゴルフドゥ！オンラインショップ】,株式会社ゴルフ・ドゥ,s00000023441001,スポーツ,"購入4％
買取1000円",未提携,a8
【求人】BBchatTV　チャットレディ募集,有限会社ＢＢシステム＆サポート,s00000001040004,在宅ワーク,"新規女性登録1000円
新規稼働4000円",未提携,a8
【求人】ライブチャット番組BBchatTVアルバイトチャットレディ募集,有限会社ＢＢシステム＆サポート,s00000001040005,在宅ワーク,"新規女性登録1000円
新規稼働4000円",未提携,a8
【求人】主婦でもOK！アルバイト女性登録応援,有限会社ＢＢシステム＆サポート,s00000001040006,在宅ワーク,"新規女性登録1000円
新規稼働4000円",未提携,a8
有機野菜・オーガニック食材宅配 ビオ・マルシェの宅配（お試しセット）,株式会社ビオ・マーケット,s00000014332001,生鮮食品,新規申込み3000円,未提携,a8
即日資金調達可能なファクタリングサービス【株式会社No.1】,株式会社Ｎｏ．１,s00000020552001,その他（金融・投資・保険）,新規WEB申込20000円,未提携,a8
約70倍に膨らむ！持ち運び便利な置き換えダイエット【MITASLAT】,ｂｅａｕｔｙ＿ｍａｋｅ＿ｌａｂｏ,s00000022540004,ダイエット,新規購入3000円,未提携,a8
エステサロン愛用！高濃度フラーレンでハリツヤ、キメ整う【Homeobeauホメオバウ】,株式会社サンライズジャパン,s00000026863001,スキンケア,初回購入2000円,未提携,a8
オンライン英会話レアジョブ　無料体験レッスン促進キャンペーン,株式会社レアジョブ,s00000008409001,習い事,初回無料体験レッスン受講2000円,未提携,a8
偏食・成長期のお子様に！トリプルカルシウム配合の成長期応援飲料【アスミール】,株式会社ロッピングライフ,s00000011064025,健康食品,"都度購入1000円
定期購入2000円(通常定期)",未提携,a8
月額300円〜東京都内で希少な自社ビル運営バーチャルオフィス【METSオフィス】,オリンピア興業株式会社,s00000023412001,その他（不動産・引越）,"新規成約1000円（ライトプラン）　
新規成約1000円（ネットショッププラン）　
新規成約4000円（ビジネスプラン）
新規成約10000円（ビジネス＋プラン）
新規成約10000円（会社設立サポート）
新規成約10000円（会社設立サポート・会社設立代行パック）
新規成約20000円（会社設立サポート・会社設立代行＋税務顧問パック）",未提携,a8
GMOインターネット株式会社【GMOとくとくBB】申込募集,ＧＭＯインターネット株式会社,s00000000018021,プロバイダー,"WiMAX5G ：5100円
フレッツ光：1429円
フレッツ光v6プラス：1000円

固定IPアドレス付き接続（IP数により変動）
1IP：1429円
8IP：2858円
16IP：9524円
32IP：14286円
64IP：19048円
1IP：1429円
8IP：2858円
16IP：9524円
32IP：14286円
64IP：19048円",提携中,a8
レンタルサーバーとクラウドのいいとこどり【LOLIPOP!マネージドクラウド】,ＧＭＯペパボ株式会社,s00000000404022,サーバー,新規プロジェクト作成1000円,未提携,a8
Ｏｉｓｉｘおためしセット販売,オイシックス・ラ・大地株式会社,s00000000488017,生鮮食品,購入1000円,未提携,a8
主菜・副菜の2品が20分で完成！献立キット【Ｋｉｔ Ｏｉｓｉｘ】,オイシックス・ラ・大地株式会社,s00000000488028,生鮮食品,新規購入１０００円,未提携,a8
自動車保険一括見積もり依頼サービス,ウェブクルー,s00000000489002,保険,自動車保険の見積もり依頼1000円,未提携,a8
秘書センター申込募集,秘書センター株式会社,s00000000749001,その他（暮らし）,"問い合わせ１０００円
申込２０００円",未提携,a8
1ギガ光回線【BB.excite光 MEC】,エキサイト,s00000000979016,回線,"新規利用1000円（転用契約）
新規利用1000円（事業者変更契約）
新規利用7000円（新規契約）",未提携,a8
段階料金制の光回線【BB.excite光 Fit】,エキサイト,s00000000979017,回線,"新規利用2255円（転用契約）
新規利用2255円（事業者変更契約）
新規利用2255円（新規契約）",未提携,a8
10ギガ光回線【 BB.excite光 10G】,エキサイト,s00000000979020,回線,新規利用7000円（新規契約）,未提携,a8
24時間365日相談可能のオンラインカウンセリング【エキサイトお悩み相談室】,エキサイト,s00000000979021,総合（暮らし）,新規無料相談1000円,未提携,a8
固定IPアドレス付きデータ通信専用【インターリンクLTE SIM】,株式会社インターリンク,s00000001004010,電話,申込み1000円,未提携,a8
「セカイVPN」でネット検閲や地理的規制を一時的に回避！無料Wi-Fiでのセキュリティも確保,株式会社インターリンク,s00000001004012,総合（インターネット接続）,"契約1000円(セカイVPN)
契約1000円(マイIP)
契約1000円(マイIPソフトイーサ版)
契約5000円(グループ専用VPN)
契約5000円(グループ専用VPN WG)
契約5000円（グループ専用VPN WG + NGN）",未提携,a8
専用VPNサーバーを１台提供【グループ専用VPN / WG / WG + NGN】,株式会社インターリンク,s00000001004014,総合（インターネット接続）,"契約1000円(マイIP)
契約1000円(セカイVPN)
契約1000円(マイIPソフトイーサ版)
契約5000円(グループ専用VPN)
契約5000円(グループ専用VPN WG)
契約5000円（グループ専用VPN WG + NGN）",未提携,a8
自宅から、出先から、海外から。日本の固定IPでVPNできる【マイIP/マイIP ソフト イーサ版】,株式会社インターリンク,s00000001004015,総合（インターネット接続）,"契約1000円(マイIP)
契約1000円(マイIPソフトイーサ版)
契約1000円(セカイVPN)
契約5000円(グループ専用VPN)
契約5000円(グループ専用VPN WG)
契約5000円（グループ専用VPN WG + NGN）",未提携,a8
法人利用実績多数！クラウドとレンタルサーバーの「カゴヤ・ジャパン」,カゴヤ・ジャパン株式会社,s00000001031001,サーバー,"▼レンタルサーバー
申込2000円 (ライト 1コア/4GB)
申込5000円（ライト 2コア/8GB）
申込10000円（ライト 4コア/16GB）
申込16000円（ベーシック 4コア/16GB）
申込26000円（ベーシック 8コア/16GB）
申込32000円（ベーシック 12コア/32GB）
申込40000円（ハイエンド 16コア/32GB）

▼KAGOYA MAIL
申込3000円（ブロンズ）
申込9250円（シルバー 1TB）
申込12000円（シルバー 2TB）
申込27000円（エンタープライズR2s 2TB）
申込35000円（エンタープライズR2s 4TB）
申込40000円（エンタープライズR2s 6TB）

▼仮想専用サーバー（VPS)
申込1000円（KAGOYA CLOUD VPS）",未提携,a8
"【マネージド専用サーバーが月額1,485円〜】高機能・高セキュリティ！カゴヤのレンタルサーバー",カゴヤ・ジャパン株式会社,s00000001031003,サーバー,"▼レンタルサーバー
申込2000円（ライト(1コア/4GB)）
申込5000円（ライト(2コア/8GB)）
申込10000円（ライト(4コア/16GB)）
申込16000円（ベーシック(4コア/16GB)）
申込26000円（ベーシック(8コア/16GB)）
申込32000円（ベーシック(12コア/32GB)）
申込40000円（ハイエンド(16コア/32GB)）

▼仮想専用サーバー（VPS)
申込1000円（KAGOYA CLOUD VPS）",未提携,a8
【KAGOYA CLOUD VPS】日額20円〜利用可能な仮想専用サーバー,カゴヤ・ジャパン株式会社,s00000001031004,サーバー,"▼仮想専用サーバー（VPS)
申込1000円（KAGOYA CLOUD VPS）",未提携,a8
BBchatTV　男性会員募集プログラム,有限会社ＢＢシステム＆サポート,s00000001040001,恋愛,新規男性登録1000円,未提携,a8
"導入社数24,000社以上！【A8.net】新規広告主募集",株式会社ファンコミュニケーションズ【Ａ８．ｎｅｔ】,s00000001045001,ASP,"新規お役立ち資料ダウンロード1000円
新規資料請求3000円
新規オンライン申込（本登録）5000円",未提携,a8
【ニーズツアー】国内旅行＆沖縄旅行,株式会社エアトリ,s00000001343014,国内旅行,"購入1000円
購入2000円（JAL利用）

▽ポイントサイト
購入2000円（JAL利用）",未提携,a8
沖縄旅行や北海道旅行！格安国内旅行なら【エアトリ国内ツアー】,株式会社エアトリ,s00000001343015,総合（旅行）,予約2000円,未提携,a8
美容サプリメーカーが開発!!年齢や肌質に問わず使える【肌しるべ化粧水】,株式会社ファインエイド,s00000001344010,その他（美容）,初回購入1000円(お試し商品）,未提携,a8
薬剤師が開発した自信作の健康茶！【からだ楽痩茶】,株式会社ファインエイド,s00000001344011,健康食品,"初回購入1000円

＜ポイントサイト＞
初回定期購入1000円",未提携,a8
機能性表示食品　国産桑の葉＋植物性乳酸菌　【プレミアム乳青】,株式会社リアルメイト,s00000001709014,健康食品,新規購入1000円,未提携,a8
婚活サイト【youbride/ユーブライド】,株式会社ＩＢＪ,s00000002032030,婚活,"新規女性無料会員登録1000円
新規男性無料会員登録2000円",未提携,a8
美に健康に！常温でおいしい幻の天然アルカリイオン水【温泉水99】,エスオーシー株式会社,s00000002586002,飲料,初回購入1000円,未提携,a8
冷凍庫レンタル｜法人契約・家庭利用どちらも歓迎,株式会社サークランド,s00000003161005,家電,納品1000円,未提携,a8
おとなの婚活パーティーOTOCON(おとコン)イベント・パーティー参加申込,タメニー株式会社,s00000005670005,婚活,新規婚活パーティー参加1000円,未提携,a8
【総合マネージメントサービス】リースバックの無料審査申込,株式会社総合マネージメントサービス,s00000006402003,総合（不動産・引越）,新規メール問い合せ1000円,未提携,a8
【無料会員登録】お客様信頼度11年連続No.1　恋活・婚活マッチングの『concoi』,株式会社グッドウィルプランニング,s00000007133001,恋愛,新規無料会員登録1000円,未提携,a8
【秒速FAX Plus】インターネットFAX利用者募集,株式会社Ｋａｒｉｇｏ,s00000007653004,その他（Webサービス）,申込み1000円,未提携,a8
引越しと買取を一括で見積り【トレファク引越】,株式会社トレジャー・ファクトリー,s00000007992006,総合（不動産・引越）,引越完了1500円,未提携,a8
会員制現役女子高生グラビアサイト【ＧＥＮＪＯＳＨＩ】会員獲得,株式会社アイマックス,s00000008260001,その他（エンタメ）,会員登録1000円,未提携,a8
詰めて送るだけで現金化　ネットオフ「ブランド服」宅配買取プロモーション,リネットジャパングループ株式会社,s00000008384019,リサイクル,買取成立1000円,未提携,a8
オルビス発の本格メンズヘアケア『Mr. ヘアケア』,オルビス株式会社,s00000008657023,ヘアケア,新規購入1000円,未提携,a8
オルビス発ブライトニングケア【オルビスブライト】,オルビス株式会社,s00000008657025,総合（美容）,新規購入1000円,未提携,a8
敏感肌用保湿スキンケア【オルビスアクア二スト】,オルビス株式会社,s00000008657028,スキンケア,新規購入1000円,未提携,a8
お得な定期便【薬用アミノ酸シャンプー 爽快柑150ml】94.7%以上が天然由来成分配,株式会社エーエフシー,s00000010234008,ヘアケア,初回購入800円,未提携,a8
お得な定期便【肝の極】肝機能と尿酸値をWサポート！,株式会社エーエフシー,s00000010234016,健康食品,初回購入1000円,未提携,a8
お得な定期便【あゆみの宝プロテオグリカン】ひざ関節×筋肉量の維持を同時サポート！,株式会社エーエフシー,s00000010234017,健康食品,初回購入1000円,未提携,a8
お得な定期便【オメガ3】サラサラ成分で聡明な毎日をサポート！（DHA&EPA+アマニ油）,株式会社エーエフシー,s00000010234018,健康食品,初回購入1000円,未提携,a8
社会人向け資格スクール・資格講座なら【大栄教育システム】資料請求,株式会社リンクアカデミー,s00000011022001,資格取得,資料請求1128円,未提携,a8
革新の「糖・脂肪」対策【ウェルレコ】,株式会社レッドビジョン,s00000011495014,ダイエット,新規購入1000円,未提携,a8
価値観でマッチするスカウトサービス【キャリアチケット就職スカウト】,レバレジーズ株式会社,s00000011866024,就職・転職,新規会員登録1000円,未提携,a8
※アプリインストール　新卒向けスカウトサービス【キャリアチケット就職スカウト】,レバレジーズ株式会社,s00000011866025,就職・転職,新規アプリインストール1000円,未提携,a8
新卒就活エージェント【キャリアチケット就職エージェント】,レバレジーズ株式会社,s00000011866028,就職・転職,新規カウンセリング予約1000円,未提携,a8
肥満気味の方へ3つの機能性成分配合サプリ【ベルタスリムトリプル】,株式会社ベルタ,s00000012210008,健康食品,購入1000円,未提携,a8
デリケートゾーンのニオイや黒ずみに！【フェミデオ】,株式会社ファーストフレンズ,s00000012325008,ボディケア,新規購入1000円,未提携,a8
税理士紹介希望者募集【税理士紹介ネットワーク】,株式会社ＰＯＬＡ─ＲＩＳ,s00000012443001,その他（Webサービス）,"新規問合せ１０００円
新規面談５０００円",未提携,a8
美容業界の方にトップクラスのサービスをお届け【日本スキンケア協会】,一般社団法人日本スキンケア協会,s00000012595002,専門学校・スクール,新規申込1000円,未提携,a8
電話占い【ウィル】会員登録,株式会社ウィル,s00000012748001,占い,新規無料会員登録1000円,未提携,a8
マジック・ザ・ギャザリング（MTG）カード宅配買取の【トレトク】,株式会社山徳,s00000012789009,リサイクル,買取1850円,未提携,a8
【産経オンライン英会話Plus】無料会員登録募集,産経ヒューマンラーニング株式会社,s00000013202003,習い事,新規無料体験レッスン参加1000円,未提携,a8
歯科医師共同開発の全額返金保証書付き口臭サプリ【ブレスマイル】,株式会社ソーシャルテック,s00000013218007,健康食品,購入1000円,未提携,a8
育毛剤No.１ブランドが手掛ける【チャップアップサプリ】,株式会社ソーシャルテック,s00000013218010,ヘアケア,購入1000円,未提携,a8
【ビオルチア】毛髪診断士と共同開発！,株式会社ソーシャルテック,s00000013218012,ヘアケア,初回購入1000円,未提携,a8
【リネット】会員数57万人を突破！宅配クリーニングのリネット,株式会社ホワイトプラス,s00000013507001,家事・日用品,新規注文完了1000円,未提携,a8
博多グルメのお取り寄せ・島本の頒布会「花便り」,辛子明太子の島本,s00000013581002,生鮮食品,"初回購入1000円（頒布会「花便り」）
購入8％（その他商品）",未提携,a8
小さい男は漢じゃない！大きい男への王道【レガリア200】！,株式会社ネクストラウンド,s00000013639005,健康食品,初回購入1000円,未提携,a8
食によりそっていたわる【バリアケア１０１】,ライスパワーショップ,s00000013806006,健康食品,新規購入1000円（バリアケア101【1箱】）,未提携,a8
ハワイ専用レンタルWiFiルーター【アロハデータ】,株式会社インバウンドプラットフォーム,s00000013909001,wifi,新規申込1500円,未提携,a8
アメリカ専用レンタルWiFiルーター【U.S.データ】,株式会社インバウンドプラットフォーム,s00000013909002,wifi,新規申込1500円,未提携,a8
日本国内専用SoftBankレンタルWiFi,株式会社インバウンドプラットフォーム,s00000013909005,wifi,新規成約2000円,未提携,a8
ヨーロッパ専用レンタルWi-Fiルーター【ユーロデータ】,株式会社インバウンドプラットフォーム,s00000013909006,wifi,新規成約1500円,未提携,a8
【SNSもOK!】中国専用レンタルWi-Fiルーター「チャイナデータ」,株式会社インバウンドプラットフォーム,s00000013909009,wifi,新規申込1500円,未提携,a8
シンガポール専用レンタルWi-Fi【シンガポールDATA】,株式会社インバウンドプラットフォーム,s00000013909011,wifi,新規申込1250円,未提携,a8
写真入りデザイナーズ結婚報告はがき注文サービス【ソルトウェディング】,株式会社ソルトワークス,s00000013963003,写真・プリント,新規注文1000円,未提携,a8
写真入りデザイナーズ年賀状【年賀家族2026】,株式会社ソルトワークス,s00000013963004,写真・プリント,新規注文100円,未提携,a8
アルコールフリーで全身さらさらロールオン！【Deo-A（EX）プラス】,ＹＯＵ＿ＵＰ＿ＩＮＴＥＲＮＡＴＩＯＮＡＬ,s00000014141031,ボディケア,新規購入1000円,未提携,a8
【シーボディ】「ＶＣスターターセット」ビタミンＣニキビケア１週間トライアルセット,ＳｉＢＯＤＹ,s00000014225003,スキンケア,新規購入1000円,未提携,a8
【シーボディ】「プロジェマックスモイスチャーファーミングクリーム」気になる年齢肌もハリ肌に,ＳｉＢＯＤＹ,s00000014225004,スキンケア,新規購入1000円,未提携,a8
ニキビ用ふわっふわっの泡洗顔【薬用VC泡フォーマー】,ＳｉＢＯＤＹ,s00000014225007,スキンケア,新規購入1000円,未提携,a8
【シーボディ】「ミネラルレッグスムーサー」美脚を追求して開発された 本格マッサージ剤,ＳｉＢＯＤＹ,s00000014225009,ボディケア,初回購入1000円,未提携,a8
【シーボディ】「ミネラルバスパウダーアロマセット」身体の芯までしっかり温める発汗入浴剤,ＳｉＢＯＤＹ,s00000014225015,ボディケア,新規購入1000円,未提携,a8
「プラチナVCミルク」うるおい・透明感・キメ整う　さっぱりミルク,ＳｉＢＯＤＹ,s00000014225017,スキンケア,新規購入1000円,未提携,a8
化粧水 美容液 乳液がこれ１本！【メンズ専用 NULLオールインワンジェル】,ＮＵＬＬメンズ化粧品,s00000014286004,スキンケア,購入1000円,未提携,a8
楽天1位獲得【メンズ専用 NULLデオドラントジェル】,ＮＵＬＬメンズ化粧品,s00000014286005,ボディケア,購入1000円,未提携,a8
自然な色合いへこだわった【メンズ専用 NULLBBクリーム】,ＮＵＬＬメンズ化粧品,s00000014286006,コスメ・メイク,購入1000円,未提携,a8
泡の力で汚れを綺麗サッパリ！洗顔フォーム【メンズ専用 NULLフェイスウォッシュ】,ＮＵＬＬメンズ化粧品,s00000014286008,スキンケア,購入1000円,未提携,a8
背中にきびを防ぎ、体臭も抑える 【薬用NULLフレグランスボディウォッシュ】,ＮＵＬＬメンズ化粧品,s00000014286012,ボディケア,初回購入1000円,未提携,a8
汗をかいても焼かない 【NULLウォータープルーフ日焼け止め ジェル】,ＮＵＬＬメンズ化粧品,s00000014286013,ボディケア,初回購入1000円,未提携,a8
もう靴のニオイに悩まない【NULL シューパウダー】,ＮＵＬＬメンズ化粧品,s00000014286014,ボディケア,初回購入1000円,未提携,a8
プッシュするだけ3秒スキンケア【NULL オールインワンミスト】,ＮＵＬＬメンズ化粧品,s00000014286015,スキンケア,初回購入1000円,未提携,a8
乾燥肌・敏感肌にエイジングケア化粧水【NULL フェイスローション】,ＮＵＬＬメンズ化粧品,s00000014286016,スキンケア,初回購入1000円,未提携,a8
小鼻のざらつきにも。3Wayクレンジング【NULL クレンジングリキッド】,ＮＵＬＬメンズ化粧品,s00000014286020,スキンケア,初回購入1000円,未提携,a8
メントール配合！爽快に過ごしたい季節に【NULLフレグランス ボディウォッシュ クール】,ＮＵＬＬメンズ化粧品,s00000014286021,ボディケア,初回購入1000円,未提携,a8
【布団】高品質な宅配クリーニング／リナビス,株式会社リナビス,s00000014387003,家事・日用品,新規宅配クリーニング申込1000円,未提携,a8
iPhone修理 アイサポ,株式会社ギア,s00000014833001,電話,新規修理完了1000円,未提携,a8
看板制作・修理・設置のことなら【看板マスター】,株式会社アシスト,s00000014894004,総合（暮らし）,新規成約1000円,未提携,a8
不用品のことなら【ECOクリーン】,株式会社アシスト,s00000014894007,その他（暮らし）,新規成約1000円,未提携,a8
電気工事の専門【テイクサービス】,株式会社アシスト,s00000014894008,その他（暮らし）,新規成約1000円,未提携,a8
エアコン取り付け【テイクサービス】,株式会社アシスト,s00000014894010,家電,新規成約1000円,未提携,a8
畳・障子・襖張替え業者紹介サービス【張り替え110番】,シェアリングテクノロジー株式会社,s00000015223030,その他（暮らし）,依頼成立500円,未提携,a8
詰めて送って翌日入金！ミニカー売るなら【ミニカー買取王国】,株式会社買取王国,s00000015589002,リサイクル,査定1000円,未提携,a8
いつでもどこでも簡単予約！家事代行サービス【CaSy】,株式会社ＣａＳｙ,s00000015619002,その他（暮らし）,新規会員登録1000円,未提携,a8
引越し一括見積もりから完了まで、ワンストップでサポート【引越しラクっとNAVI 】,株式会社リベロ,s00000015642001,引越,新規引越見積り1000円,未提携,a8
あのツラーい胃の痛みにスーッと効く！【生薬製剤イツラック】,漢方生薬研究所,s00000015805002,健康食品,初回購入1000円,未提携,a8
キレ痔・イボ痔に漢方パワーがスーッと効きます。【ピーチラック　乙字湯】,漢方生薬研究所,s00000015805006,健康食品,初回購入1000円,未提携,a8
100万食販売の馬刺し専門店が作ったペット用【馬肉パラパラミンチ】,株式会社利他フーズ,s00000015836002,ペット,初回購入1000円,提携中,a8
電気の修理専門【電気の工事屋さん】,株式会社ＧＲＡＣＥ,s00000015892035,その他（暮らし）,新規見積り1000円,未提携,a8
初回トライアルあり！家事代行サービス【キャットハンド】,株式会社アプメス,s00000016106001,その他（暮らし）,新規トライアル成約4000円,未提携,a8
家事代行の【キャットハンド】家事代行・家政婦スタッフの求人,株式会社アプメス,s00000016106002,就職・転職,"新規面接1000円
新規採用4000円",未提携,a8
＼テレビで話題沸騰！／ダイエット遺伝子検査キット【遺伝子博士】,キャンピングカー株式会社,s00000016145004,その他（美容）,初回購入1000円,未提携,a8
尿採取で体質を数値化！更年期対策で注目成分エクオール＆ウロリチンを同時検査【エクウロ博士】,キャンピングカー株式会社,s00000016145008,健康食品,購入1000円,未提携,a8
アルコール代謝に関する特許取得のドクターズサプリ【スパリブ（SUPALIV）】500円モニター,ＳＵＰＡＬＩＶ株式会社,s00000016208001,健康食品,新規購入1000円,未提携,a8
おもちゃ全般買取の「なんでもんホビー」,株式会社ＪＵＳＴ．Ｉ,s00000016322003,リサイクル,買取1000円,未提携,a8
フィギュア買取の【ジャニキング】,株式会社ＪＵＳＴ．Ｉ,s00000016322007,リサイクル,買取成立1000円,未提携,a8
簡単、置くだけ、手間いらずの新しいダニ対策！【ダニピタ君】,株式会社イワミズ,s00000016380004,家事・日用品,"新規購入1000円（単品）
新規購入1800円（定期）",未提携,a8
アパレルブランド買取実績5000種類以上【フクウロ】,株式会社ベクトル,s00000016474002,総合（ファッション）,買取1950円,未提携,a8
【猫用サプリメント】関節の健康維持に「毎日散歩　グルコサミン＆イミダゾールペプチド」,株式会社ウィズペティ,s00000016494004,ペット,"初回購入500円(お試し商品)
初回購入1000円(定期商品)",提携中,a8
【猫用サプリメント】腸の健康維持に「毎日爽快　植物酵素＆乳酸菌」,株式会社ウィズペティ,s00000016494005,ペット,"初回購入500円(お試し商品)
初回購入1000円(定期商品)",提携中,a8
【猫用サプリメント】目の健康維持に「毎日愛眼　ブルーベリー＆ルテイン」,株式会社ウィズペティ,s00000016494006,ペット,"初回購入500円(お試し商品)
初回購入1000円(定期商品)",提携中,a8
ファクタリング事業資金調達７秒無料お見積り【トップ・マネジメント】,株式会社トップ・マネジメント,s00000016537001,総合（金融・投資・保険）,"新規見積申込1000円(Web見積フォーム)
契約24000円",未提携,a8
広告業界限定の支払い代理サービス【ペイブリッジ】,株式会社トップ・マネジメント,s00000016537002,その他（金融・投資・保険）,"新規見積申込1000円
新規契約24000円",未提携,a8
最短2時間完結の最速資金調達【見積書・受注書・発注書ファクタリング】,株式会社トップ・マネジメント,s00000016537003,その他（金融・投資・保険）,"新規見積申込1000円
新規契約24000円",未提携,a8
人気マットレスや話題の美顔器を買う前に試せる【airCloset Mall エアクロモール】,株式会社エアークローゼット,s00000016856002,その他（暮らし）,新規注文1000円,提携中,a8
【送料無料・スペアドレス同梱】airCloset Dress｜7泊8日のパーティードレスレンタル,株式会社エアークローゼット,s00000016856003,服,レンタル開始1000円,未提携,a8
1日5分スマホ完結「シャドーイング×瞬間英作文」【TORAbit】,トライズ株式会社,s00000016980005,習い事,"新規無料体験1000円
有料版申込1000円",未提携,a8
一括査定はもう古い！より高く愛車を売却できるクルマ買取オークション【ユーカーパック】,ＵｃａｒＰＡＣ株式会社,s00000017136001,車・バイク,"WEB査定申込＋通話完了1000円
買取成約7000円",未提携,a8
子供服のUSEDファッションサイト【キャリーオン】,株式会社カイタックファミリー,s00000017167001,服,新規購入30％,未提携,a8
オーガニックで赤ちゃんを優しく守る【アロベビー　UV&アウトドアミスト】,株式会社ＳＯＬＩＡ,s00000017341003,子育て,新規購入1000円,未提携,a8
ゴクゴクうるおう高浸透【HALENA　オーガニックオールインワンジェル】,株式会社ＳＯＬＩＡ,s00000017341008,スキンケア,新規購入1000円,未提携,a8
1つで6役オールインワンジェル＜RF28 ミラクルワン リッチ＆モイスト＞,株式会社桃谷順天館,s00000017393002,スキンケア,新規購入1000円,未提携,a8
感動濃密！クッション美容泡洗顔【RF28 クリーミーフォームウォッシュ EX】,株式会社桃谷順天館,s00000017393005,スキンケア,新規購入1000円,未提携,a8
転職支援サービス 【type転職エージェント】,株式会社キャリアデザインセンター,s00000017571001,就職・転職,新規会員登録1000円,未提携,a8
amazonギフト券等の電子ギフト券個人売買サイト【amaten(アマテン)】,ａｍａｔｅｎ株式会社,s00000017598001,総合（ギフト）,"新規購入1000円
新規出品1000円",未提携,a8
飲食店に特化した複数店舗のデータをまとめて管理できるPOSレジ【UMaTレジ】,株式会社Ｗｉｚ,s00000017718049,総合（Webサービス）,新規アカウント登録＋レジ利用10000円,未提携,a8
必要なとき必要なだけ仕事を頼めるオンラインアシスタント【フジ子さん】,ＢＰＯテクノロジー株式会社,s00000017872001,その他（Webサービス）,"新規無料トライアル1000円
新規成約20000円",未提携,a8
国内線の比較・購入サイトの決定版【格安航空券モール】,スカイ・シー株式会社,s00000018012001,総合（旅行）,成約1000円,未提携,a8
安心の国内検査でお子様の才能を開花【GIQ子ども能力遺伝子検査】,株式会社ショウイン,s00000018204001,その他（健康）,"購入1000円
購入3000円（フルバージョン鑑定）",未提携,a8
株式、先物、投資信託など豊富な投資サービスを取り扱う老舗ネット証券【松井証券】,松井証券株式会社,s00000018318001,投資,新規口座開設1000円,提携中,a8
就活生の4分の1が登録！【キャリアパーク就活】,ポート株式会社,s00000018439005,就職・転職,新規会員登録1000円,未提携,a8
パソコンが超苦手でもプロ級のキレイなホームページが簡単に作れる【とりあえずHP】,とりあえずＨＰ,s00000018514001,ホームページ・ネットショップ,"新規無料体験申込500円
新規正式アカウント登録6500円",未提携,a8
小中学生向けプログラミング教材「デジタネ」,エデュケーショナル・デザイン株式会社,s00000018613001,その他（学び・資格）,"新規申込み2500円（月額プラン）
新規申込み5000円（年間プラン）
新規申込み5000円（年間一括プラン）",未提携,a8
様々な資格学習が1628円でウケホーダイ！【オンスク.JP】,株式会社オンラインスクール,s00000018694001,資格取得,"新規申込1000円（月額有料プラン　ウケホーダイ　ライト）
新規申込1500円（月額有料プラン　ウケホーダイ　スタンダード）",未提携,a8
JALで行く！格安国内旅行のジェイトリップ（J-TRIP）,株式会社ジェイトリップ,s00000018767001,その他（旅行）,成約1000円,未提携,a8
全国チャットレディ求人【ライバーサポートグループ】スマホ・在宅可,株式会社ニューステージ,s00000018959001,在宅ワーク,"新規女性応募完了1000円
新規稼働15000円",未提携,a8
全国バーチャルチャットレディ求人【SexyVtuber】,株式会社ディストノア,s00000019029002,在宅ワーク,新規キャラクタプロフィール作成完了2000円,未提携,a8
おいしいコーヒーで健康習慣！手軽に食物繊維♪【カフェサプリ　食物せんい】,株式会社ブルックス,s00000019211003,健康食品,新規購入1000円,未提携,a8
ぬか漬けの新しいカタチ！わずか90分でOK♪使い切りタイプのぬか床【かんたん ぬか美人】,株式会社ブルックス,s00000019211004,その他（グルメ・食品）,新規購入1000円,未提携,a8
【即効性】目元のシワに塗り込むヒト幹細胞入り美容液バーム、リフトマキシマイザー,株式会社ジャクトリンク,s00000019290002,コスメ・メイク,購入1000円,未提携,a8
米国産リポソームビタミンC1000mg配合の飲む高濃度ビタミンC【リポスエイドVC】,株式会社ジャクトリンク,s00000019290005,ダイエット,初回購入1000円,未提携,a8
【継続用アフィリエイトPG】目元を引き上げ！ヒト幹細胞入り美容バーム｜リフトマキシマイザー,株式会社ジャクトリンク,s00000019290007,スキンケア,継続購入1000円/回,未提携,a8
たった1杯で1日分の美栄養が100％摂取できる完全美容スムージー【VINOM】,株式会社ジャクトリンク,s00000019290008,美容食品,初回購入1000円,未提携,a8
耳鼻科医も納得！音が最大35倍大きくなる、高感度集音器【ミミクリア】,株式会社ジャクトリンク,s00000019290009,その他（健康）,購入1000円,未提携,a8
腕脚・VIOも全身の毛をごっそり剃る【オルソル ボディVトリマー】,株式会社ジャクトリンク,s00000019290010,その他（美容）,購入1000円,未提携,a8
泌尿器科医師監修、男性の尿漏れ悩みをしっかりサポート【モレナクリーン】,株式会社ジャクトリンク,s00000019290011,その他（暮らし）,購入1000円,未提携,a8
IT×ものづくり教室　LITALICOワンダー,株式会社ＬＩＴＡＬＩＣＯ,s00000019385001,その他（学び・資格）,新規体験授業参加8500円,未提携,a8
探究プログラム (グループレッスン)【Global Step Academy】,Ｇｌｏｂａｌ＿Ｓｔｅｐ＿Ａｃａｄｅｍｙ株式会社,s00000019598002,幼児教育,新規レッスン申込1000円,未提携,a8
"世界55カ国で累計販売数""500万個""越えの電子タバコ！特別価格キャンペーン【KIWI Spark】",株式会社ＡＭＤＩＡ,s00000019784004,その他（暮らし）,新規購入1000円,未提携,a8
年会費無料でポイントが貯まる法人・事業用クレカ【FASIOビジネスカード】,株式会社ファシオ・コンサルティング,s00000019955001,金融,新規カード発行1000円,未提携,a8
1万円から投資可能！【不動産投資クラウドファンディングCREAL（クリアル）】,クリアル株式会社,s00000019962002,投資,新規会員登録1000円,未提携,a8
国内向けWi-Fiルーターのレンタルなら【NETAGE】,株式会社モバイル・プランニング,s00000020263001,wifi,新規申込1000円,未提携,a8
国内最大級の電力・ガス比較サイト【エネチェンジ】,ＥＮＥＣＨＡＮＧＥ株式会社,s00000020286001,その他（暮らし）,新規電力切替1000円,未提携,a8
豊富な保湿成分と驚きの洗いあがり【エッセンシャル保湿ウォッシュ】,ＨＯＬＯ＿ＢＥＬＬ,s00000020317002,スキンケア,"新規購入1000円(エッセンシャル保湿ウォッシュ　通常商品／通常＆ウォッシュネット購入／トラベルセット)
新規購入1000円(エッセンシャル保湿ウォッシュ　トライアル＆定期購入／定期購入)
新規購入2000円(エッセンシャル保湿ウォッシュ＆トータルスキンケア保湿ジェル)",未提携,a8
テカらないオトコのツヤ肌【サンブロック保湿BB】,ＨＯＬＯ＿ＢＥＬＬ,s00000020317003,スキンケア,"新規購入1000円(BB単品・定期便）
新規購入2500円(洗顔＆ジェル＆BB）",未提携,a8
サラサラなのにお肌に優しいノンケミカル【プロテクト保湿UV】,ＨＯＬＯ＿ＢＥＬＬ,s00000020317006,ボディケア,新規購入1000円,未提携,a8
毛穴ケアの新基準！落とす×潤す【マイクロケア保湿クレンジング】,ＨＯＬＯ＿ＢＥＬＬ,s00000020317008,スキンケア,新規購入1000円,未提携,a8
男性の汗と臭いに特化したデオドラントケア【HOLO BELL デオドラントクリアクリーム】,ＨＯＬＯ＿ＢＥＬＬ,s00000020317009,コスメ・メイク,新規購入1000円,未提携,a8
男性の体臭と肌悩みに本気で向き合う【HOLO BELL グルーミング保湿ボディソープ】,ＨＯＬＯ＿ＢＥＬＬ,s00000020317010,ボディケア,新規購入1000円,未提携,a8
融資ではない資金調達はZEROにお任せ下さい！,ファクタリングＺＥＲＯ,s00000020418001,金融,新規契約25000円,未提携,a8
ペットと幸せに暮らせる住宅を学ぶ【ペット共生住宅管理士】,公益社団法人日本愛玩動物協会,s00000020526002,資格取得,新規検定申込1000円,未提携,a8
引越しハウスクリーニング専門店【ミガクる】,株式会社アロン,s00000020635003,その他（暮らし）,"施工1000円(施工料金〜19999円)　
施工2000円(施工料金20000円〜49999円)
施工5000円(施工料金50000円〜)",未提携,a8
【キレイユ 風呂釜洗浄】大浴場の配管洗浄から生まれた徹底除菌の風呂釜洗浄。,株式会社アロン,s00000020635004,家事・日用品,新規作業完了1000円,未提携,a8
生きた英語が学べる【スピーキング特化の英会話アプリ】,ＬａｎＣｕｌ株式会社,s00000020682002,その他（学び・資格）,新規無料体験申込1000円,未提携,a8
梱包から設置まで全てお任せ！家具・家電の配送トータルサポート【デカ宅】,ハコブ株式会社,s00000020949001,その他（暮らし）,新規申込1000円,未提携,a8
【安心犬活】国産無添加ドッグフード,株式会社ライフワン,s00000021072001,ペット,初回購入1000円,提携中,a8
宅配で色々な商品をまとめて売れる「いーあきんど」,いーあきんど,s00000021095001,リサイクル,新規買取成立4000円,未提携,a8
ブランド専門宅配買取　セカンドストリート宅配買取,ゲオオンラインストア,s00000021136004,リサイクル,買取成立1000円,未提携,a8
簡単3ステップ！個人事業主の開業をラクに【マネーフォワード クラウド開業届】,株式会社マネーフォワード,s00000021185010,起業・会社設立,新規無料会員登録300円,未提携,a8
"気になる香水が2,390円から試せる！カラリア 香りの定期便",株式会社Ｈｉｇｈ＿Ｌｉｎｋ,s00000021280001,総合（美容）,新規定期便有料登録1000円,未提携,a8
話題のルームフレグランス Coloria Home,株式会社Ｈｉｇｈ＿Ｌｉｎｋ,s00000021280002,総合（美容）,新規購入1000円,未提携,a8
【とろ〜り伸びるヘアオイル】Emma Cocarne エマコッカーナヘアオイル,ＣＨＯＵＣＨＯＵ,s00000021324002,ヘアケア,初回購入1000円,未提携,a8
授業がある通信教育！？【東進オンライン学校 小学部・中学部】,株式会社ナガセ（東進）,s00000021497001,家庭教師・塾,新規資料請求1000円,未提携,a8
日本一の難関大現役合格実績の予備校【東進ハイスクール・東進衛星予備校】,株式会社ナガセ（東進）,s00000021497002,家庭教師・塾,"新規1日体験申込1000円
新規資料請求申込1000円
新規個別相談申込1000円",未提携,a8
【青山・銀座・渋谷など】全国に40店舗以上！バーチャルオフィスのワンストップビジネスセンター,ワンストップビジネスセンター,s00000021626001,その他（仕事情報）,"新規成約5000円（エコノミー）
新規成約10000円（ビジネス）
新規成約15000円（プレミアム）",未提携,a8
月額2450円からの子供専用オンライン英会話【ワールドアイキッズ】,株式会社アイプロダクト,s00000021640001,幼児教育,"新規無料体験レッスン1000円
新規入会2000円

▽ポイントサイト
新規入会2000円",未提携,a8
こぐま会教材、提携SAPIX(サピックス)ピグマの【幼児通信教育モコモコゼミ】,株式会社ＫＣＣ,s00000021645001,幼児教育,新規キャンペーン申込1000円,未提携,a8
【空港送迎】自宅と空港をつなぐエアポートシャトルで、次の旅がシェアでおトク になる,株式会社ＮｅａｒＭｅ,s00000022054001,その他（旅行）,新規乗車完了1000円,未提携,a8
24時間365日国内航空券の最安値を一発検索・予約・購入が可能【リアルチケット】,株式会社トラベルウエスト,s00000022171001,国内旅行,国内航空券成約1500円,未提携,a8
ITエンジニアに特化した就活ナビ【エンジニア就活】,シンクトワイス株式会社,s00000022228002,就職・転職,新規会員登録1000円,未提携,a8
【スミジョブ】住み込みのお仕事に特化した求人情報サイト,株式会社京栄センター,s00000022348001,就職・転職,新規応募800円,未提携,a8
＜気くばり御膳専用プログラム＞ニチレイフーズのお試しコース（送料無料/非定期）,株式会社ニチレイフーズ,s00000022357001,その他（グルメ・食品）,新規購入1000円,未提携,a8
日本で一番使われている保育園向け業務支援システム【コドモン】,株式会社コドモン,s00000022363001,幼児教育,新規問い合わせ1000円,未提携,a8
"毎日“考える・買う・作る""を時短に 【食材宅配「ショクブン」】",株式会社ショクブン,s00000022959001,総合（グルメ・食品）,購入700円,未提携,a8
大学院生＆理系学生に特化した就活サイト【アカリク】,株式会社アカリク,s00000023028001,就職・転職,新規会員登録1000円,未提携,a8
暮らしに花をタスことで、タスかる人や花を増やしたい【花の定期便(タスハナ)】,株式会社Ｉｔ,s00000023029001,ガーデニング,新規注文1000円,提携中,a8
法人・個人お取引き可。ネット販売向け輸入商品卸サイト【グッズステーション】,株式会社ＮＥＸＴ＿ＯＮＥ,s00000023122001,その他（Webサービス）,新規会員登録1000円,未提携,a8
法人・個人利用OK。Amazon商品ページ作成代行_3冠達成サービス【アマゾンクリエイト】,株式会社ＮＥＸＴ＿ＯＮＥ,s00000023122002,ホームページ・ネットショップ,新規問い合わせ1000円,未提携,a8
高価買取　トレカ買取専門店ウリウリトレカ,バイバイ,s00000023123001,総合（エンタメ）,新規査定完了1500円,未提携,a8
有効求人数No.1の塾講師求人サイト！【塾講師JAPAN(東証上場企業が運営)】,株式会社スプリックス,s00000023187006,就職・転職,新規応募1000円,未提携,a8
勉強嫌いな子どもでも楽しく学べるAIタブレット学習×個別学習塾『DOJO』,株式会社スプリックス,s00000023187008,家庭教師・塾,新規問い合わせ1000円,未提携,a8
月330円のサブスク型電動歯ブラシ【Dentaly】,株式会社ＳＯＬＩＡ,s00000023224001,健康グッズ,新規申込1000円,未提携,a8
【ZEUS WiFi】今だけ980円/月〜ご利用に合わせて選べるプラン,株式会社ＨＵＭＡＮ＿ＬＩＦＥ,s00000023314001,wifi,"新規契約1000円（フリープラン・契約期間なし）
新規契約5000円（スタンダードプラン・契約期間あり）",未提携,a8
ガールズバー・コンカフェの求人数最大級【体入がるる】,株式会社ＩＣＨＩＫＡＲＡ,s00000023658001,就職・転職,新規仕事応募1000円,未提携,a8
コールセンター専門求人サイト【プルル】,株式会社ＩＣＨＩＫＡＲＡ,s00000023658002,在宅ワーク,新規仕事応募1000円,未提携,a8
ガールズバー・コンカフェ求人サイト【体入Queen】,株式会社ＩＣＨＩＫＡＲＡ,s00000023658003,就職・転職,新規仕事応募1000円,未提携,a8
中高一貫教育のトータルサポート【中高一貫校専門 個別指導塾WAYS】,個別指導塾ＷＡＹＳ,s00000023664001,家庭教師・塾,"新規資料請求1000円
新規個別入塾説明or無料体験指導15000円",未提携,a8
全国の賃貸物件に対応｜家賃クレジット決済『クレカリ賃貸』,株式会社クレカリ,s00000023727001,その他（不動産・引越）,新規利用1000円,未提携,a8
来場社数に応じて報酬アップ！注文住宅の展示場・店舗来場完了【持ち家計画】,株式会社セレス,s00000023754007,総合（不動産・引越）,来場相談1000円,未提携,a8
レシピ動画メディアDELISH KITCHENプロデュース【宅配弁当Meals】,株式会社エブリー,s00000023792001,加工食品,"▽一般メディア
新規購入3000円

▽ポイントサイト
新規購入1000円",未提携,a8
植物由来素材の「ウド洗顔石鹸」スッキリ、しっとりの使用感初回限定キャンペーン！,株式会社ラサス,s00000023845001,スキンケア,初回購入1000円,未提携,a8
ヒアルロン酸の2倍の保湿効果、もちもちのお肌に！初回限定キャンペーン！,株式会社ラサス,s00000023845002,スキンケア,初回購入1000円,未提携,a8
まつ毛エクステに最適！美容液成分配合オイルフリークレンジングの使用感初回限定キャンペーン！,株式会社ラサス,s00000023845003,スキンケア,初回購入1000円,未提携,a8
産婦人科医に相談できる、オンラインピルなら【メデリピル】,ｍｅｄｅｒｉ株式会社,s00000023936002,医療,WEB診療予約完了1000円,未提携,a8
高めの血圧を正常値に近づけるおいしいコーヒー「ファインコーヒーW」機能性表示食品,株式会社ファイン,s00000023970001,飲料,新規購入1000円,未提携,a8
内側からイキイキキレイに【1兆個の乳酸菌 Prime 30粒】,株式会社ファイン,s00000023970002,健康食品,新規購入1000円,未提携,a8
浄水型ウォーターサーバー【ピュアライフ】,ウォータースタンド株式会社,s00000024055001,飲料,新規ウォーターサーバー設置1000円,未提携,a8
Webで登録完了！派遣のお仕事探すならアデコ【Adecco】,アデコ株式会社,s00000024089003,就職・転職,新規登録1000円,未提携,a8
在宅×ITスキルで障害や体調にあわせた働き方を【就労移行支援manaby】,ｍａｎａｂｙ（マナビー）,s00000024172001,その他（仕事情報）,"新規問い合わせ1000円
新規見学実施5000円",未提携,a8
【7日間無料】経験ゼロ・初心者からWEBデザインが学べるサービス！【rimomo（リモモ）】,株式会社パルミー,s00000024405001,総合（学び・資格）,"新規契約1000円(3ヶ月プラン)
新規契約2000円(6ヶ月プラン)
新規契約3000円(12ヶ月プラン)",未提携,a8
警備業界初の警備員に特化した転職エージェント【セキュリティーワーク】,株式会社ミライユ,s00000024432003,就職・転職,新規会員登録1000円,未提携,a8
トラックドライバーに特化した転職サービス【ドライバーズワーク】,株式会社ミライユ,s00000024432004,就職・転職,新規会員登録1000円,未提携,a8
【ヴィーナスウォーカー】女性のためのモニターサイト,株式会社トライエ,s00000024438001,総合（美容）,新規セミナー参加＋モニター案件申込完了10000円,未提携,a8
三菱地所が提供する家事代行！短時間から利用可能、大手で安心【30min.】,三菱地所株式会社,s00000024504001,家事・日用品,新規アカウント登録1000円,未提携,a8
神戸のレストランクルーズ船【コンチェルト＆ルミナス神戸2】,ＴＨＥ＿ＫＯＢＥ＿ＣＲＵＩＳＥ,s00000024558001,国内旅行,予約＋乗船完了1000円,未提携,a8
小中高の英語科教員の人材紹介ならワークスピット株式会社,ワークスピット株式会社,s00000024592001,就職・転職,新規応募またはお問い合わせ1000円,未提携,a8
圧倒的な保湿力なのにベタつかない！【ZIGENオールインワンフェイスジェル】,ＺＩＧＥＮ株式会社,s00000025009001,スキンケア,初回購入1000円,未提携,a8
純石けん100%で全身洗える【ZIGENオールインワンスカルプシャンプー】,ＺＩＧＥＮ株式会社,s00000025009002,ヘアケア,初回購入1000円,未提携,a8
塗ってすぐにスマホに触れるハンドクリーム【ZIGENアクアハンドジェル】,ＺＩＧＥＮ株式会社,s00000025009003,ボディケア,初回購入1000円,未提携,a8
まるで洗う美容液、つっぱらない潤い洗顔【ZIGENフェイスウォッシュ】,ＺＩＧＥＮ株式会社,s00000025009004,スキンケア,初回購入1000円,未提携,a8
カミソリ負けから肌を守る【ZIGENパーフェクトスムースシェービングジェル】,ＺＩＧＥＮ株式会社,s00000025009005,その他（美容）,新規購入1000円,未提携,a8
高評価10食セット全品4.5以上　便利な冷凍弁当【健康直球便】,株式会社シニアライフクリエイト,s00000025169001,加工食品,"新規購入1000円（5食セット）
新規購入2000円（10食セット）",未提携,a8
"段ボールに詰めるだけ！なんでも1,000円買取！",総合出張買取＿七福,s00000025310008,リサイクル,新規買取成立1000円,未提携,a8
個別指導No.1【個別指導の明光義塾】,株式会社明光ネットワークジャパン,s00000025359001,家庭教師・塾,"新規資料請求1000円
新規無料体験完了5000円",未提携,a8
耳鳴り・めまいに飲んで効く漢方薬「静寂箋」（第2類医薬品）,ミライズ製薬株式会社,s00000025380001,医療,初回購入1000円,未提携,a8
一生に一度の今を残しませんか？‐Total Photostudio【スタジオシエル】,株式会社ファインネクスト,s00000025572001,その他（暮らし）,"新規来店4000円（振袖レンタル見学）
新規来店1000円（その他）
（対象：マタニティ、お宮参り、百日、節句、ハーフバースデー、バースデー、入園・入学、七五三撮影、
　　　　ハーフ成人、卒業袴撮影、男性袴撮影、振袖撮影、ブライダル撮影）",未提携,a8
オンラインサロン・コミュニティ専用サービス「FANTS（ファンツ）」,株式会社スタジアム,s00000025663001,その他（Webサービス）,新規お問い合わせまたは資料ダウンロード1000円,未提携,a8
国家資格キャリアコンサルタント受講者数累計5万人を突破！【日本マンパワー】,株式会社日本マンパワー,s00000026234001,その他（仕事情報）,"新規カタログ請求1000円
新規説明会参加5000円
新規キャリアコンサルタント養成講座申込30000円",未提携,a8
塾講師バイトを探すなら【塾講師ステーション】,株式会社トモノカイ,s00000026374001,就職・転職,新規求人応募1000円,未提携,a8
アフターピル処方実績多数【エミシアクリニック】,株式会社Ｌ＿Ｍｅｄｉｃａｌ,s00000026485001,医療,新規LINE友達追加1000円,未提携,a8
"髪に自信を""もう一度""。【女性用スカルプシャンプーYOIKA】",株式会社優越館,s00000026616002,ヘアケア,新規購入1000円,未提携,a8
関西を中心に店舗展開、ブランド家具の無料コーディネート相談,株式会社プラス・カーサ,s00000026620003,インテリア,"▽一般メディア
新規無料相談5000円

▽ポイントサイト
新規無料相談1000円",未提携,a8
全米シェアNo.1！カプセル式コーヒー＆ティーマシン【KEURIG（キューリグ）】,株式会社カップス,s00000026742001,飲料,"初回購入1000円（2週間お試しプラン）
初回購入3000円（スターターセット）
初回購入6000円（よりどり定額便60杯マシン付きコース）",未提携,a8
超新人クリエイター募集【BitStar】,株式会社ＢｉｔＳｔａｒ,s00000026819001,その他（エンタメ）,新規オーディション申込1000円,未提携,a8
事業者専用の卸・仕入れサイト【スーパーデリバリー】,株式会社ラクーンコマース,s00000026945001,その他（暮らし）,新規会員登録完了1000円,未提携,a8
ポイ活キーボードアプリ「PoiKey（ポイキー）」,ＡＯＴＥＮ株式会社,s00000027064001,ポイントサービス・懸賞,新規説明会参加1000円,未提携,a8
はたらくクルマの自動車保険,株式会社未来保険,s00000027148002,保険,"新規見積依頼1000円
新規保険申込2000円",未提携,a8
合法節税オンラインセミナー参加,株式会社キーパートナーズ,s00000027243001,その他（学び・資格）,新規セミナー受講1000円,未提携,a8
希望の出会いがすぐに見つかる！すぐに出会うならpaddy,株式会社オスリー,s00000027334001,恋愛,"新規インストール＋会員登録1000円(女性)
新規インストール＋会員登録2000円(男性)",未提携,a8
高品質の個別指導が安心価格で受講可能！個別指導キャンパス。成績保証制度も有,新教育総合研究会株式会社,s00000027386001,家庭教師・塾,"新規資料請求1000円
新規体験授業または入会説明会完了15000円",未提携,a8
あなたの髪の「生える」を本気でサポート【forteca（フォルテカ）】,株式会社マルヒロエンタープライズ,s00000027404001,ヘアケア,新規購入1000円,未提携,a8
相場師朗の投資哲学で1億円を目指す！株式投資の継続型実践スクール【株塾】,株式会社ファームボンド,s00000027421001,投資,新規体験会参加1000円,未提携,a8
60秒で申込み!!海外旅行をお洒落に賢く過ごすなら1日単位で購入できる【SkyeSiM】,株式会社ＦＲＥＥＤｉＶＥ,s00000027422001,wifi,購入10％,未提携,a8
自宅で尿をとって送るだけ！がんリスクが分かる【尿がん検査くん】,クリニカル・チェック・ラボラトリー株式会社,s00000027483001,医療,購入1000円,未提携,a8
健康・美容に！【伝承ローヤルゼリー】！！,株式会社みつばちロード,s00000009016002,健康食品,購入996円,未提携,a8
オルビスの大人気・大人ニキビ用スキンケア化粧品『薬用クリアフルシリーズ』販売,オルビス株式会社,s00000008657002,スキンケア,新規購入1800円,未提携,a8
オルビスのスキンケア化粧品『オルビスユー』,オルビス株式会社,s00000008657013,スキンケア,新規購入1800円,未提携,a8
オルビスのメンズスキンケア化粧品『Mr.シリーズ』,オルビス株式会社,s00000008657018,スキンケア,"新規購入990円（トライアル）
新規購入990円（定期）",未提携,a8
サッとひとふり、簡単増毛ウェルシークレット公式通販【暮らしの幸便】,株式会社ワイドシステム,s00000013197004,ヘアケア,新規購入980円,未提携,a8
本物の゛にんにく卵黄゛専門店【にんにく玉本舗】,株式会社燦樹,s00000014723001,健康食品,初回購入980円,未提携,a8
モンドセレクション最高金賞・機能性表示食品【高純度・水溶性食物繊維イヌリン】,株式会社燦樹,s00000014723003,健康食品,初回購入980円,未提携,a8
日本最大級のクラウドソーシング【クラウディア】,株式会社エムフロ,s00000020637002,その他（仕事情報）,"新規ワーカー登録977円
新規仕事依頼2443円",提携中,a8
「TSUTAYA DISCAS」内プラン「定額レンタル8ダブル」新規会員登録,カルチュア・エンタテインメント株式会社,s00000019659002,動画,新規会員登録960円（定額8Wプラン）,提携中,a8
GMOインターネットグループ株式会社【お名前．com　レンタルサーバー】申込募集,ＧＭＯインターネット株式会社,s00000000018019,サーバー,"＜レンタルサーバーお申込み＞
・レンタルサーバー(RSプラン)　　：5000円

＜ＶＰＳ（ＫＶＭ）申込み＞
・　１ＧＢ　　　　：　953円
・　２ＧＢ　　　　： 1905円
・　４ＧＢ　　　　： 5524円
・　８ＧＢ　　　　：11429円
・１６ＧＢ　　　　：22858円",未提携,a8
【宅配買取Brandear】300万人以上が利用した人気サイトBrandearの買取募集,株式会社サークラックス,s00000007299001,リサイクル,査定申込み953円,未提携,a8
世界が認めたコーヒー鑑定士がいる！【珈琲きゃろっと】お試しコーヒーセット,珈琲きゃろっと,s00000010944001,飲料,お試しセット初回購入953円,未提携,a8
おみそ汁を主役にするおだし【いちしる】,株式会社シンクロ,s00000026906001,加工食品,新規購入950円,未提携,a8
授業動画で成績アップ！高校生の勉強をサポートする【スタディサプリ高校・大学 受験講座】,株式会社リクルート,s00000014879001,習い事,新規有料会員登録（ベーシックコース）940円,未提携,a8
やりたいことを毎回選べるフィットネスマーケット【FitFits】,株式会社ｈａｃｏｍｏｎｏ,s00000027289001,ダイエット,新規無料体験開始937円,未提携,a8
サンリオの子ども向け英語教材Sanrio English Masterの無料モニターキャンペーン！,株式会社サンリオ,s00000024411001,幼児教育,新規無料モニター申込935円,未提携,a8
『さくらのVPS』アフィリエイト,さくらインターネット株式会社,s00000001717002,サーバー,"１ヶ月分の利用料金
585円 ：512MBプラン
800円 ：1Gプラン
1580円 ：2Gプラン
3200円 ：4Gプラン
6400円 ：8Gプラン
12000円：16Gプラン
24000円：32Gプラン
1000円 ：W1Gプラン
2000円 ：W2Gプラン
3900円 ：W4Gプラン
7700円 ：W8Gプラン
14500円：W16Gプラン
29400円：W32Gプラン",未提携,a8
布団の宅配クリーニングなら「ふとんリネット」,株式会社ホワイトプラス,s00000013507003,家事・日用品,新規注文完了931円,未提携,a8
靴の宅配クリーニングなら【くつリネット】│送料無料,株式会社ホワイトプラス,s00000013507004,家事・日用品,新規注文完了931円,未提携,a8
木の家・自然素材住宅の工務店が探せる無料一括資料請求,自然派リフォーム工務店紹介サイト,s00000011766001,その他（不動産・引越）,新規一括資料請求926円,未提携,a8
「たった10秒のエイジングケア」【エレクトーレ トライアルセット】,エルビュー株式会社,s00000010489001,スキンケア,新規購入926円,未提携,a8
すべて無料！家づくりの情報が満載の小冊子【ハウジングバザール】,自然派リフォーム工務店紹介サイト,s00000011766002,その他（不動産・引越）,新規資料請求926円,未提携,a8
転職・求人情報ならリクルートの転職サイト【リクナビNEXT】,Ｉｎｄｅｅｄ＿Ｊａｐａｎ株式会社,s00000021064001,就職・転職,新規会員登録1700円,提携中,a8
国産やまとしじみのオルニチンで翌朝に残さない！朝すっきり！【しじみエキスＷのオルニチン】,株式会社リアルメイト,s00000001709021,健康食品,初回購入907円,未提携,a8
アイケア・眼精疲労に！感動のアイケアサプリメント【めなり】,さくらの森,s00000010133009,健康食品,初回購入907円,未提携,a8
今までにない丸剤タイプの生酵素サプリ【旬の実酵素】,さくらの森,s00000010133021,健康食品,初回購入907円,未提携,a8
ABEMAプレミアム,ＡＢＥＭＡ,s00000020550001,動画,新規会員登録902円,提携中,a8
ヒューマンアカデミー通信講座,ヒューマンアカデミー通信講座,s00000011309001,習い事,"資料請求900円
講座受講5％",未提携,a8
縛りなしで使える格安SIM！2GB 660円(税込)/月〜【DTI SIM】,株式会社ドリーム・トレイン・インターネット,s00000008091018,電話,"新規申込 900円 （データ/データSMS/音声　2GB〜16GB）
新規申込 950円 （データ/データSMS/音声データ　すごギガ）",未提携,a8
(iOS)出会いマッチングアプリ【イククル】,イククル,s00000009685003,恋愛,"新規男性登録4000円
新規女性登録4000円",提携中,a8
【株式会社DECENCIA】ディセンシアトライアルセット,株式会社ＤＥＣＥＮＣＩＡ,s00000012073018,スキンケア,新規購入900円,未提携,a8
ヒトカワむけたいならMUKETE（仮性包茎補助テープ）,日本サプリメントフーズ株式会社,s00000013307037,医療,初回購入900円,未提携,a8
優良ピアノ調律修理業者紹介サービス【ピアノ調律修理110番】,シェアリングテクノロジー株式会社,s00000015223036,その他（暮らし）,新規見積依頼900円,未提携,a8
ひどい敏感肌だった皮膚科医が開発！金属アレルギ対応。本当の無添加化粧品ワイエスラボ,株式会社ナキュア,s00000015582003,コスメ・メイク,新規購入900円,未提携,a8
[ios]出会い・恋愛マッチングサービス【ハッピーメール】インストール,株式会社アイベック,s00000017422002,恋愛,新規会員登録900円,未提携,a8
安い！簡単！便利！無制限で使える海外Wifi【SakuraMobile海外Wifi】,株式会社Ｏｇ,s00000018547002,wifi,新規申込900円,未提携,a8
子どもの完食にとことんこだわったミールキット【PAKU MOGU】,ワタミ株式会社,s00000025337001,加工食品,初回購入900円,未提携,a8
簡単15分で調理ができるミールキット 【あっ！とごはん】,ワタミ株式会社,s00000025337002,加工食品,初回購入900円,未提携,a8
素材を活かした定番料理が楽しめるミールキット 【定番おうちごはん】,ワタミ株式会社,s00000025337003,加工食品,初回購入900円,未提携,a8
日本初！手軽に膣内ケアができる乳酸菌サプリ,株式会社エアロノート,s00000026151001,健康食品,新規定期購入900円,未提携,a8
みまもりGPS端末【あんしんウォッチャー LE／あんしんウォッチャー】au HOME,ＫＤＤＩ株式会社,s00000027087002,子育て,初回購入900円,未提携,a8
イオンのネットスーパー！Green Beans（グリーンビーンズ）,イオンネクスト株式会社,s00000024601001,ショッピングモール,新規購入893円,未提携,a8
仲間が広がる、旅が深まる【クラブツーリズム】,クラブツーリズム株式会社,s00000014557001,総合（旅行）,ツアー申込891円,未提携,a8
【バイヤーズ】携帯・スマホ買取/リアルタイム査定によるスピード取引で抜群の成約率,バイヤーズ株式会社,s00000016351001,電話,宅配買取1000円,未提携,a8
目元を綺麗に【キラリエ3アイクリーム】保湿・乾燥対策アイケア,株式会社ＣＢ,s00000012537003,スキンケア,初回商品購入840円,未提携,a8
生協組合員募集プログラム２,パルシステム生活協同組合連合会,s00000000064005,生鮮食品,新規資料請求もしくは新規加入申し込みで833円,未提携,a8
資格取得・キャリアアップの【ヒューマンアカデミー】資料請求促進,ヒューマンアカデミー株式会社,s00000012316001,資格取得,"資料請求829円
デジタルパンフレット829円
無料体験セミナー829円
無料説明会・講座説明会3187円",未提携,a8
【NHKでも紹介】美肌トライアル化粧品,有限会社プライマリー,s00000017132002,スキンケア,新規購入826円,未提携,a8
★今すぐ仕事に結びつく資格＆技能【がくぶん】資料請求,株式会社学文社（がくぶん）,s00000000500001,資格取得,"資料請求810円
新規受講申込3300円",未提携,a8
スマホでかんたん高収入！女性求人【ライブでゴーゴー】,株式会社ハイスペック,s00000001505014,在宅ワーク,新規女性仮登録810円,未提携,a8
安値業界No.1！品揃え豊富！高価買取！【トレカ通販・買取 CARDMAX】,株式会社マイクロン,s00000025281001,リサイクル,"購入（税抜）5％
買取成立800円",未提携,a8
人気の通信制大学が満載！【通信制大学特集】資料請求,株式会社イーパス,s00000009633007,専門学校・スクール,新規資料請求1000円,未提携,a8
好きを仕事にできる専門学校特集！！資料請求,株式会社イーパス,s00000009633010,専門学校・スクール,新規資料請求1000円,未提携,a8
【コウジョブ】工場・製造業のお仕事が簡単に見つかる求人情報サイト,株式会社京栄センター,s00000022348002,総合（仕事情報）,新規応募800円,未提携,a8
違約金や契約期間の拘束が一切なし。最大２ヶ月無料体験のフレッツ接続【ZOOT NEXT】,株式会社インターリンク,s00000001004003,プロバイダー,"＜ZOOT NEXT 〜フレッツ光〜＞
契約800円
契約1000円（固定IPアドレス【IP1】）
契約2000円（固定IPアドレス【IP2】）
契約3000円（固定IPアドレス【IP4】）
契約5000円（固定IPアドレス【IP8】）
契約10000円（固定IPアドレス【IP16】）
契約20000円（固定IPアドレス【IP32】）
契約35000円（固定IPアドレス【IP64】）
契約60000円（固定IPアドレス【IP128】）

＜ZOOT NATIVE＞
契約1000円
契約1000円（IPv4固定IP1個）",未提携,a8
遅くならない。速度重視の新規格インターネット　フレッツ光対応【ZOOT NATIVE】,株式会社インターリンク,s00000001004013,プロバイダー,"＜ZOOT NATIVE＞
契約1000円
契約1000円（IPv4固定IP1個）

＜ZOOT NEXT 〜フレッツ光〜＞
契約800円
契約1000円（固定IPアドレス【IP1】）
契約2000円（固定IPアドレス【IP2】）
契約3000円（固定IPアドレス【IP4】）
契約5000円（固定IPアドレス【IP8】）
契約10000円（固定IPアドレス【IP16】）
契約20000円（固定IPアドレス【IP32】）
契約35000円（固定IPアドレス【IP64】）
契約60000円（固定IPアドレス【IP128】）",未提携,a8
【生協の宅配　コープデリ】新規資料請求プログラム,コープデリ生活協同組合連合会,s00000003050001,生鮮食品,新規資料請求800円,未提携,a8
【ONEネット学習】いつでもどこでもネット学習,株式会社日本学術講師会,s00000003769007,習い事,新規申込800円,未提携,a8
【ビジネス挨拶状印刷専門店】挨拶状ドットコム!,株式会社グリーティングワークス,s00000007052006,写真・プリント,購入5％,未提携,a8
SNSで人気のヘアミルクや日焼け止めなどのアイテムも紹介できる【オルビス公式】,オルビス株式会社,s00000008657027,総合（美容）,新規購入800円,未提携,a8
人気の資格講座が満載！【資格とるにはサイト】資料請求募集,株式会社イーパス,s00000009633001,資格取得,新規資料請求800円,未提携,a8
人気の通信講座が満載！【通信講座特集】資料請求募集,株式会社イーパス,s00000009633003,習い事,新規資料請求800円,未提携,a8
人気の資格講座が満載！【資格スクール特集】資料請求募集,株式会社イーパス,s00000009633004,資格取得,新規資料請求800円,未提携,a8
人気の通信制高校が満載！【通信制高校特集】資料請求,株式会社イーパス,s00000009633006,専門学校・スクール,新規資料請求800円,未提携,a8
DVDダビングサービス。短納期、高画質のビデオテープのデジタル化【エイペックスダビング】,株式会社ビデオエイペックス,s00000012220004,家電,新規ダビング申込800円,未提携,a8
【全国対応/宅配買取】ジャニーズグッズ買取【ＪＵＳＴＹ】,株式会社ＪＵＳＴＹ,s00000013178001,リサイクル,買取成立800円,未提携,a8
【全国対応/宅配買取】アイドルグッズ買取【ＪＵＳＴＹ】,株式会社ＪＵＳＴＹ,s00000013178002,リサイクル,買取成立800円,未提携,a8
台湾専用レンタルWi-Fiルーター【台湾データ】,株式会社インバウンドプラットフォーム,s00000013909007,wifi,新規成約800円,未提携,a8
男のシワ改善 【NULL 薬用リンクルクリーム】,ＮＵＬＬメンズ化粧品,s00000014286018,スキンケア,初回購入800円,未提携,a8
見られる手から「魅せる手」へ【NULL 薬用ハンドクリーム】,ＮＵＬＬメンズ化粧品,s00000014286019,ボディケア,初回購入800円,未提携,a8
ふるさと納税サイト【さとふる】,株式会社さとふる,s00000014771001,その他（グルメ・食品）,納税100円,未提携,a8
月額150円でWordpressが使えるSSD搭載レンタルサーバー【リトルサーバー】,株式会社リトルネットワーク,s00000016939001,サーバー,"ミニプラン(6ヶ月) 契約800円
ミニプラン(12ヶ月)契約800円

ワードプラン(6ヶ月) 契約1000円
ワードプラン(12ヶ月)契約1000円

リトルプラン(6ヶ月) 契約1500円
リトルプラン(12ヶ月)契約1500円

ビッグプラン(6ヶ月) 契約2500円
ビッグプラン(12ヶ月)契約2500円",未提携,a8
[ios]恋活【ワクワクメール】アプリインストール,株式会社ワクワクコミュニケーションズ,s00000017579001,恋愛,新規無料会員登録1000円,未提携,a8
ペットが舐めても安心の飼い主さん用ハンドクリーム,Ｒ．Ｂ．Ｇ株式会社,s00000018322001,スキンケア,初回購入800円,未提携,a8
作りたてを -45°Cで急速冷凍【STYLE BREAD】／鮮度を閉じ込めた冷凍パン,株式会社スタイルブレッド,s00000020326001,その他（グルメ・食品）,新規定期便申込800円,未提携,a8
【コープの宅配】生協の個人宅配,生活協同組合連合会コープきんき事業連合,s00000021333001,総合（グルメ・食品）,"新規資料請求800円
おためしセット購入1500円
新規加入2000円",未提携,a8
スタッフ全員固定IPアドレスでセキュリティ強化【SUIKA VPN Team IP Service】,株式会社ＭＡＪ＿Ｔｅｃｈ,s00000022174002,その他（インターネット接続）,"■共用固定IPアドレス
新規契約800円（1ヶ月プラン）
新規契約2000円（3ヶ月プラン）
新規契約2800円（6ヶ月プラン）
新規契約4000円（1年プラン）
新規契約8000円（2年プラン）

■専属固定IPアドレス
初回利用39200円（PPTP/L2TPプラン）
初回利用47000円（IKEv2プラン）
初回利用61000円（PPTP/L2TP＋IKEv2プラン）",未提携,a8
【おうちコープ】生協の個人宅配,生活協同組合ユーコープ,s00000022218001,生鮮食品,新規資料請求800円,未提携,a8
≪ポイントサイト専用≫【おうちコープ】生協の個人宅配,生活協同組合ユーコープ,s00000022218002,総合（暮らし）,"新規資料請求800円
新規加入800円",未提携,a8
【魚肉ペプチド サカナのちからB】,鈴廣かまぼこ株式会社,s00000023026001,健康食品,新規購入800円,未提携,a8
ハウスクリーニングはまとめてお任せください！【ナックダスキン】,株式会社ナック,s00000023342001,家事・日用品,お問合せ800円,未提携,a8
神戸屋厳選！！全国の有名ベーカリーから届く、パンのサブスク「毎月PANDA!」,株式会社神戸屋,s00000023607002,加工食品,新規定期便申込800円,提携中,a8
海外も格安通信【FAST-Fi】,ＨＩＳモバイル株式会社,s00000025318001,wifi,新規利用開始800円,未提携,a8
韓国No.1 マッチングアプリ日本版登場！友達から始まる出会い「ウィッピー」,株式会社ＮＲＩＳＥ＿Ｊａｐａｎ,s00000026681001,恋愛,"新規無料男性会員登録800円 
新規無料女性会員登録2000円",未提携,a8
リリース記念で高還元・特典大量！【おりパンダ】,Ｐａｎｄａｖｅｒｓｅ株式会社,s00000027238001,その他（エンタメ）,コイン購入800円,未提携,a8
【買取20%UP!!】 ポケモンカード、トレカをネットで売るならもえたく！宅配買取,リネットジャパングループ株式会社,s00000008384015,リサイクル,買取796円,未提携,a8
日本最大級【ネットオフゲーム機器買取】コース,リネットジャパングループ株式会社,s00000008384017,リサイクル,買取成立796円,未提携,a8
【定価50%以上買取保証＋20%UP】 ガンプラ売るならネットオフ「ガンたく！」,リネットジャパングループ株式会社,s00000008384013,リサイクル,買取791円,未提携,a8
安心をお届けする生協の食材宅配【生活クラブ】新規ご加入案内プログラム,生活クラブ生協連合会,s00000013721001,総合（グルメ・食品）,新規資料請求789円,未提携,a8
【四谷学院通信講座】保育・宅建・療育・ペン字など！資格取得なら四谷学院,四谷学院,s00000025713001,習い事,"講座申込6.2％
新規資料請求780円",未提携,a8
男のニオイ対策ボディソープ【クリアネオ】,株式会社ソーシャルテック,s00000013218004,ボディケア,購入769円,未提携,a8
英字新聞社ジャパンタイムズによる週刊英語学習紙,株式会社ジャパンタイムズ出版,s00000001456001,書籍・本,購読申込762円,未提携,a8
ビジネス特化型英会話トレーニング【スピフル】,株式会社プログリット,s00000017068005,習い事,新規トライアル申込752円,未提携,a8
いつでもつながるオンラインAI英会話【ディアトーク】,株式会社プログリット,s00000017068006,習い事,新規トライアル申込752円,未提携,a8
初めての方でも簡単！【AMBiQUE(アンビーク)メンズ向け薬用除毛クリーム】,株式会社ＳＯＬＩＡ,s00000017341011,その他（美容）,新規購入752円,未提携,a8
ベネッセの成長支援型逆求人就活サービス【dodaキャンパス】（web）,株式会社ベネッセｉ─キャリア,s00000021284001,就職・転職,新規会員登録752円,未提携,a8
50代以上のための恋愛・婚活・趣味友達マッチングサービス【ハハロル】,超楽長寿株式会社,s00000026131001,恋愛,"新規女性無料会員登録751円
新規男性有料会員登録2330円",未提携,a8
遊ぶだけで景品チャンス！成長型ゲームサービス【GEMY（ゲミー）】,株式会社ムソウ,s00000007141004,ゲーム,新規利用500円,未提携,a8
【シーボディ】イルコルポ「徹底ＵＶケアセット」日焼け・身体の気になる黒ずみに,ＳｉＢＯＤＹ,s00000014225011,スキンケア,新規購入1000円,未提携,a8
優良電気工事業者紹介サービス【電気工事110番】,シェアリングテクノロジー株式会社,s00000015223037,その他（暮らし）,新規見積依頼750円,未提携,a8
就活を基礎から学べて、サポートコンテンツも充実！【就活情報サイト-キャリch】,株式会社ジールコミュニケーションズ,s00000023631001,就職・転職,新規会員登録750円,未提携,a8
【楽天Car車検】掲載店舗数No.1,楽天グループ株式会社,s00000023648003,その他（暮らし）,車検実施完了750円,未提携,a8
おトクなお買い物でフードロス削減に貢献 Kuradashi（クラダシ）,株式会社クラダシ,s00000024758001,その他（グルメ・食品）,新規購入750円,未提携,a8
現地旅行会社と「行きたい」を叶える海外旅行サービス【Oooh（ウー）】,Ｏｏｏｈ株式会社,s00000026491001,海外旅行,新規旅行会社アサイン完了後のチャット開始750円,未提携,a8
【不要なパソコンを送るだけ】パソコン無料処分サービス『PC送壊ゼロ』,株式会社ＨＡＫＵ,s00000026753001,その他（暮らし）,PC配送完了750円,未提携,a8
小学生の“知りたい”を育てる新聞＋【朝日小学生新聞】,株式会社朝日学生新聞社,s00000027018001,書籍・本,"新規購入1127円(朝日小学生新聞)
新規購入750円(朝日中高生新聞)",未提携,a8
ポケモンカードオリパをスマホで手軽に！全国24時間いつでも購入可能【オリスタ】,株式会社ミックス,s00000027533001,その他（エンタメ）,ポイント購入750円,未提携,a8
お見合いパーティーの婚活は【IBJ Matching(PARTY☆PARTY)】,株式会社ＩＢＪ,s00000002032021,婚活,"パーティー参加1575円（男性参加）
パーティー参加741円（女性参加）",未提携,a8
オーガニック美容液【オウミニョンヌ】トライアルセット,株式会社ｓａｌｙ,s00000017043001,スキンケア,新規購入720円,未提携,a8
RIZAPが作った24時間ジム【chocoZAP】,ＲＩＺＡＰ株式会社,s00000024602001,ダイエット,新規入会720円,提携中,a8
オンラインオリパの【どっかん！トレカ 】,マーキュリー株式会社,s00000026645001,ゲーム,ポイント購入703円,未提携,a8
最高峰の美容オイル【ヴァーチェ　マルラオイル】,株式会社ヴァーチェ,s00000016810001,スキンケア,"新規購入700円（【初回限定】マルラオイル）
新規購入700円（【定期】マルラオイル）
購入5％（その他商品）",未提携,a8
【ズバット引越し比較】無料一括見積もり,ウェブクルー,s00000000489005,引越,無料一括見積もり完了700円,未提携,a8
【日本最大級の年賀状印刷専門店】挨拶状ドットコム!,株式会社グリーティングワークス,s00000007052003,写真・プリント,注文500円,未提携,a8
スカウト型就活サービス【キミスカ】,株式会社グローアップ,s00000009978003,就職・転職,新規会員登録700円,未提携,a8
携帯電話・スマホ買取りなら【ライズマーク】申込促進,株式会社ライズマーク,s00000013417002,リサイクル,買取成立700円,未提携,a8
ビジネス英語コース 英会話セットプラン,株式会社リクルート,s00000015388007,その他（学び・資格）,新規初回会員登録1569円,未提携,a8
【新日常英語コース 英会話セットプラン】,株式会社リクルート,s00000015388008,その他（学び・資格）,新規初回会員登録1295円,未提携,a8
32万店以上が利用中！店舗の宣伝・集客強化【0円】！店舗情報サイト【エキテン byGMO】,ＧＭＯデザインワン株式会社,s00000015650001,その他（Webサービス）,新規無料店舗会員登録700円,未提携,a8
販売実績2億枚超！送料＆宛名印刷無料でお得【おたより本舗の年賀状・寒中見舞い】,株式会社アーツ,s00000018412001,写真・プリント,注文500円,未提携,a8
ニコチン0、タール0、新世代のアイテム『DR.VAPE(ドクターベイプ)』,ＤＲ．ＶＡＰＥ,s00000020209001,総合（暮らし）,初回購入700円,未提携,a8
累計販売数650万本突破！ニコチン0、タール0の新世代アイテム『DR.VAPE Model2』,ＤＲ．ＶＡＰＥ,s00000020209002,総合（暮らし）,初回購入700円,未提携,a8
専門店だからできるプロの清掃【エアコンクリーニング清風】,株式会社アロン,s00000020635002,その他（暮らし）,"施工700円(施工料金〜19999円)　
施工2000円(施工料金20000円〜49999円)
施工4000円(施工料金50000円〜)",未提携,a8
ビデオテープのデジタル化、DVD化サービス。国内最大級ダビングサービス【ダビングコピー革命】,ダビングコピー革命,s00000021606001,その他（暮らし）,注文700円,未提携,a8
無料で日程調整を自動化できるツール【bookrun】,株式会社ベーシック,s00000021724002,その他（Webサービス）,新規有料プラン登録700円,未提携,a8
中学受験専門・文章読解の苦手克服【オンライン速読解力講座】,一般社団法人日本速読解力協会,s00000022382002,総合（学び・資格）,"新規資料請求700円
新規無料体験2500円",未提携,a8
【UberEats】 おいしいお食事をお届けするフードデリバリーサービス,ＵｂｅｒＴｅｃｈｎｏｌｏｇｉｅｓＩｎｃ．,s00000023750001,グルメ予約,新規注文配達完了700円,未提携,a8
【宅配買取】イヤホン・ヘッドホン専門店【e☆イヤホン（買取プログラム）】,株式会社タイムマシン,s00000024072002,リサイクル,宅配買取申込700円,提携中,a8
人間の耳と同じ働きをする立体集音器【みみ太郎】,株式会社ＳｉｎａｓＳＰ,s00000025684001,医療,"無料貸出し申込700円
購入10000円",未提携,a8
大学関係なくワンタップでOB・OG訪問ができる就活アプリ！【Matcher（マッチャー）】,Ｍａｔｃｈｅｒ株式会社,s00000025893001,就職・転職,新規アプリインストール＋学生登録700円,未提携,a8
日本玩具センターオンライン　オンラインでいつでもどこでもオリパ！,合同会社Ｃｌｏｕｄ１,s00000027385001,ゲーム,ポイント購入700円,未提携,a8
スマホ1つで今すぐご飯！日本最大級の加盟店数から選べる【出前館】,株式会社出前館,s00000027476001,グルメ予約,初回注文700円,未提携,a8
ポケカ好き必見！スマホで楽しむ本格オンラインオリパ【オリパフリークス】,株式会社Ａｌｇｏｌｏｇｉｃ,s00000027570001,その他（エンタメ）,ポイント購入700円,未提携,a8
24年7月にリリース！爆速成長中のネットオリパサイト「オリパワン」,株式会社ＫＥＣＡＫ,s00000026471001,ゲーム,コイン購入680円,未提携,a8
ブランド古着の通販【ZOZOUSED　初回購入プログラム】,株式会社ＺＯＺＯ,s00000026870001,総合（ファッション）,初回購入676円,未提携,a8
引越しはネットで頼むと安くなる,株式会社エイチームライフデザイン,s00000004657001,引越,見積り667円,未提携,a8
引越し一括見積サービス【引越し侍】,株式会社エイチームライフデザイン,s00000004657003,引越,見積667円,未提携,a8
激アツオリパ多数！トレカのオンラインガチャ！【ALPHAのオリパ】,株式会社カモガワ,s00000025544001,ゲーム,"新規ポイント購入651円
新規カード購入651円
新規買取成立651円",未提携,a8
『Rakpo』豊富なデザイン！激安、簡単年賀状,株式会社ビットブレーン,s00000013309002,写真・プリント,注文650円,未提携,a8
知名度No.1高性能PC画面録画ソフト【Bandicam】,ＢａｎｄｉｃａｍＣｏｍｐａｎｙ,s00000016141001,その他（Webサービス）,新規購入720円,未提携,a8
DOPAオリパ | 業界最大級・高還元のオンラインオリパ,株式会社ｓｉｎｓａ,s00000024954001,ゲーム,ポイント購入650円,未提携,a8
SMS認証でオリパ1回無料！毎日引ける確定アドオリパあり♪【エクストレカ】,エクストレカ,s00000025385001,ゲーム,ポイント購入or新規VIPパス登録650円,未提携,a8
24時間楽しめる！ネットでオリパなら【トレカレインボー】,トレカレインボー,s00000026409001,ゲーム,ポイント購入650円,未提携,a8
ポケカ、ワンピなどの高還元ガチャ多数。ネットオリパなら「ペンギンガチャ」,株式会社Ｌｉｓｂｅ,s00000027149001,総合（エンタメ）,ポイント購入650円,未提携,a8
新規登録で100連ガチャが無料！24時間いつでもネットでオリパが楽しめる！【イブガチャ】,株式会社Ｃａｆｆｅｅ,s00000027318001,ゲーム,ポイント購入650円,未提携,a8
ポケカ・ワンピ高還元。24時間どこでも引ける 高還元究極のトレカートガチャ！,株式会社ＳＴＡＢＩＬＩＺＥ．,s00000027359001,その他（エンタメ）,ポイント購入650円,未提携,a8
アニメ見放題サービス ｄアニメストア！31日間無料・月額660円（税込）！,株式会社ドコモ・アニメストア,s00000017962001,動画,新規会員登録625円,未提携,a8
幼児から大学受験生まで【Ｚ会の通信教育】資料請求,株式会社Ｚ会,s00000001817002,習い事,"資料請求619円
新規入会2000円（幼小）
新規入会5000円（中学）",未提携,a8
ひらめき・組み立て・試行錯誤の力を育てる【Ｚ会プログラミング講座】,株式会社Ｚ会,s00000001817008,習い事,新規資料請求600円,未提携,a8
ピアノ一括無料査定【引越侍】,株式会社エイチームライフデザイン,s00000004657007,リサイクル,新規査定申込600円,未提携,a8
塾が作ったタブレット対応の小中生向け楽しい通信教育【デキタス】,株式会社城南進学研究社,s00000012254003,幼児教育,"新規無料体験600円　
新規入会3000円",未提携,a8
ジャストシステム【スマイルゼミ】資料請求,株式会社ジャストシステム,s00000012597001,習い事,"▽一般
新規資料請求600円

▽ポイントサイト
新規資料請求600円",未提携,a8
[SNSメディア様用]タブレット教育【スマイルゼミ】,株式会社ジャストシステム,s00000012597004,習い事,新規資料請求600円,未提携,a8
全国対応のパソコン無料回収・処分・買取り【ライズマーク】,株式会社ライズマーク,s00000013417001,リサイクル,"無料回収成立600円
買取り成立600円",未提携,a8
NETSEA（ネッシー）仕入れ購入,株式会社ＳｙｎａＢｉｚ,s00000014337001,ショッピングモール,新規バイヤー会員登録600円,未提携,a8
かんたん・速い・安心の年賀状印刷サイト【ふみいろ年賀状2026】,株式会社ワンオール,s00000016709008,写真・プリント,新規注文100円,未提携,a8
今話題のファンデーション２週間分お試しセット【スターオブザカラー】,株式会社リンクス,s00000017351005,コスメ・メイク,初回購入600円,未提携,a8
販売実績2億枚超！送料＆宛名印刷無料でお得【おたより本舗の喪中はがき印刷】,株式会社アーツ,s00000018412004,写真・プリント,注文500円,未提携,a8
今日から無料でオンラインサロンを開設できる【YOOR（ユア）】,株式会社ファンコミュニケーションズ,s00000018668007,総合（Webサービス）,初回サロン公開1000円,未提携,a8
企業が学生にオファーする新卒就活サイト【OfferBox＜オファーボックス＞】,株式会社ｉ─ｐｌｕｇ,s00000019828001,就職・転職,新規登録900円,未提携,a8
治験ボランティア ★無料会員★ 【コーメディカルクラブ】,株式会社シスモール,s00000020173001,総合（仕事情報）,新規無料会員登録600円,未提携,a8
海外航空券を最安値をカンタン検索・比較・予約【トラベルウエスト】,株式会社トラベルウエスト,s00000022171004,海外旅行,海外航空券成約600円,未提携,a8
一生使える「ライティング思考力」を鍛える【あなたのライターキャリア講座】,株式会社ＹＯＳＣＡ,s00000022994001,習い事,"新規資料請求600円
新規問い合わせ2000円
新規申し込み5000円（セルフコース）
新規申し込み10000円（スタンダードコース）
新規申し込み20000円（マンツーマンコース）",未提携,a8
オンライン心理カウンセリング【メザニン】,株式会社リカレント,s00000024805001,総合（健康）,新規会員登録600円,未提携,a8
月額0円・契約不要【365チャージWiFi】プリペイド式チャージWi-Fi,株式会社シムス,s00000025107001,wifi,新規購入600円,未提携,a8
新規登録で無料でパックかBOXが必ず当たる！豪華演出の新感覚オリパ【オリくじ】,株式会社Ｈ＆Ｆ,s00000025679001,その他（エンタメ）,コイン購入600円,未提携,a8
うちの子にピッタリの学校・塾と出会えるアプリ「エデュスタ」,株式会社インターエデュ・ドットコム,s00000026694001,その他（学び・資格）,新規学校マッチング診断完了600円,未提携,a8
1日2問でアウトプット習慣を身に付けよう！【トキアカ】,株式会社日本経済新聞社,s00000027410001,その他（仕事情報）,新規トライアル申込＋プロフィール登録600円,未提携,a8
【終末期ケア専門士 試験対策WEB講習会】一般社団法人日本終末期ケア協会,アステッキホールディングス株式会社,s00000018681005,総合（学び・資格）,新規講習会参加594円,未提携,a8
白髪専門店レフィーネ【ヘッドスパトリートメントカラー】,白髪染め専門店レフィーネ,s00000010480001,ヘアケア,購入566円,未提携,a8
【お金の教養講座】会員募集,株式会社ＦｉｎａｎｃｉａｌＡｃａｄｅｍｙ,s00000007099011,専門学校・スクール,"新規教室セミナー受講5635円
新規WEBセミナー視聴560円",未提携,a8
chocoZAPがつくった美容型プロテイン[DayMe],ＲＩＺＡＰ株式会社,s00000001671101,健康食品,初回購入550円,未提携,a8
chocoZAPから！コスパにこだわりプロテイン【Bpro】,ＲＩＺＡＰ株式会社,s00000001671102,健康食品,初回購入550円,未提携,a8
【Pollet 】｜カンタン買取サイト,株式会社オズビジョン,s00000022613005,リサイクル,"新規モノチャージ完了527円(チャージ金額1000円以上4999円以下)
新規モノチャージ完了1504円(チャージ金額5000円以上)",未提携,a8
【.com/.net ０円〜】独自ドメインの取得は国内シェアNo.1の＜お名前.com＞,ＧＭＯインターネット株式会社,s00000000018015,ドメイン,"1ドメインの注文金額が1000円以上：110円
1ドメインの注文金額が1000円未満：注文金額の11％
お名前.comへのドメイン移管：1100円
レンタルサーバー（RS）同時申請：3100円
バックオーダーサービス：500円
ドメインセット割：1000円",未提携,a8
カニ通販売上日本一！？知名度抜群【かに本舗】,【かに本舗】通販店『匠本舗』,s00000009319001,生鮮食品,"購入500円（弱酸性次亜塩素酸水生成用粉末 除菌消臭水の素）
購入8％",未提携,a8
顧客満足度約94％！【匠本舗】どんどん売れる＜料亭おせち＞,【かに本舗】通販店『匠本舗』,s00000009319002,加工食品,購入8％,未提携,a8
着圧レギンスの進化版！脚をグッと引き締め細く長く魅せる！【slimuse】,株式会社ロッピングライフ,s00000011064052,その他（美容）,購入2000円,未提携,a8
全部交換しなくても、住まいはよみがえる。【KIREI one 　リフォーム】,株式会社ＫＩＲＥＩ＿ｐｒｏｄｕｃｅ,s00000017949005,物件,新規お問い合わせ5000円,未提携,a8
自転車通販サイト売上No.1！日本最大級の自転車通販サイト【cyma-サイマ-】,株式会社ｃｙｍａイエローハット,s00000014699001,その他（スポーツ・趣味）,購入500円,未提携,a8
商品券をクレジットカードで購入！【金券ねっと】,金券ねっと,s00000016469001,リサイクル,新規購入500円,未提携,a8
ブラウザだけでできる本格的なAI画像生成【ConoHa AI Canvas】,ＧＭＯインターネット株式会社,s00000000018047,その他（エンタメ）,"初回利用500円（エントリープラン）
初回利用2000円（スタンダードプラン）
初回利用4000円（アドバンスプラン）",未提携,a8
英語コミュニケーション能力判定テスト「CASEC（キャセック）」,株式会社教育測定研究所,s00000000118001,資格取得,チケット購入500円,未提携,a8
アマゾンや楽天市場で売れ筋ランキング1位獲得。幼児英語DVD【Goomies】,英語伝,s00000000468016,幼児教育,新規購入500円,未提携,a8
NHK Eテレ放送「うっかりペネロペ」の英語版で英語を身に付ける幼児向け英語学習,英語伝,s00000000468017,幼児教育,初回購入500円,未提携,a8
薬剤師が妻のために開発した愛情サプリ『ヒアルロン美潤』500円モニター,株式会社ファインエイド,s00000001344003,美容食品,お試しセット購入500円,未提携,a8
【マダムとおしゃべり館】男性会員募集,マダムとおしゃべり館,s00000002477001,恋愛,男性会員登録1000円,未提携,a8
ネット家庭教師【家庭ネット】,株式会社日本学術講師会,s00000003769006,家庭教師・塾,無料体験受講5000円,未提携,a8
スピード除毛！エステ並みのツルスベ肌に「パイナップル豆乳除毛クリーム」,株式会社鈴木ハーブ研究所,s00000005950003,ボディケア,購入1500円,未提携,a8
【ローンご融資相談センター】融資申込みキャンペーン,株式会社総合マネージメントサービス,s00000006402002,金融,初回無料査定申込み５００円,未提携,a8
【引越し・結婚報告はがき印刷専門店】挨拶状ドットコム!,株式会社グリーティングワークス,s00000007052007,写真・プリント,購入800円,未提携,a8
「本をつくる」をもっと身近に。自分だけのオリジナル冊子を作るなら【しまうま出版】,株式会社しまうまプリント,s00000007448009,写真・プリント,注文完了500円,未提携,a8
【Toones】転送電話サービスの利用者募集,株式会社Ｋａｒｉｇｏ,s00000007653003,電話,契約1000円,未提携,a8
【雪村そば】熟練の職人による本格「信州手打ち本生そば」,株式会社美包,s00000010039001,生鮮食品,初回購入500円,未提携,a8
選ばれ続けて50年！新しくなったスターリミルク 「サステナ」,株式会社ベルジュ,s00000010437002,健康食品,新規購入500円,未提携,a8
キャンペーン中！沖縄・九州・北海道の格安レンタカー【スカイレンタカー】予約,スカイレンタリース株式会社,s00000010693001,国内旅行,レンタカー利用500円,未提携,a8
頑張る中高生の成長期にぐーんとラストスパート成長期サポート飲料【スーパーアスミール】,株式会社ロッピングライフ,s00000011064049,健康食品,初回購入500円,未提携,a8
Webサイトの安全確認！セキュリティ診断＆マルウェア駆除の【SiteLock】,ＧＭＯグローバルサイン・ホールディングス株式会社,s00000012042012,総合（Webサービス）,"新規成約500円（エントリー） 
新規成約1500円（レギュラー） 
新規成約3500円（ビジネス） 
新規成約10000円（エンタープライズ）",未提携,a8
写真・イラスト・動画素材販売サイト【PIXTA（ピクスタ）】,ピクスタ株式会社,s00000012391001,写真・プリント,"新規素材購入500円
定額プラン8000円",提携中,a8
カード宅配買取の【トレトク】,株式会社山徳,s00000012789004,リサイクル,買取成立1390円,未提携,a8
成婚率が高い結婚相談所が提供する【会員紹介シミュレーション】,トータルマリアージュサポート,s00000012898003,恋愛,新規診断500円,未提携,a8
500円でバカ売れ！マカ超え強力パワー精力サプリ【クラチャイダムゴールド】,日本サプリメントフーズ株式会社,s00000013307002,健康食品,初回購入500円,未提携,a8
500円お試し！マカ×シトルリン×クラチャイダムの男の活力サプリ【マカエンペラー】,日本サプリメントフーズ株式会社,s00000013307031,健康食品,新規お試し購入500円,未提携,a8
年賀状・喪中はがきをネットでかんたん印刷！激安印刷通販なら【ラクスル】,ラクスル株式会社,s00000013809014,写真・プリント,注文500円,未提携,a8
【シーボディ】「ミネラルフィットスムーサー」ギネス認定雪塩配合 本格マッサージ剤,ＳｉＢＯＤＹ,s00000014225010,ボディケア,初回購入500円,未提携,a8
LIVE配信のオンライン英会話【NOVAライブステーション】,株式会社ＮＯＶＡ,s00000014257002,習い事,新規本登録移行2000円,未提携,a8
NOVAのオンラインレッスン【新・お茶の間留学】,株式会社ＮＯＶＡ,s00000014257004,習い事,"新規無料体験500円
新規入会1500円",未提携,a8
家族で使える靴用除菌・消臭パウダー《タルクフリー》【fafra シューパウダー】,ＮＵＬＬメンズ化粧品,s00000014286017,家事・日用品,初回購入500円,未提携,a8
ハリ・コシのあるスタイリングしやすい髪へ【NULL ヘアオイル】,ＮＵＬＬメンズ化粧品,s00000014286022,ヘアケア,初回購入500円,未提携,a8
趣味のサブスクはじめました【クラブツーリズムパス】,クラブツーリズム株式会社,s00000014557002,総合（旅行）,新規会員登録500円,未提携,a8
ゴルフ場検索・予約サイト【じゃらんゴルフ】,株式会社リクルート,s00000014877001,スポーツ,プレー完了500円,未提携,a8
市場価値から本当のキャリアパスを見出すサービス【ミイダス】,ミイダス株式会社,s00000015408001,就職・転職,新規会員登録500円,未提携,a8
出張買取専門ご自宅のものなんでも買取します！【買取屋さんグループ】,株式会社ＧＲＡＣＥ,s00000015892009,リサイクル,新規査定500円,未提携,a8
あなたのお家のいらないものをお金に変える・最短即日対応【錬金堂】,株式会社ＧＲＡＣＥ,s00000015892019,リサイクル,新規査定555円,提携中,a8
中古スマホ激安販売のダイワンテレコム,バイヤーズ株式会社,s00000016351005,電話,購入5％,未提携,a8
【犬用サプリメント】関節の健康維持に「毎日散歩　グルコサミン＆イミダゾールペプチド」,株式会社ウィズペティ,s00000016494001,ペット,"初回購入500円(お試し商品)
初回購入2000円(本商品)",提携中,a8
【犬用サプリメント】腸の健康維持に「毎日爽快　植物酵素＆乳酸菌」,株式会社ウィズペティ,s00000016494002,ペット,"初回購入500円(お試し商品)
初回購入1000円(定期商品)",提携中,a8
【犬用サプリメント】目の健康維持に「毎日愛眼　ブルーベリー＆ルテイン」,株式会社ウィズペティ,s00000016494003,ペット,"初回購入500円(お試し商品)
初回購入1000円(定期商品)",提携中,a8
【犬用サプリメント】シニア犬の健康維持に「毎日一緒　DHA＆EPA」（獣医師推奨/国産）,株式会社ウィズペティ,s00000016494007,ペット,"初回購入500円(お試し商品)
初回購入1000円(定期商品)",提携中,a8
【猫用サプリメント】シニア猫の健康維持に「毎日一緒　DHA＆EPA」（獣医師推奨/国産）,株式会社ウィズペティ,s00000016494008,ペット,"初回購入500円(お試し商品)
初回購入1000円(定期商品)",提携中,a8
【犬用サプリメント】腎臓の健康維持に「毎日腎活　活性炭＆ウラジロガシ」,株式会社ウィズペティ,s00000016494009,ペット,"初回購入500円(お試し・通常商品)
初回購入1000円(定期商品)",提携中,a8
【猫用サプリメント】腎臓の健康維持に「毎日腎活　活性炭＆ウラジロガシ」,株式会社ウィズペティ,s00000016494010,ペット,"初回購入500円(お試し・通常商品)
初回購入1000円(定期商品)",提携中,a8
【犬用サプリメント】心臓の健康維持に「毎日健心　コエンザイムQ10＆フランス海岸松」,株式会社ウィズペティ,s00000016494011,ペット,"初回購入500円(お試し・通常商品)
初回購入1000円(定期商品)",提携中,a8
【猫用サプリメント】心臓の健康維持に「毎日健心　コエンザイムQ10＆フランス海岸松」,株式会社ウィズペティ,s00000016494012,ペット,"初回購入500円(お試し・通常商品)
初回購入1000円(定期商品)",提携中,a8
【犬用サプリメント】皮膚・毛艶の健康維持に「毎日美肌　PS-B1＆ローヤルゼリー」,株式会社ウィズペティ,s00000016494014,ペット,"初回購入500円(お試し)
初回購入1000円(定期商品)",提携中,a8
【猫用サプリメント】皮膚・毛艶の健康維持に「毎日美肌　PS-B1＆ローヤルゼリー」,株式会社ウィズペティ,s00000016494015,ペット,"初回購入500円(お試し)
初回購入1000円(定期商品)",提携中,a8
【犬用サプリメント】肝臓の健康維持に「毎日良肝　肝臓エキス＆プラセンタ」,株式会社ウィズペティ,s00000016494016,ペット,"初回購入500円(お試し)
初回購入1000円(定期商品)",提携中,a8
【猫用サプリメント】肝臓の健康維持に「毎日良肝　肝臓エキス＆プラセンタ」,株式会社ウィズペティ,s00000016494017,ペット,"初回購入500円(お試し)
初回購入1000円(定期商品)",提携中,a8
【ペット用サプリメント】お口の健康維持に「毎日口健　ラクトフェリン＆KT-11」,株式会社ウィズペティ,s00000016494018,ペット,"初回購入500円(お試し)
初回購入1000円(定期商品)",提携中,a8
【犬用サプリメント】体重・糖質・血糖値の健康維持に「毎日習慣　サラシア＆イヌリン」,株式会社ウィズペティ,s00000016494019,ペット,"初回購入500円(お試し)
初回購入1000円(定期商品)",提携中,a8
【猫用サプリメント】体重・糖質・血糖値の健康維持に「毎日習慣　サラシア＆イヌリン」,株式会社ウィズペティ,s00000016494020,ペット,"初回購入500円(お試し)
初回購入1000円(定期商品)",提携中,a8
ぽっちゃり女性専門の結婚相談所・お見合い・婚活応援サービス【ぽちゃ婚】,シュタインズ株式会社,s00000016807001,婚活,"新規無料会員登録500円
新規有料プラン登録5000円",未提携,a8
アニメ・マンガ・ゲーム好き男女専門の結婚相談所・お見合い・婚活応援サービス 【ヲタ婚】,シュタインズ株式会社,s00000016807002,婚活,"新規無料会員登録2000円
新規有料プラン登録10000円",未提携,a8
35歳以上男女専門の結婚相談所・お見合い・婚活応援サービス【R婚】,シュタインズ株式会社,s00000016807004,婚活,"新規無料会員登録500円
新規有料プラン登録5000円",未提携,a8
高収入男性専門の結婚相談所・お見合い・婚活サービス【セレブ婚】,シュタインズ株式会社,s00000016807005,婚活,"新規無料会員登録500円
新規有料会員プラン登録5000円",未提携,a8
動物好き・ペット好き男女専門の結婚相談所・お見合い・婚活サービス【ペット婚】,シュタインズ株式会社,s00000016807006,婚活,"新規無料会員登録2000円
新規有料プラン登録10000円",未提携,a8
お酒好き男女専門の結婚相談所・お見合い・婚活サービス【お酒婚】,シュタインズ株式会社,s00000016807007,婚活,"新規無料会員登録500円
新規有料会員プラン登録5000円",未提携,a8
恋愛経験が少ない男女専門の結婚相談所・お見合い・婚活サービス【ピュア婚】,シュタインズ株式会社,s00000016807008,婚活,"新規無料会員登録500円
新規有料会員プラン登録5000円",未提携,a8
子連れ・子持ち男女専門の結婚相談所・お見合い・婚活サービス【子持ち婚】,シュタインズ株式会社,s00000016807009,婚活,"新規無料会員登録500円
新規有料会員プラン登録5000円",未提携,a8
田舎に住む男性と田舎へ移住したい女性専門の結婚相談所・お見合い・婚活サービ ス【田舎婚】,シュタインズ株式会社,s00000016807010,婚活,"新規無料会員登録500円
新規有料会員プラン登録5000円",未提携,a8
格安賃貸トップクラス不動産屋！【部屋まる。】,東京７万円以下の専門店部屋まる。,s00000016994001,物件,新規問合せ1500円,未提携,a8
京都駅／烏丸駅周辺、早い、手軽、着崩れないで安心の【京都着物・浴衣レンタル 夢館】,夢館,s00000017117004,その他（ファッション）,新規レンタル予約500円,未提携,a8
心あたたまる京町家でフォトウェディング【婚礼京町家室内撮影プラン】,夢館,s00000017117005,その他（結婚・恋愛）,新規プラン予約＋来店500円,未提携,a8
ギフトにぴったりのアイテムを全国へお届け！【京都きもの町】,夢館,s00000017117006,その他（ギフト）,"▽一般メディア
購入5％

▽ポイントサイト
購入4％",未提携,a8
前撮り・後撮りの着物撮影なら【京都着物レンタル 夢館-ゆめやかた-】,夢館,s00000017117007,その他（暮らし）,新規来店500円,未提携,a8
北海道生まれの乳酸菌【スッキリラ】,株式会社フレージュ,s00000017284004,健康食品,初回購入500円,未提携,a8
テカリ肌悩みに本来のうるおいバランスへ＜RF28 クリアドロップ プレミアム＞,株式会社桃谷順天館,s00000017393001,スキンケア,"新規購入500円(RF28 クリアドロップ トライアルキット)
新規購入2000円(RF28 クリアドロップ プレミアム)",未提携,a8
無料会員登録で日本最大級のマッチングアプリ【ASOBO】,株式会社ユアネット,s00000017424001,恋愛,新規プロフィール登録500円,提携中,a8
なりたい体になる為のプロテイン【FIXIT　DAILY BASIC ホエイプロテイン】,株式会社Ｇ．Ｏホールディングス,s00000017781001,健康食品,新規購入500円,未提携,a8
松井証券ではじめる【iDeCo】,松井証券株式会社,s00000018318002,投資,新規口座開設申込500円,未提携,a8
宛名印刷＆全国送料無料！お得な報告・挨拶ハガキ印刷なら【おたより本舗】,株式会社アーツ,s00000018412006,写真・プリント,注文500円,未提携,a8
ポイ活ならワラウ【ワラウ】（広告利用ボーナスクリア）,株式会社オープンスマイル,s00000018660003,ポイントサービス・懸賞,新規ユーザー登録＋ボーナスポイント受取500円,未提携,a8
Y!mobile正規取扱店【Yステーション】,アールアイ株式会社,s00000018938002,電話,"新規開通500円(※端末セット・SIMのみ問わず)
開通4500円(のりかえ（MNP）)
新規機種変更1500円",未提携,a8
累計25万社|STORES（ネットショップ・予約・レジ・決済・モバイルオーダー）,ＳＴＯＲＥＳ株式会社,s00000019068001,ホームページ・ネットショップ,"資料DL/問い合わせ500円
アカウント登録＋事業者アンケート回答2000円

●サービス利用で以下報酬
ネットショップ：商品登録完了 5000円
キャッシュレス決済：審査申込完了 10000円
POSレジ：商品登録完了 5000円
予約システム：予約ページ作成完了5000円

●セットプラン利用で以下報酬
フリープラン登録5000円
スタンダードプラン登録＋審査申込完了25000円",未提携,a8
SNSで人気爆発中！ヒト幹細胞入りの洗い流さないヘアオイル【ニネイク】,株式会社ジャクトリンク,s00000019290003,ヘアケア,初回購入500円,未提携,a8
カロリー・糖質５５%カット！おいしくダイエットできるこんにゃく米「50RICE」,株式会社ジャクトリンク,s00000019290004,ダイエット,購入500円,未提携,a8
ネットで通える通信制大学【八洲学園大学】,学校法人八洲学園八洲学園大学,s00000019521001,専門学校・スクール,"新規資料請求500円
新規入学10000円",未提携,a8
クリエイターのための転職情報サービス【CREATIVE JOB】,株式会社クリーク・アンド・リバー社,s00000019744006,就職・転職,"新規会員登録500円
新規面談10000円",未提携,a8
業界最大手！屈指の高額買取【中古トレカ通販・買取サイトカーナベル】,カーナベル株式会社,s00000019953001,ゲーム,買取1500円,未提携,a8
ペットの資格 受講生数国内最大級！ペットのスペシャリストになるための通信講座,公益社団法人日本愛玩動物協会,s00000020526001,医療,新規資料請求500円,未提携,a8
〔コンサル専用〕副業＆スポットコンサルサービス！【コンパスシェア】,アクシスコンサルティング株式会社,s00000020769003,その他（仕事情報）,初回登録500円,未提携,a8
モテるプロフ写真を撮ろう！マッチングアプリ専門プロフ撮影サービスPhotojoy,株式会社アルファブル,s00000020948001,恋愛,新規プラン購入500円,未提携,a8
"全国海域対応,粉骨費用込み,追加費用なしの安心の葬送業者は【みんなの海洋散骨】",株式会社Ａクルーズ,s00000021907001,葬祭,新規見積もり4000円,未提携,a8
会員50万人以上！日本最大級の産直サイト【ポケットマルシェ】,株式会社雨風太陽,s00000022023001,生鮮食品,新規購入500円,未提携,a8
JR新幹線・特急のチケットを自宅にお届け！【NAVITIME Travel】,株式会社ナビタイムジャパン,s00000022192002,国内旅行,新幹線・特急チケット成約500円,未提携,a8
全国基本料金0円！電気代を節電したい方必見！【ネット電力】,ＳｕｓｔａｉｎａｂｌｅＥｎｅｒｇｙ株式会社,s00000022235001,その他（暮らし）,新規電力開通500円,未提携,a8
会社説明動画が見放題の採用マッチングプラットフォーム【JOBTV for 新卒】,株式会社ベクトル,s00000022740001,就職・転職,新規会員登録500円,未提携,a8
【教室数No.1！】QUREO（キュレオ）プログラミング教室,株式会社キュレオ,s00000022964001,その他（学び・資格）,新規問合せ500円,未提携,a8
簡単60秒！投資に関するアンケート【Oh!ya（オーヤ）】,株式会社セレス,s00000023754006,その他（金融・投資・保険）,新規アンケート回答500円,未提携,a8
語学留学・ワーホリなど　海外留学のことなら留学エージェント【ラストリゾート】,株式会社ラストリゾート,s00000023977001,その他（学び・資格）,"新規資料ダウンロード500円
新規留学セミナー参加1500円
新規無料カウンセリング2500円",未提携,a8
【通信の常識を変える】契約・月額不要 USBスティックWi-Fi ecoco,株式会社Ｌｉｅｆｅｒａｎｔ,s00000024021002,wifi,"新規購入3500円（ecoco TD10/TD20）
新規購入2500円（ecoco T9）
新規購入500円（国内おかわりギガ 100GB/365日）",未提携,a8
ソニーのスマートホーム MANOMA（マノマ）「見守り・セキュリティセット」,ライフエレメンツ株式会社,s00000024563001,物件,"新規資料請求500円
新規契約800円（セキュリティセット/子ども見守りセット）
新規契約1000円（親の見守りセット）",未提携,a8
メモリ単価国内最安 × 圧倒的スペックのVPS【シンVPS】,エックスサーバー株式会社,s00000025450004,サーバー,"＜512MB（スタンダードプラン）＞
1／3ヶ月契約500円
6／12／24／36ヶ月契約1000円

＜1GB（大容量メモリ・スタンダードプラン）＞
1／3ヶ月契約1000円
6／12／24／36ヶ月契約1500円

＜2GB（大容量メモリ・スタンダードプラン）＞
1／3ヶ月契約1500円
6／12／24／36ヶ月契約2000円

＜4GB（大容量メモリ・スタンダードプラン）＞
1／3ヶ月契約2500円
6／12／24／36ヶ月契約3000円

＜8GB（大容量メモリ・スタンダードプラン）＞
1／3ヶ月契約5000円
6／12／24／36ヶ月契約6000円

＜16GB（大容量メモリ・スタンダードプラン）＞
1／3ヶ月契約9000円
6／12／24／36ヶ月契約12000円

＜32GB（大容量メモリ・スタンダードプラン）＞
1／3ヶ月契約22000円
6／12／24／36ヶ月契約25000円

＜64GB（大容量メモリプラン）＞
1／3ヶ月契約44000円
6／12／24／36ヶ月契約47000円",未提携,a8
WordPress専用の超高速クラウド型レンタルサーバー【wpX Speed】,エックスサーバー株式会社,s00000025450006,サーバー,"成約500円（wpX Speed W1プラン）
成約1000円（wpX Speed W2プラン）
成約2000円（wpX Speed W3プラン）
成約4000円（wpX Speed W4プラン）
成約10000円（wpX Speed W5プラン）
成約15000円（wpX Speed W6プラン）
成約25000円（wpX Speed W7プラン）",未提携,a8
（特許取得！世界初）AIでトレカの真贋鑑定＆リアルタイム価値を解析【VSS鑑定】,株式会社コレクテスト,s00000025804001,その他（エンタメ）,新規鑑定完了500円,未提携,a8
通過するESを自動で作る！【SmartES】,株式会社ＡＮＣａ,s00000026041001,その他（仕事情報）,新規会員登録500円,未提携,a8
SBI新生銀行【銀行口座開設】プログラム,株式会社ＳＢＩ新生銀行,s00000026098001,総合（金融・投資・保険）,新規口座開設完了500円,未提携,a8
スポーツで繋がる恋活・婚活マッチングアプリ「エンスポーツ（ENSPORTS）」,株式会社エンスポーツ,s00000026161001,恋愛,"新規女性無料会員登録800円
新規男性無料会員登録500円",未提携,a8
お試しサイズ555円！天然成分100％！ペット用歯磨き【バイオペースト ルース】,株式会社ヴィジョンズ,s00000026214001,ペット,新規購入500円,未提携,a8
いつでも、どこでも【Amazon Prime Video】,アマゾンジャパン合同会社,s00000026427001,動画,新規視聴完了500円,未提携,a8
待たないレンタカー【Uqey（ユーキー）】,株式会社東海理化電機製作所,s00000026619001,国内旅行,レンタカー利用500円,未提携,a8
『こんなにびっしり』プロが一人一人丁寧に添削。ずっと無料の【赤ペンES】,株式会社シーマインドキャリア,s00000026731001,就職・転職,新規エントリー500円,未提携,a8
"【今だけ合計4,200円分無料！】電話占いRAYSEE",株式会社ＡＬＢＯＮＡ,s00000026791001,占い,新規LINE友達追加500円,未提携,a8
美容×シリカ×潤い生活　FIJI Water Premium Program,株式会社インターパイロン,s00000026860001,飲料,"新規購入500円（お試しパック）
新規購入1500円",未提携,a8
＜LPに最大1900円引きクーポン掲載中＞１日中遊べる室内遊園地 ファンタジーキッズリゾート,ファンタジーリゾート株式会社,s00000026986001,その他（エンタメ）,新規チケット購入500円,未提携,a8
【dバリューパス】初回31日無料 和×ゴス×キセカエなど150サービス使い放題,ジグノシステムジャパン株式会社,s00000027196001,総合（暮らし）,新規入会500円,未提携,a8
特許製法！野菜の栄養を含んだお米【サラダまんま】,ＴＮＡソリューションデザイン株式会社,s00000027378001,子育て,"初回購入500円（わんぱくコース）
初回購入1360円（げんきコース）",未提携,a8
楽天ポイントが貯まる！音楽を聴くだけでお得なサブスク【楽天ミュージック】,楽天ミュージック,s00000027553001,音楽,新規有料プラン入会500円,未提携,a8
1万セット限定！42.2％OFF！海洋深層水「天海の水」3種類お試しセット,赤穂化成株式会社,s00000013999001,飲料,初回購入４９０円,未提携,a8
フリーランス・副業案件マッチングサービス【Anycrew（エニィクルー）】,エニィクルー株式会社,s00000022705001,就職・転職,新規会員登録480円,未提携,a8
SBIネオトレード証券（旧：ライブスター証券）【証券】口座申込,株式会社ＳＢＩネオトレード証券（旧：ライブスター証券）,s00000008867002,投資,新規無料口座開設申込み477円,未提携,a8
高吸収ポリフェノールサプリ！100円モニター【紅珠漢】,株式会社北の達人コーポレーション,s00000000204010,健康食品,100円モニターセット初回購入463円,未提携,a8
くま・くすみ・目の疲れ、ピント調節に。カシスのサプリ【mecria　メクリア】,株式会社リアルメイト,s00000001709024,美容食品,初回購入680円,未提携,a8
社会貢献度の高いボランティア【JCVN治験ボランティア】無料会員募集,株式会社ＪＣＶＮサポート,s00000013467001,その他（仕事情報）,"新規無料会員本登録463円（治験ボランティア）
新規無料会員本登録1080円（ニキビ治験ボランティア）
新規無料会員本登録1080円（喘息治験ボランティア）
新規無料会員本登録1080円（メタボ治験ボランティア）",未提携,a8
『初回500円』~乾燥肌ケア~セラミド配合のオーガニック美容オイル【ピュアセラ】,ファインリンクス株式会社,s00000016005001,スキンケア,新規購入500円,未提携,a8
［ポイントサイト専用］【Pollet】｜カンタン買取サイト,株式会社オズビジョン,s00000022613004,リサイクル,モノチャージ完了451円,未提携,a8
【国認定】パソコン無料回収・処分・廃棄【リネットジャパン】,リネットジャパングループ株式会社,s00000008384009,リサイクル,申込350円,未提携,a8
無劣化で高速動画カット&結合ソフトBandicut,ＢａｎｄｉｃａｍＣｏｍｐａｎｙ,s00000016141002,家電,初回購入550円,未提携,a8
香水・コスメのセレクトショップ｜FITS you. STORE（フィッツユーストア）,株式会社フィッツコーポレーション,s00000020835001,ボディケア,購入450円,未提携,a8
こころも安らぐ上質なバスタイムを。アメリカ生まれのエプソムソルト「ティールズ」,株式会社フィッツコーポレーション,s00000020835003,ボディケア,新規購入450円,未提携,a8
楽しく読めて、学習にも役立つ 【公式】読売KODOMO新聞/読売新聞ご購読案内,株式会社読売新聞東京本社,s00000021547001,書籍・本,新規購読450円,未提携,a8
日本全国のレンタカー格安料金を比較・予約するなら【エアトリレンタカー】にお任せ！,株式会社エアトリ,s00000001343017,国内旅行,利用420円,未提携,a8
【初心者OK】スマホで楽しめるネットオリパ「アイリストレカ」,株式会社ｃｒａｆｔｙ,s00000027441001,ゲーム,ポイント購入413円,未提携,a8
資格取得できる通信講座【PBアカデミー】,株式会社アムーブ,s00000017222001,資格取得,"購入650円
新規資料請求650円",未提携,a8
無料ネットショップ開業【BASE】,ＢＡＳＥ株式会社,s00000012796001,ホームページ・ネットショップ,新規登録400円,未提携,a8
【ネットオフ】ゲームソフト買取コース,リネットジャパングループ株式会社,s00000001097006,リサイクル,"▽共通
買取成立400円",未提携,a8
「Just-Size.Networks レンタルサーバー」成約募集,株式会社セブンアーチザン,s00000002979030,サーバー,"契約500円（エコノミープラン3ヶ月、6ヶ月）
契約1000円（エコノミープラン12ヶ月）
契約2000円（エコノミープラン24ヶ月）
契約3000円（エコノミープラン36ヶ月）

契約400円（サブドメインプラン3ヶ月、6ヶ月）
契約800円（サブドメインプラン12ヶ月）
契約1600円（サブドメインプラン24ヶ月）
契約2400円（サブドメインプラン36ヶ月）",未提携,a8
卒園・卒業アルバムならマイブック【卒アル委員さん応援キャンペーン】,株式会社アスカネット,s00000004224007,写真・プリント,新規サンプルブックキャンペーンエントリー400円,未提携,a8
コスパ抜群の動画キャプチャーソフト【GOM Cam(ゴムカム)】,ＧＯＭ＆Ｃｏｍｐａｎｙ,s00000008659009,その他（Webサービス）,"初回購入400円（GOM Player Plus）
初回購入500円（GOM Easy Pass）
初回購入800円（GOM Cam）
初回購入3000円（GOM Mix）",未提携,a8
DVDもパワフル再生!プレミアム動画再生ソフト【GOM Player Plus】,ＧＯＭ＆Ｃｏｍｐａｎｙ,s00000008659012,家電,"初回購入800円(GOM Cam)
初回購入400円(GOM Player Plus)
初回購入3000円(GOM Mix)
初回購入500円(GOM Easy Pass)",未提携,a8
初心者の方でも、 より簡単に、シンプルな動画編集ソフト【GOM Mix】,ＧＯＭ＆Ｃｏｍｐａｎｙ,s00000008659013,家電,"初回購入400円（GOM Player Plus）
初回購入500円（GOM Easy Pass）
初回購入800円（GOM Cam）
初回購入3000円（GOM Mix）",未提携,a8
94.7%以上が天然由来成分配合！【アミノ酸シャンプー 爽快柑】,株式会社エーエフシー,s00000010234006,ヘアケア,初回購入400円,未提携,a8
★即時提携★親子で学べるテストで高得点を狙える！【幼児・小学・中学ポピー】,株式会社新学社,s00000015748002,幼児教育,"新規お試し見本申込400円（幼児）
新規お試し見本申込400円（小学生）
新規お試し見本申込400円（中学生）
新規お試し見本申込400円（PKE）
1ヶ月有料体験入会970円（幼児）
1ヶ月有料体験入会970円（小学生）
1ヶ月有料体験入会970円（中学生）
新規入会申込1300円（幼児）
新規入会申込1300円（小学生）
新規入会申込1300円（中学生）
新規入会申込1300円（PKE）
PKE年間セット1300円",未提携,a8
簡単にホームページ作れる「ペライチ」,株式会社ペライチ,s00000019081001,ホームページ・ネットショップ,"新規会員登録300円
新規有料プラン登録2000円（ライトプラン）
新規有料プラン登録3500円（レギュラープラン）
新規有料プラン登録10000円（ビジネスプラン）",未提携,a8
かんたんネットショップ作成【ペライチ：決済機能】,株式会社ペライチ,s00000019081002,ホームページ・ネットショップ,新規無料会員登録400円,未提携,a8
PT.OT.STのための総合オンラインセミナー『リハノメ』,株式会社ｇｅｎｅ,s00000021864001,習い事,"新規契約400円 （≪初回限定≫980円プラン）
新規契約647円 （リハノメパス1）
新規契約1164円（リハノメパス6）
新規契約2156円（リハノメパス12）
新規契約3665円（リハノメパス24）",未提携,a8
ネットで月額定額決済・サービス販売できる【メンバーペイ】,株式会社クラウドワークス,s00000022418001,その他（Webサービス）,新規会員登録400円,未提携,a8
可愛いキッズモデルが１分ごとに時刻をお知らせ！キッズ時計モデル募集の【Kids-tokei】,アイキッズクリエイティブ株式会社,s00000014646001,その他（暮らし）,新規会員登録400円,未提携,a8
出前を頼むなら、公式が一番安い！フードデリバリー【デリズ】,株式会社デリズ,s00000021364001,グルメ予約,"新規注文384円
リピート注文30円",未提携,a8
無料登録でおこづかいを貯めよう！【iOS版スマートフォンモニター】,ニールセンデジタル株式会社,s00000017030002,ポイントサービス・懸賞,新規モニター登録380円,未提携,a8
ディズニー商品も豊富な【アートパネル】,株式会社Ｗａｔｅｒ＿Ｓｅｒｖｅｒ,s00000021288014,インテリア,新規購入377円,未提携,a8
中年男性におススメ♪柿渋石鹸！【男のたしなみ】,株式会社みつばちロード,s00000009016001,ボディケア,購入398円,未提携,a8
衣類＆寝具の加齢臭がスッキリ！洗濯補助洗浄剤【魔女っ粉】,株式会社みつばちロード,s00000009016004,家事・日用品,初回購入378円,未提携,a8
すべてを、まとめてKireiに。【Kirei One】,株式会社ＫＩＲＥＩ＿ｐｒｏｄｕｃｅ,s00000017949004,総合（暮らし）,新規問い合わせ5000円,未提携,a8
スマホで簡単英会話トレーニング！【トーキングマラソン】,株式会社アルク,s00000000343012,その他（学び・資格）,新規アプリインストール＋会員登録700円,未提携,a8
ゲームで遊んで景品交換☆オンラインスロット【ミリオンキングダム】会員獲得,株式会社ネオクリエーション,s00000011284001,ゲーム,無料会員登録350円,未提携,a8
資産性の高いマンションが分かるサイト。購入・売却時に代表の沖に直接相談できる,スタイルアクト株式会社,s00000015089001,物件,新規会員登録1700円,未提携,a8
オンラインスロットで景品獲得【プレミアムハンター】会員獲得,株式会社エンターメディア,s00000015399001,ギャンブル,新規会員登録350円,未提携,a8
オンラインスロットで景品獲得【7flash/セブンフラッシュ】,株式会社エンターメディア,s00000018046001,ゲーム,新規会員登録350円,未提携,a8
AIによるTOEIC学習アプリ【Santaアルク】,株式会社アルク,s00000023973001,その他（学び・資格）,新規アプリインストール350円,未提携,a8
こどもちゃれんじ・進研ゼミプログラム,ベネッセコーポレーション進研ゼミ・こどもちゃれんじ,s00000017205001,幼児教育,"新規資料請求（こどもちゃれんじ）770円
新規資料請求（こどもちゃれんじbaby）337円
新規資料請求（進研ゼミ小学講座）770円
新規資料請求（進研ゼミ中学講座）770円
新規入会申込（こどもちゃれんじ）1320円
新規入会申込（こどもちゃれんじbaby）1345円
新規入会申込（こどもちゃれんじデジタルスタイル）1320円
新規入会申込（こどもちゃれんじ English）660円
新規入会申込（進研ゼミ小学講座）1980円
新規入会申込（進研ゼミ中学講座）4950円
新規入会申込（進研ゼミ高校講座）6329円",未提携,a8
マスコミ取材多数！朝穫り無農薬野菜を産地から当日発送【無農薬野菜ミレー】,無農薬野菜のミレー,s00000005008001,生鮮食品,"新規購入3200円(定期/【隔週購入向け】料理の定番・基本野菜セット)
新規購入1000円(お試しセット)",未提携,a8
【ニュートラム】カナダ産ドッグフード「高タンパク・低糖質・グレインフリー」,株式会社ＣＬＯＣＫ,s00000026521001,ペット,"購入10％
新規購入300円（プレミアムフード3種類お試しセット）
新規購入3000円（定期）",提携中,a8
世界中の愛犬家に愛され続けるプレミアム ペットサプリメント【Zesty Paws】,Ｓｕｇａ＿Ｊａｐａｎ株式会社,s00000022250002,ペット,"初回購入5％(単品)
新規購入300円(サンプル)
新規購入1500円(定期)",未提携,a8
無料から始められる高機能なネットショップ作成サービス【easy myShop】契約促進,株式会社システムリサーチ,s00000013513001,ホームページ・ネットショップ,"新規無料ショップ開店：
・1件以上：7000円/件
・2〜4件 ：10000円/件
・5件以上：15000円/件

新規有料契約
10000円（カートプラン）/件
15000円（Standardプラン）/件
30000円（Professionalプラン）/件",未提携,a8
あんしん相談室　‐宅配ごはん案内‐,ウェブクルー,s00000000489042,グルメ予約,"新規資料請求300円
新規注文希望300円",未提携,a8
【A8.net】メディア会員募集,株式会社ファンコミュニケーションズ［Ａ８．ｎｅｔ］,s00000000002006,ASP,メディア会員登録300円,提携中,a8
Value Domain レンタルサーバー,ＧＭＯデジロック株式会社,s00000007238001,サーバー,"【One レンタルサーバー】
・ベーシックプラン
3000円(12ヵ月以上の契約)
・プロプラン
5000円(12ヵ月以上の契約)
・ビジネスプラン
8000円(12ヵ月以上の契約)

【CORESERVER(コアサーバー)】
・CORE-MINIプラン
700円(12ヵ月以上の契約)
・CORE-Aプラン
1500円(12ヵ月以上の契約)
・CORE-Bプラン
3500円(12ヵ月以上の契約)
・CORE-Cプラン
7000円(12ヵ月以上の契約)
・CORE-Xプラン
2000円(12ヵ月以上の契約)
・CORE-Yプラン
4000円(12ヵ月以上の契約)
・CORE-Zプラン
5000円(12ヵ月以上の契約)

【XREA(エクスリア)】
・XREA Plus
1000円(12ヵ月以上の契約)
・Mail & Backup
300円(12ヵ月以上の契約)

【VALUE-SERVER(バリューサーバー)】
・まるっとプラン
500円(12ヵ月以上の契約)
・エコプラン
1000円(12ヵ月以上の契約)
・スタンダートプラン
2000円(12ヵ月以上の契約)
・ビジネスプラン
3000円(12ヵ月以上の契約)

【VALUE-DOMAIN（バリュードメイン）】
・ドメイン取得100円(1,000円以上)
・ドメイン取得10％(1,000円以下)
・ドメイン移管100円(1,000円以上)
・ドメイン移管10％(1,000円以下)",未提携,a8
高還元率ポイントサイト【ハピタス】　無料会員登録プロモーション,株式会社オズビジョン,s00000007478002,ポイントサービス・懸賞,無料会員登録後のポイント獲得（登録７日以内）300円,未提携,a8
ダスキンのレンタル商品４週間お試しお申込み募集,株式会社ほづみ,s00000008131001,家事・日用品,"お試し商品のお申込み
【都内個人】１０００円
【都内法人】２０００円
【その他地域個人】３００円
【その他地域法人】１０００円",未提携,a8
【ダスキン】定期おそうじサービス無料お見積り,株式会社ほづみ,s00000008131002,家事・日用品,"無料お見積り
【都内個人】1000円
【都内法人】2000円
【その他地域個人】300円
【その他地域法人】1000円",未提携,a8
機能性・デザイン性の高いレンタルマット【ダスキン】無料見積もり促進,株式会社ほづみ,s00000008131003,家事・日用品,"新規無料見積り
【都内個人】１０００円
【都内法人】２０００円
【その他地域個人】３００円
【その他地域法人】１０００円",未提携,a8
短時間での作業が可能！ゴキブリ（害虫）駆除サービス【ダスキン】無料診断申込み,株式会社ほづみ,s00000008131004,その他（暮らし）,"WEBからの無料診断申込み
【都内個人】1000円
【都内法人】2000円
【その他地域個人】300円
【その他地域法人】1000円",未提携,a8
臭いもホコリもこれ1台！プラズマクラスター搭載空気清浄機お試しレンタル促進,株式会社ほづみ,s00000008131005,家電,"WEBからの無料お試し問合せ
【都内個人】1000円
【都内法人】2000円
【その他地域個人】300円
【その他地域法人】1000円",未提携,a8
ダスキンの天然水宅配「スプラッシュ」及び浄水器のレンタルお試し促進,株式会社ほづみ,s00000008131006,飲料,"WEBからの新規お試し申込
【都内個人】1000円
【都内法人】2000円
【その他地域個人】300円
【その他地域法人】1000円",未提携,a8
テレビCMでおなじみ。ダスキンのレンタルモップLALAお試し実施促進,株式会社ほづみ,s00000008131007,家事・日用品,"WEBからの新規無料お試し申込
【都内個人】１０００円
【都内法人】２０００円
【その他地域個人】３００円
【その他地域法人】１０００円",未提携,a8
家事代行サービスはダスキンの【メリーメイドサービス】,株式会社ほづみ,s00000008131009,その他（暮らし）,"新規申込300円（その他地域個人）
新規申込1000円（その他地域法人）
新規申込1000円（都内個人）
新規申込2000円（都内法人）",未提携,a8
お掃除機能を追求したダスキンの【ロボットクリーナー SiRo】,株式会社ほづみ,s00000008131010,家事・日用品,"新規申込300円（その他地域個人）
新規申込1000円（その他地域法人）
新規申込1000円（都内個人）
新規申込2000円（都内法人）",未提携,a8
【ダスキン】エアコンクリーニング,株式会社ほづみ,s00000008131011,家事・日用品,"新規申込300円（その他地域個人）　
新規申込1000円（その他地域法人）
新規申込1000円（都内個人）
新規申込2000円（都内法人）",未提携,a8
エコライフ事業部【加湿器レンタル】,株式会社ほづみ,s00000008131012,家電,"新規申込300円（その他地域個人）
新規申込1000円（その他地域法人）
新規申込1000円（都内個人）
新規申込2000円（都内法人）",未提携,a8
エコライフ事業部【ジアコ】,株式会社ほづみ,s00000008131013,家事・日用品,"新規申込300円（その他地域個人）
新規申込1000円（その他地域法人）
新規申込1000円（都内個人）
新規申込2000円（都内法人）",未提携,a8
大型、旧車バイク買取絶好調のバイクＢＯＯＮ,株式会社バイクＢＯＯＮ,s00000008438001,車・バイク,査定申込4000円,未提携,a8
[Pサイト専用]大人の出会い！【華の会メール】,華コーポレーション,s00000008444010,恋愛,新規無料会員登録300円,未提携,a8
30歳からの恋活・婚活マッチング【hanamel（ハナメル）】,華コーポレーション,s00000008444012,恋愛,新規無料会員登録完了300円,未提携,a8
人気の大学・専門学校・通信制高校が満載！【なるには進学サイト】資料請求,株式会社イーパス,s00000009633002,専門学校・スクール,新規資料請求300円,未提携,a8
好きを仕事にできる通信制高校特集！！資料請求,株式会社イーパス,s00000009633011,専門学校・スクール,新規資料請求300円,未提携,a8
好きを仕事にできる大学特集！！資料請求,株式会社イーパス,s00000009633012,専門学校・スクール,新規資料請求300円,未提携,a8
格安航空券・海外旅行の【エアトリ】 渡航・宿泊・旅行促進,株式会社エアトリ,s00000013798001,総合（旅行）,"海外ホテル予約1％
海外航空券購入2％",未提携,a8
クラウド見積書・納品書・請求書作成管理サービス「Misoca（ミソカ）」,弥生株式会社,s00000013936001,webコンサルティング,"新規申込300円（無料体験プラン）
新規申込700円（有償プラン15月額)
新規申込700円（有償プラン15年額)
新規申込700円（有償プラン100月額)
新規申込700円（有償プラン100年額)
新規申込700円（有償プラン1000月額)
新規申込700円（有償プラン1000年額)",未提携,a8
全国レンタカー最安値比較・予約ポータルサイト【レンナビ】,ＮＥＸＴ＿ＩＴ株式会社,s00000014755001,国内旅行,レンタカー予約300円,未提携,a8
売上実績No.1！3人に2人が使う【弥生シリーズ】,弥生株式会社,s00000014765001,その他（Webサービス）,"【やよいの白色申告 オンライン】
新規フリープラン申込　300円
新規ベーシックプラン申込　1000円
新規トータルプラン申込　1500円

【やよいの青色申告 オンライン】
新規無料体験版申込　300円
新規セルフプラン申込　1000円
新規ベーシックプラン申込　1500円
新規トータルプラン申込　2000円

【弥生会計 Next】
新規弥生会計Next_無料体験プラン　1200円

【弥生給与 Next】
新規給与Next_無料体験プラン　700円",未提携,a8
全国対応！不要品買取のお店を探すなら【おいくら】,ＲｅＲｅ,s00000016522005,リサイクル,新規査定申込300円,未提携,a8
簡単・無料登録でお小遣いを貯めよう！【自宅用PCモニター募集】,ニールセンデジタル株式会社,s00000017030004,ポイントサービス・懸賞,新規モニター登録＋ソフトウェア利用300円,未提携,a8
自宅で本・CD・DVD・ゲームが簡単に売れる【ブックオフ公式の宅配買取サービス】,ブックオフオンライン,s00000017033001,リサイクル,新規買取成約300円,未提携,a8
無料インストールで日本最大級のマッチングアプリ【ASOBO】,株式会社ユアネット,s00000017430001,恋愛,新規インストール300円,未提携,a8
厳選ホテル・旅館・レストラン・ 美容室の贅沢プランをお得に予約。東京女子に人気【OZmall】,スターツ出版株式会社,s00000017980001,その他（旅行）,来店300円,未提携,a8
内定者のES・体験記で選考対策ができる！【就活会議】,ポート株式会社,s00000018439006,就職・転職,新規会員登録300円,未提携,a8
つながりの力でベンチャー支援 全国5万人が登録する顧客紹介サービス「セールス ハブ」,株式会社Ｓａｌｅｓｈｕｂ,s00000018892001,その他（仕事情報）,新規会員登録300円,未提携,a8
写真1枚で作る年賀状・ポストカード★送料無料・税込み30枚500円〜【TOLOT Card】,株式会社ＴＯＬＯＴ,s00000019373001,写真・プリント,初回注文300円,未提携,a8
結婚式二次会の幹事代行サービス【2次会くん】,タメニー株式会社,s00000019430002,ウエディング,"新規資料請求300円
新規無料相談会予約7500円",未提携,a8
競馬予想なら！【競馬最強の法則ＷＥＢ】,株式会社インター通信社,s00000019609001,ギャンブル,新規無料会員登録600円,未提携,a8
ご自宅まで無料出張査定！釣具買取専門店の【ウェイブ】,株式会社ウェイブ,s00000019868001,リサイクル,"新規メール査定300円
新規出張買取880円",未提携,a8
ワンダーボックス｜子どもにとっては遊び！楽しく思考力や創造力を育むSTEAM通信教材,ワンダーファイ株式会社,s00000020816001,習い事,"新規体験教材申込300円
新規入会申込4000円",未提携,a8
Pollet（ポレット）｜カンタン買取アプリ,株式会社オズビジョン,s00000022613001,リサイクル,買取成立300円,未提携,a8
新規会員募集中！登録無料！【治験ボランティアサポートセンター】,株式会社ブレイクスルー,s00000022983001,その他（健康）,新規会員登録300円,未提携,a8
役立つ投資がわかる3分投資診断【マネイロ】,株式会社モニクルフィナンシャル,s00000023909002,投資,"新規会員登録300円
新規オンラインセミナー受講1200円
新規コンサル面談6000円",未提携,a8
大阪で30年以上の豊富な実績！就職・転職サポートの【KOSMO】,株式会社ＫＯＳＭＯ,s00000024598002,就職・転職,新規LINE友だち追加300円,未提携,a8
チケットフリマサービス【チケットジャム】,エンターテイメント株式会社,s00000025165001,総合（エンタメ）,新規会員登録300円,未提携,a8
ムービー自作に最適/結婚式ムービー作成ツール【kitto】キット,株式会社シュシュ,s00000025236002,ウエディング,新規無料お試しムービー作成300円,未提携,a8
国内唯一！LINEでオンラインサロン、スクール、ファンクラブ開設【fan.salon】,株式会社Ｂａｄｇｅ,s00000025311001,総合（Webサービス）,新規問い合わせ300円,未提携,a8
リフォーム・外壁塗装・屋根修理など、おうちの事なら国内最大級の見積もりサイト【ゼヒトモ】,株式会社Ｚｅｈｉｔｏｍｏ,s00000026122001,その他（Webサービス）,"新規依頼申込300円
新規依頼申込2000円（外構工事）
新規依頼申込2500円（リフォーム）
新規依頼申込6000円（外壁塗装）
新規依頼申込6000円（屋根修理）",未提携,a8
TVやSNSで話題の星ひとみ監修の占いサイト。【星ひとみ☆幸せの天星術】,株式会社ｃｏｃｏｌｏｎｉ,s00000026127001,占い,初回有料会員登録300円,未提携,a8
チケットサークル｜手数料無料キャンペーン中の、安心安全のチケットリセールサービス,トラシスジャパン株式会社,s00000027029001,その他（エンタメ）,新規無料会員登録300円,未提携,a8
【最短1日で取得可能！】AI時代支えるスマホの修理資格「スマホリペアアカデミー」,株式会社ＧＯ＿ＲＥＰＡＩＲ,s00000027139001,資格取得,新規資料請求300円,未提携,a8
あなたのメディアを無料査定！ ホコホコ M&A,アンパサンド株式会社,s00000027283001,総合（Webサービス）,新規会員登録300円,未提携,a8
【おかねと暮らしの相談窓口】お金のプロによる家計の無料相談,株式会社トビライズ,s00000027287001,総合（金融・投資・保険）,新規問い合わせ300円,未提携,a8
新感覚！AI × SNS × LIVE配信【Twomi】,株式会社ＡＩアバター,s00000027395002,その他（エンタメ）,新規インストール完了300円,未提携,a8
国産なた豆にプロポリス＆柿渋配合！【伝統爽快なたまめ歯磨き粉】,株式会社みつばちロード,s00000009016006,健康グッズ,初回購入308円,未提携,a8
格安SSL証明書サービス【SSLボックス】,エックスサーバー株式会社,s00000008919005,その他（Webサービス）,"ラピッドSSL：286円
ラピッドSSLワイルドカード：1905円
クイックSSLプレミアム：953円
クラウドSSL：200円
クラウドSSL ワイルドカード：1500円
クラウドセキュア スピード認証SSL：1800円
クラウドセキュア スピード認証 ワイルドカード:7200円
クラウドセキュア 企業認証SSL：3800円
クラウドセキュア 企業認証SSLワイルドカード：9500円
クラウドセキュア EV SSL：9600円
digicert セキュア・サーバID：9000円",未提携,a8
インズウェブバイク保険見積りサービス,ＳＢＩホールディングス株式会社,s00000000352009,保険,見積り285円,未提携,a8
アンケートモニタになってお小遣い稼ぎ☆【マクロミル新規モニタ募集】,株式会社マクロミル,s00000013554002,ポイントサービス・懸賞,新規会員登録280円,未提携,a8
TVや雑誌で話題★気軽な副業からガッツリ稼ぎたい人まで！自分のスキルや得意が売 れるココナラ,株式会社ココナラ,s00000012624001,在宅ワーク,ココナラでの新規サービス出品278円,提携中,a8
ネットオフの中古本、ネットオフ商品購入プロモーション,リネットジャパングループ株式会社,s00000001097003,総合（エンタメ）,"買取申込み400円
購入（税抜）1.37％",未提携,a8
【ネットオフ】本＆DVD買取コースプロモーション,リネットジャパングループ株式会社,s00000001097001,リサイクル,"買取申込み400円
購入（税抜）1.37％",未提携,a8
組み合わせ自由なオーダーメイドと、多彩なラインナップから選ぶカルちゃんランドセル,株式会社神田屋鞄製作所,s00000026644001,ファッション小物,"購入13％
新規カタログ請求250円
新規本申込3000円（オーダーランドセル）",未提携,a8
こころ躍るランドセル「grirose（グリローズ）」,土屋鞄のランドセル,s00000021256002,ファッション小物,"新規購入5％
新規カタログ請求250円",未提携,a8
フランスの企業が提供する、オンラインコミュニティー・アンケートサイト！【Toluna】,Ｔｏｌｕｎａ＿ＳＡＳ,s00000016424001,その他（Webサービス）,新規会員登録250円,未提携,a8
すべての栄養は食材から。獣医師の96%が推奨する完全無添加の【ドッグフード工房】,ペットフード工房株式会社,s00000025349001,ペット,新規購入250円,提携中,a8
英語学習者向け！進化型CATツール（翻訳支援ツール）の販売促進【ヤラク翻訳】,八楽株式会社,s00000026464001,総合（Webサービス）,"新規無料アカウント作成250円
新規プレミアムプラン契約（月払い）1150円
新規プレミアムプラン契約（年払い）11500円",未提携,a8
今年も話題の冷感ポンチョ！【冷感アイスポンチョ（STEAD）】,株式会社ＳＴＥＡＤ＿Ｔｅｃｈｎｏｌｏｇｙ,s00000027331001,その他（ファッション）,購入250円,未提携,a8
「ディズニーの英語システム」無料サンプルプレゼント,ワールド・ファミリー株式会社,s00000000316001,幼児教育,無料サンプル請求1350円,未提携,a8
オンラインアンケートで謝礼を獲得【オピニオンワールド】会員登録促進,サーベイサンプリングジャパン合同会社,s00000014177001,ポイントサービス・懸賞,"▽一般メディア
新規会員登録235円

▽ポイントサイト
新規会員登録後アンケート回答235円",未提携,a8
【スマホの通話料半額サービス】BB.exciteでんわ（従量プラン）,エキサイト,s00000000979022,その他（Webサービス）,新規申込230円,未提携,a8
たびらいレンタカー予約【オンライン予約促進プログラム】,株式会社パム,s00000006576005,国内旅行,レンタカー予約230円,未提携,a8
スロットゲームで電子マネーGET【ミリオンゲームDX】会員獲得,株式会社ＮＯＲＧ,s00000011438001,ゲーム,"▽一般メディア
無料会員登録1500円

▽ポイントサイト
無料会員登録100円",未提携,a8
【Web登録】糖尿・高血圧の治験モニター募集　治験ボランティア募集のJCVN,株式会社ＪＣＶＮサポート,s00000013467004,その他（健康）,新規無料会員本登録230円,未提携,a8
無料で株がもらえる投資デビュー体験【株プレゼント（株プレ）】,グリーンモンスター株式会社,s00000027429001,その他（金融・投資・保険）,新規メルマガ登録完了230円,未提携,a8
金券ショップ要らず金券買取アプリPollet（ポレット）,株式会社オズビジョン,s00000022613002,リサイクル,金券チャージ226円,未提携,a8
【Ipsos iSay】アンケートに答える！ポイントを貰う！世界が広がる！,イプソス株式会社,s00000018951001,ポイントサービス・懸賞,新規会員登録220円,未提携,a8
国内最大級のモニター調査サービス【ファンくる】,株式会社ファンくる,s00000007875007,お得情報,新規モニター当選210円,未提携,a8
アンケート募集サイト、リサーチモニター募集キャンペーン【リサーチパネル】,株式会社リサーチパネル,s00000008512001,ポイントサービス・懸賞,新規会員登録＋ポイント獲得210円,未提携,a8
日本最大級のポイントサイト【ＥＣナビ】,株式会社ＤＩＧＩＴＡＬＩＯ,s00000017066001,ポイントサービス・懸賞,新規会員登録210円,未提携,a8
欲しい楽譜を1曲から簡単購入！ヤマハの楽譜配信サービス「ぷりんと楽譜」,株式会社ヤマハミュージックエンタテインメントホールディングス,s00000024383001,音楽,"通常購入（税抜）10％
新規楽譜定額プラン登録200円（ライトプラン）
新規楽譜定額プラン登録400円（スタンダードプラン）",未提携,a8
国内の遊び・レジャーを格安で比較・予約！【たびらいアクティビティ】,株式会社パム,s00000006576010,国内旅行,アクティビティ催行200円,未提携,a8
【24時間オンラインスロットで景品ゲット】ディーチェ会員獲得,株式会社ムソウ,s00000007141001,ゲーム,会員登録1500円（Ｐサイト80円）,未提携,a8
Reno〜オンラインスロットゲーム〜会員登録・ポイント購入促進,株式会社でんでんアソシエイト,s00000013921001,ゲーム,"▽共通
新規ポイント購入700円

▽一般メディア
新規会員登録200円

▽ポイントサイト
新規会員登録40円",未提携,a8
キングガルフ〜オンラインスロットゲーム〜,株式会社でんでんアソシエイト,s00000013921002,ゲーム,"新規会員登録200円
新規ポイント購入700円",未提携,a8
鍵紛失、修理でお困りなら【鍵修理屋】,株式会社アシスト,s00000014894018,物件,新規見積り申込200円,未提携,a8
DVD・ゲーム・フィギュアなどのネット買取なら【買取ガンガン】,有限会社スタジオタフ,s00000017230001,リサイクル,新規買取申込200円,未提携,a8
イケメンキャラになりきる！アプリ接客キャスト【求人・在宅】,有限会社ユニウェイ,s00000017242004,その他（仕事情報）,新規応募完了200円,未提携,a8
おしゃれで高品質なフォトブックがアプリでカンタンに【Photoback】,コンテンツワークス株式会社,s00000018253004,写真・プリント,新規アプリインストール200円,未提携,a8
AIでかんたん高品質なフォトブックを作成できる【pipickフォトブック】,コンテンツワークス株式会社,s00000018253006,写真・プリント,新規アプリインストール200円,未提携,a8
ネット予約でPayPayポイントが貯まる【実名型グルメサービスNo.1のRetty】,Ｒｅｔｔｙ株式会社,s00000020542002,グルメ予約,レストラン予約200円,未提携,a8
業界最強の還元率でお小遣いが稼げるポイントサイト！【アメフリ】,株式会社エムフロ,s00000020637001,ポイントサービス・懸賞,新規無料会員登録100円,未提携,a8
販売手数料★業界最安級★スキルシェアマーケット【クラウディア】,株式会社エムフロ,s00000020637006,総合（Webサービス）,"新規スキル出品200円
新規スキル購入1200円",未提携,a8
ポケマルふるさと納税｜産直サイトポケットマルシェが運営するふるさと納税サイト,株式会社雨風太陽,s00000022023002,総合（グルメ・食品）,納税200円,未提携,a8
全国のリゾートバイト求人・コーディネーターは経験者【スタッフエージェント】,株式会社スタッフエージェント,s00000023568001,就職・転職,"新規LINE友達追加200円
新規面談6000円",未提携,a8
単発バイト・日払いバイトを豊富に掲載！単発バイト探しならキャストポータル,株式会社フルキャストホールディングス,s00000026442001,就職・転職,新規アプリインストール完了200円,未提携,a8
【仮想通貨の確定申告なら】クリプト税理士,株式会社ＷＯＢＵ,s00000026911001,その他（金融・投資・保険）,新規LINE友達追加200円,未提携,a8
【初回31日間無料】日常生活を便利でお得にする大人のモテ占い for dバリューパス,テレシスネットワーク株式会社,s00000027382001,総合（Webサービス）,新規登録200円,未提携,a8
初心者でも安心！デジタル資産・ポイント・NFTをひとつに【HashPort Wallet】,株式会社ＨａｓｈＰｏｒｔ,s00000027478001,その他（金融・投資・保険）,新規アプリインストール200円,未提携,a8
無料登録でおこづかいを貯めよう！【Android版スマートフォンモニター】,ニールセンデジタル株式会社,s00000017030001,ポイントサービス・懸賞,新規モニター登録188円,未提携,a8
15年の運用実績　安心・安全のアンケートサイト【アイリサーチ】,株式会社ネオマーケティング,s00000023983001,在宅ワーク,新規モニター登録＋アンケート回答180円,未提携,a8
【オルビス】スキンチェック申込み,オルビス株式会社,s00000008657010,その他（美容）,スキンチェック後の会員登録152円,未提携,a8
130年以上続く老舗鞄メーカーのランドセル【水野鞄店のランドセル】,株式会社水野鞄店,s00000025148001,ファッション小物,"購入10％
新規カタログ請求150円",未提携,a8
ポイント＆懸賞でお得なネットライフを！【フルーツメール】,アイブリッジ株式会社,s00000000368004,ポイントサービス・懸賞,新規会員登録＋ポイント獲得150円,未提携,a8
日本最大級のショッピング・オークション情報サイト【オークファン】会員登録促進,株式会社オークファン,s00000010530001,ショッピングモール,"新規無料会員登録150円
新規プレミアム会員登録2000円
新規プロPlus会員登録6000円",未提携,a8
【Web登録】65歳以上の治験モニター募集　治験ボランティア募集のJCVN,株式会社ＪＣＶＮサポート,s00000013467005,その他（健康）,新規無料会員本登録150円,未提携,a8
スロットゲームで賞品ゲット！【ARASIYAMA】会員登録促進,ＡＰＣＯ合同会社,s00000013493001,ゲーム,新規会員登録150円,未提携,a8
最短10分　鬼速で届く宅配スーパー【OniGO】,ＯｎｉＧＯ株式会社,s00000023216001,webコンサルティング,新規アプリインストール 150円,未提携,a8
ゲーム案件の高還元率が魅力のポイントサイト【アルテマポイント】,株式会社サンジュウナナド,s00000024400001,ポイントサービス・懸賞,新規無料会員登録150円,未提携,a8
ECのプロ達に直接依頼！ECサイトのスポットワーク【EC WITH】クラウドソーシングスキルマッチング,株式会社ワンプルーフ,s00000026617001,総合（Webサービス）,新規会員登録150円,未提携,a8
生活水道センター｜全国対応のトイレトラブルから水道修理まで年中無休対応,株式会社生活水道センター,s00000026809001,物件,"新規LINE友達追加150円
新規WEB問い合わせ2000円
新規電話問い合わせ3000円",未提携,a8
さらに速く、快適に「さくらのレンタルサーバ」【ご利用件数48万件突破】,さくらインターネット株式会社,s00000001717001,サーバー,"▼レンタルサーバ
・ライト：400円
・スタンダード
月払い：1600円
12ヶ月一括払い：1800円
24ヶ月一括払い：2000円
36ヶ月一括払い：2500円

・ビジネスメール：4000円
・ビジネス： 7000円
・ビジネスプロ： 12000円

▼マネージドサーバ
・スモールプラン：12000円
・ミディアムプラン：12000円
・ラージプラン：12000円

▼SSL
・JPRS ドメイン認証型ワイルドカード(５ヶ月)：600円
・ラピッドSSL(1年 中間更新)：200円
・クイックSSLプレミアム(1年 中間更新)：1300円
・iTrust SSL/TLS for SAKURA(５ヶ月)：1800円
・iTrust EV SSL/TLS for SAKURA(5ヶ月)：2300円
・JPRS ドメイン認証型（自動更新）：300円",未提携,a8
TV新聞で話題沸騰！お仕事マッチングサイト【クラウドワークス】,株式会社クラウドワークス,s00000012521005,その他（仕事情報）,"新規会員登録120円（お仕事受注者：クラウドワーカー）
新規会員登録1000円（お仕事発注者：クライアント）",提携中,a8
日本未発売商品が手に入る！アメリカから日本へ転送　輸入代行の【Shipito】,Ｓｈｉｐｉｔｏ，ＬＬＣ,s00000020216001,その他（Webサービス）,新規会員登録110円,未提携,a8
ドメイン総合サービス【VALUE-DOMAIN（バリュードメイン）】,ＧＭＯデジロック株式会社,s00000007238003,ドメイン,"ドメイン取得100円（1,000円以上）
ドメイン取得10％（1,000円以下）
ドメイン移管100円（1,000円以上）
ドメイン移管10％（1,000円以下）",未提携,a8
サーバーとセットで年額100円からドメイン取得【スタードメイン】,エックスサーバー株式会社,s00000008919002,ドメイン,"＜ドメイン取得・移管＞
ドメイン取得・移管700円（1000円以上の場合）
ドメイン取得・移管(税抜)70％ （1000円未満の場合）

＜サーバーお申し込みオプション＞
■スターレンタルサーバー
【ライトプラン契約完了】
3ヶ月：400円
6ヶ月：700円
12ヶ月：1000円
24ヶ月：1300円
36ヶ月：1500円

【スタンダードプラン契約完了】
3、6ヶ月：1600円
12ヶ月：1800円
24ヶ月：2000円
36ヶ月：2500円

【ビジネスプラン契約完了】
3、6、12ヶ月：7000円
24ヶ月：7500円
36ヶ月：8000円",未提携,a8
ランドセルにカバン作りのアイディアを。カバン製造が手がけるランドセル【Rikomon】,株式会社タカアキ,s00000027211001,ファッション小物,"新規購入5％
新規カタログ請求100円",未提携,a8
海外からでも日本の動画サイトを見たい！見れます！14年の信頼実績【スイカVPN】,株式会社ＭＡＪ＿Ｔｅｃｈ,s00000022174001,その他（インターネット接続）,"新規申込100円（お試し）
新規契約3800円（1ヶ月プラン）
新規契約3800円（3ヶ月プラン）
新規契約3800円（6ヶ月プラン）
新規契約4000円（1年プラン）
新規契約8000円（2年プラン）",未提携,a8
3分で完成するAIプレゼンテーション【MiriCanvas】,ＭＩＲＩ＿Ｄ．Ｉ．Ｈ＿Ｃｏ．，ｌｔｄ,s00000025262002,その他（学び・資格）,新規無料会員登録300円,未提携,a8
「ロリポップ！」レンタルサーバー,ＧＭＯペパボ株式会社,s00000000404001,サーバー,"1クリック1円

新規成約
■エコノミープラン
100円

■ライトプラン
3000円（3ヵ月以上の契約）

■スタンダードプラン
4000円（3ヶ月以上の契約）

■ハイスピードプラン
5000円（3ヵ月以上の契約）

■エンタープライズプラン
10000円（3ヵ月以上の契約）",提携中,a8
ハンドメイド作品のオンラインマーケット「minne」（ミンネ）クリエイター募集,ＧＭＯペパボ株式会社,s00000000404014,百貨店・デパート,"新規クリエーター（作家）登録100円 
新規食品販売登録300円",未提携,a8
不織布マスクの呼吸を楽にする日本製マスクフレーム「ライフマスクサポーター」,英語伝,s00000000468018,その他（暮らし）,新規購入100円,未提携,a8
ユーザー数無制限！法人向けクラウドストレージ【XServerドライブ】,エックスサーバー株式会社,s00000001642011,その他（Webサービス）,"新規成約100円（フリープラン）
成約6000円（スモールビジネスプラン）
成約6000円（ビジネスプラン）
成約6000円（ビジネスプラスプラン）
成約6000円（エンタープライズプラン）",未提携,a8
性能・コスパNo.1！マルチプレイ初心者も安心のサーバー【XServer VPS for Game】,エックスサーバー株式会社,s00000001642016,サーバー,"■XServer VPS for Gameの契約

▼2GBプラン
契約690円(1ヶ月)
契約1035円(3ヶ月以上)
　
▼4GBプラン
契約1410円(1ヶ月)
契約2115円(3ヶ月以上)
　
▼8GBプラン
契約2650円(1ヶ月)
契約3975円(3ヶ月以上)
　
▼16GBプラン
契約5950円(1ヶ月)
契約8925円(3ヶ月以上)
　
▼32GBプラン
契約15290円(1ヶ月)
契約22935円(3ヶ月以上)
　
▼64GBプラン
契約31410円(1ヶ月)
契約47115円(3ヶ月以上)

▼128GBプラン
契約45000円(1ヶ月・3か月以上)

■XServer GAMEsの契約
契約100円（3日）
契約500円（30日）
契約1000円（90日）
契約1500円（180日）
契約2000円（365日）",未提携,a8
サーバーの知識不要！簡単にマルチプレイを始められる【XServer GAMEs】,エックスサーバー株式会社,s00000001642021,サーバー,"■XServer GAMEsの契約
契約100円（3日）
契約500円（30日）
契約1000円（90日）
契約1500円（180日）
契約2000円（365日）

■XServer VPS for Gameの契約

▼2GBプラン
契約690円(1ヶ月)
契約1035円(3ヶ月以上)
　
▼4GBプラン
契約1410円(1ヶ月)
契約2115円(3ヶ月以上)
　
▼8GBプラン
契約2650円(1ヶ月)
契約3975円(3ヶ月以上)
　
▼16GBプラン
契約5950円(1ヶ月)
契約8925円(3ヶ月以上)
　
▼32GBプラン
契約15290円(1ヶ月)
契約22935円(3ヶ月以上)
　
▼64GBプラン
契約31410円(1ヶ月)
契約47115円(3ヶ月以上)
　
▼128GBプラン
契約45000円(1ヶ月・3か月以上)",未提携,a8
ポイントランド無料会員募集,株式会社システムエッジ,s00000003655001,ポイントサービス・懸賞,新規無料会員登録＋ポイント獲得100円,未提携,a8
ポイントアイランド無料会員募集,株式会社システムエッジ,s00000003655002,ポイントサービス・懸賞,新規無料会員登録＋ポイント獲得100円,未提携,a8
懸賞にゃんダフル会員募集,株式会社システムエッジ,s00000003655003,ポイントサービス・懸賞,新規無料会員登録＋ポイント獲得150円,未提携,a8
ポイントスタジアム無料会員募集,株式会社システムエッジ,s00000003655004,ポイントサービス・懸賞,新規無料会員登録＋ポイント獲得100円,未提携,a8
ポイントミュージアム無料会員募集,株式会社システムエッジ,s00000003655005,ポイントサービス・懸賞,新規無料会員登録＋ポイント獲得100円,未提携,a8
Webサイトの脆弱性診断・改ざん監視・マルウェア駆除【SiteLock（サイトロック） 】,ＧＭＯデジロック株式会社,s00000007238007,サーバー,"新規契約100円（エコノミー１ヶ月）
新規契約150円（レギュラー１ヶ月）
新規契約250円（ミディアム１ヶ月）
新規契約400円（ビジネス１ヶ月）
新規契約1000円（エコノミー１年）
新規契約1500円（レギュラー１年）
新規契約2500円（ミディアム１年）
新規契約3500円（ビジネス１年）",未提携,a8
【全国対応/宅配買取】キッズ子供服買取専門 【ＪＵＳＴＹ】,株式会社ＪＵＳＴＹ,s00000013178021,リサイクル,買取100円,未提携,a8
アンケート回答で高級デザイナーズマンション宿泊券が当たる！アンケート応募促進,株式会社バティックス,s00000013481005,その他（不動産・引越）,新規アンケート応募100円,未提携,a8
匠のこだわり、プレゼント。豪華賞品が抽選で当たる！,株式会社バティックス,s00000013481006,総合（暮らし）,新規アンケート回答100円,未提携,a8
創作品やオーダーメイドが３０万点以上集まるECモール【あるる】,株式会社システムリサーチ,s00000013513003,総合（ギフト）,新規会員登録100円,未提携,a8
テレビで話題沸騰！ごはんがふっくらもちもちに炊ける【天海のにがり】,赤穂化成株式会社,s00000013999002,加工食品,購入100円,未提携,a8
オリジナルTグッズを簡単に作れる！【Up-T　アップティー】,丸井,s00000014629002,その他（ファッション）,"新規会員登録100円
新規購入(税抜)12％

▽ポイントサイト
新規購入(税抜)12％",未提携,a8
サービス運営20年！500万人が利用する安心・信頼のポイントサイト！【ちょびリッチ】,株式会社ちょびリッチ,s00000015067001,ポイントサービス・懸賞,新規会員登録200円,未提携,a8
ガラスのお直し当日できます【ガラスのトラブル救急車】,株式会社アスティ２４,s00000015204002,その他（暮らし）,"問合せ100円（Webフォーム）
問合せ500円（電話発信）",未提携,a8
鍵のトラブル出張修理！【鍵のトラブル救急車】,株式会社アスティ２４,s00000015204003,その他（暮らし）,"問合せ100円（Webフォーム）
問合せ500円（電話発信）",未提携,a8
鍵のトラブルに緊急出動！！【鍵ドットコム】,リクサポート株式会社,s00000016388001,物件,"新規WEB問合せ100円
新規電話問合せ500円",未提携,a8
WordPressにおすすめ！成功のための高速サーバー【mixhost(ミックスホスト)】,アズポケット株式会社,s00000016565001,サーバー,"新規申込100円
新規契約1500円（ライト）
新規契約3000円（スタンダード）
新規契約5000円（プレミアム）
新規契約8000円（ビジネス）",提携中,a8
MillenVPN（ミレンVPN）でインターネットのセキュリティ強化！,アズポケット株式会社,s00000016565003,その他（インターネット接続）,"新規申込100円
新規契約200円（ワンタイムプラン）
新規契約3500円（サブスクプラン）",未提携,a8
mixhost お客様だけで独占できるプレミアムな専用クラウドレンタルサーバー,アズポケット株式会社,s00000016565006,その他（Webサービス）,"新規申込100円
新規契約10000円（スターター/ターボ/グロース/スケール1/スケール2/スケール3/スケール4/スケール5）",未提携,a8
安心と信頼の国産VPNが固定IPで利用可能【MillenVPN専用サーバー】,アズポケット株式会社,s00000016565007,サーバー,"新規申込100円
新規契約10000円",未提携,a8
日本最大級のクラウドソーシング【ランサーズ】,ランサーズ株式会社,s00000017522001,その他（Webサービス）,初回案件登録300円（発注者：クライアント：依頼をしたい方）,未提携,a8
ポイ活ならワラウ【ワラウ】,株式会社オープンスマイル,s00000018660001,ポイントサービス・懸賞,新規会員登録100円,未提携,a8
AI英会話【スピークバディ】,株式会社スピークバディ,s00000019527002,その他（学び・資格）,新規インストール100円,未提携,a8
面倒な仮想通貨の損益計算を平均10秒で完了させる【Cryptact】,株式会社ｐａｆｉｎ（旧株式会社クリプタクト）,s00000020408001,その他（Webサービス）,"新規無料会員登録100円
新規支払完了2000円",未提携,a8
Live2D公式マーケット【nizima】,株式会社Ｌｉｖｅ２Ｄ,s00000020625002,その他（Webサービス）,"▽一般メディア
新規会員登録100円
新規作品購入3％

▽ポイントサイト
新規作品購入3％",未提携,a8
Amebaが運営する日本最大級の電子コミックサービス「Amebaマンガ」,株式会社サイバーエージェント,s00000022237001,書籍・本,初回購入100円,未提携,a8
全国チャットレディ求人【クリスタル】,Ｒｉｇｈｔ＿Ａｃｔｉｏｎ株式会社,s00000024311001,在宅ワーク,"＜通勤チャットレディ＞
新規応募1500円
新規稼働6500円

＜在宅チャットレディ＞
新規応募1500円
新規稼働6500円",未提携,a8
たった3分、3ステップでプロ級デザイン完成【MiriCanvas(ミリキャンバス)】,ＭＩＲＩ＿Ｄ．Ｉ．Ｈ＿Ｃｏ．，ｌｔｄ,s00000025262001,その他（Webサービス）,新規会員登録（無料プラン）100円,未提携,a8
ドメイン料金のみのシンプルな料金体系【シンドメイン】,エックスサーバー株式会社,s00000025450002,ドメイン,"＜ドメイン取得・移管＞
ドメイン取得・移管200円(101円(税抜)以上のドメイン)
ドメイン取得・移管100円 (100円(税抜)以下のドメイン)

＜サーバー申込オプション＞
■シンレンタルサーバー　通常プラン
成約3000円（ベーシック）
成約5000円（スタンダード）
成約8000円（プレミアム）

■シンレンタルサーバー　ビジネスプラン
成約3000円（ビジネス・ベーシック）
成約5000円（ビジネス・スタンダード）
成約8000円（ビジネス・プレミアム）",未提携,a8
会員数500万人突破！ポイ活サイト【ポイントインカム】,株式会社セレス,s00000025908001,ポイントサービス・懸賞,新規会員登録100円,未提携,a8
ドメイン一括操作なら【Qドメイン】,株式会社エムフロ,s00000020637005,ドメイン,初回ドメイン購入75円,未提携,a8
Doraverse｜【BtoB向けSaaS】オフィス業務を劇的に効率化させるAIツール,株式会社ＤＯＲＡＶＥＲＳＥ＿ＪＡＰＡＮ,s00000027324001,その他（Webサービス）,"新規無料トライアル登録62円
新規契約340円（Starter月額プラン）
新規契約1050円（Pro月額プラン）
新規契約1200円（Business月額プラン）
新規契約2000円（Starter年額プラン）
新規契約6000円（Pro年額プラン）
新規契約7200円（Business年額プラン）",未提携,a8
すぐに使える高速レンタルサーバー【ConoHa VPS】,ＧＭＯインターネット株式会社,s00000000018030,サーバー,"■VPS時間課金 お申込
512MBプラン：620円
1GBプラン ：880円
2GBプラン ：1680円
4GBプラン ：3280円
12GBプラン(旧8GBプラン) ：6680円
24GBプラン(旧16GBプラン) ：13000円
48GBプラン(旧32GBプラン) ：26000円
96GBプラン(旧64GBプラン) ：49000円

■VPSまとめトクお申込
512MBプラン 3ヶ月以上：700円
1GBプラン 1ヶ月以上 ：1000円
2GBプラン 1ヶ月 　 ：1100円
2GBプラン 3ヶ月以上 ：2000円
4GBプラン 1ヶ月 　 ：2100円
4GBプラン 3ヶ月以上 ：3600円
12GBプラン(旧8GBプラン) 1ヶ月 　 ：4100円
12GBプラン(旧8GBプラン) 3ヶ月以上 ：7400円
24GBプラン(旧16GBプラン) 1ヶ月 　 ：9000円
24GBプラン(旧16GBプラン) 3ヶ月以上：14300円
48GBプラン(旧32GBプラン)  1ヶ月 　 ：20100円
48GBプラン(旧32GBプラン)  3ヶ月以上：28600円
96GBプラン(旧64GBプラン)  1ヶ月 　 ：40200円
96GBプラン(旧64GBプラン)  3ヶ月以上：53900円",未提携,a8
オールインワンの超快速レンタルサーバーColorfulBox（カラフルボックス）,株式会社カラフルラボ,s00000019024001,サーバー,"30日間無料お試し申込み1円

▼レンタルサーバー(有料契約)
1ヶ月・3ヶ月・6ヶ月
1500円(BOX1) 2500円(BOX2) 3000円(BOX3) 3500円(BOX4)
4000円(BOX5) 6000円(BOX6) 8000円(BOX7) 16000円(BOX8)
1年
3000円(BOX1) 4000円(BOX2) 4500円(BOX3) 5500円(BOX4)
7500円(BOX5) 8000円(BOX6) 11000円(BOX7) 17500円(BOX8)
2年
5000円(BOX1) 6000円(BOX2) 6500円(BOX3) 7500円(BOX4)
9500円(BOX5) 10000円(BOX6) 13000円(BOX7) 19500円(BOX8)
3年
7000円(BOX1) 8000円(BOX2) 8500円(BOX3) 9500円(BOX4)
11500円(BOX5) 12000円(BOX6) 15000円(BOX7) 21500円(BOX8)

▼ドメイン取得
100円(通常)
50円(CP価格(501円〜)) 10％(CP価格(〜500円))
ドメイン移管100円",未提携,a8
恋愛・結婚情報サービス エンジェル(経産省 新事業活動促進法認定事業)会員募集,株式会社カンキョーアイ,s00000000339003,婚活,"診断10円
会員登録2500円",未提携,a8
【恋愛・結婚情報サービス　エンジェル】無料性格診断,株式会社カンキョーアイ,s00000000339005,恋愛,診断10円,未提携,a8
恋愛・結婚体質を磨く アイピック性格分析　受診,株式会社カンキョーアイ,s00000000339007,その他（結婚・恋愛）,初回診断10円,未提携,a8
「ムームードメイン」独自ドメイン,ＧＭＯペパボ株式会社,s00000000404008,ドメイン,"1クリック1円
ドメイン取得100円
一部のドメイン取得50円
ムームードメインへのドメイン移管100円
ムームードメインへの一部のドメイン移管50円
Google Workspace新規契約1アカウントにつき2000円
ムームードメイン for WPホスティング契約3000円
ムームーサーバー新規契約5000円（3ヶ月以上の契約）",未提携,a8
最大30％還元！格安SSL証明書の取得サービス【XServer SSL】,エックスサーバー株式会社,s00000001642012,その他（Webサービス）,"新規成約50円（Let’s Encrypt）
成約100円　 （クラウドSSL）
成約100円 （ラピッドSSL）
成約1000円 （ジオトラスト クイックSSLプレミアム）
成約1600円　 (クラウドSSL ワイルドカード)
成約3000円　 (ラピッドSSL ワイルドカード)
成約5400円 （クラウドセキュア スピード認証SSL）
成約9000円 （デジサート セキュア・サーバID）
成約11400円 （クラウドセキュア 企業認証SSL）
成約14400円　(クラウドセキュア スピード認証 ワイルドカード)
成約19000円　(クラウドセキュア 企業認証 ワイルドカード)
成約28800円 （クラウドセキュア EV SSL）",未提携,a8
コスパ最強！高速・格安のレンタルサーバー【スターレンタルサーバー】,エックスサーバー株式会社,s00000008919001,サーバー,"【ライトプラン契約完了】
3ヶ月：400円
6ヶ月：700円
12ヶ月：1000円
24ヶ月：1300円
36ヶ月：1500円

【スタンダードプラン契約完了】
3、6ヶ月：1600円
12ヶ月：1800円
24ヶ月：2000円
36ヶ月：2500円

【ビジネスプラン契約完了】
3、6、12ヶ月：7000円
24ヶ月：7500円
36ヶ月：8000円",未提携,a8
空いてる時間でしっかり稼げる主婦向け求人サイト【ママワークス】,ママワークス,s00000015629001,就職・転職,"新規会員登録150円
新規面接完了3000円",未提携,a8
無料インストール【ASOBO】,株式会社ユアネット,s00000017429001,恋愛,新規インストール50円,未提携,a8
動画編集に、Live2Dという付加価値を。【nizima ACTION!!】,株式会社Ｌｉｖｅ２Ｄ,s00000020625004,その他（Webサービス）,新規プロジェクト作成50円,未提携,a8
翻訳者ネットワーク「アメリア」の資料請求・入会申込募集,株式会社アメリア・ネットワーク,s00000001093001,就職・転職,"資料請求45円
入会申込45円
入会手続き2700円",未提携,a8
総出荷600万食突破！栄養価を徹底管理した健康宅配食【メディカルフードサービス】,メディカルフードサービス株式会社,s00000020861001,健康食品,新規購入(税抜)40％,未提携,a8
＜WordPress不正ログイン対策等＞0円から使える！本人認証サービス【Value-Auth】,ＧＭＯデジロック株式会社,s00000007238008,その他（Webサービス）,"新規無料登録300円
新規購入30円（Mail1,000通）
新規購入100円（SMS100通）
新規購入150円（MAil10,000通）
新規購入500円（SMS1,000通）
新規購入5000円（SMS10,000通）",未提携,a8
家庭教師と学習塾の資料請求、無料体験申込,受験Ｄｒ．,s00000007547001,家庭教師・塾,"資料請求または無料体験のフォームからのお申込み30円
無料体験講義10000円
成約（入会）20000円",未提携,a8
【中学受験専門】個別指導塾ドクターの資料請求・無料体験申込,受験Ｄｒ．,s00000007547003,家庭教師・塾,"資料請求または無料体験のフォームからのお申込み３０円
無料体験講義１００００円
成約（入会）２００００円",未提携,a8
特許・論文・技術資料を レイアウトそのまま翻訳・要約・解説【Languise】,ＢｕｉｌＢｒｉｄｇｅ＿ＵＧ（ｈａｆｔｕｎｇｓｂｅｓｃｈｒａｎｋｔ）,s00000026066001,その他（Webサービス）,"新規無料会員登録10円（Freeプラン）
新規有料プラン登録1000円（BASICプラン）
新規有料プラン登録3000円（Proプラン）
新規有料プラン登録6000円（Pro Maxプラン）
新規有料プラン登録45000円（Enterpriseプラン）",未提携,a8
女性専用！フィットネス・ヨガ・エステ・サウナ全て使い放題【PORTセルフボディメイク】,株式会社Ｆｌａｔ,s00000027255001,ダイエット,クリック誘導10円,未提携,a8
【慶応元年創業鈴廣蒲鉾】かまぼこのある暮らし鈴廣オンラインショップ,鈴廣かまぼこ株式会社,s00000023026002,加工食品,購入（税抜）8％,未提携,a8
何枚でも欲しくなるカジュアルアイテムが豊富！華やかドレスも【RIVER FIELD & CO.】,パーティードレス通販ＧＩＲＬ,s00000015493001,服,購入10％,未提携,a8
みんなでできる社会貢献【A8チャリティ】情報掲載のお願い,株式会社ファンコミュニケーションズ［Ａ８．ｎｅｔ］,s00000000002044,その他（暮らし）,※本プログラムからは、成果報酬は発生いたしません。,未提携,a8
マルチプレイゲームサーバーロリポップ！for GamersbyGMOペパボ(LOLIPOP! for GamersbyGMOペパボ),ＧＭＯペパボ株式会社,s00000000404026,サーバー,"新規成約110円（GB問わず、3日間契約は一律）
新規成約670円（2GB）
新規成約1250円（4GB）
新規成約2500円（8GB）
新規成約3600円（16GB）
新規成約9100円（32GB）
新規成約17000円（64GB）
新規成約68000円（128GB）",未提携,a8
知識ゼロで始める自分だけのSNS構築サービス【XServer SNS】,エックスサーバー株式会社,s00000001642022,サーバー,"契約900円 （おひとりさまプラン）
契約2191円 （スタータープラン）
契約5691円 （チームプラン）
契約10000円 （コミュニティプラン）
契約25910円（ワールドワイドプラン）",未提携,a8
アフィリエイト広告運用効率化ツール【ADXIA (アドシア)】,株式会社シード,s00000005869010,ASP,新規資料請求・問い合わせ7500円,未提携,a8
Amazon.co.jp成果反映用,株式会社ファンコミュニケーションズ,s00000009884001,ショッピングモール,"（Amazon.co.jp）
成果報酬詳細・プログラムのご利用方法について必ずこちらをご確認ください。",未提携,a8
フィリピン留学・語学留学・海外大学進学なら【産経ヒューマン留学センター】,産経ヒューマンラーニング株式会社,s00000013202005,専門学校・スクール,新規無料留学相談会参加3000円,未提携,a8
オンライン即日振込【個人事業主特化ファクタリングサービス】,株式会社Ｎｏ．１,s00000020552002,起業・会社設立,"新規申込1000円
新規審査書類提出5000円
新規契約10000円",未提携,a8
人生100年時代の新習慣！なぞるだけで汚れが落ちる歯ブラシ【奇跡の歯ブラシ】,株式会社ＡｂｅｍａＴＶ,s00000021783002,その他（暮らし）,"初回購入(税抜)150％(奇跡の歯ブラシ)
初回購入(税抜)80％(HaRENO/薬用ハミガキ)",未提携,a8
Hostinger - Webサイト作成に必要なすべてがここに,Ｈｏｓｔｉｎｇｅｒ＿Ｉｎｔｅｒｎａｔｉｏｎａｌ＿ＬＴＤ,s00000026698001,サーバー,"▽一般
新規購入80％

▽ポイントサイト
新規購入60％",未提携,a8
BBchatTV　男性会員募集プログラム,有限会社ＢＢシステム＆サポート,s00000001040003,恋愛,"新規会員様の初回ポイント購入金額の75％
リピート購入100円",未提携,a8
全SSD化WordPressのための高速レンタルサーバー【WordPress最適化SSDサーバー】,株式会社セブンアーチザン,s00000002979020,サーバー,申込60％,未提携,a8
クラスCでのIP分散ができるレンタルサーバー（国内・国外）【CIPレンタルサーバー】,株式会社セブンアーチザン,s00000002979021,サーバー,申込60％,未提携,a8
手軽で安く、高機能なレンタルサーバー【安心と信頼のグランパワー】,株式会社セブンアーチザン,s00000002979022,サーバー,申込60％,未提携,a8
国内最安級の【99YENレンタルサーバー（全SSD化！・ドメイン・メール無制限）】,株式会社セブンアーチザン,s00000002979023,サーバー,申込60％,未提携,a8
大容量、高機能レンタルサーバーSSD・GIGA【全SSD化で格安・高速！】,株式会社セブンアーチザン,s00000002979024,サーバー,申込60％,未提携,a8
【無限レンタルサーバーSSD・MUGEN】ディスク・DB・メール・ドメイン無制限,株式会社セブンアーチザン,s00000002979026,サーバー,申込60％,未提携,a8
【IP分散サーバーTICServer】50〜1000までクラスCのIP分散が可能なレンタルサーバー,株式会社セブンアーチザン,s00000002979027,サーバー,申込60％,未提携,a8
マルウェア等の脅威からデバイスを保護【Surfshark Antivirus】,Ｓｕｒｆｓｈａｒｋ＿Ｂ．Ｖ．,s00000021488002,総合（インターネット接続）,初回購入(税抜)60％,未提携,a8
すべて新品　家電・家具もサブスク【ラクリアーズ】,グランドランドＡＺ株式会社,s00000026187001,その他（暮らし）,新規サブスク申込60％,提携中,a8
新しくなって新登場！特許成分配合男性用増大サプリ！【ゼノファーＥＸハイパー】,ワールドファーマ,s00000012553001,健康食品,購入55％,未提携,a8
男性コンプレックス最強サプリ【テンザーゴールドプレミアム】,ワールドファーマ,s00000012553002,健康食品,購入50％,未提携,a8
【味とこころ】特選料亭白だし「四季の彩」お試しセット｜新規顧客獲得,七福醸造株式会社,s00000009993001,加工食品,新規購入50％,未提携,a8
生にんにくの約200倍！SAC高含有ニンニク配合【エデース】,日本サプリメントフーズ株式会社,s00000013307035,健康食品,初回購入50％,未提携,a8
日本一当たる売り場で宝くじの購入代行【ドリームウェイ】,株式会社ドリームウェイ,s00000015326001,ギャンブル,新規代行手数料50％,未提携,a8
美容皮膚科医 Dr.高須英津子が開発したドクターズコスメ【ジュランツ】,株式会社Ｄｒ．高須英津子コスメ,s00000015398002,スキンケア,新規購入2500円,未提携,a8
ベースフード継続コース・スタートセット,ベースフード株式会社,s00000018849001,その他（グルメ・食品）,新規購入50％,未提携,a8
日本で最多高額当選者が出る売り場で宝くじ購入代行します！【ドリームチャンス】,イーコイン株式会社,s00000020813001,ギャンブル,新規代行手数料50％,未提携,a8
誰でも簡単に、プロ級デザイン！【Adobe】,アドビ株式会社,s00000027034001,その他（Webサービス）,有料プラン利用50％,未提携,a8
肌リズムを整えるスキンケアブランド『OF（オフ）』,コスメフェリーチェ株式会社,s00000027206001,スキンケア,初回購入50％,未提携,a8
0円から開始できるレンタルサーバー会員募集,株式会社セブンアーチザン,s00000002979002,サーバー,新規成約3000円,未提携,a8
手軽にホームページ検索順位を自分であげる【集客職人 RankingCoach】,株式会社セブンアーチザン,s00000002979028,その他（Webサービス）,申込40％,未提携,a8
高品質SEO記事生成AIツール【Value AI Writer】,ＧＭＯデジロック株式会社,s00000007238009,webコンサルティング,有料プラン購入40％,未提携,a8
【HitoHanaのお花の定期便】初回花瓶プレゼント！色が選べる花のサブスク,株式会社Ｂｅｅｒ＿ａｎｄ＿Ｔｅｃｈ,s00000016113004,ガーデニング,新規注文(税抜)40％,未提携,a8
未経験者でもプロ並みの編集できる多機能の動画作成ソフト【Movavi】,Ｍｏｖａｖｉ＿Ｓｏｆｔｗａｒｅ＿Ｌｉｍｉｔｅｄ,s00000018520001,家電,購入30％,未提携,a8
"世界での販売数""億""越えの電子タバコJUUL！特別価格キャンペーン",株式会社ＡＭＤＩＡ,s00000019784001,その他（暮らし）,購入40％,未提携,a8
使い終わったら捨てるだけ！【 ICEBERG Dispo】,株式会社ＡＭＤＩＡ,s00000019784003,その他（暮らし）,購入40％,未提携,a8
デジタルライフの安全を確保【Surfshark】,Ｓｕｒｆｓｈａｒｋ＿Ｂ．Ｖ．,s00000021488001,その他（インターネット接続）,新規購入40％,未提携,a8
顔認証スマートロック誕生！コスパ抜群のEPIC！,株式会社エナスピレーション,s00000025186001,物件,購入（税抜）40％,未提携,a8
話せる・頼れる・任せられる！安心サポートのエスツーサーバ,株式会社エスツー,s00000026310001,サーバー,新規契約（プラン総額）40％,未提携,a8
美容健康・ダイエット【マザーリーフ】,株式会社マザーリーフ薬品,s00000002942003,コスメ・メイク,新規購入35％,未提携,a8
ぷるっと潤う低分子コラーゲン【ナノコラーゲン プルオイ】,株式会社マザーリーフ薬品,s00000002942009,美容食品,新規購入35％,未提携,a8
モデル用美痩せdiet【ファイブデイズプレミアムダイエット】,株式会社マザーリーフ薬品,s00000002942035,ダイエット,新規購入35％,未提携,a8
あと一歩の方・・・。色々と試している方へ。水溶性濃縮珪素【レクステラ】,株式会社スローヴィレッジ,s00000009981009,健康食品,初回購入35％,未提携,a8
毎日のコーヒーで手軽においしくエイジングケア【SLOW GREEN COFFEE】,株式会社スローヴィレッジ,s00000009981010,飲料,新規購入35％,未提携,a8
全世界で大人気のMac向けメンテナンスソフト【CleanMyMac X】,ＭａｃＰａｗ＿Ｗａｙ＿Ｌｔｄ．,s00000024455001,総合（Webサービス）,購入35％,未提携,a8
【徹底的な研究と実績に裏打ちされたWordPressテーマの集大成】 RE:DIVER,株式会社Ｑｒｅｉｔ＿Ｂｅａｒ,s00000026768001,総合（Webサービス）,購入（税抜）35％,未提携,a8
ミドリムシサプリメント専門の販売店【ミドリムシ専科】,株式会社ユーコネクト,s00000012076001,健康食品,初回購入(税抜)33％,未提携,a8
100％天然無添加エミューオイル「エミューの雫」,株式会社ユーコネクト,s00000012076003,スキンケア,新規購入33％,未提携,a8
年間100人がドアで指を切断！！ドアへの指挟み防止グッズ「はさマンモス」,ツルマキ,s00000002404015,インテリア,新規購入30％,未提携,a8
葉酸配合量600μg以上！業界最安値に挑戦！【みんなの葉酸】,株式会社マザーリーフ薬品,s00000002942040,健康食品,初回購入30％,未提携,a8
ビジネス名刺のことならお任せ！【名刺通販ドットコム】,株式会社ウィズアス,s00000011117002,オフィス用品,購入30％,未提携,a8
デジカメプリント・写真プリントは【しろくまフォト】,株式会社北海道ダイヤ,s00000012139002,写真・プリント,購入30％,未提携,a8
サイズUPを実現する！男性向けサプリメント【BLAZAR-α】,株式会社ネクストラウンド,s00000013639001,健康食品,購入（税抜）30％,未提携,a8
大きい男になりたいなら！サイズの悩みに【ギガン】,株式会社ネクストラウンド,s00000013639003,ボディケア,初回購入（税抜）30％,未提携,a8
敏感肌でも使える国産ボタニカルスキンケア【アルファピニ28】トライアルセット,シェルゥーム,s00000013739001,総合（美容）,"初回購入70％（トライアルセット）
初回購入30％（コーラルクリアパウダーウォッシュ通常）
初回購入50％（コーラルクリアパウダーウォッシュ定期）
初回購入30％（セラムクレンジング通常）
初回購入50％（セラムクレンジング定期）
初回購入30％（モイストローション通常）
初回購入50％（モイストローション定期）
初回購入30％（コンプリートオイル通常）
初回購入50％（コンプリートオイル定期）",未提携,a8
アルファピニ28【酵素洗顔パウダーでつるん肌】,シェルゥーム,s00000013739002,スキンケア,"初回購入30％（コーラルクリアパウダーウォッシュ通常）
初回購入50％（コーラルクリアパウダーウォッシュ定期）",未提携,a8
植物力で落とす、うるおす美容液クレンジング【アルファピニ28】,シェルゥーム,s00000013739003,スキンケア,"初回購入30％（セラムクレンジング通常）
初回購入50％（セラムクレンジング定期）",未提携,a8
データ復元、動画変換、PDF変換、マルチソフト提供 【Aiseesoft】,Ｇｒｅａｔ＿Ｈａｒｂｏｕｒ＿Ｓｏｆｔｗａｒｅ＿Ｃｏ．，Ｌｔｄ,s00000015149001,家電,購入30％,未提携,a8
有名インフルエンサー7名がプロデュース！【美容室アンククロスのオリジナルシャンプー】,株式会社ＲＡＦＴ,s00000017313001,ヘアケア,購入30％,未提携,a8
動画変換、動画編集、DVD変換、画面録画を1本で！多機能動画処理ソフト【VideoProc】,Ｃｈｅｎｇｄｕ＿Ｄｉｇｉａｒｔｙ＿Ｓｏｆｔｗａｒｅ，Ｉｎｃ．,s00000018952002,家電,初回購入(税抜)30％,未提携,a8
画像高画質化AIツール【Aiarty Image Enhancer】,Ｃｈｅｎｇｄｕ＿Ｄｉｇｉａｒｔｙ＿Ｓｏｆｔｗａｒｅ，Ｉｎｃ．,s00000018952003,その他（Webサービス）,初回購入30％,未提携,a8
クラスC分散1000IP以上【IP分散サーバーのIQサーバー】,株式会社エムフロ,s00000020637003,サーバー,申込金額30％,未提携,a8
九州に眠る、まぼろしのグルメ産直サイト。全品送料無料【九州お取り寄せ本舗】,九州お取り寄せ本舗,s00000020875001,総合（グルメ・食品）,購入15％,未提携,a8
社会人の業務効率改善／読書量UPに役立つアプリ【速読解Biz】,一般社団法人日本速読解力協会,s00000022382001,総合（学び・資格）,購入(税抜)30％,未提携,a8
国内No.1会員数！恋愛と結婚のパーソナルトレーニング【parcy’s】,株式会社イグアス,s00000023140001,総合（結婚・恋愛）,"新規会員登録150円
新規入会30000円",未提携,a8
60か国以上の国と地域から自分にあったプランが選べる【Glocal eSIM】,株式会社グローカルネット,s00000023372004,電話,申込30％,未提携,a8
ネットでバズリ中！AIがキャッチコピーを自動作成して無限のアイデアを生み出す「Catchy」,株式会社デジタルレシピ,s00000023655001,総合（Webサービス）,有料プラン購入30％,未提携,a8
令和の虎で「魔法のブラシ」と紹介。MAQUIAベスコス受賞のヘアケアブランド【HAIRSTAR】,ＬＩＦＥＬＯＮＧ株式会社,s00000024161001,ヘアケア,購入30％,未提携,a8
作業効率改善に最適なAI自動文字起こしサービス【Notta】,Ｎｏｔｔａ株式会社,s00000024524001,その他（Webサービス）,新規有料プラン契約30％,未提携,a8
まるで芸術の輝き！グラフェン・スプレーでクルマを美しく【アートデシャイン】,ＡＲＴＤＥＳＨＩＮＥ＿ＪＡＰＡＮ,s00000025582001,車・バイク,購入30％,未提携,a8
レンタルサーバー【agames】,ＡＧＡＭＥＳ,s00000026329001,サーバー,"新規注文30％ （マインクラフト（年間契約））
新規注文30％（VPS）
新規注文30％（マインクラフト・WEBサーバーβ・DNS管理β・アプリβ）
新規注文30％（ゲーム）",未提携,a8
＜２回目以降半額＞スキンケアセット定期便【ジェネリック化粧品】,ジェネリック化粧品株式会社,s00000026687001,スキンケア,初回購入（税抜）30％,未提携,a8
世界1億人のユーザーに信頼されるVPN 【Proton VPN】,Ｐｒｏｔｏｎ＿ＡＧ,s00000027361001,サーバー,"1カ月以上のプラン継続利用30％（1年および2年プラン）
1カ月以上のプラン継続利用75％（1カ月プラン）",未提携,a8
宅配健康食で有名なウェルネスダイニングから！管理栄養士監修の『野菜を楽しむ スープ食』,ウェルネスダイニング株式会社,s00000014098004,健康食品,初回購入1000円,未提携,a8
会員数600万人超のしまうまプリント発！アクリルグッズ・ステッカー作成なら【しまうまプラス】,株式会社しまうまプリント,s00000007448010,写真・プリント,購入25％,未提携,a8
実印、印鑑即日出荷の印鑑作成激安専門店【Inkans.com】,はんこプレミアム株式会社,s00000013030001,生活雑貨,購入19％,未提携,a8
中大型犬向けグレインフリードックフード【WOLF INSIGHT】,株式会社Ｐｏｎｔｅｌｙ,s00000019490003,ペット,初回購入25％,提携中,a8
シャワーじゃないシャワーで違いを実感【ミラブルzero】 - 正規販売代理店,株式会社ミルキーウェイ,s00000022954002,その他（美容）,初回購入(税抜)25％,未提携,a8
【増大サプリNo.1ヒット】ヴィトックス α！,ＭＥＮＬＡＢＯ,s00000023102001,健康食品,購入（税抜）25％,未提携,a8
契約不要・月額費用0円！バッテリーレス車載Wi-Fiルーター,株式会社グローカルネット,s00000023372006,wifi,新規購入25％,未提携,a8
誰にもバレずスピード検査！郵送の性病検査キット【陽性の場合は自宅に薬を配送】,株式会社ＬＤＢ,s00000025768001,医療,購入25％,未提携,a8
「愛犬の健康は、ひとつひとつの素材から」【Treats Factory】,株式会社ネイチャーリンクス,s00000027039001,ペット,購入25％,提携中,a8
ゲーマー向け軽量セキュリティ【WEBROOT アンチウイルス for Gamer】,Ｑｕｉｃｋ＿Ｓｔａｒｔ株式会社,s00000027225001,ゲーム,新規購入25％,未提携,a8
男性へのプレゼントにも。レチノール配合のメンズスキンケア【ATIDIMU】,株式会社アドスインターナショナル,s00000027456001,スキンケア,購入25％,未提携,a8
大人気簡単開運グッズの【ラッキーショップ】,ラッキーショップ,s00000007233001,ファッション小物,購入24％,未提携,a8
長崎五島産椿油使用！！【まるごと椿石鹸】,株式会社のんのか,s00000012305001,スキンケア,初回購入10％,未提携,a8
性病検査のエキスパート！郵送検査の【さくら検査研究所】,さくら検査研究所,s00000015485001,医療,購入23％,未提携,a8
"累計販売2,000万個突破！ダニ研究20年「日革研究所」の実績から生まれたダニ捕りロボ",有限会社ティシビィジャパン,s00000016334001,家事・日用品,購入1562円,未提携,a8
自宅で誰にも知られず簡単に検査できる！予防会の郵送検査キット,株式会社予防会,s00000017401001,医療,購入23％,未提携,a8
靴に入れて歩くだけ！美姿勢セルフケア！「スリムアップインソール」,株式会社ロッピングライフ,s00000011064070,ダイエット,初回購入(税抜)40％,未提携,a8
Wordpress特化サーバー【Quicca Plus(クイッカプラス)】,株式会社エムフロ,s00000020637004,サーバー,申込金額(税抜)30％,未提携,a8
amazonでレビュー630件超のセレブタレントも愛用の“究極の金運グッズ”,仲手川ふとん店,s00000017265001,グッズ,購入(税抜)15％,未提携,a8
自宅でカンタン、匿名検査！【性病検査ＳＴＤチェッカー】,株式会社アルバコーポレーション,s00000001902006,医療,購入20％,提携中,a8
犬用フンキャッチャー【運キャッチ】ペット用品(散歩グッズ),ツルマキ,s00000002404017,ペット,新規購入（税抜）20％,提携中,a8
過去１０年間分の問題を網羅【高校入試　虎の巻】,株式会社日本学術講師会,s00000003769004,専門学校・スクール,購入20％,未提携,a8
海の台所【和田珍味】自慢のうまいもん,株式会社和田珍味,s00000008579001,生鮮食品,購入10％,未提携,a8
100%植物由来の洗浄成分!！湘南生まれの洗剤【All things in Nature】,株式会社スローヴィレッジ,s00000009981007,インテリア,新規購入20％,未提携,a8
【インクナビ】高品質・低価格の互換インク販売,株式会社ジーストリーム,s00000011201001,家電,購入20％,未提携,a8
自分のスマホが200以上の国と地域で使える【World eSIM】,株式会社ビジョン,s00000011875011,総合（インターネット接続）,購入15％,未提携,a8
AIと世界中の講師が英文添削・英語添削・英作文添削アプリ【アイディー】,株式会社ルーティングシステムズ,s00000012026001,習い事,"新規ポイント購入20％
新規定額プラン申込20％",未提携,a8
本革製品のオーダーメイド、カスタムデザイン【JOGGO】,株式会社ボーダレス・ジャパン,s00000013133002,ファッション小物,新規購入(税抜)20％,未提携,a8
こだわり機能美財布＆革小物【暮らしの幸便】,株式会社ワイドシステム,s00000013197003,ファッション小物,購入20％,未提携,a8
日本最大級のオンライン通信資格講座・検定申込【formie】,ＡＭＢＩＳＴ株式会社,s00000014262001,資格取得,"新規講座申込金額4％
サブスクプラン申込1000円",未提携,a8
★メディア話題★美肌遺伝子検査キット【遺伝子博士エイジングケア】,キャンピングカー株式会社,s00000016145006,その他（美容）,初回購入(税抜)20％,未提携,a8
足の臭いでお悩みの方に！販売累計10万枚の足臭い対策インソール【菌ピタ君】,株式会社イワミズ,s00000016380001,その他（暮らし）,初回購入20％,未提携,a8
気になる足の臭いに効果が落ちない【強力消臭靴下リンマー】,株式会社イワミズ,s00000016380003,その他（健康）,初回購入20％,未提携,a8
販売累計13万足！日本人の足の形状に合わせて研究開発された【O脚/X脚インソール リフリーラ】,株式会社イワミズ,s00000016380010,その他（健康）,初回購入（税抜）20％,未提携,a8
販売累計10万足！ひざへの負担要因に合わせて選べる2タイプの【ひざサポーター リフリーラ】,株式会社イワミズ,s00000016380011,その他（健康）,初回購入（税抜）20％,未提携,a8
表参道美容室ZACC監修　パールリッチシャンプー,有限会社トゥーズ,s00000016844001,ヘアケア,新規購入20％,未提携,a8
表参道美容室ZACC監修　ZACCボタニカルシャンプー,有限会社トゥーズ,s00000016844002,ヘアケア,新規購入20％,未提携,a8
日本語WordPressテーマの【OPENCAGE（オープンケージ）】,ＯＰＥＮＣＡＧＥ,s00000017339001,ホームページ・ネットショップ,"購入（税抜）20％
購入（税抜）25％(WordPressテーマ「STORK SE」)",未提携,a8
妊活中男の子がほしい・女の子がほしいを応援【ベイビーサポート】,株式会社アイテック,s00000017358001,子育て,新規購入（税抜）20％,未提携,a8
妊活中、子供がほしいを応援【エッグサポート】,株式会社アイテック,s00000017358002,子育て,新規購入(税抜）20％,未提携,a8
『安心の1年保証付き』睡眠革命が起きるエアツリー構造【エアツリーマットレス】,株式会社新陽トレーディング,s00000017436001,インテリア,初回購入20％,未提携,a8
低反発+高反発の特殊二層構造 エムリリーエコヘルスシリーズ,株式会社新陽トレーディング,s00000017436003,インテリア,初回購入20％,未提携,a8
最新のSEO対策の技術をしっかり習得【SEO検定】,一般社団法人全日本ＳＥＯ協会,s00000017778001,その他（Webサービス）,新規購入20％,未提携,a8
ウェブ集客ノウハウが身につく資格【ウェブマスター検定】,一般社団法人全日本ＳＥＯ協会,s00000017778002,資格取得,新規購入20％,未提携,a8
検索上位表示を自分の手で！【SEO対策セミナー】,一般社団法人全日本ＳＥＯ協会,s00000017778003,その他（学び・資格）,新規購入20％,未提携,a8
SNSをビジネスに活かすための資格【SNS活用検定】,一般社団法人全日本ＳＥＯ協会,s00000017778004,資格取得,"新規検定試験参加20％
新規教材購入20％",未提携,a8
オーダースーツ・シャツをネットで注文｜高品質・サイズ保証【Suit ya】,株式会社ＳｕｉｔＹａ,s00000018045001,その他（ファッション）,新規購入(税抜)20％,未提携,a8
ヒップホップアクセサリー専門ブランド【KRKC&CO】,ＳＡＧＥＲ＿ＥＬＥＣＴＲＯＮＩＣＳ（ＣＨＩＮＡ）ＬＩＭＩＴＥＤ,s00000019895001,ファッション小物,購入10％,未提携,a8
2Dアニメーション制作ソフト【Live2D】,株式会社Ｌｉｖｅ２Ｄ,s00000020625001,その他（Webサービス）,新規PRO版ライセンス購入時決済額(税抜)20％,未提携,a8
ウェルネスCBDブランド「roun（ラウン）」,株式会社Ｌｅｅｐ,s00000022112001,その他（健康）,購入20％,未提携,a8
Nature In（ネイチャーイン）／高濃度サプリメントシリーズ,株式会社Ｌｅｅｐ,s00000022112003,健康食品,購入20％,未提携,a8
消化器ケアで健康寿命をのばすベルギー産プレミアムペットフード【ブラバンソンヌ】,Ｓｕｇａ＿Ｊａｐａｎ株式会社,s00000022250001,ペット,"新規購入300円（サンプル）
新規購入300円（【ブラバンソンヌ】子猫用 キャットフード チキン 400g(50g×8袋入り)
　　　　　　　　 【ブラバンソンヌ】大型犬の成犬用 ドッグフード オーシャンフィッシュ400g(50g×8袋入り)
              　　　　【ブラバンソンヌ】大型犬の成犬用 ドッグフード チキン400g(50g×8袋入り)）
新規購入2000円（定期）
購入10％（単品）",提携中,a8
バランス美脚を叶えてくれる究極のレギンス【BMLストレートレッグ（ストレグ）】,ｂｅａｕｔｙ＿ｍａｋｅ＿ｌａｂｏ,s00000022540001,その他（美容）,新規購入20％,未提携,a8
"【世代別ミラブル】肌質に合わせて選ぶ""最新""のシャワーヘッド",株式会社ミルキーウェイ,s00000022954003,その他（美容）,購入(税抜)20％,未提携,a8
雑誌・テレビで紹介 札幌の Bean to Bar Chocolate 専門店！【SOIL CHOCOLATE】,株式会社エンクル,s00000023513003,加工食品,購入20％,未提携,a8
姿勢の専門家が開発！はくだけ整体【整体ショーツNEO+】,株式会社ボディスプラウト,s00000024621001,健康グッズ,購入(税抜)20％,未提携,a8
姿勢の専門家が開発！はくだけ整体【整体パンツNEW ZERO】,株式会社ボディスプラウト,s00000024621002,健康グッズ,購入(税抜)20％,未提携,a8
"はくだけで""キマる""【BX GOLF for MEN】",株式会社ボディスプラウト,s00000024621003,その他（健康）,購入(税抜)20％,未提携,a8
ぽっちゃりさんの事を本気で考えた機能的でかわいい下着グラマープリンセス,株式会社いずみ,s00000025776001,服,購入20％,未提携,a8
北投石を使用したウェアで湯治をもっと身近に【TOJI（トージ）】,亜細亜物産株式会社,s00000026908001,その他（健康）,購入（税抜）20％,未提携,a8
冷感タイプ登場！着圧ブラトップ売上No.1「キュリエットブラトップ」,株式会社ＦＬＯＲｅ,s00000026974001,服,購入(税抜)20％,未提携,a8
大人気洗車用品！プロと素人の境界線をなくすブランド【DETAILARTIST】,株式会社ＤＥＴＡＩＬＡＲＴＩＳＴ,s00000027014001,車・バイク,購入20％,未提携,a8
《美容と健康に》シリカ含有量90mg/Lを誇る希少な天然活性水素水【日田天領水】,日田天領水の里株式会社,s00000027121001,健康食品,"購入20％（通常）
新規購入50％（定期）",未提携,a8
国産100％バスソルト 瀬戸内海からの贈り物 EPSOPIA（エプソピア）,株式会社ＨａｐｐｙＡｄｗｏｒｄｓ,s00000027345001,その他（美容）,新規購入20％,未提携,a8
管理栄養士監修、嚥下対応の冷凍惣菜を自宅へ【食楽膳】,ＳＯＭＰＯケア株式会社,s00000027451001,加工食品,"新規購入（税抜）20％（お試しセット/単品都度購入）
新規購入（税抜）40％（定期）",未提携,a8
手軽に健康チェック！郵送検査の【ふじメディカル】,株式会社ふじメディカル,s00000009289001,その他（健康）,購入23％,未提携,a8
印鑑の「匠×革新」【はんこの激安通販店Yinkan】,はんこプレミアム株式会社,s00000013030007,生活雑貨,購入19％,未提携,a8
＼雑誌掲載多数！／5種類の肥満遺伝子を検査する『ダイエット遺伝子検査』,イービーエス株式会社,s00000004936001,その他（美容）,新規購入18.6％,未提携,a8
3種類のスポーツ遺伝子を検査する『エクササイズ遺伝子検査』,イービーエス株式会社,s00000004936003,医療,新規購入18.6％,提携中,a8
＼遺伝子検査で葉酸不足をチェック！／『葉酸代謝遺伝子検査』,イービーエス株式会社,s00000004936004,医療,新規購入18.6％,未提携,a8
遺伝体質から飲酒による健康リスクを知る『アルコール感受性遺伝子検査』,イービーエス株式会社,s00000004936005,医療,新規購入18.6％,未提携,a8
おしゃれ家具・インテリア通販「MUTUKI」,はんこプレミアム株式会社,s00000013030004,インテリア,購入10％,未提携,a8
本質を知り、優雅さを求める大人のブランド｜【PELLE MORBIDA（ペッレモルビダ）】,株式会社ウエニ貿易,s00000024938002,ファッション小物,購入18%,未提携,a8
カナダ産ペットフード『アカナ・オリジン』世界90ヵ国で販売,アカナ・オリジン,s00000025365001,ペット,購入（税抜）18％,提携中,a8
"お祝い花や胡蝶蘭なら花秘書【法人様向け贈答花】※ご利用法人数35,000社突破",株式会社ピーカチ,s00000025849001,花,購入（税抜）15％,未提携,a8
郵送でできる検査【ＧＭＥ医学検査研究所】,株式会社ＧＭＥ,s00000005911001,その他（健康）,購入17％,未提携,a8
国産・無添加おせち予約【らでぃっしゅぼーや】,オイシックス・ラ・大地株式会社,s00000009132015,加工食品,購入17％,未提携,a8
世界で一番売れているセキュリティソフト【ノートン】,ノートンストア,s00000016371001,家電,購入(税抜)20％,未提携,a8
モテたいメンズのためのトータルコーディネート★SPUTNICKS★（スプートニクス）,株式会社ＳＥＥＴＨＥＬＩＧＨＴ,s00000011369001,服,購入15.7％,未提携,a8
【通信の安定性抜群】格安海外eSIM｜ボイエグローバル（Voye Global）,Ｖｏｙｅ＿Ｇｌｏｂａｌ＿Ｃｏｎｎｅｃｔｉｖｉｔｙ＿Ｌｔｄ,s00000027127001,海外旅行,購入15.3％,未提携,a8
日本発祥のブランド・本革バッグと財布 NAGATANI（ナガタニ） 公式オンラインショップ,株式会社ナガタニ,s00000014074001,ファッション小物,"購入7％（下記以外の商品）
購入15％(新商品12点)
購入20％(オーダーメイド品20点)",未提携,a8
Re・De （リデ） ビューティー＆ケア｜暮らしを整える美容家電,ＣＨＯＵＣＨＯＵ,s00000021324003,家電,"購入20％（Re・De Hairdry｜Re・De）
購入25％（リデ Suhada スティック美顔器｜Re・De）
購入25％（リデ ヘアストレート アイロン スムース モイスト｜Re・De）",未提携,a8
海外旅行・出張なら手軽で便利なeSIM【JAPAN&GLOBAL eSIM】,イン・プラス株式会社,s00000025659001,その他（旅行）,購入25％,未提携,a8
ヘアケアの人気ブランド【ラサーナ (La Sana) 公式ショップ】,株式会社ヤマサキ,s00000001148001,ヘアケア,"▽一般メディア
購入10％

▽ポイントサイト
購入10％",未提携,a8
100%天然の植物から抽出【ラサーナ (La Sana) アロマ、ディフューザー、オイル】,株式会社ヤマサキ,s00000001148012,ボディケア,初回購入15％,未提携,a8
英会話、もうあきらめなくていい！「オンライン版」３０日間英語脳育成プログラム,株式会社ＩＱ─Ｓｔｒａｔｅｇｙ,s00000001418001,習い事,新規購入（税抜）15％,未提携,a8
英会話教材「6週間チャレンジ！スラスラ話せるオフィス英会話」,株式会社ＩＱ─Ｓｔｒａｔｅｇｙ,s00000001418002,習い事,購入15％,未提携,a8
テレビ、カタログ通販でおなじみ開運の財布販売,財布屋,s00000003951001,ファッション小物,購入10％,未提携,a8
総合セキュリティソフト「ESET HOME セキュリティシリーズ」,キヤノンＩＴソリューションズ株式会社,s00000005993007,家電,購入15％,未提携,a8
楽天ランキング常連★男の濃いヒゲ・ムダ毛対策【アフターシェイブローション】,株式会社アールスタイル,s00000007191002,エステ,購入(税抜)15％,未提携,a8
楽天香水部門１位！★女ゴコロをくすぐる★プレミアムパヒューム　ストーリア,株式会社アールスタイル,s00000007191010,その他（ファッション）,購入(税抜)15％,未提携,a8
【楽天No．1獲得ボディーソープ！】消臭5大成分高配合☆加齢臭・体臭対策『デオラ』,株式会社アールスタイル,s00000007191011,ボディケア,購入(税抜)15％,未提携,a8
楽天ヘアケア部門１位獲得★薄毛抜け毛に！頭皮が目覚める新発想！【ブラックシャンプー】,株式会社アールスタイル,s00000007191012,ヘアケア,購入(税抜)15％,未提携,a8
1本で4役！新メンズ美溶液★「1本で完了」の新エイジングケア【アクアモイス】,株式会社アールスタイル,s00000007191017,スキンケア,購入(税抜)15％,未提携,a8
発毛力を引き出す発毛促進剤！【グローパワー（医薬部外品・薬用育毛剤）】,株式会社アールスタイル,s00000007191018,ヘアケア,購入(税抜)15％,未提携,a8
楽天ＨＭＢ部門1位！HMB含有量 業界最高水準。HMBプレミアムマッスル ボディア,株式会社アールスタイル,s00000007191020,健康食品,購入(税抜)15％,未提携,a8
楽天ボディケア部門1位！メンズ除毛クリームならリムーバーグート！大容量の２５０ｇ,株式会社アールスタイル,s00000007191021,ボディケア,購入(税抜)15％,未提携,a8
楽天青汁部門１位！足りない栄養素を補う男性のための青汁【プレミアムメンズ青汁】,株式会社アールスタイル,s00000007191022,ダイエット,購入（税抜）15％,未提携,a8
女性の髪悩みをこの1本でケア。62種の天然由来成分配合頭皮ケア【リルラグジュアリーシャンプー】,株式会社アールスタイル,s00000007191024,ヘアケア,購入(税抜)15％,未提携,a8
"【スタディング】累計合格者の声16,000人超！オンライン資格講座",ＫＩＹＯラーニング,s00000008473001,資格取得,購入(税抜)15％,未提携,a8
有害物質を吸着！放射性ヨウ素などの対策に。【高性能浄水整水装置ソリューヴ】,株式会社スローヴィレッジ,s00000009981006,飲料,購入15％,未提携,a8
"""寝返りのしやすさ""と""寝姿勢""を追求したワンランク上の寝心地が実現する【健眠枕】",株式会社ロッピングライフ,s00000011064063,インテリア,初回購入(税抜)15％,提携中,a8
鮮度長持ち！食材をいつでも新鮮に【FOOD SEALER】,株式会社ロッピングライフ,s00000011064071,インテリア,初回購入(税抜)15％,未提携,a8
【海外WiFiレンタルのグローバルWiFi】,株式会社ビジョン,s00000011875001,wifi,成約1200円,未提携,a8
人気モデル・ブロガーも多数愛用！新感覚の頭皮フレグランス『ミニョン』,株式会社ネクストラウンド,s00000013639002,ヘアケア,新規購入（税抜）15％,未提携,a8
海外でeSIM使うなら【グロモバeSIM】,株式会社インバウンドプラットフォーム,s00000013909033,その他（旅行）,購入15％,未提携,a8
国内最大級の品揃えと全国送料無料のカラコン・コスメ専門通販ショップ≪SanCity≫,株式会社サンシティ,s00000014235001,ファッション小物,購入(税抜)15％,未提携,a8
【プロネイリストが制作する！】ネイルチップ専門店ミチネイル,丸井,s00000014629013,ネイル,購入15％,提携中,a8
全国送料無料！写メで簡単合鍵作成【俺の合鍵】,株式会社アスティ２４,s00000015204001,物件,購入15％,未提携,a8
販売本数No.1【ウイルスバスター公式トレンドマイクロ・オンラインショップ】,ウイルスバスター公式トレンドマイクロ・オンラインショップ,s00000015315001,家電,購入（税抜）15％,未提携,a8
ペイントツールのスタンダード【CLIP STUDIO PAINT】,株式会社セルシス,s00000015383001,総合（Webサービス）,購入15％,未提携,a8
金運・恋愛運アップの開運グッズ通販サイト【星のしずく】,星のしずく,s00000015567001,その他（エンタメ）,購入15％,未提携,a8
ココナッツオイルベースのナチュラルコスメ【rms beauty アールエムエス ビューティー】,株式会社アルファネット,s00000016102001,コスメ・メイク,購入15％,未提携,a8
歯科医開発。長時間口臭を防ぐ、総販売数850万本超えマウスウォッシュ,株式会社アルファネット,s00000016102002,健康グッズ,購入(税抜)15％,未提携,a8
特許取得！多目的に対応！体にフィットする伸縮ポーチ 【SPIBELT スパイベルト】,株式会社アルファネット,s00000016102005,スポーツ,購入(税抜)15％,未提携,a8
寝具専門店の一般医療機器リカバリーウェアと特許取得のオーダーメイド枕&マットレス,眠りの専門店マイまくら,s00000016652002,インテリア,購入15％,未提携,a8
レディースファッション通販「Pierrot（ピエロ）」,株式会社セレクト,s00000017271001,服,新規購入15％,未提携,a8
世界72か国、累計1200万枚の実績！エムリリー優反発マットレス,株式会社新陽トレーディング,s00000017436002,インテリア,初回購入15％,提携中,a8
睡眠革命、始まる。【エムリリーエコヘルスピロー】,株式会社新陽トレーディング,s00000017436009,インテリア,初回購入15％,未提携,a8
ビジネスアイテムで働くをもっと楽しく。ビジネスバッグ公式通販サイト｜TRANSIC,ＴＲＡＮＳＩＣ株式会社,s00000018836001,ファッション小物,購入(税抜)15％,未提携,a8
MacでWindowsを使えるソフト パラレルズ【Parallels】,Ｃｏｒｅｌ＿Ｃｏｒｐｏｒａｔｉｏｎ,s00000019939001,家電,"購入10％（Student Edition（学割））
購入15％（パラレルズ・デスクトップ）",未提携,a8
デザイン王国デンマークからやって来た、シンプルかつユニークな木製腕時計【VEJRHOJ】,ＶＥＪＲＨＯＪ＿ＡｐＳ,s00000020043001,ファッション小物,購入10％,未提携,a8
100％天然精油の香りで作った国産のサウナアロマ専門ブランド【YO（ヨウ）】,株式会社Ｕｎｓｕｎｇｓ＆Ｗｅｂ,s00000020287003,その他（暮らし）,新規購入15％,未提携,a8
シルクプレートのヘアアイロン・美容ブランドの【KINUJO】,株式会社ＫＩＮＵＪＯ,s00000021537001,ヘアケア,新規購入(税抜)15％,未提携,a8
最高級レザーで作るオーダーメイド専門店【Livelty TOKYO】,株式会社ｉＵｓｕａｌ,s00000021763001,ファッション小物,購入(税抜)15％,未提携,a8
TVでも話題、世界初の特許技術で作られた魔法のタオル！【エアーかおる（浅野撚糸）】,浅野撚糸株式会社,s00000021790001,インテリア,新規購入15％,未提携,a8
600万人が愛用、ドイツの高品質・快眠マットレス【エマ・スリープ】,Ｅｍｍａ＿Ｓｌｅｅｐ＿Ｊａｐａｎ合同会社,s00000021804001,その他（暮らし）,"▽一般メディア
購入7％

▽ポイントサイト
購入3％",未提携,a8
創業108年の鰹節屋がつくった刺身用カツオ・マグロ使用【ドッグフードおさかな】,株式会社金虎,s00000022193001,ペット,"新規購入(税抜)15％(その他)
新規購入(税抜)35％(おさかな)",提携中,a8
楽天ランキング酢部門1位！蜜柑果実酢配合「おいしい酢」【日本自然発酵おいしいWeb】,株式会社日本自然発酵,s00000022617001,その他（グルメ・食品）,"▽一般メディア
購入20％

▽ポイントサイト
購入15％",未提携,a8
"副業で2,000万円売った革財布や上質な革小物を扱うレザーブランド【moku】",ＡＴＥＬＩＥＲｍｏｋｕ,s00000022773001,ファッション小物,購入(税抜)15％,未提携,a8
猫様の生活をテクノロジーで見守る【Catlogシリーズ】,株式会社ＲＡＢＯ,s00000022902001,ペット,新規購入15％,提携中,a8
女性のためのプロテイン【私の完全美容食】,エステールホールディングス株式会社,s00000023309003,健康食品,初回購入15％,未提携,a8
マッチングアプリのプロフィール写真撮影サービス！いいねがもらえる写真【オトフィー】,株式会社オトフィー,s00000023477001,恋愛,新規プロフィール写真撮影10％,未提携,a8
1粒を作るのにのべ1週間かかる生チョコマカロン【MAMEIL　NAMA　CHOCOLATE　MACARON】,株式会社エンクル,s00000023513002,加工食品,購入15％,未提携,a8
世界200以上の国と地域に対応・旅をもっと簡単に【eSIM square】,株式会社テレコムスクエア,s00000023868002,その他（インターネット接続）,購入15％,未提携,a8
安心の24時間日本語サポート・旅がもっと自由になる【地球の歩き方eSIM】,株式会社テレコムスクエア,s00000023868003,総合（インターネット接続）,購入15％,未提携,a8
過去最高販売更新中！メンズ6cmヒールアップシューズ【ADELO（アデロ）】,ケイング株式会社,s00000024202001,ファッション小物,購入15％,未提携,a8
創業100年超の老舗がつくる奈良名産・柿の葉寿司【ゐざさ‐中谷本舗‐】,株式会社中谷本舗,s00000024550001,総合（グルメ・食品）,購入（税抜）15％,未提携,a8
"消費者が喜ぶ価格6,800円、400項目の遺伝子検査！【chatGENE】",株式会社ＫＥＡＮ＿Ｈｅａｌｔｈ,s00000025278001,医療,購入（税抜）15％,未提携,a8
「500項目」・「祖先解析」・「AI検索」全てを備えた遺伝子検査【chatGENE Pro】,株式会社ＫＥＡＮ＿Ｈｅａｌｔｈ,s00000025278002,その他（健康）,"▽一般
購入（税抜）15％

▽ポイントサイト
購入（税抜）10％",未提携,a8
腸活でもう迷わない！レアな痩せ菌も検出できる革命的腸内フローラ検査【chatFLORA G】,株式会社ＫＥＡＮ＿Ｈｅａｌｔｈ,s00000025278003,その他（美容）,購入（税抜）15％,未提携,a8
国産・無添加・ヒューマングレードのヒロミ家のドッグフード【F/H FOOD】,株式会社コラント,s00000025521002,ペット,新規購入15％,提携中,a8
洗える機能素材ウルトラスエードを使ったブランド【ESTIVANT/エスティバン】,株式会社ブルーム,s00000026000001,ファッション小物,購入15％,未提携,a8
海外向けeSIM！スマホ一つで旅行がもっと快適【TORA eSIM】,株式会社食源,s00000026367001,海外旅行,購入15％,未提携,a8
世界累計販売300万足突破！膝腰に驚くほどやさしいやわらかい履き心地の靴Joya,ファイブリング株式会社,s00000026590001,ファッション小物,購入15％,未提携,a8
全身ムダ毛ケアに！直径5mmのピンポイント照射対応の光脱毛器【dot shot】,株式会社グローバルエームズ,s00000026655001,美容機器,初回購入15％,未提携,a8
大切な写真をアートにする絵画キット【Paint Yours（ペイントユアーズ）】,株式会社Ｍｉｄｗａｖｅ,s00000027086001,その他（スポーツ・趣味）,購入15％,提携申請中,a8
ママと赤ちゃんの「まいにちを、とくべつに」【Berpy】,ｔａｙｏｒｉ株式会社,s00000027145001,子育て,購入15％,未提携,a8
ぬくもり伝わる天然素材のデザイン食器【RIVERET / agney* / taffeta】,仲吉商事株式会社,s00000027158001,インテリア,購入15％,未提携,a8
微生物が生きて届くから収穫が変わる。国産の有機液体肥料「生きてる肥料」。,株式会社共立ソリューションズ,s00000027184001,ガーデニング,"購入15％（生きてる肥料1L）
購入18％（生きてる肥料20L）",未提携,a8
靴下 ソックス 通販のナイガイ公式オンラインショップ,株式会社ナイガイ,s00000027322001,その他（ファッション）,購入15％,未提携,a8
知識ゼロでも安心！振袖・袴・訪問着をお得に着こなせる着物宅配レンタル【わらくあん】,たおや堂株式会社,s00000027518001,その他（ファッション）,レンタル予約（税抜）15％,未提携,a8
"累計300,000本突破！衣類用デオドラントスプレー【デオラボ　イオンクリア】",デオラボ,s00000008623002,ボディケア,購入13.9％,未提携,a8
［胡蝶蘭専門店オーキッドファン］お祝いの花【胡蝶蘭】,有限会社テンヴィクトリーズ,s00000009453002,花,購入13.5％,未提携,a8
簡単作成！写真レイアウト自由自在【本格的フォトブック】注文促進,ダンクセキ株式会社,s00000013799001,写真・プリント,注文13％,未提携,a8
金属アレルギー対応のアクセサリー。水に強くお風呂でもつけっぱなしOK【CREA】,株式会社２ＮＤ＿ＣＲＥＡ,s00000024049001,ファッション小物,購入13％,未提携,a8
都会的で洗練されたトレンドアイテム多数！メンズファッション通販【ASTRONOMY】,株式会社ＳＥＥＴＨＥＬＩＧＨＴ,s00000011369003,服,購入（税抜）9.49％,未提携,a8
腰痛でお悩みの方へ★高い体圧分散性と雲の上の寝心地【雲のやすらぎプレミアム】マットレスII,株式会社ロッピングライフ,s00000011064009,その他（健康）,"購入(税抜)12.1％

▽ポイントサイト　
購入(税抜)6％",提携中,a8
【雲のやすらぎプレミアムマットレス】モデル3R,株式会社ロッピングライフ,s00000011064068,インテリア,"購入(税抜)12.1％

▽ポイントサイト　
購入(税抜)6％",提携中,a8
腰に優しい敷布団　極厚17cm【雲のやすらぎプレミアム】敷布団,株式会社ロッピングライフ,s00000011064072,インテリア,"購入(税抜)12.1％

▽ポイントサイト　
購入(税抜)6％",提携中,a8
腰に優しい三つ折りマットレス　極厚13cm【雲のやすらぎプレミアム】三つ折りマ ットレス,株式会社ロッピングライフ,s00000011064073,インテリア,"購入(税抜)12.1％

▽ポイントサイト　
購入(税抜)6％",提携中,a8
ゾンビ臭（襲）来！強力デオドラントスプレーDOTDデオドラントオブザデッド,デオラボ,s00000008623005,ボディケア,新規購入238円,未提携,a8
京都西陣の剣道防具工房「源」,株式会社東山堂,s00000012559001,スポーツ,購入(税抜)12％,未提携,a8
人気急上昇中ギフト専門セレクトショップ「TANP」,株式会社タンプ,s00000019261001,総合（ギフト）,購入5％,未提携,a8
日本ライティング オンラインストア(車用品、抗菌関係の商品など),日本ライティング,s00000020746001,車・バイク,購入10％,未提携,a8
子供の遊び心をはぐくむ「くるピタランドセル」,株式会社マツモト,s00000021832001,子育て,新規購入(税抜)12％,未提携,a8
SNSで話題の大人のプチプラアクセサリー通販SHOP【GLUCK（グルック）】,株式会社グルック,s00000024186001,ファッション小物,購入12％,未提携,a8
常温保存で賞味期限最大90日のロングライフパン専門店【KOUBO（コウボ）】,株式会社ＫＯＵＢＯ,s00000025211001,総合（グルメ・食品）,購入12％,未提携,a8
ストッキング・タイツ・インナーの【Atsugi ONLINE SHOP】,アツギ株式会社,s00000025994001,服,購入12％,未提携,a8
全32色の本革。ほぼ全機種対応スマホケース【COVERARY-カバラリ-】,株式会社マインドワイズ,s00000027376001,電話,購入12％,未提携,a8
国内承認カラコン全品送料無料【チャームカラー】カラコン販売,株式会社ジー・ムーブ,s00000008001004,ファッション小物,購入11％,未提携,a8
芸能人御用達の授乳服・マタニティウェア専門店Sweet mommy【スウィートマミー】,株式会社スウィートマミー,s00000015995001,服,購入11％,未提携,a8
ギフトジュエリー専門店/大切な贈り物に【JewelryROLA（ジュエリーローラ）】,ＪｅｗｅｌｒｙＲＯＬＡ（ジュエリーローラ）,s00000017966001,その他（ギフト）,購入11％,未提携,a8
◆A8.net独占案件◆イオンの結婚式・成人式などのパーティドレスレンタル【LULUTI】,イオンリテール株式会社,s00000020695001,服,レンタル料金(税抜)11％,未提携,a8
1個から簡単！高品質！グッズ・ノベルティ制作【オリジナルファクトリー】,有限会社エクセル・タム,s00000025971001,インテリア,購入11％,未提携,a8
東北のお肉や牛タン・冷麺の通販サイト【やまなか家】,株式会社ＫＹフーズ,s00000026285001,生鮮食品,購入11％,未提携,a8
【腰の辛さでお悩みの方へ】創業36年老舗メーカーが開発した高反発マットレス,株式会社エフェクト,s00000026443001,インテリア,購入11％,未提携,a8
まるで水の上で眠るような寝心地【ASLEEP with Fine Revo】,株式会社大地コーポレーション,s00000027132001,インテリア,購入10.1％,未提携,a8
月の土地が買える！月の土地,株式会社ルナエンバシージャパン,s00000000623001,その他（ギフト）,購入15％,未提携,a8
月の土地が贈れるギフトカード！MOON　GIFT　CARD,株式会社ルナエンバシージャパン,s00000000623006,その他（ギフト）,購入15％,未提携,a8
"客単価10,000円！ギフトにお勧め米沢牛専門店の販促プログラム",有限会社肉のさかの,s00000009859002,生鮮食品,購入20％,未提携,a8
新登場！着るだけ速攻、S字くびれ＆美バストメイク【Slimuse スリムアップキャミ ソール】,株式会社ロッピングライフ,s00000011064056,服,初回購入(税抜)30％,未提携,a8
全国8店舗！全国最大級・最安値の着物レンタル【きものレンタルwargo】,株式会社羅針盤,s00000018839001,その他（ファッション）,新規レンタル予約15％,未提携,a8
次世代のIoTレザーブランド「LIFE POCKET ライフポケット」,株式会社ライフポケット,s00000022041001,ファッション小物,購入(税抜)20％,未提携,a8
届くまでわからないドキドキが推し活をもっと楽しくする！【サプライズボックス】,株式会社Ｓｍａｒｐｒｉｓｅ,s00000022246002,グッズ,新規定期購入（税抜）20％,未提携,a8
ヘッドホン・スピーカーなど、日本で何度もVGP賞を受賞！【Edifier】,Ｅｄｉｆｉｅｒ＿Ｊａｐａｎ株式会社,s00000024866001,家電,購入15％,未提携,a8
高音質ANCノイズキャンセリングイヤホン【NeoBuds Pro 2】,Ｅｄｉｆｉｅｒ＿Ｊａｐａｎ株式会社,s00000024866002,家電,購入15％,未提携,a8
"客単価20,000円超え！【滋味六感 蓮こん】料亭仕込みの高級しゃぶしゃぶギフト",株式会社座右,s00000027157001,総合（グルメ・食品）,購入20％,未提携,a8
スープギフト市場で人気急上昇！【ナチュラルグレース】無添加“食べる主食洋風スープ”,ナチュラルグレース有限会社,s00000027221001,加工食品,購入20％,未提携,a8
ブルーボトルコーヒー公式オンラインストア,Ｂｌｕｅ＿Ｂｏｔｔｌｅ＿Ｃｏｆｆｅｅ＿Ｊａｐａｎ合同会社,s00000027273001,飲料,購入12％,未提携,a8
座るだけで骨盤底筋ケア。韓国医療機器認可の本格EMSデバイス【easy-K】,株式会社コリアテックＪＰ,s00000027293002,美容機器,購入12％,未提携,a8
おもてなしセレクション特別賞受賞！国産和紅茶の専門店【雅紅茶】,有限会社ガーラジャパン,s00000027419001,飲料,購入21％,未提携,a8
点心師が手包み！国産ブランド豚と本格技術が詰まった冷凍餃子の通販【魔法の焼き餃子】,株式会社ハッピーフードシステム,s00000027469001,加工食品,購入25％,未提携,a8
球界のレジェンド山本昌さん愛用！自然な寝返りをサポートする【高反発マットレスモットン】,株式会社グリボー,s00000014775001,インテリア,新規購入10％,未提携,a8
球界のレジェンド山本昌さん愛用！自然な寝返りをサポートする【高反発まくらモットン】,株式会社グリボー,s00000014775004,その他（健康）,新規購入10％,提携中,a8
日本初の医療機器認証リカバリーマットレスで筋肉のコリを改善【REVERIA】,ｂｅａｕｔｙ＿ｍａｋｅ＿ｌａｂｏ,s00000022540006,医療,購入10％,未提携,a8
世界150万人が愛用！あなたの生産性を最大化！AI搭載のボイスレコーダー「Plaud」,ＰＬＡＵＤ株式会社,s00000025808001,その他（Webサービス）,購入10％,未提携,a8
海外旅行のためのお得なeSIM【Saily】,Ｓａｉｌｙ＿Ｉｎｃ．,s00000026058001,その他（旅行）,新規購入10％,未提携,a8
MT4対応の自動売買で資産運用をもっと手軽に！【お名前.com 監修】,ＧＭＯインターネット株式会社,s00000000018050,サーバー,購入(税抜)10％,未提携,a8
幸運を引き寄せる「フラクタル・サーキット」,株式会社ヴォイスグッズ,s00000000059004,その他（エンタメ）,購入10％,未提携,a8
アルク語学講座・教材,株式会社アルク,s00000000343006,習い事,講座申込or商品購入10％,未提携,a8
[サスティナブルな暮らしを]人にも環境にもやさしいエコロジーグッズ・エコデパジャパン,有限会社生活アートクラブ,s00000000465002,家事・日用品,購入10％,未提携,a8
フラワーメッセージお花屋さん販売,株式会社フラワーメッセージお花屋さん,s00000000580001,花,購入金額の１０％,未提携,a8
フジカラーデジカメプリント─オンライン注文,マイアルバム株式会社,s00000000926001,写真・プリント,購入10％,未提携,a8
【らくらくフォトブック】,マイアルバム株式会社,s00000000926004,写真・プリント,購入金額の10％,未提携,a8
【らくらくポストカード】注文促進,マイアルバム株式会社,s00000000926005,写真・プリント,成約金額10％,未提携,a8
【イメージングゲート・写真関連サービス】,マイアルバム株式会社,s00000000926007,写真・プリント,新規購入10％,未提携,a8
サプリメントのリアルメイト健康通販【リアルメイト健康ＷＥＢ通販】,株式会社リアルメイト,s00000001709011,美容食品,購入10％,未提携,a8
ベランダや窓からの転落防止柵(ネット)【おとさんゾウ】,ツルマキ,s00000002404016,その他（暮らし）,新規購入20％,未提携,a8
作務衣（さむえ）専門通信販売 『伝統芸術を着る会』,株式会社ソキュアス,s00000002646004,服,購入(税抜)10％,未提携,a8
雛人形、五月人形の「真多呂人形」,株式会社ソキュアス,s00000002646006,子育て,購入(税抜)5％,未提携,a8
20年以上の実績！高品質フォトブック＆フォトグッズなら【MyBook(マイブック)】,株式会社アスカネット,s00000004224008,写真・プリント,新規購入(税抜)10％,未提携,a8
iPhoneケース・スマホカバー・スマホアクセサリー専門店のHamee本店,Ｈａｍｅｅ株式会社,s00000004383001,電話,購入(税抜)10％,未提携,a8
【ワン・ツー】あかひげ薬局アフリエイト,株式会社ワンツー,s00000005126001,健康食品,"購入10％(その他商品）
購入40％(SEX MONSTER)",未提携,a8
水虫、いんきんたむし、カンジタ、亀頭包皮炎に【ドクターズチョイス　ファンガクリーム】,ビューティアンドヘルスリサーチ,s00000006276003,その他（健康）,初回購入10％,未提携,a8
「カズレーザーと学ぶ」で話題の低GI甘味料【アルロース】の専門店,ビューティアンドヘルスリサーチ,s00000006276011,その他（グルメ・食品）,購入10％,未提携,a8
バナジウム天然水「朝霧のしずく」ペットボトル,株式会社ザ・トーカイ,s00000007057004,飲料,"購入10％（都度）
購入30％（定期）",未提携,a8
【しまうまプリント】会員数600万人超え！1枚6円〜の格安高品質の写真プリント,株式会社しまうまプリント,s00000007448001,写真・プリント,注文金額(税抜)10％,未提携,a8
ダスキン商品の専門ネットショップ『ダスキンほづみインターネットショップ』,株式会社ほづみ,s00000008131008,家事・日用品,購入（税抜）10％,未提携,a8
おしゃれで機能的家具がお手頃価格な家具通販【家具350】,株式会社イーナ,s00000009385001,インテリア,購入8％,未提携,a8
おしゃれで機能的家具がお手頃価格な家具通販【家具350】,株式会社イーナ,s00000009385002,インテリア,購入8％,未提携,a8
ソファ、ベッド、収納などの北欧インテリアがお手頃価格な家具通販「ii-na」,株式会社イーナ,s00000009385003,インテリア,購入8％,未提携,a8
メディア掲載多数！ビジネス小物『SUPER　CLASSIC（スーパークラシック）』,バリューイノベーション株式会社,s00000010351001,ファッション小物,購入10％,未提携,a8
ヨガウェア通販　LITHEE（リジー）オンラインストア,メディエア株式会社,s00000010487005,その他（ファッション）,"購入(税抜)10％
購入1000円（ヌーブラ・ビーチ エアー）
購入1000円（ヌーブラビーチ・プラス）",未提携,a8
腰のつらさ対策雲のやすらぎから誕生！座るだけで正姿勢【雲のやすらぎクッション座布団】,株式会社ロッピングライフ,s00000011064055,その他（暮らし）,初回購入(税抜)10％,未提携,a8
スキレット1つで焼く・煮る・レンジ・保存全部完結！【リュウジの万能スキレット 】,株式会社ロッピングライフ,s00000011064064,インテリア,購入(税抜)10％,提携中,a8
良い印鑑をより安く！【はんこdeハンコ】,株式会社ウィズアス,s00000011117001,生活雑貨,購入10％,未提携,a8
会社印鑑専門通販サイト！【会社印鑑ドットコム】の,株式会社ウィズアス,s00000011117003,生活雑貨,購入10％,未提携,a8
法律資格・公務員試験のスクール【伊藤塾】講座申込,伊藤塾,s00000011467001,資格取得,講座申込金額10％,未提携,a8
パワーストーンや誕生石の通販サイト【Pascle（パスクル）】,株式会社リーフワークス,s00000011961017,ファッション小物,購入(税抜)11％,未提携,a8
10年保証付き・独占販売フライパン【高級フライパンのお店PENTA&ruhru】,株式会社インフィニ,s00000012134001,インテリア,購入10％,未提携,a8
カプセルトイ・カプセル自販機通販サイト【あミューズ】,株式会社ｆｕｎｂｏｘ,s00000012526001,ゲーム,新規購入10％,未提携,a8
オリジナルのチロルチョコが作れる【DECOチョコ】,株式会社ｆｕｎｂｏｘ,s00000012526002,加工食品,購入10％,未提携,a8
家具・インテリア総合通販【woodlife.jp】,はんこプレミアム株式会社,s00000013030006,インテリア,購入10％,未提携,a8
【オリジナルTシャツTMIX】注文,オリジナルラボ株式会社,s00000013167001,その他（ファッション）,購入(税抜)10％,未提携,a8
新聞通販でおなじみ！生活用品の通信販売【暮らしの幸便】,株式会社ワイドシステム,s00000013197001,総合（暮らし）,購入10％,未提携,a8
ご家庭で簡単真空保存！真空パックん公式通販【暮らしの幸便】,株式会社ワイドシステム,s00000013197002,その他（暮らし）,購入10％,未提携,a8
スタイルをキレイに見せる着圧衣類の総合通販サイト【URONA（ウローナ）】,日本サプリメントフーズ株式会社,s00000013307032,服,購入(税抜)10％,未提携,a8
『プリスタ。』　豊富な用紙で格安名刺　注文,株式会社ビットブレーン,s00000013309001,オフィス用品,注文金額10％,未提携,a8
TVや雑誌で人気♪1万人超の喜びの声★創業40年【パワーストーン ヒラオカ宝石】,ヒラオカ宝石,s00000013378001,グッズ,新規購入10％,未提携,a8
「高品質画質」7色印刷！1部から作る【オリジナル > カレンダー】,ダンクセキ株式会社,s00000013799002,その他（暮らし）,注文10％,未提携,a8
美容室専売ハホニコから本当のサロンクオリティをご自宅で【ハホニコ・ハッピーライフ】,株式会社ハホニコ,s00000013937001,ヘアケア,新規購入25％,未提携,a8
本場博多の明太子創業メーカー【ふくや】販売,株式会社ふくや,s00000014102001,生鮮食品,新規購入10％,未提携,a8
アンリ・シャルパンティエ【洋菓子シュゼット】,株式会社シュゼット,s00000014348001,加工食品,購入7％,未提携,a8
casaneo(カサネオ)【洋菓子シュゼット】,株式会社シュゼット,s00000014348002,加工食品,購入7％,未提携,a8
C3(シーキューブ)【洋菓子シュゼット】,株式会社シュゼット,s00000014348003,加工食品,購入7％,未提携,a8
"ひろゆきのブランド【Mo,de in Japan】",丸井,s00000014629017,総合（ファッション）,購入10％,未提携,a8
互換インクカートリッジの通販サイト【インク革命.com】,株式会社シー・コネクト,s00000014635001,オフィス用品,新規購入10％,未提携,a8
正しい姿勢をケアする「美姿勢ビルダー」,株式会社グリボー,s00000014775011,その他（健康）,新規購入10％,未提携,a8
球界のレジェンド山本昌さん愛用！冷え対策に【ママウォーム】掛布団,株式会社グリボー,s00000014775012,インテリア,新規購入10％,未提携,a8
アイテム数豊富★メンズファッション通販サイト【SILVER BULLET(シルバーバレット)】,株式会社ピー・ビー・アイ,s00000014915001,服,購入（税抜）10％,未提携,a8
日本最大級の商品数！メンズファッションBITTER公式通販サイト【BITTER STORE】,株式会社ピー・ビー・アイ,s00000014915002,服,購入10％,未提携,a8
女性浴衣通販　専門店 Dita ディータ Official Store,株式会社ピー・ビー・アイ,s00000014915006,服,購入(税抜)10％,未提携,a8
資格試験のオンライン対策サイト【資格スクエア】,資格スクエア,s00000014916001,資格取得,講座申込金額10％,未提携,a8
大人可愛い私だけのスタイル！韓国アナウンサーご愛用ブランド『styleonme』,ＯＮＭＥ＿ＣＯ．，ＬＴＤ．,s00000015358001,服,購入10％,未提携,a8
Dr.高須英津子が開発「ジュランツ」美肌のための化粧品,株式会社Ｄｒ．高須英津子コスメ,s00000015398001,スキンケア,"初回購入（税抜）50％
初回購入（税抜）10％（JBPエクワイン100）",未提携,a8
栗菓子の専門店　【栗きんとん・栗菓子の恵那川上屋オンラインショップ】,株式会社恵那川上屋,s00000015574001,加工食品,新規購入10％,未提携,a8
馬肉・馬刺し通販売上NO.1！ギフトに選ばれる【熊本馬刺しドットコム】,株式会社利他フーズ,s00000015836005,生鮮食品,購入10％,未提携,a8
メーカー直販！カーテン、ラグ、玄関マット専門店【cucan クーカンネットショップ】,株式会社スミノエインテリアプロダクツ,s00000015871001,インテリア,購入(税抜)10％,未提携,a8
全国屈指の焙煎士が本当に美味しい珈琲をお届け【ROKUMEI COFFEE CO.】,株式会社路珈珈,s00000015961001,飲料,"購入10％（その他）
購入30％（定期購入会・頒布会）",未提携,a8
犬・猫のために作ったペット用品ブランド【ONEKOSAMA OINUSAMA】,株式会社スウィートマミー,s00000015995003,ペット,購入（税抜）10％,提携中,a8
男性シャンプーシェアNo.1 スカルプD 【予防医学のアンファーストア】,アンファー株式会社,s00000016002001,総合（美容）,購入5％,未提携,a8
国産・職人のこだわりパンツ【TOOT（トゥート）】百貨店で人気！高級メンズ下着,株式会社ＴＯＯＴ,s00000016117001,服,購入10％,未提携,a8
釣り・フィッシング カスタムパーツ専門店【HEDGEHOG STUDIO】,株式会社ＨＥＤＧＥＨＯＧ＿ＳＴＵＤＩＯ,s00000016291001,総合（スポーツ・趣味）,購入(税抜)10％,未提携,a8
《シリーズ累計本数40万本突破》サロン髪へ導くヘアケアブランド【 LUTY（ルーティー）】,株式会社フォーサイス,s00000016301015,ヘアケア,"購入(税抜)10％（通常）
初回購入(税抜)75％（定期）",未提携,a8
生地表面からダニ一匹も通さない！布団のダニ対策に【ディーガード】,株式会社イワミズ,s00000016380005,家事・日用品,初回購入10％,未提携,a8
お洒落で自然なウィッグをリーズナブルに提供【ウィッグ・エクステ Brightlele】,京越株式会社,s00000016411001,ファッション小物,購入10％,未提携,a8
日本文化をもっと身近に、和装文化をもっと気軽に。【きものKYOETSU】,京越株式会社,s00000016411002,その他（ファッション）,購入10％,未提携,a8
スーツケースレンタルなら日本最大級の【アールワイレンタル】R&Y Rental,日本鞄材株式会社,s00000016470001,トラベルグッズ,新規レンタル申込10％,未提携,a8
ｅラーニング利用者数で抜群の実績！金融資格のｅラーニングは【資格対策ドットコム】,株式会社アーティスソリューションズ,s00000016734001,総合（学び・資格）,講座申込10％,未提携,a8
SNSで話題！NY土産の定番ファットウィッチブラウニー【Fat Witch New York】,リボン食品株式会社,s00000016857002,加工食品,購入10％,未提携,a8
たった5秒で本格コーヒーが味わえるパウダーコーヒー【INICコーヒー】,パウダーフーズフォレスト株式会社,s00000017094001,飲料,新規購入10％,提携中,a8
「楽天ランキング1位」純ハイドロキノン 8%配合 【KISO】 高品質・高配合化粧品,株式会社基礎化粧品研究所,s00000017175001,スキンケア,購入10％,未提携,a8
妥協しないスカルプケア【LABOMO】,株式会社アートネイチャー,s00000017212001,ヘアケア,購入(税抜)10％,未提携,a8
白髪、薄毛を早く・自然にカバーする【アートミクロンプラビ】,株式会社アートネイチャー,s00000017212002,ヘアケア,購入(税抜)10％,未提携,a8
透けた地肌を直接カバー【アートミクロン】,株式会社アートネイチャー,s00000017212003,ヘアケア,購入(税抜)10％,未提携,a8
髪への美しさにこだわった白髪用【LABOMO(ラボモ) スカルプアロマ ヘアカラートリートメント】,株式会社アートネイチャー,s00000017212004,ヘアケア,購入(税抜)10％,未提携,a8
新感覚のジェル状ナノ美容液【アウトバストリートメント】,株式会社アートネイチャー,s00000017212005,ヘアケア,購入(税抜)10％,未提携,a8
今日から実感すべての髪質を美しく!生はちみつ20％配合シャンプー誕生【MY HONEY REMEDY】,株式会社ＭＹ＿ＨＯＮＥＹ,s00000017326001,ショッピングモール,購入（税抜）20％,未提携,a8
累計1200万枚突破＆全世界72ヵ国でご愛用！エムリリーハイブリッドマットレス,株式会社新陽トレーディング,s00000017436005,インテリア,初回購入10％,未提携,a8
Amazon三冠達成！話題のスミレ色のワインを始めとした日本未入荷の豪州ワイン,株式会社新陽トレーディング,s00000017436008,飲料,新規購入10％,未提携,a8
出産祝い　かわいいがいっぱい　【ベルビーベベ】,株式会社ベルビー,s00000017695001,お祝い,購入10％,未提携,a8
想いをお花に込めて【ベルビーフルール】,株式会社ベルビー,s00000017695004,花,購入10％,未提携,a8
みんな天使になる【ベルビーアンファン】,株式会社ベルビー,s00000017695005,オリジナルギフト,購入10％,未提携,a8
離れていても、いつでも一緒。【新型Furboドッグカメラ - 360°ビュー】,Ｔｏｍｏｆｕｎ株式会社,s00000017737001,ペット,購入10％,提携中,a8
楽天ランキング4冠獲得【VOICE 5ライン グリーンレーザー墨出し器】,株式会社ＶＯＩＣＥ,s00000017838001,その他（暮らし）,新規購入10％,未提携,a8
Web集客に特化したWordPressテーマEmanon［エマノン］,株式会社イノ・コード,s00000018051001,ホームページ・ネットショップ,購入10％（WordPress有料テーマ）,未提携,a8
業界最大級/結婚式ゲストドレス・お呼ばれワンピースのレンタル｜おしゃれコンシャス,株式会社ミスコンシャス,s00000018270001,総合（ファッション）,"新規購入(税抜)10％
新規レンタル(税抜)10％",未提携,a8
パリジャンに最も愛される、高品質&最先端ティーメゾン「クスミティー(KUSMI TEA)」,ＫＵＳＭＩ＿ＴＥＡ,s00000018324001,飲料,購入（税抜）10％,未提携,a8
日本＆世界の名産品をお取り寄せ＆お土産に【JTBショッピング】,株式会社ＪＴＢ商事,s00000018449001,その他（ギフト）,購入5％,未提携,a8
日本発のアウトドアブランド【WAQアウトドアストア】,ＷＡＱ株式会社,s00000018486001,アウトドア,新規購入5％,未提携,a8
激安ゴルフウェア・ゴルフクラブの有賀園ゴルフオンラインAGO,株式会社有賀園ゴルフ,s00000018745001,スポーツ,購入4％,未提携,a8
ビジネスアイテムで働くをもっと楽しく。ビジネスバッグ公式通販サイト【TRANSIC LADIES】,ＴＲＡＮＳＩＣ株式会社,s00000018836003,ファッション小物,購入10％,未提携,a8
ウィッグ・エクステ・かつらの専門店【ピンクエイジ（PINKAGE)】,株式会社ピンクエイジ,s00000019244001,ファッション小物,購入10％,未提携,a8
高級木製スタンド付き＜1部500円〜＞12枚の写真で作る【TOLOT卓上カレンダー】,株式会社ＴＯＬＯＴ,s00000019373002,写真・プリント,購入10％,未提携,a8
レディースインナー通販【tu-hacci（ツーハッチ）】,株式会社Ｗａｔｅｒ＿Ａｉｒ,s00000019444001,服,購入8％,未提携,a8
芸能人や有名人にも人気！ 遊びの時間を刻む時計 【BRILLAMICO(ブリラミコ) 公式ストア】,株式会社イロドリ,s00000019504001,ファッション小物,購入10％,未提携,a8
爪噛み、指しゃぶり防止マニキュア「かむピタ公式通販サイト」,株式会社イロドリ,s00000019504002,子育て,購入10％,未提携,a8
【ソースネクストソフトウェア・IoT通常報酬プログラム】,ソースネクスト株式会社,s00000019543001,その他（暮らし）,"▽一般メディア
購入(税抜)10％
購入(税抜)5％(Dropbox・Molekule・MeetingOwl・ポケトーク関連商品) 

▽ポイントサイト
購入(税抜)5％",未提携,a8
【ご協力のお願い】「超厳選」美と健康の通販サイト-30日間の返金保証つき-,株式会社ＧＷＦ,s00000019882006,スキンケア,新規購入(税抜)10％,未提携,a8
サンフランシスコ発チョコレート専門店【Dandelion Chocolate】,ＤａｎｄｅｌｉｏｎＣｈｏｃｏｌａｔｅＪａｐａｎ株式会社,s00000020137001,加工食品,購入10％,未提携,a8
ひらけ、ゴミ箱!!自動ゴミ箱のZitA【ジータ】,株式会社さくらドーム,s00000020232001,インテリア,購入10％,未提携,a8
天然精油100%の香りにこだわった、国産ホームケアブランド【Komons（コモンズ）】,株式会社Ｕｎｓｕｎｇｓ＆Ｗｅｂ,s00000020287001,インテリア,購入10％,未提携,a8
〜日本の旬を世界に届ける〜レア・ドライフルーツ【FRUITEST（フルーテスト）】,株式会社Ｕｎｓｕｎｇｓ＆Ｗｅｂ,s00000020287002,加工食品,購入(税抜)10％,未提携,a8
大きい服でオシャレに決めるファッションサイト【ビッグエムワン】,株式会社ザザホラヤ,s00000020289001,服,購入10％,未提携,a8
世界90カ国で愛用！スイス発プレミアムなオーラルケア【クラプロックス】,株式会社クラデンジャパン,s00000020344001,健康グッズ,"購入10％
購入30％(歯ブラシ CS5460　CSスマート 各2本セット)",未提携,a8
【日本初】犬の飼い主様のお悩み解決アイデア商品『犬のお散歩メッセージワッペン』,Ａｌｉｃｅ’ｓＤｏｇ＆Ｃａｔ,s00000020412002,ペット,購入10％,提携中,a8
【KANGAPOOCH 】人にもペットにも負担の少ない超軽量犬の抱っこ紐,Ａｌｉｃｅ’ｓＤｏｇ＆Ｃａｔ,s00000020412003,ペット,新規購入10％,提携中,a8
【獣医師推奨】犬の首や気管、肌の擦れ、脇の食い込みを与えない犬ハーネス ペルロス,Ａｌｉｃｅ’ｓＤｏｇ＆Ｃａｔ,s00000020412006,ペット,初回購入10％,提携中,a8
どこまでも濃密でどこまでもシンプルな今治産タオル【TRUE TOWEL】,正岡タオル株式会社,s00000020579001,インテリア,購入(税抜)10％,未提携,a8
憧れのVTuberに今すぐなれる【nizimaLIVE】,株式会社Ｌｉｖｅ２Ｄ,s00000020625003,その他（エンタメ）,"新規購入10％（business年間)
新規購入20％（business単月）
新規購入20％（indie単月）
新規購入20％（indie年間）",未提携,a8
【LULUTI】 ブラックフォーマル（喪服・礼服）イオンのレンタル,イオンリテール株式会社,s00000020695002,服,レンタル料金10％,未提携,a8
テレビCMでもおなじみ！辛子明太子の本場【福さ屋】,【公式】辛子めんたい＿福さ屋,s00000020719001,生鮮食品,購入10％,未提携,a8
みんなの思いを、背負ってつくる。【カザマランドセル】,有限会社カザマ,s00000020741001,幼児教育,"購入10％
新規カタログ請求200円",未提携,a8
おいしい+胃腸にいい水をつくる日本トリムの「電解水素水整水器」です。,株式会社日本トリム,s00000020784001,家電,購入（税抜）10％,未提携,a8
機能性を考えた手作りランドセル【ランドセルの岐阜横山鞄】,有限会社ヨコヤマ,s00000020890001,ファッション小物,"新規カタログ請求200円
購入10％",未提携,a8
アパレル発 日本製にこだわったレザーブランド【sot（ソット）】,ｓｏｔ（ソット）,s00000020898001,ファッション小物,購入10％,未提携,a8
日本の素材や技術にこだわったデイリーウェアブランド【 quadro（クオドロ）】,ｓｏｔ（ソット）,s00000020898002,服,購入10％,未提携,a8
GD賞受賞・特許取得のマットレスが多数！高機能・高耐久マットレス【ソムレスタ】,株式会社リフレーションジャパン,s00000020998001,その他（暮らし）,新規購入10％,未提携,a8
初めての写真編集にも最適なRAW現像ソフト【SILKYPIX Developer Studio Pro12】,テクノホライゾン株式会社,s00000021054001,家電,購入（税抜）10％,未提携,a8
京かける七味【おちゃのこさいさい】,おちゃのこさいさい,s00000021067001,加工食品,新規購入10％,未提携,a8
寝返り”を科学したコイル構造で、からだの負担を軽減する【NELL マットレス】,株式会社Ｍｏｒｇｈｔ,s00000021302001,その他（暮らし）,購入5％,未提携,a8
世界を明るく照らす【オーライト】,ＯＬＩＧＨＴ＿ＥＣＯＭＭＥＲＣＥ＿ＴＥＣＨＮＯＬＯＧＹ＿ＣＯ．，Ｌｔｄ,s00000021319001,総合（暮らし）,購入(税抜)8％,未提携,a8
大人気★ヘアアイテム通販（美容室・サロン専売）【CHOUCHOU（シュシュ）】,ＣＨＯＵＣＨＯＵ,s00000021324001,ヘアケア,購入(税抜)10％,未提携,a8
ゆりやんとのコラボで話題！癒し系ドールチャーム【イルメール公式ショッピングサイト】,株式会社スタジオアタオ,s00000021414001,服,購入10％,未提携,a8
ギフト『胡蝶蘭』の専門店！胡蝶蘭農家直送型の【ランノハナドットコム（クマサキ洋ラン農園）】,クマサキ洋ラン農園,s00000021416001,花,購入10％,未提携,a8
京都から「千寿せんべい」などこだわりの和菓子をお届け【鼓月オンラインストア】,株式会社鼓月,s00000021453001,加工食品,購入10％,未提携,a8
和菓子作りのノウハウを生かした京都の洋菓子店,株式会社鼓月,s00000021453003,加工食品,購入10％,未提携,a8
【国家資格などのオンライン試験対策講座】SMART合格講座で合格を勝ち取る!,（一財）全日本情報学習振興協会,s00000021473001,資格取得,"新規購入30％（講座申込）
新規購入10％（試験申込）",未提携,a8
マッチングアプリ用のモテるプロフィール写真をプロが撮影代行！「マッチングフォト」,株式会社ＬＩＢＥＲＴＹ,s00000021593001,その他（結婚・恋愛）,購入10％,未提携,a8
こだわりの高品質腕時計をお手頃に【AV86(旧About Vintage) 】,ＡＶ＿Ｇｒｏｕｐ＿ＡｐＳ,s00000021597001,ファッション小物,購入10％,未提携,a8
メディア掲載多数・TVCMも！お菓子・パン作りの総合通販サイト【cotta】,株式会社ｃｏｔｔａ,s00000021624001,その他（グルメ・食品）,"▽一般メディア
新規購入400円

▽ポイントサイト
新規購入2％",未提携,a8
【国産高品質】ULTORAプロテイン,株式会社ＵＬＴＯＲＡ,s00000021719001,ダイエット,購入10％,未提携,a8
本当に合格したい人が選ぶ二級建築士とインテリアコーディネーターの通信スクール,株式会社住宅デザイン研究所,s00000021788001,習い事,新規講座申込(税抜)10％,未提携,a8
1客単価が高めで成約率も高い！ブランド古着買取【カインドオル】の宅配買取サイト,株式会社カインドオル,s00000021798001,リサイクル,"新規買取500円（買取金額2000円以上）
新規買取5000円（買取金額10000円以上）",未提携,a8
健康、人権、環境に配慮した真空断熱ボトル【タイガーオンラインストア】,タイガー魔法瓶株式会社,s00000021810001,インテリア,購入(税抜)10％,未提携,a8
【THE BED ROOM】快眠をお届けするベッド専門店「ベッドルーム」,ビーナスベッド株式会社,s00000022018001,インテリア,購入10％,未提携,a8
NERUSIA（ネルシア）シリーズ,ビーナスベッド株式会社,s00000022018002,インテリア,購入10％,未提携,a8
【プレゼントとして最適】体の疲れを癒すリラクゼーション機器＆美容家電ブランドの『NIPLUX』,ＮＩＰＬＵＸ,s00000022145001,美容機器,購入10％,未提携,a8
大人の女性に向けたプチプラアクセ【Cream dot(クリームドット)】,株式会社Ｑｕｅ＿Ｃｅｒａ,s00000022153001,ファッション小物,購入10％,未提携,a8
誰でも簡単にオリジナルグッズを1個から作れて販売できるME-Q（メーク）,ＭＥ─Ｑ,s00000022180001,その他（暮らし）,購入10％,未提携,a8
国内最安！オリジナルTシャツが1枚から作れるTUQRU（ツクル）,ＭＥ─Ｑ,s00000022180002,総合（ファッション）,購入10％,未提携,a8
ドラマや雑誌掲載多数！バッグ、財布ブランド【MURA】,ＭＵＲＡ株式会社,s00000022206001,ファッション小物,購入10％,未提携,a8
シンガポール発のキッズ家電メーカー【myFirst Japan】,ｍｙＦｉｒｓｔ＿Ｊａｐａｎ株式会社,s00000022215001,その他（暮らし）,"購入10％
購入10％（myFirst Fone S3c）",未提携,a8
新しいサプリメント・プロテイン「Naturecan（ネイチャーカン）フィットネス」,Ｎａｔｕｒｅｃａｎ株式会社,s00000022232001,健康食品,"▽一般メディア
新規購入15％
リピート購入5％

▽ポイントサイト
購入6％",未提携,a8
英国発の高品質CBDブランド【NATURECAN(ネイチャーカン)】,Ｎａｔｕｒｅｃａｎ株式会社,s00000022232002,総合（美容）,"▽一般メディア
新規購入15％
リピート購入5％

▽ポイントサイト
購入8％",未提携,a8
お手頃価格のペンタブレットでイラスト・マンガを描こう！【XP-PEN公式ストア】,ＨａｎｖｏｎＵｇｅｅ（ＨＫ）ＴｅｃｈｎｏｌｏｇｙＣｏ．，Ｌｔｄ,s00000022240001,家電,購入6％,未提携,a8
ジュエリーアクセショップ職人技デザイン【cui-cui】,ｃｕｉ─ｃｕｉ,s00000022285001,ファッション小物,購入(税抜)10％,未提携,a8
腰のことを考えた、高さ調節して腰にフィットする【リカバリーデザイン腰まくら】,有限会社サカイ,s00000022288003,健康グッズ,購入（税抜）10％,未提携,a8
敷布団をコインランドリーで簡単に洗える【アラエマックス敷布団専用洗濯ネット】,有限会社サカイ,s00000022288004,家事・日用品,購入（税抜）10％,未提携,a8
こだわり抜いたダウンをたっぷり使用した【アースダウン羽毛布団】,有限会社サカイ,s00000022288006,インテリア,購入(税抜)10％,未提携,a8
販売数29万枚!2005年誕生、歴史と実績の洗える布団ブランド【Araemax】,有限会社サカイ,s00000022288007,総合（暮らし）,新規購入（税抜）10％,未提携,a8
安心安全のフッ素樹脂を全く使わないフライパン！【グリーンパン オンラインストア】,株式会社ワイ・ヨット,s00000022405001,インテリア,購入10％,未提携,a8
環境に優しい便利なシリコン保存容器【ジップトップオンラインストア】,株式会社ワイ・ヨット,s00000022405002,インテリア,購入10％,未提携,a8
キッチン・ダイニング用品を取り扱う「ワイヨット ストア」,株式会社ワイ・ヨット,s00000022405004,インテリア,"新規購入10％
新規購入15％（ヘスタンキュースターターセット）",未提携,a8
接待の手土産特選！ショコラティエの創るスイーツ【DEL'IMMO（デリーモ）】,ＤＥＬ’ＩＭＭＯ,s00000022444001,加工食品,購入(税抜)10％,未提携,a8
大人の女性の心をくすぐるバッグを企画・販売【HAYNI（ヘイニ）】,株式会社ＨＡＹＮＩ,s00000022455001,ファッション小物,購入10％,未提携,a8
レディースアクセサリー・ジュエリー【Ops.(オプス)公式ストア】,株式会社ＨＡＹＮＩ,s00000022455002,ファッション小物,購入10％,未提携,a8
枯れない高品質な造花・フェイクグリーン専門店【プリマオンライン】,プリマ株式会社,s00000022598001,ガーデニング,購入10％,未提携,a8
レディースジュエリー＆ペアジュエリー【L&Co.（エルアンドコー）】,Ｌ＆Ｃｏ．,s00000022655001,ファッション小物,購入(税抜)10％,未提携,a8
★ベルギー発祥のチョコレート★【GODIVA（ゴディバオンラインショップ）】,ゴディバジャパン株式会社,s00000022757001,加工食品,購入5％,未提携,a8
ジグソーパズルの歴史は当社から始まった！やのまん通信販売,株式会社やのまん,s00000022769001,総合（エンタメ）,購入10％,未提携,a8
寝かせ玄米など国産・無添加の美味しい食品を揃えてます【結わえるオンラインストア】,株式会社結わえる,s00000022796001,生鮮食品,購入15％,未提携,a8
アートとファッションの融合を目指したファッションアイテム【カステルバジャック】,株式会社インス,s00000022828001,総合（ファッション）,購入7％,未提携,a8
おしゃれなママが注目するマタニティ服・授乳服通販Pearls【パールズ】,株式会社ａｎｎｕａｌ＿ｒｉｎｇｓ,s00000022843001,服,購入10％,未提携,a8
「スマートホーム」のベストセラー【SwitchBot公式サイト】,ＳＷＩＴＣＨＢＯＴ株式会社,s00000022845001,家電,購入10％,未提携,a8
美味しいひとくちで幸せなひとときを｜une onlineshop,株式会社ニッチ,s00000022860001,加工食品,購入10％,未提携,a8
お肉にこだわり５０年「絶対美味い！」がここにある。【銘柄和牛販売店　廣岡精肉店】,広岡精肉店,s00000022880001,生鮮食品,購入15％,未提携,a8
novice（ノーヴィス）｜感度の高い大人のプチプラアクセサリー通販ショップ,ｎｏｖｉｃｅ,s00000023002001,ファッション小物,購入(税抜)10％,未提携,a8
家庭用品からペット・アウトドア用品を販売【HARIO NETSHOP】,株式会社ハリオ商事,s00000023031001,ペット,購入10％,提携中,a8
メンズファッション誌掲載多数！ライフスタイルブランド【BANDEL】,ＢＡＮＤＥＬ｜公式オンラインストア,s00000023053001,服,購入（税抜）10％,未提携,a8
純正カーナビやカーAVにplusして「できない」を「できる」に！【ナビ男くん】,ナビ男くん,s00000023129001,車・バイク,購入10％,未提携,a8
光除菌の空気清浄機。コンパクトでありながら、臭いだけなく除菌も！,株式会社フジコー,s00000023141001,家事・日用品,購入15％,未提携,a8
寝具選びの失敗をゼロに。IWONU（イウォーヌ）のマットレス・掛け布団・まくら,北沢株式会社,s00000023143001,総合（暮らし）,購入10％,未提携,a8
忙しいパパとママをサポート！離乳食宅配サービス（ファーストスプーン）,マルヒ食品株式会社,s00000023213001,その他（グルメ・食品）,購入10％,未提携,a8
車ボディカバーや便利グッズから洗車用品まで【カー用品専門店CARCLUB】,株式会社ＡＵＴＯＬＡＢ,s00000023246001,車・バイク,購入10％,未提携,a8
キャバドレス激安通販【dazzystore】,株式会社ｄａｚｚｙ,s00000023255002,服,購入(税抜)10％,未提携,a8
下着・ランジェリー・ブラジャー通販の【DRW (ドロー)】,株式会社ｄａｚｚｙ,s00000023255003,服,購入(税抜)10％,未提携,a8
幅広い世代に人気！私らしい私を演出するジュエリー【BLOOM（ブルーム）公式ストア】,エステールホールディングス株式会社,s00000023309002,ファッション小物,購入10％,未提携,a8
機能とコスパに優れた革財布専門メーカーのブランド、mic(ミック),革財布のお店ｍｉｃ（ミック）,s00000023376001,ファッション小物,購入10％,未提携,a8
安心の12カ月保証！業界最安値かつ上質中古パソコンショップ 【Qualit】,横河レンタ・リース株式会社,s00000023390001,家電,購入10％,未提携,a8
面倒な空気入れはボタンを押すだけに進化【スマート空気入れ】,株式会社ＴｒａｄｅＦＫＪａｐａｎ,s00000023473001,アウトドア,購入20％,未提携,a8
DIESEL/マリークワント/PAUL&JOEおしゃれなブランドランドセル【SHIFFON（公式）】,株式会社ＳＨＩＦＦＯＮ,s00000023481001,ファッション小物,購入10％,未提携,a8
国内の工房で1つ1つ職人がつくるランドセル【樋口鞄工房】,株式会社ＳＨＩＦＦＯＮ,s00000023481005,ファッション小物,購入10％,未提携,a8
北海道ジェラート専門店！1日1200名を超える人気店！【GELATERIA　GELABO】,株式会社エンクル,s00000023513001,加工食品,購入10％,未提携,a8
6か月間毎日五時間で売り切れ閉店のもち・大福店！【えにかいたもち】,株式会社エンクル,s00000023513004,加工食品,購入10％,未提携,a8
京都きもの友禅公式オンラインストア｜着物・雑貨の販売とレンタル,京都きもの友禅株式会社,s00000023518002,総合（ファッション）,新規購入(税抜)10％,未提携,a8
メンズファッションの【SOLVE（ソルブ）公式通販】,Ｓｏｌｖｅ株式会社,s00000023521001,服,購入（税抜）10％,未提携,a8
オーストラリア発オーガニックコスメ「ジュリーク」の【ボディオイル】,株式会社ピーオーグローバル,s00000023586004,ボディケア,購入(税抜)10％,未提携,a8
【日焼け止め乳液顔用】UVディフェンス デイリーローション エブリタイム,株式会社ピーオーグローバル,s00000023586010,総合（美容）,購入(税抜)10％,未提携,a8
おいしいパンのある暮らしの通販サイト【神戸屋オンラインストア】,株式会社神戸屋,s00000023607001,加工食品,購入10％,未提携,a8
およばれドレス　Dorry Doll,株式会社アサクラ,s00000023615001,服,購入10％,未提携,a8
ひとにも地球にもやさしいプラスチックフリーの保存容器stasher（スタッシャー）,ｓｔａｓｈｅｒ（スタッシャー）,s00000023691001,インテリア,購入10％,未提携,a8
GOKUMIN - 入賞実績多数！マットレスと枕であなたの睡眠の悩みを解決します,株式会社ＫＵＲＵＫＵＲＵ,s00000023752001,その他（暮らし）,購入5％,未提携,a8
MAIMO-amazonスーツケースランキング1位獲得！MAIMOで旅を豊かに。,株式会社ＫＵＲＵＫＵＲＵ,s00000023752002,トラベルグッズ,購入10％,未提携,a8
【おうちで叶うサロン級ケア】Ur.Salonプレミアム美容家電,株式会社ＫＵＲＵＫＵＲＵ,s00000023752003,家電,購入10％,未提携,a8
"思わず誰かに贈りたくなる、""育てる""という新感覚タオル【育てるタオル】",エイズイ,s00000023776001,インテリア,購入10％,未提携,a8
温熱効果のある寝具で睡眠をアップデート【Recovery Sleep】,モリリン株式会社,s00000023831001,インテリア,購入10％,未提携,a8
2022年モンドセレクション金賞を受賞【ブールミッシュのトリュフケーキ】,株式会社ブールミッシュ,s00000023862001,加工食品,購入10％,未提携,a8
予約・受け取り・返却が驚くほど簡単な海外Wi-Fiレンタル【WiFiBOX】,株式会社テレコムスクエア,s00000023868001,wifi,レンタル利用10％,未提携,a8
結婚式のお祝いには【ラッピーバルーン】の電報。17時までのご注文で即日出荷対応！,株式会社ＢＡＬＢＡＬ,s00000023878001,その他（ギフト）,購入10％,未提携,a8
SNSやYOUTUBEで「明るい」と話題沸騰！車のLED、HIDライト専門店『HID屋』,株式会社トレーディングトレード,s00000023908001,車・バイク,購入10％,未提携,a8
エレガントでおしゃれな高級バッグをお求めなら「ISOLE」通販サイトへ,ＤＥＣＯＨＵＢ合同会社,s00000024017003,ファッション小物,購入10％,未提携,a8
周りから注目、視線を集める服。BABYDOLL(ベビードール) 公式オンラインショップ,株式会社ＣＯＺＹ,s00000024137001,服,購入8％,未提携,a8
首と肩を温め癒す「首と肩がホっとする枕PLUS」【SurvaQ Store】,株式会社サバキュー,s00000024247001,インテリア,購入10％,未提携,a8
1996年から続くメンズアクセサリーブランド【LION HEART】,株式会社ライオンハート,s00000024254001,ファッション小物,購入10％,未提携,a8
無数の共感を生み出すアクセサリーブランド【LHME（エルエイチエムイー）】,株式会社ライオンハート,s00000024254002,ファッション小物,購入10％,未提携,a8
洗練されたメンズウェアを提案する東京発ブランド【TETE HOMME】,ＴＥＴＥＨＯＭＭＥ（テットオム）,s00000024366001,服,購入10％,未提携,a8
140か国で高速データ通信が使えるeSIM「TRAVeSIM」,ＢｅｒｒｙＭｏｂｉｌｅ＿Ｃｏ．，Ｌｔｄ．,s00000024433001,その他（インターネット接続）,新規購入10％,未提携,a8
カメラと交換レンズのレンタルならGOOPASS（グーパス）,ＧＯＯＰＡＳＳ株式会社,s00000024485001,家電,新規プラン契約10％,提携中,a8
次世代AIボイスレコーダー【Notta Memo】,Ｎｏｔｔａ株式会社,s00000024524002,その他（暮らし）,購入10％,未提携,a8
UHA味覚糖が手がける本格ショコラトリー【キャギ ド レーブ】,ユーハ味覚糖株式会社,s00000024567002,加工食品,購入10％,未提携,a8
美しい”空間”を創出【cado】(カドー),株式会社カドー,s00000024595001,家電,新規購入（税抜）10％,未提携,a8
髪を美しく、毎日を軽やかに変える。ドライヤーの究極形。【baton】(バトン),株式会社カドー,s00000024595002,家電,購入（税抜）10％,未提携,a8
世界でも人気のガジェット、工具、Iot製品など【BRIGHT DIY】,株式会社ＢＲＩＧＨＴ＿ＤＩＹ,s00000024637001,インテリア,購入10％,未提携,a8
累計出荷台数100万突破。テレビスタンドならWALL【EQUALS】,株式会社ナカムラ,s00000024646001,家電,購入10％,未提携,a8
百貨店取扱実績No1の使い終えたランドセルのリメイク【Askalカバン工房】,ランドセルリメイク＿Ａｓｋａｌカバン工房,s00000024669001,ファッション小物,購入10％,未提携,a8
定番からトレンドまでデザイン豊富!レディース靴の【AmiAmi（アミアミ）】,株式会社ビーンズ,s00000024704001,服,購入10％,未提携,a8
【ギフト専用】贈り物に特化した今治タオルの高級ギフトsara-la・さらら,株式会社タマテックス,s00000024718001,総合（ギフト）,購入（税抜）10％,未提携,a8
グッドデザイン賞受賞のタオルブランド 【OSTD plus】 おしゃれなくすみカラー,株式会社タマテックス,s00000024718002,総合（暮らし）,購入10％,未提携,a8
海外で大流行！日本初の新感覚フルーツギフト【フルーツブーケ専門店プレジール】,プレジール株式会社,s00000024740001,生鮮食品,購入10％,未提携,a8
人と木をつなぐサステナブル・ライフスタイルブランド【meet tree】,丸山木材ホールディングス株式会社,s00000024744001,ボディケア,購入10％,未提携,a8
オシャレなゴルフウェアなら【KISS ON THE GREEN】,丸山木材ホールディングス株式会社,s00000024744003,服,購入（税抜）10％,未提携,a8
一生の思い出に。自分が主人公になる世界に一つだけの特別な絵本【えほんインク】,えほんインク株式会社,s00000024745001,その他（ギフト）,購入10％,未提携,a8
母から娘へ、世代を超えて受け継がれる上質なレザーバッグ【イビサ公式オンラインショップ】,イビサ,s00000024835001,ファッション小物,購入10％,未提携,a8
チーズスイーツ専門店の映えてとろけるスイーツ【RUNNY CHEESE】,株式会社ＭＡＣＲＯ,s00000024864001,加工食品,購入10％,未提携,a8
韓国No.1ヨガウェアブランド【XEXYMIX】,株式会社ＸＥＸＹＭＩＸ＿ＪＡＰＡＮ,s00000024883001,スポーツ,購入10％,未提携,a8
女性の生き方をサポートするマルコの体型補整下着【マキジェリーク】,マルコ株式会社,s00000024899001,服,新規購入（税抜）10％,未提携,a8
マルトモ【公式】｜大正7年創業。老舗鰹節屋のかつお節、だしを楽しむ通販サイト,マルトモ公式直販,s00000024989001,加工食品,購入10％,未提携,a8
高級和牛銘柄ギフトをお探しの方に！佐賀県のブランド和牛【伊萬里牛松尾勝馬牧場】,伊萬里牛＿松尾勝馬牧場,s00000025116001,生鮮食品,購入10％,未提携,a8
手から手へ思いを繋げる【Flower&Plants tette】,株式会社ＰＨＯＴＯＰＲＩ,s00000025127001,花,購入10％,未提携,a8
世界に一つのおしゃれなうちの子グッズ【うちの子グッズQoo】,株式会社ＰＨＯＴＯＰＲＩ,s00000025127002,ペット,購入10％,提携中,a8
本格抹茶スイーツが人気！京都の老舗【お茶専門店「祇園辻利」】,株式会社祇園辻利,s00000025145001,加工食品,購入10％,未提携,a8
【ReXeR(レクサー)】こだわりの製法と配合・毎日飲める美味しいプロテイン,株式会社レクサー,s00000025218001,健康食品,購入10％,未提携,a8
話題！人気のベビー・キッズ子育てアイテムを展開【Hariti】,株式会社ファイブスプリングス,s00000025254001,子育て,"購入10％
レンタル（税抜）10％",未提携,a8
プチプラおしゃれ服ならELMO-トレンド子供服の通販サイト【ELMO for Family】,株式会社ファイブスプリングス,s00000025254002,服,新規購入10%,未提携,a8
安心と信頼のダニ・ハウスダスト対策寝具【ミクロガード】,帝人アクシア株式会社,s00000025329001,インテリア,購入10％,未提携,a8
家族の始まりエコー写真をアートポスターに【BANK OF MEMORIES】,株式会社ＡＣＭＥＥ,s00000025357002,写真・プリント,購入10％,未提携,a8
オンリーワンのカスタマイズカタログギフト【マイプレシャス】,株式会社マイプレシャス,s00000025400001,お祝い,購入10％,未提携,a8
サロン専売品・正規新品をお取扱い｜各メーカー・ディーラー協賛｜【TRICCA】,トリッカオンラインストア,s00000025528001,ヘアケア,購入10％,未提携,a8
日常を豊かにするお茶のある暮らし【日本茶きみくら】,きみくら株式会社,s00000025742001,その他（グルメ・食品）,購入10％,未提携,a8
こだわりの海産物 福井県のお土産の定番【若狭小浜 丸海の小鯛ささ漬】,小浜海産物株式会社,s00000025747001,加工食品,購入（税抜）10％,未提携,a8
みかんのプロが選ぶ旬のかんきつを産地直送【ミヤモトオレンジガーデン本店】,株式会社ミヤモトオレンジガーデン,s00000025770001,生鮮食品,購入10％,未提携,a8
自然と共に生きるみつばちが、毎日の笑顔をつくります【武州養蜂園】,株式会社武州養蜂園,s00000025792001,加工食品,購入10％,未提携,a8
「上から読んでも…」で認知度抜群。お茶と海苔といえば【山本山オンラインショップ】,株式会社山本山,s00000025951001,加工食品,購入10％,未提携,a8
【高単価スイーツ】SNSで話題の芋スイーツ　九州産紅はるか焼き芋の紅茶房（べにさぼう）,九州産紅はるか焼き芋専門店＿紅茶房,s00000026050001,加工食品,購入10％,未提携,a8
近江牛通販EC【カネ吉山本オンラインショップ】,株式会社カネ吉ヤマモトフーズ,s00000026158001,生鮮食品,購入10％,未提携,a8
今治タオル取扱専門店【伊織】のオリジナル商品を、ほぼフルラインナップで購入できる,株式会社伊織,s00000026162001,インテリア,購入10％,未提携,a8
Instagramや楽天で人気のペアアクセサリーブランド【Lauss】,有限会社ＯＡＫＨＩＬＬ,s00000026188001,ファッション小物,購入10％,未提携,a8
伝統美×革新を叶える中国コスメ【花西子（フローラシス）】,ＬＵＭＩＦＬＯＲＥ合同会社,s00000026194001,コスメ・メイク,購入10％,未提携,a8
ジェルネイルやネイルシールでサロン級の簡単セルフネイル【コスメ・デ・ボーテ公式】,株式会社コスメ・デ・ボーテ,s00000026255001,ネイル,購入10％,未提携,a8
生活スタイルが変わっても、長く使い続けたくなる家具を展開する【ENEN】,ＥＮＥＮ株式会社,s00000026256001,インテリア,購入10％,未提携,a8
世界各地の希少宝石をお届け★スピリチュアルジュエリーHariqua(ハリックァ),アイオイクス株式会社,s00000026336001,ファッション小物,購入10％,未提携,a8
ベビーからシニアまですべての人の睡眠の質を上げる寝具【エスメラルダ】,有限会社アリス・インターナショナル,s00000026360001,インテリア,購入10％,未提携,a8
低価格＆高品質！！中小企業診断士試験合格講座の【診断士ゼミナール】,株式会社レボ,s00000026404001,習い事,講座購入10％,未提携,a8
何気ない日常にちょっとした幸せを【苺の花ことば】,苺の花ことば,s00000026566001,生鮮食品,購入（税抜）10％,未提携,a8
万が一の時のための美味しい長期保存食【尾西食品】,亀田製菓株式会社,s00000026618001,加工食品,購入10％,未提携,a8
ギフトにぴったり！世界にひとつだけのプレゼントが作れる【オリジナルハッピーターン】,亀田製菓株式会社,s00000026618002,総合（ギフト）,購入（税抜）10％,未提携,a8
ブランド家具｜EICHHOLTZ［アイホールツ］日本正規代理店,株式会社プラス・カーサ,s00000026620002,インテリア,購入(税抜)10％,未提携,a8
プロが教える、業界最前線のノウハウ【Coloso】,ＤＡＹ１ＣＯＭＰＡＮＹ＿Ｉｎｃ．,s00000026713001,習い事,購入10％,未提携,a8
あなたの望みを叶える教育コンテンツ【Fast campus】,ＤＡＹ１ＣＯＭＰＡＮＹ＿Ｉｎｃ．,s00000026713002,総合（学び・資格）,講座購入10％,未提携,a8
販売台数世界No.1家庭用光美容器【Ulike Air 10 Max IPL光美容器】,ユーライクジャパン株式会社,s00000026764001,美容機器,"購入16.92％（Air 10、Air 10 Max）
購入10％(Air pro S)",未提携,a8
「おうちサロン」をひとつ先へ【Ulike AirPro S IPL光美容器】,ユーライクジャパン株式会社,s00000026764002,美容機器,購入10％,未提携,a8
日常の生活を豊かにする至福のコーヒー豆販売【自家焙煎珈琲カフェ・ヴェルディ】,株式会社ヴェルディ,s00000026777001,飲料,購入10％,未提携,a8
世界初、休養学から生まれたプラチナリカバリーウェア【ベネクス】,株式会社ベネクス,s00000026799001,その他（ファッション）,購入（税抜）10％,未提携,a8
サステナブル×デザイン性を叶えるヴィーガンレザーバッグ・革小物｜LOVST TOKYO,ラヴィストトーキョー株式会社,s00000026816001,ファッション小物,購入10％,未提携,a8
いつもの暮らしに、ほんの少しのごほうびを【DEMIU（デミュウ）】,株式会社ジーストリーム,s00000026828001,ファッション小物,購入10％,未提携,a8
GIRDLUX-ソフトガードル機能付きのスポーツ用ストッキング-,株式会社ＩｒＢｉｅｎ,s00000026835001,スポーツ,購入10％,未提携,a8
子どもの「自分で食べる！」をお手伝い！実用的な陶磁器の子ども食器【まるくぱーじゅ】,株式会社おぎそ,s00000026865001,子育て,購入10％,未提携,a8
英国発のスポーツファッションブランド「Admiral（アドミラル）」,豊通ファッションエクスプレス株式会社,s00000026866001,スポーツ,購入10％,未提携,a8
感性豊かな大人を満たす上質な革製品・バッグ・財布・革小物【CIMABUE】,株式会社コランド,s00000026914001,ファッション小物,購入10％,未提携,a8
新発想の着圧ソックス【らく圧】,助野株式会社,s00000027010001,その他（健康）,購入10％,未提携,a8
国内最大級の自宅でできる腸内フローラ検査【マイキンソー（Mykinso）】,株式会社サイキンソー,s00000027011001,その他（健康）,購入（税抜）10％,未提携,a8
1時間から借りられるレンタルスペース【スペースマーケット】,株式会社スペースマーケット,s00000027019001,その他（エンタメ）,スペース利用（税抜）10％,未提携,a8
合言葉は、未知との出会い！子どもが自由な発想で遊べる屋内キッズパーク PLAY! PARK,エイアンドビーホールディングス株式会社,s00000027022001,その他（エンタメ）,購入10％,未提携,a8
すべての人に創造の翼を「MAP RENTAL」,株式会社エムジー,s00000027026001,家電,新規レンタル（税抜）10％,未提携,a8
ネット印刷ならプリントアース,インクアート株式会社,s00000027031001,写真・プリント,購入（税抜）10％,未提携,a8
“遊び心”と高品質。設営簡単・軽量・快適なキャンプ用品【HILLS FIELD】,株式会社ＨＩＬＬＳ＿ＦＩＥＬＤ,s00000027043001,アウトドア,購入10％,未提携,a8
プロケッズ(PRO-Keds) を育て上げ、一緒に新たな歴史を創造しましょう！,スカイジャパンコーポレーション株式会社,s00000027066001,ファッション小物,購入10％,未提携,a8
「心を豊かに」するライフスタイルソリューションブランド【EPEIOS（エペイオス）】,株式会社ＥＰＥＩＯＳ＿ＪＡＰＡＮ,s00000027088001,その他（暮らし）,購入10％,未提携,a8
優れた家具・インテリア【Aptme（アプトミー）】,株式会社迫田,s00000027143001,インテリア,購入10％,未提携,a8
大人の女性に寄り添うファッション雑貨ブランド【HASHIBAMI】,株式会社コレクト,s00000027152001,ショッピングモール,購入10％,未提携,a8
【アンベル公式】AMVEL UMBRELLA STORE,アンベル株式会社,s00000027154001,その他（暮らし）,購入10％,未提携,a8
革のダイヤモンド「コードバン」を中心とする高級レザーアイテムブランド【ユニコーン】,有限会社レーデルオガワ,s00000027160001,ファッション小物,購入10％,未提携,a8
すべての人に最高の教材を【eラーニング現場系・国家資格】,ＳＡＴ株式会社,s00000027186001,資格取得,購入（税抜）10％,未提携,a8
人気バッグブランド正規取扱｜スーツケース＆バッグ専門OSUMAC公式ストア,株式会社ＬＩＮＫＨＯＯ,s00000027203001,トラベルグッズ,購入10％,未提携,a8
"Makuake7,200万円の応援購入国産エキゾチックレザー製品専門店【CLW】クロコダイルレザーワークス",株式会社ベスト,s00000027220001,ファッション小物,購入10％,未提携,a8
1つのeSIMで、200以上の国・地域へ 【Ubigi トラベルeSIM】,Ｔｒａｎｓａｔｅｌ＿Ｓ．Ａ．Ｓ,s00000027228001,総合（インターネット接続）,新規購入10％,未提携,a8
温泉水が叶える、新感覚のハンドケア【TABBIA(タビア) 温泉ハンドセラム 3本セット】,合同会社たびするじかん,s00000027275001,その他（美容）,購入10％,未提携,a8
お酒の電動ディスペンサー“ポンのみ”,アイプラネット東北株式会社,s00000027280001,インテリア,購入10％,未提携,a8
透明感×11色カラー展開、クリアPVCファッション雑貨【acaa 公式通販】,株式会社ラストドリップデザインズ,s00000027292002,ファッション小物,購入10％,未提携,a8
"下着を ""着心地"" で選ぶなら【Tumugi ふっくらとろけるブラ】",株式会社Ｔｕｍｕｇｉ＿Ｗｏｒｋｓ,s00000027308001,服,"▽一般
初回購入10％

▽ポイントサイト
初回購入3％",未提携,a8
売れ筋多数！実績ある美容・健康グッズ【インフィニティー公式ショップ】,インフィニティー株式会社,s00000027315001,その他（美容）,購入（税抜）10％,未提携,a8
MUK OFFICIAL ONLINE STORE,株式会社ＭＵＫ,s00000027319001,家電,購入（税抜）10％,未提携,a8
床育児で子どもの成長を支える「デニム置き畳」【Tammy Mat】,株式会社浅井商店,s00000027335001,子育て,購入10％,未提携,a8
写真から作るオーダーメイドフィギュア【digxipop】,Ｖｉｓｔａ３Ｄ＿Ｊａｐａｎ株式会社,s00000027357001,写真・プリント,購入10％,未提携,a8
防災グッズ大賞2年連続受賞！防災士監修の備えブランド【スツーレ】,スツーレ株式会社,s00000027418001,家事・日用品,購入10％,未提携,a8
ペット写真がアートになる！猫・犬好きのためのオリジナルグッズ専門店【Takashirt】,株式会社高旗,s00000027462001,ペット,購入10％,未提携,a8
プロも愛用するブランドゴルフウェア・用品の専門店【THE SUN GOLF】,株式会社サンポリマー,s00000027470001,スポーツ,購入（税抜）10％,未提携,a8
軽くて可愛い、ニットバッグで毎日をもっと楽しく。【M&Co. Online Store】,株式会社ウィンカンパニー,s00000027530001,ファッション小物,購入10％,未提携,a8
素材仕入れから販売まで自社一貫。高品質×低価格を実現した日本製革製品ブランド【LEZALI】,株式会社レザリ,s00000027578001,ファッション小物,購入10％,未提携,a8
布団丸洗い　ふとんクリーニングの「フレスコ」,株式会社フレスコ,s00000008315001,家事・日用品,申込み金額9.6％,未提携,a8
元祖ジェルネイルキットと言えばシャイニージェル【シャイニージェル公式ショップ本店】,株式会社ワールドビューティワークス,s00000013044001,ネイル,購入（税抜）10％,未提携,a8
［アオヤギ写真工芸社］デジカメ写真ネット注文募集,株式会社アオヤギ写真工芸社,s00000008910001,写真・プリント,購入9．5％,未提携,a8
ギフトに最適な花『胡蝶蘭』の専門店【幸福の胡蝶蘭屋さん】,有限会社テンヴィクトリーズ,s00000009453004,花,購入9.5％,未提携,a8
【フジプリ】デジカメ写真ネット注文,フジフォト株式会社,s00000009664001,写真・プリント,注文金額9.5％,未提携,a8
高品質のオリジナルアルバム【フジフォトアルバム】,フジフォト株式会社,s00000009664002,写真・プリント,注文金額9.5％,未提携,a8
業界最安値の胡蝶蘭販売【胡蝶蘭園．ｃｏｍ】,ワークゲート株式会社,s00000004391010,花,購入9.3％,未提携,a8
磁気健康ギア コラントッテ,株式会社コラントッテ,s00000020265001,健康グッズ,購入10％,未提携,a8
キッズ＆ベビー用品のセレクトショップ【cuna select (クーナ・セレクト）】,株式会社Ｈｅａｒｐ,s00000013392003,子育て,"購入9.2％(その他商品)
購入10％(雛人形 桃花)
購入10％(雛人形 桃花-絢爛)
購入10％(雛人形 麗華 プレミアム西陣織Ver.)
購入10％(雛人形 kokokara 和花 -nodoka- ケース付き)
購入10％(雛人形 kokokara 結衣花-yuika- ケース付き)
購入10％(雛人形 kokokara 喜与花-kiyoka- ケース付き)
購入10％(端午の節句飾り HAKI 白耀)
購入10％(端午の節句飾り HAKI 葵宙 兜飾り)
購入10％(端午の節句飾り HAKI 鎧飾り 凜)
購入10％(Fiego 抱っこ紐)
購入10％(ESSIAN はき戻し防止クッション)
購入10％(Nattou プレイマット)",未提携,a8
迅速丁寧な対応のコンタクト通販ショップ【レンズワン】,コンタクトレンズの通販ならレンズワン,s00000025699001,ファッション小物,購入（税抜）9.1％,未提携,a8
らくらくカンタンのコンタクト通販＜アットスタイル＞,アットスタイル,s00000009457002,ファッション小物,購入(税抜)9％,未提携,a8
創業50周年・大地を守る会の人気No.1おせち,オイシックス・ラ・大地株式会社,s00000012600006,総合（グルメ・食品）,初回購入(税抜)9.09％,未提携,a8
"累計【20,000セット】突破の【電光石火ブランド】の電気工事士技能試験セット！",株式会社ヨコモリ電池屋コーポレーション,s00000013124002,その他（暮らし）,購入9％,未提携,a8
おしゃれな出産祝いギフトなら出産祝いに使いたいサイトNO.1のベルビー本店,株式会社ベルビー,s00000017695007,お祝い,購入9％,未提携,a8
Web上でらくらく編集♪おしゃれで上質なフォトブック作成【Photoback】,コンテンツワークス株式会社,s00000018253001,写真・プリント,初回購入(税抜)9％,未提携,a8
【プロアクティブ】気になるニキビを集中ケア！！貼るスキンケアパッチ,ザ・プロアクティブカンパニー株式会社,s00000022920003,スキンケア,購入9％,未提携,a8
下着・ランジェリー通販【247Lingerie】,ｆａｓｔ＿ｓｔｅｐ株式会社,s00000023696002,服,購入9％,未提携,a8
つるとんたんのおうどんをギフトやご自宅で【つるとんたんオンラインショップ】,つるとんたんオンラインショップ,s00000024256001,加工食品,購入9％,未提携,a8
本当に美味しいカニを食べるなら「カニ通販.com」,株式会社ＡＤｒｉｍ,s00000025191001,生鮮食品,購入(税抜)9％,未提携,a8
【レンタルドレス専門店】ルクシュール｜結婚式のおよばれパーティードレス,株式会社ＰｏｕｒＶｏｕｓ,s00000014082002,服,商品レンタル金額(税抜)の8.5％,未提携,a8
本場福岡県で売上NO.1のもつ鍋「博多もつ鍋おおやま」公式オンラインショップ,もつ鍋おおやま,s00000021720001,その他（グルメ・食品）,購入8.5％,未提携,a8
メディアで大好評！お取り寄せスイーツ【壷プリンの神戸フランツ】,フランツ株式会社,s00000006548001,加工食品,購入（税抜）8．25％,未提携,a8
韓国発！話題のマルチバームKAHI＆座るだけEMSデバイス easy K【KOREA TECH JP】,株式会社コリアテックＪＰ,s00000027293001,総合（美容）,"購入10％（その他）
購入12％（easy K・WRバウンス マルチバーム・エアリーフィットサンスティック・ベルベットグロウ サンスティック）",未提携,a8
デザイン豊富でお得な電報サービス【VERY CARD】,電報サービスＶＥＲＹ＿ＣＡＲＤ,s00000014350001,その他（ギフト）,受注金額（税抜）8％,未提携,a8
自宅でできるストレスフリーな妊活！共働き夫婦をサポートする【プレメントシリンジリング】,株式会社オンリースタイル,s00000004439075,その他（健康）,購入(税抜)8％,未提携,a8
働く大人のための頭皮ケア！【VAL フレグランスヘッドスクラブ】,株式会社オンリースタイル,s00000004439076,その他（美容）,新規購入（税抜）8％,未提携,a8
【しまうまプリント】1冊298円~のフォトブック！会員数600万人超え,株式会社しまうまプリント,s00000007448004,写真・プリント,注文金額(税抜)8％,未提携,a8
会員数600万人のしまうまプリントの写真カレンダー【しまうまカレンダー】,株式会社しまうまプリント,s00000007448011,写真・プリント,購入（税抜）8％,未提携,a8
「特選松阪牛専門店やまと」,特選松阪牛専門店やまと,s00000010187001,生鮮食品,購入8％,未提携,a8
激安ゴルフクラブＵＳＡから直送【フェアウェイゴルフ】,ＦＡＩＲＷＡＹ＿ＧＯＬＦ，ＩＮＣ．,s00000010453001,スポーツ,購入8％,未提携,a8
【顧客満足95%超】ワケナシ・納得品質認知度UPで再注文急増中の「かにまみれ」！リピート90日OK！,株式会社インテンス,s00000011488001,生鮮食品,購入8％,未提携,a8
日本最大級の人気アクセサリー・ジュエリー通販SHOP【ジェイウェルドットコム】,株式会社リーフワークス,s00000011961021,ファッション小物,購入(税抜)8％,未提携,a8
新鮮な国産たらこを厳選！博多辛子明太子の【島本】販売,辛子明太子の島本,s00000013581001,生鮮食品,購入8％,未提携,a8
授乳服とマタニティ服のMilk tea【ミルクティー】,株式会社ミルクティー,s00000013865001,服,購入8％,未提携,a8
アレキサンドライト等、TV掲載人気商品8000点のジュエリーショップ【オールジュエリー】,アイティオール株式会社,s00000015087002,ファッション小物,購入（税抜）8％,未提携,a8
"雑誌でも話題！美容室・サロンシェアNo,1ブランドNobbyから誕生した【Nobby by TESCOM】",株式会社フォーサイス,s00000016301010,家電,購入8％,未提携,a8
美容室・サロン専売　大人気ヘアケア【ケラスターゼ】メーカー認証正規販売店,株式会社フォーサイス,s00000016301012,ヘアケア,購入8％,未提携,a8
◆正規販売店◆理想的な美しい髪へ導く【マグネットヘアプロ・ホリスティックキュア】,株式会社フォーサイス,s00000016301014,ヘアケア,"購入8％（ホリスティックキュア ドライヤーRp. (CCID-G04B)）
購入8％（マグネットヘアプロ ドライヤーZERO）
購入8％（マグネットヘアプロ ストレートアイロン / ストレートアイロンS）
購入8％（マグネットヘアプロ カールアイロン【26mm 32mm 38mm】）
購入8％（マグネットヘアプロ ドライヤー エアリー / モイスト）",未提携,a8
ガルーシャをフレンチの美しいデザインで表現するブランド【アクナス】,株式会社シェアコーポレーション,s00000017444002,ファッション小物,購入(税抜)8％,未提携,a8
今話題のカラコン多数【モアコン】,株式会社Ｒｉｓｅ＿ＵＰ,s00000017627001,ファッション小物,新規購入8％,未提携,a8
結婚式に贈る電報ならベルビーの電報を【ベルビー バルーン電報＆ハッピーギフト 電報】,株式会社ベルビー,s00000017695006,総合（ギフト）,購入9％,未提携,a8
激安、人気、通販！コンタクトレンズ最安値に挑戦！【レンズスマイル】,レンズラボ,s00000017752002,ファッション小物,購入6％,未提携,a8
ジョンソン＆ジョンソン、アルコン最安値に挑戦！【lens-ocean】,レンズラボ,s00000017752003,ファッション小物,購入6％,未提携,a8
【入会金・月会費０円だから超高CVR】おトクがいっぱいのカーシェア「EARTHCAR」,株式会社アース・カー,s00000019160003,国内旅行,新規利用料金8％,未提携,a8
ねこちゃんは喋れないからDNAに聴きましょう！WEBで結果確認可能な猫遺伝子検査 【Pontely】,株式会社Ｐｏｎｔｅｌｙ,s00000019490002,ペット,購入8％,提携中,a8
月額費用0円！新時代Wi-Fi【STARチャージ Wi-Fi】,株式会社ツボスタ,s00000020065003,wifi,新規購入8％,未提携,a8
大人女性の韓国ファッション通販【アトランス】,ＳＮ＿Ｆａｓｈｉｏｎ＿Ｇｒｏｕｐ．Ｃｏ．，Ｌｔｄ,s00000020345001,服,購入8％,未提携,a8
MUJIBOOKS（無印良品）推奨のおしゃれなフォトブック『BON』,ＴＯＰＰＡＮクロレ株式会社,s00000020713001,写真・プリント,購入8％,未提携,a8
お名前が入るオリジナル絵本サービス【TinkerTale】,ＴＯＰＰＡＮクロレ株式会社,s00000020713002,その他（ギフト）,購入8％,未提携,a8
羽田空港が運営する産地直送通販サイト【羽田産直セレクション】,羽田空港公式通販サイト,s00000021701002,総合（グルメ・食品）,購入8％,未提携,a8
現役医師がすすめる 超理想のフィット感を実現したマットレス 【フィットミーマットレス】,カヴァースジャパン株式会社,s00000021742004,インテリア,購入（税抜）8％,未提携,a8
手の届く高級感。バッグ・小物のオリジナルブランド【Kiefer neu（キーファーノイ）】,株式会社マツモト,s00000021832002,ファッション小物,購入（税抜）8％,未提携,a8
各種メディア広告でお馴染みの 【パソコン市場】販売数で日本1位の受賞歴あり！,株式会社メディエイター,s00000022479001,家電,購入(税抜)8％,未提携,a8
【手軽に手ぶらキャンプ】キャンプ用品のレンタルサービス「hinataレンタル」,ｖｉｖｉｔ株式会社,s00000022571001,アウトドア,レンタル申込(税抜)8％,未提携,a8
"【hinataストア】欲しかった""逸品""に出会えるキャンプ用品のセレクトショップ",ｖｉｖｉｔ株式会社,s00000022571002,アウトドア,購入（税抜）8％,未提携,a8
Amazon売れ筋ランキング1位のゲーミングチェア！　【ジーティーレーシング】,ジーティーレーシング株式会社,s00000022582001,インテリア,購入8％,未提携,a8
フランスの高級チョコレートブランド【ラ・メゾン・デュ・ショコラ】,ラ・メゾン・デュ・ショコラ・ジャポン株式会社,s00000022712001,加工食品,購入(税抜)8％,未提携,a8
安全性と洗練されたデザインを兼ね備えた北欧生まれのベビーブランド【BABYBJORN】,ベビービョルン【ＢＡＢＹＢＪＯＲＮ】,s00000022734001,子育て,購入(税抜)8％,未提携,a8
高性能再生パソコン販売店【PC next】,ＰＣ＿ｎｅｘｔ,s00000022953001,家電,購入(税抜)8％,未提携,a8
OLENS日本公式通販POPLENS。話題の水光カラコンやデカ目カラコンなど50％割引,ＳＴＡＲＶＩＳＩＯＮ＿ＣＯ．，ＬＴＤ．,s00000023041001,ファッション小物,購入8％,未提携,a8
伊勢志摩で作られるこだわりの磯揚げ【まる天グループオンラインショップ】,株式会社まる天,s00000023219001,総合（グルメ・食品）,購入8％,未提携,a8
"""楽しく歩く人をふやす""オシャレで歩きやすいサンダル・シューズ！【リゲッタ公式】",株式会社リゲッタ,s00000023271001,ファッション小物,購入（税抜）8％,未提携,a8
もしものときの非常食・備蓄食料に、登山・キャンプにも【安心米のアルファー食品】,アルファー食品株式会社,s00000023371001,加工食品,購入（税抜）8％,未提携,a8
簡単・時短調理でおいしいお赤飯・おこわなら【アルファー食品・出雲のおもてなし】,アルファー食品株式会社,s00000023371002,加工食品,購入8％,未提携,a8
玄米なのにモチっと食感！簡単調理で健康応援♪【アルファー食品のぷちっともち玄米】,アルファー食品株式会社,s00000023371003,加工食品,購入8％,未提携,a8
アウトドアに特化！簡単便利・食べきりサイズ【孤高のキャンプ飯・アルファー食品】,アルファー食品株式会社,s00000023371004,アウトドア,購入（税抜）8％,未提携,a8
【Editors Store 公式】セレクトショップ｜高品質トレンドファッション,株式会社ＳＨＩＦＦＯＮ,s00000023481002,総合（ファッション）,購入(税抜)5％,未提携,a8
明日花キララプロデュースランジェリーブランド【Whip Bunny】,ｆａｓｔ＿ｓｔｅｐ株式会社,s00000023696001,服,新規購入(税抜)8％,未提携,a8
ファッションの新時代を切り拓いていくために誕生した、東京発のバッグブランド【ETiAM】,株式会社東京デリカ,s00000024245001,ファッション小物,購入8％,未提携,a8
色柄豊富なキッズ向けアイテム【COLORFUL CANDY STYLE】,株式会社スタイリッシュ・エイチ・アンド・エイ,s00000024410001,子育て,購入8％,未提携,a8
私らしく、上質に。日々を彩るインテリア【STYLE Decor(スタイルデコール)】,株式会社スタイリッシュ・エイチ・アンド・エイ,s00000024410002,インテリア,購入8％,未提携,a8
学生制服ブランド【CONOMi公式通販】,株式会社このみ,s00000024759001,総合（ファッション）,購入8％,未提携,a8
安心のメーカー直販！特許機能で苦しくない補正下着【タムラのやさしい補正下着】,株式会社タムラ,s00000024764001,服,購入8％,未提携,a8
「その人」が使いやすいバッグを届けたい。特許取得のマザーズ・キッズ多機能リュック,星野太郎バッグデザイン研究株式会社,s00000025648001,ファッション小物,購入（税抜）8％,未提携,a8
美容室で使われる最高水準の本格ヘアケアブランド【Lupilina（ルピリーナ）】,株式会社Ｇｌｏｂａｌ＿Ｂｒｉｄｇｅ＿Ｔｒａｄｉｎｇ,s00000026176001,ヘアケア,購入8％,未提携,a8
細くても、存在感があるアクセサリーGARCIA,株式会社ＮＥＯＭ,s00000026280001,ファッション小物,購入8％,未提携,a8
金属アレルギー対応アクセサリー【Las】,株式会社ＮＥＯＭ,s00000026280002,ファッション小物,購入8％,未提携,a8
誰でもプロになれるカーケアブランド「ながら洗車」,ながら洗車,s00000026312001,車・バイク,購入8％,未提携,a8
Tシャツの【OJICO】（オジコ）,有限会社チャンネルアッシュ,s00000026851001,服,購入8％,未提携,a8
購入後のサポートも充実、フリーダイヤル対応のお問い合わせ窓口設置,株式会社遼南国際商事,s00000026855002,家電,購入8％,未提携,a8
世界100ヵ国以上で販売！コスパ抜群のイヤホンブランド【EarFun公式サイト】,Ｅａｒｆｕｎ＿Ｔｅｃｈｎｏｌｏｇｙ（ＨＫ）Ｌｉｍｉｔｅｄ,s00000026880001,家電,購入8％,未提携,a8
美容室ALBUM公式 サロン専売品 ヘアケア コスメ 美容通販,株式会社オニカム,s00000027156001,総合（美容）,購入8％,未提携,a8
庭・外構をおしゃれに演出｜簡単設置のソーラーガーデンライト【HAPPYJOINT】,株式会社ＨＡＰＰＹ＿ＪＯＩＮＴ,s00000027210001,総合（暮らし）,購入（税抜）8％,未提携,a8
スタイリッシュな集音器で、もっと豊かに聴こえる毎日を。【Cearvol】,ＨＯＮＧ＿ＫＯＮＧ＿ＵＮＩＣＥ＿ＩＮＴＥＬＬＩＧＥＮＴ＿ＨＥＡＬ,s00000027457001,医療,購入8％,未提携,a8
結婚式・2次会・パーティに便利なドレスレンタル[cariru],株式会社トレジャー・ファクトリー,s00000007992001,服,レンタル料金の7.6％,未提携,a8
デザイン・質・マナーにこだわる方の喪服・礼服のレンタル【Cariru BLACK FORMAL】,株式会社トレジャー・ファクトリー,s00000007992013,その他（ファッション）,レンタル料金7.6％,未提携,a8
【４年連続最優秀賞】松阪牛の専門店［松阪牛．ｎｅｔ］,有限会社テンヴィクトリーズ,s00000009453001,生鮮食品,購入7.6％,未提携,a8
結婚式二次会・ゴルフコンペの景品専門店　景品いちばの販売,有限会社テンヴィクトリーズ,s00000009453003,その他（エンタメ）,購入7.6％,未提携,a8
レンタルドレス【ワンピの魔法】,株式会社リダンダンシー,s00000026943001,その他（ファッション）,レンタル(税抜)7.6％,未提携,a8
レンタルドレス【リリアージュ】,株式会社リダンダンシー,s00000026943002,その他（ファッション）,レンタル7.6％,未提携,a8
国内eSIMアプリNo1！海外旅行通信の新定番【トリファ（trifa）】,株式会社トリファ,s00000027266001,wifi,初回購入15％,未提携,a8
湘南コンタクトレンズライフ,有限会社ビジョンケア,s00000003305002,ファッション小物,購入7.5％,未提携,a8
日本最北の島、礼文島から高品質な食材をお届け【島の人 オンラインショップ】,株式会社レブニーズ,s00000022624001,生鮮食品,購入(税抜)7.5％,未提携,a8
下着通販なら大人かわいい女性下着の三恵【公式】,株式会社三恵,s00000009737001,服,購入7.4％,未提携,a8
地域特産品やお土産が買える通販サイト【JR西日本公式/WESTERモール】,西日本旅客鉄道株式会社,s00000027147001,ショッピングモール,購入7.35％,未提携,a8
独自の新技術で幅広い層に深く＆強いを可能にしたひざ電気治療器【リフリーラ】,株式会社イワミズ,s00000016380009,医療,初回購入7％,未提携,a8
「カラーによる心理診断」と「カラーボトルの販売」を絶妙にセットした独自の新システム,株式会社ヴォイスグッズ,s00000000059001,その他（美容）,商品購入金額の７％,未提携,a8
自然派入浴剤メーカー直営店 アースコンシャス・ストア,アースコンシャス株式会社,s00000003503001,その他（美容）,購入7％,未提携,a8
ネットショップ実務士になるための検定【ネットショップ検定】練習問題等お申込み,一般財団法人ネットショップ能力認定機構,s00000010340001,その他（学び・資格）,お申し込み金額7％,未提携,a8
自分でできる本格的巻き爪矯正キット【巻き爪ブロック】,株式会社鹿浜製作所,s00000012271001,その他（健康）,"セット商品購入20％
一部商品購入3％〜7％（※詳しくは「商品別成果情報はこちら」をご覧ください）",未提携,a8
激安で処方箋不要の即日発送【AREDZ】コンタクト,株式会社アレッズ,s00000013537001,ファッション小物,購入7％,未提携,a8
コンタクト通販の【LensBomber】,株式会社アレッズ,s00000013537002,ファッション小物,購入7％,未提携,a8
処方箋不要のコンタクトレンズ通販『レンズチャンピオン』送料無料セットが安くてお得♪,株式会社アレッズ,s00000013537003,ファッション小物,購入7％,未提携,a8
激安コンタクトレンズ通販ティアラコンタクト,株式会社アレッズ,s00000013537004,ファッション小物,購入7％,未提携,a8
すべてが国内正規品のコンタクト【コンタクトレンズ通販 レンズマルシェ】,株式会社アレッズ,s00000013537005,ファッション小物,購入7％,未提携,a8
【1935年創業】老舗チョコレートとスイーツブランド【株式会社サロンドロワイヤル】,株式会社サロンドロワイヤル,s00000013925001,加工食品,購入7％,未提携,a8
【アサヒシューズ公式ＷＥＢストア】日本の健康を足元から支えます。,アサヒシューズ株式会社,s00000015010001,ファッション小物,購入7％,未提携,a8
全品保証付き！激安中古パソコンショップ【JUNKWORLD】,株式会社アールキューブ,s00000015703001,家電,購入7％,未提携,a8
国内最大級・50種類以上の宝石が揃うジュエリーブランド【Bizoux（ビズー）】,株式会社ドリームフィールズ,s00000015934001,ファッション小物,購入6.36％,未提携,a8
手作りアクセサリー問屋、玉石や真珠、天然石、水晶のビーズ専門店【jp.pandahall】,ＥＣＷＯＲＬＤ＿ＩＮＴＥＲＮＡＴＩＯＮＡＬ＿ＬＩＭＩＴＥＤ,s00000016640002,ファッション小物,購入6％,未提携,a8
リーズナブルで上質なファッションライフを★【aquagarage】,有限会社伊勢屋コンサルタント,s00000016697001,服,購入14％,未提携,a8
【サントリーグループ】のメディカルハーブ専門店【enherb（エンハーブ）】,株式会社コネクト,s00000017293001,飲料,購入7％,未提携,a8
激安★安心★便利★リピーター多数！人気コンタクト販売【レンズラボ】全品処方箋不要,レンズラボ,s00000017752001,ファッション小物,購入6％,未提携,a8
贈り物やパーティーに♪アニメ・ゲームのプリントケーキ＆マカロン【プリロール】,株式会社栄通,s00000018128001,加工食品,購入7％,未提携,a8
【無料登録だから超高CVR！】毎月200万人以上が使う駐車場予約サービス「特Ｐ」,株式会社アース・カー,s00000019160002,その他（旅行）,新規利用金額7％,未提携,a8
大切な人へ贈りたい、様々なテーマの体験ギフト【ソウ・エクスペリエンス】,ソウ・エクスペリエンス株式会社,s00000019409001,その他（ギフト）,購入7％,未提携,a8
絵本で贈る新感覚レターギフト【シカケテガミ】,株式会社ネイチャーオブシングス,s00000021015001,その他（ギフト）,購入7％,未提携,a8
寄せ書きの進化系「贈る言葉の贈り本」【RETTEL】,株式会社ネイチャーオブシングス,s00000021015002,写真・プリント,新規購入7％,未提携,a8
創業130年の鞄メーカー 林五のオリジナルブランド「FIVE WOODS」 / HAYASHIGO ONLINE STORE,株式会社林五,s00000021757001,ファッション小物,購入7％,未提携,a8
ベッド・マットレス・インテリア家具通販【cacom公式ショップ】,ナカバヤシ株式会社,s00000022516001,インテリア,購入7％,未提携,a8
最短当日発送！国内正規品のコンタクトレンズ通販サイト【7lens】,株式会社アーバン,s00000022564001,ファッション小物,購入(税抜)7％,未提携,a8
3年保証にお気楽返品！業歴20年超えの老舗中古パソコン専門店！【PC WRAP】,株式会社エスエヌシー,s00000022569001,家電,購入(税抜)7％,未提携,a8
日常を支えるフレンチワークシューズ【KLEMAN】,株式会社インス,s00000022828002,ファッション小物,購入7％,未提携,a8
【ウリウリトレカ(ポケカ販売）】,バイバイ,s00000023123002,グッズ,購入7％,未提携,a8
「マイクロスクーター」スイス発の子供から大人まで楽しめるプレミアムキックボード,マイクロスクーター・ジャパン株式会社,s00000023447001,アウトドア,購入7％,未提携,a8
ビジネスカジュアルなら【ORIHICA（オリヒカ）】,株式会社ＡＯＫＩ,s00000023743001,総合（ファッション）,購入(税抜)7％,未提携,a8
スポーツサンダルやアーバンアウトドアシューズのEC【SHAKA公式オンラインストア】,株式会社ブルームーンカンパニー,s00000024640001,スポーツ,購入7％,未提携,a8
学生制服レンタルサービス【ネトカリ】(CONOMi),株式会社このみ,s00000024759002,総合（ファッション）,レンタル(税抜)7％,未提携,a8
1秒でも無駄を嫌うあなたへ。【EVERING（スマートリング）】,株式会社ＥＶＥＲＩＮＧ,s00000024909001,家電,購入(税抜)7％,未提携,a8
話題の南アフリカワインでコンバージョン【アフリカー】,株式会社ＡＮＰＡＮ,s00000025080001,飲料,購入7％,未提携,a8
アメリカでシェアNO.1のランニングシューズブランド【BROOKS】,アキレスリテール株式会社,s00000025529002,スポーツ,購入7％,未提携,a8
北欧デザイナーズ家具【KuHoN（クホン）】,株式会社ＫＡＬＩＴＥ＿ＣＲＥＡＴＩＯＮ,s00000025629001,インテリア,購入7％,未提携,a8
登山リュックの機能性で、小学生の体に優しくフィット。【エルゴランセル】,エルゴランセル合同会社,s00000026380001,子育て,"購入7％
購入15％（otona ergoransel）",未提携,a8
パッティング専門ブランド【PuttOUT】,株式会社そばに,s00000026610002,スポーツ,"購入7％（エアブレイク）
購入10％",未提携,a8
睡眠投資は、指先から。AIスマートリング 【RingConn (リンコン)】,株式会社Ａｃａｌｉｅ,s00000026776002,その他（暮らし）,購入7％,未提携,a8
AI時代の仕事術 Notta搭載AI議事録イヤホン ZENCHORD1 【AcalieSmart】,株式会社Ａｃａｌｉｅ,s00000026776003,総合（暮らし）,購入7％,未提携,a8
世界で1500万台販売、英国生まれのオーダーメイドブラインドカーテンTuiss,ＴＵＩＳＳ＿ＤＥＣＯＲ株式会社,s00000026903001,インテリア,購入7％,未提携,a8
JESIMAIK公式｜インバーター発電機／バイクインカム／CarPlay AI BOX／車載冷蔵庫 まとめて通販,株式会社イーノウ・ジャパン,s00000027067002,家電,"購入4％（車載用冷蔵庫）
購入5％（バイクインカム・インバーター発電機）
購入10％（CarPlay）",未提携,a8
届ける人も、受け取る人にも優しい宅配ボックス【宅配ボックス名品館】,有限会社ドリームチーム,s00000027207001,総合（暮らし）,新規購入（税抜）7％,未提携,a8
おしゃれなインテリア雑貨、アイアン商品、メーカー直輸入【輸入雑貨イエ】,株式会社かわ畑貿易,s00000027326001,インテリア,購入（税抜）7％,未提携,a8
高齢者向けテレビ用スピーカー【ミライスピーカー】,株式会社ミライスピーカー,s00000020895001,家電,購入6.71％,未提携,a8
アイ・ライフ・コンタクト,有限会社ビジョンケア,s00000003305001,ファッション小物,購入6.5％,未提携,a8
コンタクト専門店「クリアコンタクト」,有限会社ビジョンケア,s00000003305003,ファッション小物,購入6.5％,未提携,a8
スポーツ用品の通販【スーパースポーツゼビオ】,ゼビオ株式会社,s00000020001001,スポーツ,購入6.5％,提携中,a8
人とペットがともに生きる居心地のいい暮らし。 マンダリンブラザーズ,株式会社ＣＨＯＣＯ,s00000023444001,ペット,購入6.5％,未提携,a8
安カワファッション♪毎日新作アップ♪【神戸レタス】,神戸レタス,s00000015898001,服,購入(税抜)6.4％,未提携,a8
累計1億個超の実績！収納のプロが選ぶメーカー直販【テンマフィッツワールド】,天馬株式会社,s00000027381001,インテリア,購入6.4％,未提携,a8
熊本牧場から産直馬刺しをお届け【馬刺し屋】,リクサポート株式会社,s00000016388003,生鮮食品,新規購入10％,未提携,a8
毎年完売！大人気のoisixおせち2026年,オイシックス・ラ・大地株式会社,s00000000488020,総合（グルメ・食品）,購入(税抜)6％,未提携,a8
使い捨てコンタクトレンズ販売【レンズモード】,ＬｅｎｓＭｏｄｅＰｔｅＬｔｄ,s00000000932001,ファッション小物,購入6％,未提携,a8
使い捨てコンタクトレンズ通販【レンズゼロ】,ＬｅｎｓＭｏｄｅＰｔｅＬｔｄ,s00000000932004,ファッション小物,購入6％,未提携,a8
使い捨てコンタクトレンズ通販【Qieto（キエト）】,ＬｅｎｓＭｏｄｅＰｔｅＬｔｄ,s00000000932005,ファッション小物,購入6％,未提携,a8
アプリ購入限定用【使い捨てコンタクトレンズ販売【レンズモード】】,ＬｅｎｓＭｏｄｅＰｔｅＬｔｄ,s00000000932006,ファッション小物,購入6％,未提携,a8
ペットグッズ,株式会社フリーステッチ,s00000003502001,ペット,購入(税抜)2％,提携中,a8
コンタクトの通販なら【ふぁみーるコンタクト】,株式会社ジー・ムーブ,s00000008001001,ファッション小物,購入6％,未提携,a8
【レンズ屋．com】コンタクトレンズ販売,株式会社ジー・ムーブ,s00000008001003,ファッション小物,商品購入金額の６％,未提携,a8
コンタクトレンズ通販の専門店【レンズアップル】,レンズアップル,s00000008250001,ファッション小物,購入6％,未提携,a8
ペアリング・ペアネックレス専門店【FISS】,株式会社時空間,s00000010527001,ファッション小物,購入6％,未提携,a8
Men's Fashion Black Stone,株式会社時空間,s00000010527002,ファッション小物,購入6％,未提携,a8
ラーメンとつけ麺の通販サイト【宅麺．com】,宅麺．ｃｏｍ,s00000011011001,生鮮食品,購入(税抜)6％,未提携,a8
コンタクトレンズ通販【レンズオン】,株式会社パレンテ,s00000011505001,ファッション小物,購入6％,未提携,a8
コンタクトレンズ通販【24lens】,株式会社パレンテ,s00000011505003,ファッション小物,購入6％,未提携,a8
安心・便利なコンタクトレンズ通販【レンズアップ】,株式会社パレンテ,s00000011505004,ファッション小物,購入6％,未提携,a8
安心・便利なコンタクトレンズ通販【レンズファイン】,株式会社パレンテ,s00000011505011,ファッション小物,購入6％,未提携,a8
高濃度ビタミン配合ドクターズコスメ【ビタミンを科学するドクターケイ】,株式会社ドクターケイ,s00000012475001,スキンケア,購入6％,未提携,a8
レゴブロックがいっぱいの屋内体験型施設【レゴランドオンライン】予約促進,ＬＥＧＯ＿Ｄｉｓｃｏｖｅｒｙ＿Ｃｅｎｔｅｒ＿Ｊａｐａｎ合同会社,s00000012993002,その他（エンタメ）,チケット購入6％,未提携,a8
セレブワンピース＆ドレスの【Pour Vous（プール・ヴー）】,株式会社ＰｏｕｒＶｏｕｓ,s00000014082001,服,購入(税抜)13％,未提携,a8
世界の最先端デザイン雑貨・インテリアセレクトショップ【Generate Design】,ＧｅｎｅｒａｔｅＤｅｓｉｇｎＩｎｃ,s00000015526001,インテリア,購入（税抜）6％,未提携,a8
京都の人気店より卒業式の袴をお届け！【京都着物レンタル 夢館 -ゆめやかた-】,夢館,s00000017117001,総合（ファッション）,新規レンタル予約6％,未提携,a8
振袖レンタルは京都の人気店におまかせ！【京都着物レンタル 夢館 -ゆめやかた-】,夢館,s00000017117002,その他（ファッション）,新規レンタル予約6％,未提携,a8
結婚式の衣装レンタルなら【京都着物レンタル 夢館 -ゆめやかた-】,夢館,s00000017117003,その他（ファッション）,新規レンタル予約6％,未提携,a8
おしゃれな七五三着物レンタルなら【京都着物レンタル夢館-ゆめやかた-】,夢館,s00000017117008,その他（ファッション）,新規レンタル予約6％,未提携,a8
最短当日納品！安い速いキレイ！三拍子揃った激安特急印刷プリントライダー,株式会社ニューエッジ,s00000018384001,写真・プリント,購入6％,未提携,a8
【難関資格試験の通信講座】アガルートアカデミー,株式会社アガルート,s00000019260001,資格取得,講座購入6％,未提携,a8
日本最大級の中古ゴルフウェア通販サイト『ストスト』,株式会社一条,s00000019280005,スポーツ,新規購入6％,未提携,a8
《公式》英国伝統の最高級猪毛ヘアブラシ・メイソンピアソン,株式会社オズ・インターナショナル,s00000021672001,その他（美容）,購入6％,未提携,a8
パーソナル診断で自分に合う、オシャレな観葉植物・お花を【AND PLANTS】,株式会社Ｄｏｍｕｚ,s00000022840001,ガーデニング,購入6％,未提携,a8
ベルギー発の世界で大流行、新感覚イヤープラグ（耳栓）【Loop / ループ】,Ｌｏｏｐ＿ＢＶ,s00000025701001,ファッション小物,"▽一般メディア
購入6％

▽ポイントサイト
購入4.5％",未提携,a8
楽天グルメ大賞受賞のおせち等、自然派「食」のお取り寄せ【ちこり村本店サイト】,株式会社サラダコスモ,s00000025843001,その他（グルメ・食品）,購入6％,未提携,a8
神戸発の #素足の履き心地 のバレエシューズブランド【Emma Francis】,株式会社Ｊａｙ＿Ｊａｙ＿Ｊａｐａｎ,s00000026345001,ファッション小物,購入6％,未提携,a8
K-POPアーティストも愛用のアクセサリーブランド【MATILDA　DEPT.】,株式会社マルコローナ,s00000026662001,ファッション小物,購入6％,未提携,a8
指輪1つで健康管理！日本製スマートリング【SOXAI RING 1】,株式会社ＳＯＸＡＩ,s00000026736001,ファッション小物,購入6％,未提携,a8
フォーティーン公式オンラインストア,株式会社フォーティーン,s00000025469001,スポーツ,購入（税抜）5.8％,未提携,a8
スポーツデポ・ゴルフ５・アルペン【公式オンラインストア】,株式会社アルペン,s00000017210001,スポーツ,購入(税抜)3.8％,未提携,a8
雑誌掲載多数｜1piu1uguale3 relaxなどメンズファッション公式サイト【SHIFFON】,株式会社ＳＨＩＦＦＯＮ,s00000023481003,服,購入5.5％,未提携,a8
日本製スキーウェア/GORE-TEX素材のタウンウェアも多数【phenix公式】,株式会社ＳＨＩＦＦＯＮ,s00000023481004,総合（ファッション）,購入(税抜)5.5％,未提携,a8
メディア掲載多数！LITime製！コスパ最強クラスのLiFePO4バッテリー,Ｓｔａｒｒｙｓｅａ＿Ｃｏ．，Ｌｉｍｉｔｅｄ,s00000023830001,家電,購入5.5％,未提携,a8
ゴルフ用品通販【ヴィクトリアゴルフ】,ゼビオ株式会社,s00000020001002,スポーツ,購入(税抜)5.4％,未提携,a8
アウトドア・キャンプ用品通販【エルブレス】,ゼビオ株式会社,s00000020001003,アウトドア,購入(税抜)5.4％,未提携,a8
"マリン,ウィンタースポーツ用品（スキー・スノーボード）通販【ヴィクトリアサーフ＆スノー】",ゼビオ株式会社,s00000020001004,スポーツ,購入(税抜)5.4％,未提携,a8
キャロウェイゴルフ公式オンラインストア,キャロウェイゴルフ株式会社,s00000024518001,スポーツ,購入5.2％,未提携,a8
アニメ・漫画・ゲームコラボグッズ通販【AMNIBUS（アムニバス）】,株式会社ａｒｍａ＿ｂｉａｎｃａ,s00000018920001,グッズ,"購入(税抜)5％
購入(税抜)15％（『しゅごキャラ！』日奈森 あむ リカちゃん）",未提携,a8
テレビショッピングで話題の商品勢ぞろい！【ファミリー・ライフ】,株式会社ファミリー・ライフ,s00000027183001,ショッピングモール,購入（税抜）10％,未提携,a8
ペルチェ水冷服ブランド「coro（コロ）」取扱店！送料無料・90日保証の総合EC【明誠ショップ】,明誠株式会社,s00000027415001,ショッピングモール,購入15％,未提携,a8
日持ちがしてギフトに最適！【えびせん家族】,スギ製菓株式会社,s00000001775001,加工食品,購入5％,未提携,a8
ジャパンメールサービスe通販.com,株式会社ジャパンメールサービス,s00000000672001,総合（暮らし）,購入5％,未提携,a8
ジュエリー総合通販のdianpool（ダイアンプール）,有限会社ウェブトレジャー,s00000002549008,ファッション小物,購入(税抜)5％,未提携,a8
天然ダイヤモンドジュエリーブランド【ZEXIMO公式通販】,有限会社ウェブトレジャー,s00000002549010,ファッション小物,購入5％,未提携,a8
技術講座専門の『JTEX』,株式会社ソキュアス,s00000002646013,専門学校・スクール,購入5％,未提携,a8
インポート高級紳士帽【時谷堂百貨】,株式会社ソキュアス,s00000002646035,ファッション小物,購入(税抜)5％,未提携,a8
ベッド・マットレス通販専門店　ネルコンシェルジュ neruco,株式会社インテリアオフィスワン,s00000003772001,インテリア,購入5％,未提携,a8
SNSで話題のカラフルなゲーミングモニター！[Pixio],Ｈａｍｅｅ株式会社,s00000004383007,家電,購入5％,未提携,a8
腸内洗浄が自宅のトイレでできる腸内洗浄（浣腸）器具スリムエネマ（一般医療機器）,株式会社オンリースタイル,s00000004439003,ダイエット,購入(税抜)5％,未提携,a8
ドクターコーヒーがリニューアル！健康維持・美容を考えたこだわりのデイリーコーヒー,株式会社オンリースタイル,s00000004439021,健康食品,購入(税抜)5％,未提携,a8
車中泊グッズ専門店　車の中に泊まって快適＆節約旅行！,株式会社オンリースタイル,s00000004439025,車・バイク,購入5％,未提携,a8
バナナの王様『甘熟王』が定期的にオフィスへ届く！【オフィスバナナ】,株式会社オンリースタイル,s00000004439032,生鮮食品,購入(税抜)5％,未提携,a8
車中泊の必需品！車中泊専用マット,株式会社オンリースタイル,s00000004439034,車・バイク,購入5％,未提携,a8
エコ！節電！蓄電！太陽＆風力発電専門店,株式会社オンリースタイル,s00000004439035,物件,購入5％,未提携,a8
発電機はもういらない！話題の『最新蓄電池システム』の,株式会社オンリースタイル,s00000004439041,車・バイク,購入5％,未提携,a8
日焼け、防寒、防犯対策に！完全車種別【高断熱ブラインドシェード】,株式会社オンリースタイル,s00000004439042,車・バイク,購入5％,未提携,a8
長時間冷え冷え〜驚異の保冷力！アウトドアや災害時に大活躍【KRクールBOX】,株式会社オンリースタイル,s00000004439043,アウトドア,購入5％,未提携,a8
エコで経済的！電源確保ができない場所で大活躍の電源システム！【only style】紹介,株式会社オンリースタイル,s00000004439045,その他（暮らし）,購入5％,未提携,a8
電源いらず長時間冷え冷え保冷力約42倍【オンリースタイル最強冷え冷えセット】,株式会社オンリースタイル,s00000004439047,その他（暮らし）,購入5％,未提携,a8
釣果に影響!?マヅメまでの快適睡眠をプロデュース!自然に膨らむ車中泊専用マット,株式会社オンリースタイル,s00000004439048,その他（暮らし）,購入(税抜)5％,未提携,a8
巨大トミカタウン出現！お子様やペット連れに大人気【トミカおねしょシーツ】,株式会社オンリースタイル,s00000004439051,車・バイク,購入5％,未提携,a8
発電機はもう古い?お祭り・イベントでの電源確保は【エコパワー】レンタルで解決！,株式会社オンリースタイル,s00000004439055,その他（暮らし）,レンタル（税抜）5％,未提携,a8
自分でできる！ブース設営・撤収が劇的に楽になる！ショールームにも最適！【DIY展示会キット】,株式会社オンリースタイル,s00000004439058,その他（暮らし）,購入5％,未提携,a8
無理なくできる妊活！2人のペースで妊活できる【プレメントシリンジ】,株式会社オンリースタイル,s00000004439060,その他（健康）,購入(税抜)5％,未提携,a8
法定停電対策は蓄電型電源装置ECO-POWERのレンタルで全て解決！【電源レンタル専門店】,株式会社オンリースタイル,s00000004439061,その他（暮らし）,レンタル料金(税抜)5％,未提携,a8
自分でできる脱肛防止！De-nice（デ・ナイス）は一般医療機器の脱肛防止用器具,株式会社オンリースタイル,s00000004439064,医療,購入(税抜)5％,未提携,a8
災害発生時の非常用電源として【オンリースタイルUPS搭載リチウム蓄電池セット】,株式会社オンリースタイル,s00000004439065,その他（暮らし）,購入(税抜)5％,未提携,a8
【唯一無二の存在】バッテリー式電源車レンタルサービス,株式会社オンリースタイル,s00000004439066,その他（暮らし）,レンタル料金(税抜)5％,未提携,a8
販売実績18万枚ガレージタイル☆高単価必須☆報酬アップ間違いなし！防炎物品で安心,株式会社オンリースタイル,s00000004439067,車・バイク,購入(税抜)5％,未提携,a8
精液を無駄にしない唯一の採精シート【プレメント採精シート】,株式会社オンリースタイル,s00000004439069,医療,購入(税抜)5％,未提携,a8
手のひらにはめるだけ！やさしいハンドケア【リラックスハンドパッド】,株式会社オンリースタイル,s00000004439070,その他（健康）,購入(税抜)5％,未提携,a8
電源が無いところの監視カメラはエコパワーカメラが最適【監視カメラレンタル】,株式会社オンリースタイル,s00000004439073,その他（暮らし）,レンタル料金（税抜）5％,未提携,a8
【最大70%割引】雑誌のオンライン書店「Fujisan.co.jp」紹介,株式会社富士山マガジンサービス,s00000005174001,書籍・本,購入5％,未提携,a8
『GOLF DIGEST』『GOLF TODAY』『ゴルフクラシック』等のゴルフ雑誌紹介,株式会社富士山マガジンサービス,s00000005174002,書籍・本,購入5％,未提携,a8
『たまごクラブ 』『ベビーブック』『I LOVE mama』等のキッズ誌紹介,株式会社富士山マガジンサービス,s00000005174003,書籍・本,購入5％,未提携,a8
『週刊アスキー』『Software Design』『MacPeople』他PC誌紹介,株式会社富士山マガジンサービス,s00000005174004,書籍・本,購入5％,未提携,a8
【漫画全巻ドットコム】コミック全巻セット販売,株式会社ＴＯＲＩＣＯ,s00000005735001,書籍・本,購入5％,未提携,a8
印鑑で唯一の、最高品質×低価格＝高購入率のハイブリッド【いいはんこやどっとこむ】,株式会社いいはんこやどっとこむ,s00000006562001,生活雑貨,購入5％,未提携,a8
季節の贈り物に最適！ＴＶ・雑誌で話題のモダン和菓子♪共楽堂,有限会社共楽堂,s00000006599003,加工食品,購入(税抜)5％,未提携,a8
京橋ワインリカーショップ【ワイン購入】,ワインキュレーション株式会社,s00000007169001,飲料,購入5％,未提携,a8
ベクターPCショップ　「プロレジ」パソコンソフトダウンロード販売,株式会社ベクターホールディングス,s00000007693001,家電,"購入5％
購入7.5％(マカフィー アンチウイルス＿3年10台版)",未提携,a8
法律系資格取得のための講座・書籍・教材ショップ東京法経学院,株式会社東京法経学院,s00000007761001,資格取得,購入6％,未提携,a8
【クリスマス限定ジュエリー】『THE KISS』公式サイト,株式会社ザ・キッス,s00000007784001,ファッション小物,購入(税抜)5％,未提携,a8
【ペアリング・マリッジ・エンゲージ】THE KISSの公式通販サイト,株式会社ザ・キッス,s00000007784002,ファッション小物,購入5％,未提携,a8
【プレゼントに最適】カップルの為のシルバーアクセサリー『THE KISS』,株式会社ザ・キッス,s00000007784003,ファッション小物,購入5％,未提携,a8
【ディズニーコレクション】THE KISS公式通販コラボ商品,株式会社ザ・キッス,s00000007784004,ファッション小物,購入5％,未提携,a8
【限定販売】ドラマ・映画・アニメとのコラボアクセサリー,株式会社ザ・キッス,s00000007784005,ファッション小物,購入5％,未提携,a8
【ベッタベビーストア】哺乳瓶・スリング等◇ベビー＆ママグッズ,株式会社ズーム・ティー,s00000008660001,子育て,購入5％,未提携,a8
グッドデザイン賞受賞【ベッタ　ベビーストア】ベビー用品,株式会社ズーム・ティー,s00000008660002,子育て,購入5％,未提携,a8
レザー製品販売サイト【ノイジャパン】,株式会社ノイジャパン,s00000009096001,ファッション小物,購入(税抜)10％,未提携,a8
上質な革で仕立てる革製品【キプリス公式オンラインショップ】,株式会社ノイジャパン,s00000009096002,ファッション小物,購入10％,未提携,a8
国内正規品のコンタクトレンズ激安通販＜アットネット＞,アットスタイル,s00000009457003,ファッション小物,購入5％,未提携,a8
いつも全国最安値に挑戦中！【アットレンズ】コンタクト販売,アットスタイル,s00000009457005,ファッション小物,購入5％,未提携,a8
グループ延べ400万人の販売実績、コンタクト通販【レンズクイック】,アットスタイル,s00000009457006,ファッション小物,購入（税抜）5％,未提携,a8
大切な瞬間に極上の彩りを添える花胡蝶蘭【PREMIER　GARDEN】,株式会社プレミアガーデン,s00000010478001,花,購入(税抜)5％,未提携,a8
L.A. のリラックス感から生まれたデニムブランド【YANUK（ヤヌーク）オンラインストア】,メディエア株式会社,s00000010487016,総合（ファッション）,購入5％,未提携,a8
大人のためのラフ＆POPな雑貨ブランド【ACCOMMODEアコモデ】,メディエア株式会社,s00000010487017,ファッション小物,購入(税抜)5％,未提携,a8
ジグソーパズル・パネル専門店【ジグソークラブ】,ジグソークラブ,s00000010493001,ゲーム,購入5％,未提携,a8
日本最大級のダーツ通販ショップ「DARTS HiVe（ダーツハイブ）」,ダーツショップＤＡＲＴＳ＿Ｈｉｖｅ,s00000010836001,その他（スポーツ・趣味）,購入(税抜)5％,未提携,a8
山に登ろう！登山・トレッキング道具の【やまどうぐレンタル屋】,株式会社フィールド＆マウンテン,s00000011202001,アウトドア,レンタル金額5％,未提携,a8
ヒューマンアカデミー通販『adobe』,ヒューマンアカデミー通信講座,s00000011309002,習い事,購入5％,未提携,a8
芸能人がドラマで使用！人気腕時計【オリビアバートン公式ストア】,株式会社ビヨンクール,s00000011914013,ファッション小物,購入5％,未提携,a8
【高単価】カメラ・PCなど話題の「推し活」機材まで！オンラインレンタル,株式会社ビデオエイペックス,s00000012220001,その他（暮らし）,初回レンタル金額の8％,未提携,a8
マタニティウェアの【エンジェリーベ】,株式会社エンジェリーベ,s00000012343001,服,購入(税抜)5％,未提携,a8
商品の品揃えが豊富！印鑑の匠.com,株式会社クロスアーク,s00000012965001,生活雑貨,購入5％,未提携,a8
健康な暮らしを支える【ファイテン】公式通販サイト,ファイテン株式会社,s00000013028003,ショッピングモール,購入(税抜)5％,未提携,a8
おしゃれ雑貨、ギフトの【BRUNO online】,ＢＲＵＮＯ株式会社,s00000013277002,総合（ギフト）,購入(税抜)5％,未提携,a8
”毎日を旅するように暮らす”大人へ向けたトラベルブランド【MILESTO（ミレスト）】,ＢＲＵＮＯ株式会社,s00000013277005,トラベルグッズ,購入(税抜)5％,未提携,a8
マニフレックスの正規通販サイト【magniflex】,マニフレックス九州地区,s00000013347001,インテリア,購入10％,未提携,a8
補整×ランジェリー【ブラデリスニューヨークオンラインストア】,ゴールドフラッグ株式会社,s00000013590001,服,購入5％,未提携,a8
ココロがスキップしてしまうような商品を。総合テレビ通販【ダイレクトテレショップ】,ダイレクトテレショップ,s00000013791001,ショッピングモール,購入5％,未提携,a8
テレビCMでもおなじみの注目ベンチャー！激安ネット印刷の【ラクスル】,ラクスル株式会社,s00000013809001,写真・プリント,注文(税抜）5％,未提携,a8
【スーツケース/旅行用品/バッグの専門店トコー】オンラインショップ,ＴＴＣ株式会社,s00000013995001,トラベルグッズ,購入（税抜）5％,未提携,a8
タニタ公式ネット通販サイト「タニタオンラインショップ」,株式会社タニタ,s00000014361001,ショッピングモール,購入5％,未提携,a8
ふとんクリーナーのパイオニア［レイコップ公式オンラインストア］,レイコップ株式会社,s00000014566001,家電,購入5％,未提携,a8
体験型カタログギフト【EXETIME】,株式会社ユナイテッドスペース,s00000014649001,その他（ギフト）,購入（税抜）5％,未提携,a8
年中快適！簡単、敷くだけ湿気対策！！【モットン除湿シート】,株式会社グリボー,s00000014775014,総合（暮らし）,新規購入5％,未提携,a8
ベビーから大人まで楽しめるギフトに最適なブランド【フェフェオンラインショップ】,フェフェ（ｆａｆａ）ＯｎｌｉｎｅＳｈｏｐ,s00000015592001,子育て,購入5％,未提携,a8
ギフトにぴったりな胡蝶蘭、観葉植物、花束、スタンド花の通販サイト【HitoHana】,株式会社Ｂｅｅｒ＿ａｎｄ＿Ｔｅｃｈ,s00000016113001,花,"新規購入(税抜)5％（その他商品）
新規購入(税抜)7％（スタンド花、フラワーギフト、リース、スワッグ）
新規購入(税抜)11％（胡蝶蘭）",未提携,a8
＜商品60万点＞日本最大級のギフト専門セレクトショップ【ギフトモール】,株式会社ギフトモール,s00000016130001,総合（ギフト）,"▽一般メディア
購入(税抜)7.5％
購入(税抜)5％（ブランド商品全般）

▽ポイントサイト
購入(税抜)5％",未提携,a8
オホーツクのグルメを中心に心を込めて自慢の味覚をお届けします！【北海道網走水産】,北海道＿網走水産,s00000016230001,生鮮食品,購入5％,未提携,a8
中古パソコンならお任せ【ThinkPad専門店 Be-Stock】,アイ・ティー・エス・ジャパン株式会社,s00000016506001,家電,新規購入(税抜)5％,未提携,a8
中古パソコンならお任せ【中古パソコンショップ Be-Stock】,アイ・ティー・エス・ジャパン株式会社,s00000016506002,家電,新規購入(税抜)5％,未提携,a8
こだわりぬいたアイテムを販売するオンラインショッピング【スタイルストア】,株式会社エンファクトリー,s00000017370001,総合（暮らし）,購入5％,未提携,a8
本物に価するレザーアイテムを厳選し、出逢いをお届けするセレクトショップ,株式会社シェアコーポレーション,s00000017444001,ファッション小物,購入(税抜)5％,未提携,a8
みんなが憧れるうるおい肌に！ヴェレダ公式オンラインショップ【WELEDA】,株式会社ヴェレダ・ジャパン,s00000017826001,ボディケア,購入(税抜)5％,未提携,a8
ナチュラルオーガニックコスメ専門通販サイト【ネイチャーズウェイ】,株式会社ネイチャーズウェイ,s00000017828001,総合（美容）,"購入(税抜)4.6％
購入(税抜)4.6％(ヴェレダ商品)",未提携,a8
高級缶詰ギフト・お取り寄せ専門店「オーシャンプリンセス」,モンマルシェ株式会社,s00000018008001,総合（グルメ・食品）,購入5％,未提携,a8
野菜をMOTTO｜カップのままレンジで1分｜簡単贅沢な野菜スープ,モンマルシェ株式会社,s00000018008002,加工食品,購入5％,未提携,a8
【COLE HAAN（コールハーン）オンラインストア】,ＣＯＬＥ＿ＨＡＡＮ＿ＪＡＰＡＮ合同会社,s00000018178001,ファッション小物,購入(税抜)5％,未提携,a8
クラウドファンディング総額3億円突破　革小物専門店【Hallelujah ハレルヤ】,株式会社ハレルヤ,s00000018256001,ファッション小物,購入5％,未提携,a8
RGB印刷対応！安い早いキレイ！同人誌印刷ペンタロー,株式会社ニューエッジ,s00000018384002,写真・プリント,購入5％,未提携,a8
【Insta360】世界シェアNo. 1を誇る360度カメラメーカー,Ａｒａｓｈｉ＿Ｖｉｓｉｏｎ＿Ｉｎｃ．,s00000018748001,家電,購入5％,未提携,a8
20万人ご愛用！ラクに姿勢がよくなる椅子バランスチェア【バランスラボ】,バランスラボ,s00000018778001,子育て,購入5％,未提携,a8
ヘルスケアに特化した商品をお届け！＋【ビオトピアマルシェ セレクトモール】,株式会社ブルックス,s00000019211013,ショッピングモール,購入5％,未提携,a8
スーパーでは手に入らないユニークなお肉がたくさん！BBQにも！【ミートガイ】,ミートガイ,s00000019450001,生鮮食品,"▽一般
購入5％（その他商品）
購入10％（トライアルセット）

▽ポイントサイト
購入5％",未提携,a8
新作・人気の韓国ファッションのまとめ買いは【Codibook】,ＹＤＥＡ＿Ｉｎｃ．,s00000019641001,服,購入5％,未提携,a8
〜最高品質のメンズ革製品〜GANZO,ＡＪＩＯＫＡ,s00000020219001,ファッション小物,新規購入5％,未提携,a8
カラフルで上質なレディース革小物・バッグ｜Epoi,ＡＪＩＯＫＡ,s00000020219002,ファッション小物,新規購入5％,未提携,a8
薄くて軽い、使い心地の良いレディース革財布【airlist】,ＡＪＩＯＫＡ,s00000020219003,ファッション小物,新規購入（税抜）5％,未提携,a8
クロコダイル革メーカーが発信する純日本製高級皮革ブランド【東京クロコダイル】,東京クロコダイル,s00000020229001,ファッション小物,購入5％,未提携,a8
イタリア製の洗練されたデザインの高級ペット用ベッド【レオエルナ】,Ａｌｉｃｅ’ｓＤｏｇ＆Ｃａｔ,s00000020412004,ペット,初回購入5％,提携中,a8
犬猫小動物の抜け毛ケア【ゾロ グルーミングコーム】,Ａｌｉｃｅ’ｓＤｏｇ＆Ｃａｔ,s00000020412005,ペット,初回購入5％,提携中,a8
ワインスクールアカデミー・デュ・ヴァンのワインショップカーヴ・ド・ラ・マドレーヌ,株式会社アカデミー・デュ・ヴァン,s00000020527002,飲料,購入(税抜)5％,未提携,a8
創業50年余年。割烹料亭千賀監修【おせちの千賀屋】おもてなし参道本店,株式会社千賀屋,s00000020562002,総合（グルメ・食品）,購入5％,未提携,a8
カタログギフト業界トップクラスの品質と品揃え！カタログギフトのハーモニック 〈公式〉,株式会社ハーモニック,s00000020660001,総合（ギフト）,"購入(税抜)5％
購入(税抜)8％（THE PREMIUM GIFT、JTOコース、JTJコース、JTXコース、JTDコース）",未提携,a8
初めての香典返しならギフト専門店のハーモニック公式【香典返し専門サイト】,株式会社ハーモニック,s00000020660002,葬祭,購入(税抜)5％,未提携,a8
住所が分からなくてもメールやSNSで簡単に贈れるソーシャルギフト【e-catalog】,株式会社ハーモニック,s00000020660003,総合（ギフト）,購入(税抜)5％,未提携,a8
【AZUL BY MOUSSY】ジーニングカジュアルベースのメンズ＆レディーススタイル,株式会社バロックジャパンリミテッド,s00000020694001,総合（ファッション）,購入(税抜)5％,未提携,a8
オリジナルシールやラベルの企画・作成は【ラベル印刷シール印刷.com】,九州お取り寄せ本舗,s00000020875004,写真・プリント,新規注文(税抜)5％,未提携,a8
日本最大級の品揃え！カーペット・ロールスクリーン・カーテン専門店【びっくりカーペット】,株式会社グラムスタイル,s00000021061001,インテリア,購入(税抜)5％,未提携,a8
人を癒やすクッションで累計1000万個以上！ビーズクッションのパイオニア【MOGUストア】,株式会社ＭＯＧＵ,s00000021069001,その他（暮らし）,購入5％,未提携,a8
ギフトはおまかせ！【サンクゼール&久世福商店オンラインショップ】,株式会社サンクゼール,s00000021126001,総合（ギフト）,購入10％,未提携,a8
ネット印刷の手軽さで印刷会社のクオリティと安心を。進化するネット印刷【いろぷり】,いろぷり,s00000021251001,総合（暮らし）,購入(税抜)5％,未提携,a8
使うほどに愛着のわく、シンプルな美しさを大切に【土屋鞄のランドセル】,土屋鞄のランドセル,s00000021256003,ファッション小物,購入2％,未提携,a8
【アイロボット公式オンラインストア】ロボット掃除機ルンバ,アイロボットジャパン合同会社,s00000021318002,家電,購入(税抜)5％,未提携,a8
最高の睡眠を届けるセレクトショップ【BRAIN SLEEP STORE】,株式会社ブレインスリープ,s00000021363003,インテリア,購入5％,未提携,a8
創業55年の実績と信頼、安全安心のSL Creations,株式会社ＳＬ＿Ｃｒｅａｔｉｏｎｓ,s00000021462001,その他（グルメ・食品）,"新規購入10％
リピート購入5％",未提携,a8
メーカー直営 家具・インテリア通販サイト【SHIRAI STORE】,株式会社白井産業,s00000021495001,インテリア,購入5％,未提携,a8
羽田限定商品は世界でここだけ！【羽田空港公式通販サイトHANEDA Shopping】,羽田空港公式通販サイト,s00000021701001,ショッピングモール,購入5％,未提携,a8
商品数3000点以上 日本最大級のベッド専門通販サイト 【ベッドスタイル】,カヴァースジャパン株式会社,s00000021742001,インテリア,購入5％,未提携,a8
商品数8000点以上 日本最大級の家具専門通販サイト【カヴァース】,カヴァースジャパン株式会社,s00000021742002,インテリア,購入5％,未提携,a8
商品数1500点 日本最大級のソファ専門通販サイト 【ソファスタイル】,カヴァースジャパン株式会社,s00000021742003,インテリア,購入5％,未提携,a8
電気がなくても炊きたてごはん。【魔法のかまどごはん】,タイガー魔法瓶株式会社,s00000021810003,家電,購入3％,未提携,a8
カニ・ほたて・いくらが『送料無料』 でお取り寄せ【北海道ぎょれん】,ぎょれん販売株式会社,s00000021814001,生鮮食品,購入(税抜)5％,未提携,a8
colleize（コレイズ）｜アニメ・キャラクター公式グッズ・公式ライセンス商品専門サイト,株式会社Ｓｍａｒｐｒｉｓｅ,s00000022246001,グッズ,購入(税抜)5％,未提携,a8
清潔安心をお届けします【ふとん工場サカイ　本店】,有限会社サカイ,s00000022288001,インテリア,購入(税抜)5％,未提携,a8
腰のことを考えた、極厚で寝返りしやすい 【リカバリーデザイン敷布団】,有限会社サカイ,s00000022288002,その他（暮らし）,購入(税抜)10％,未提携,a8
簡単に必要な時に借りて、返せる【清潔・安心のお布団のレンタルサービス】,有限会社サカイ,s00000022288005,インテリア,レンタル申込金額(税抜)5％,未提携,a8
世界の木材（無垢材・集成材他）を1枚からお届け【木材通販のマルトクショップ】,株式会社マルトク,s00000022434001,インテリア,購入5％,未提携,a8
「カラダも、脳もゆるむ。」まったく新しいマットレス・枕【LIMNE（リムネ）】,【公式】ＬＩＭＮＥ（リムネ）＿マットレス・枕などの寝具オンライン通販,s00000022758001,インテリア,"購入5％（その他商品※三つ折りマットレス含む）
購入8％（リムネマットレス　エントリーモデル）
購入10％（リムネマットレス　リッチコイルモデル/Limne the Mattress）

▽ポイントサイト
購入5％",未提携,a8
伝統的かつ洗練されたデザイン【フェリージオンラインショップ】,株式会社ユニオンゲートグループ,s00000022853001,総合（ファッション）,購入5％,未提携,a8
スマホ・パソコン1つでいつでもオンラインで学べる【ヴィノテラス ワインスクール】,ヴィノテラス＿ワインスクール,s00000022942001,資格取得,"購入5％
講座申込5％",未提携,a8
幼児教室うまれの木製知育玩具【GENI(ジェニ)公式オンラインショップ】,株式会社エド・インター,s00000023054001,子育て,購入5％,未提携,a8
アニメ・キャラクターグッズの通販サイト【LD - LIBERTAS DREAM(リベルタスドリーム) -】,ＬＤ─ＬＩＢＥＲＴＡＳＤＲＥＡＭ,s00000023080001,グッズ,購入5％,未提携,a8
精霊のように愛らしいフィギュアがあなたの日常に物語を提供します【spiritale公式】,株式会社タイトー,s00000023092001,グッズ,購入5％,未提携,a8
上質でセンスの良いものが見つかる！おしゃれな大人の女性のカーテン通販専門店インズ,株式会社インスタイル,s00000023115001,インテリア,購入5％,未提携,a8
オーストラリア発オーガニックコスメブランド【ジュリーク（Jurlique）】,株式会社ピーオーグローバル,s00000023586005,総合（美容）,購入(税抜)5％,未提携,a8
カメラ・スマホ・家電を手軽にレンタル！【ゲオあれこれレンタル】,株式会社ゲオ,s00000023591001,家電,レンタル予約5％,提携中,a8
こだわりの寝具製品【快眠タイムズストア】,株式会社篠原化学,s00000023760001,インテリア,購入15％,提携中,a8
シュガーバターの木やねんりん家など人気スイーツをお取り寄せ【公式オンラインショップ】,株式会社グレープストーン,s00000023764001,加工食品,購入3％,未提携,a8
【ファー（毛皮）の三京商会】 圧倒的な品揃え！国内最大級のネット,株式会社三京商会,s00000023766001,総合（ファッション）,購入5％,未提携,a8
DIYにおすすめ！パイプとジョイントでアイデア無限大【スパクリショップ】,スペーシア株式会社,s00000023833001,その他（暮らし）,購入5％,未提携,a8
日本のイヤホンブランドfinal,株式会社ｆｉｎａｌ,s00000023839001,家電,購入5％,未提携,a8
キャラクターのキッチン・雑貨メーカー【スケーター公式ショップ】,スケーター株式会社,s00000023927001,子育て,購入(税抜)5％,未提携,a8
北欧のブランドを中心に家具・照明をセレクトして販売しているCONNECT,有限会社ロワール商事,s00000023939001,インテリア,購入5％,未提携,a8
イギリス発 美容機器のスペシャリスト CurrentBody｜カレントボディ,ＴＨＥ＿ＢＥＡＵＴＹ＿ＴＥＣＨ＿ＧＲＯＵＰ＿ＬＩＭＩＴＥＤ,s00000023953001,美容機器,購入5％,未提携,a8
話題のリフトアップ美顔器【ZIIP】｜ ZIIP日本公式サイト,ＴＨＥ＿ＢＥＡＵＴＹ＿ＴＥＣＨ＿ＧＲＯＵＰ＿ＬＩＭＩＴＥＤ,s00000023953002,美容機器,購入5％,未提携,a8
プロが選ぶプレミアムホームケア【トリア】,ＴＨＥ＿ＢＥＡＵＴＹ＿ＴＥＣＨ＿ＧＲＯＵＰ＿ＬＩＭＩＴＥＤ,s00000023953003,美容機器,購入5％,未提携,a8
スマートフォン充電器・ケーブル等の製造販売メーカー【tama’s】,多摩電子工業株式会社,s00000023959001,家電,購入5％,未提携,a8
2001年創業 家具・インテリア通販の【公式】クラスティーナオンラインショップ,株式会社クラスティーナインターファニチャー,s00000023979001,インテリア,購入5％,未提携,a8
家族でシェアできる新発想の多機能チェア、ドイツ生まれのハイチェアイッピー【moji】,ｍｏｊｉ＿Ｊａｐａｎ株式会社,s00000023988001,子育て,購入5％,未提携,a8
クオリティの高い家具を買うならお得感溢れる家具通販サイト【Indoorplus】,ＤＥＣＯＨＵＢ合同会社,s00000024017001,インテリア,"購入3％【ソファ】シンプルミルク色 1/2/3/4人掛け
       【ダイニングテーブル】イタリア風 ミニマルデザイン 選べる6サイズ
       【ダイニングテーブル】 高級感 伸長式 天板厚み選べる
       【ダイニングテーブル】北欧 伸縮式 選べる4色
購入4％",未提携,a8
デザイン・品質にこだわったイタリア製スーツケース通販サイト【LDUVIN】,ＤＥＣＯＨＵＢ合同会社,s00000024017002,トラベルグッズ,購入5％,未提携,a8
送料無料 /スタイリッシュで洗練された家具「INNERPEACE」とともに、ナチュラル,ＤＥＣＯＨＵＢ合同会社,s00000024017005,インテリア,購入5％,未提携,a8
医療用白衣・スクラブ・ナース服【クラシコ】,クラシコ株式会社,s00000024064001,服,購入(税抜)5％,未提携,a8
チラシ印刷から配布まで!ワンストップで完結する総合印刷サービス。ネット印刷なら【スプリント】,株式会社ｕｇｏ,s00000024232001,その他（Webサービス）,"購入(税抜)5％
購入(税抜)7％(ポスティング)",未提携,a8
トップアスリート愛用の理由！「MPNプロテイン」美味しい上に質と配合量に大注目 ！,株式会社ボディフィット,s00000024389001,健康食品,"▽一般メディア
購入（税抜）5％　

▽ポイントサイト
購入（税抜）3％",未提携,a8
餃子・炒飯・点心！お店の中華料理をご家庭にお届け！【大阪王将公式通販】,大阪王将公式通販,s00000024526001,その他（グルメ・食品）,購入5％,未提携,a8
【花畑牧場】公式オンラインショップ,株式会社花畑牧場,s00000024555001,総合（グルメ・食品）,購入5％,未提携,a8
お受験用品が全て揃う専門店【Happy Clover】,株式会社ゆうきプランニング,s00000024837001,服,購入5％,未提携,a8
世界中のデザイナーを応援！アジア最大級デザイナーズ通販サイト【Pinkoi】,ピンコイ株式会社,s00000024874001,インテリア,購入5％,未提携,a8
USED/Vintageラグジュアリーブランドバッグの専門店【Trip】,株式会社リベラデザイン,s00000024950001,ファッション小物,購入5%,未提携,a8
子どもの肩に優しく寄り添うナイロンランドセル【豊岡鞄スクールリュックUMI】,株式会社アートフィアー,s00000024971001,ファッション小物,"購入5％
初回レンタル5％",未提携,a8
ライフスタイル向けスニーカー【MOONSTAR　公式オンラインストア】,ＭＯＯＮＳＴＡＲ,s00000025031001,ファッション小物,購入5％,未提携,a8
整理収納アドバイザーも愛用する収納用品ブランド【ライクイット】,ライクイット株式会社,s00000025050001,インテリア,購入（税抜）5％,未提携,a8
累計395万セット販売！毎年完売グルメ杵屋のおせち料理【ときめく！お取り寄せ】,株式会社グルメ杵屋,s00000025052001,その他（グルメ・食品）,購入（税抜）5％,未提携,a8
artgraph.【名画やアートのポスター作品やプリントグッズが買えるサイト】,株式会社ＰＨＯＴＯＰＲＩ,s00000025127003,その他（エンタメ）,購入5％,未提携,a8
木のおままごと・知育玩具ブランド【ウッディプッディ】,株式会社ウッディプッディ,s00000025139001,子育て,購入5％,未提携,a8
世界中の女性に愛されるブランドaxes femme【アクシーズファム 】,株式会社アイジーエー,s00000025239001,服,購入5％,未提携,a8
アニメ・キャラクターグッズの通販サイト【ペンパレオンラインショップ】,ペンパレオンラインショップ,s00000025242001,その他（スポーツ・趣味）,購入(税抜)5％,未提携,a8
【MUSINSA】韓国No.1ファッションプラットフォーム,ＭＵＳＩＮＳＡ＿ＣＯ．，Ｌｔｄ,s00000025252001,総合（ファッション）,購入（税抜）5％,未提携,a8
瞬足やアキレスソルボなどのシューズ製品【アキレスウェブショップ】,アキレスリテール株式会社,s00000025529001,ファッション小物,"購入5％
購入8％＜アキレス・ソルボシリーズ＞",未提携,a8
産地と着る人をつなぐ着物通販サイト【いち利モール】,きものＥＣ＿いち利モール,s00000025566001,総合（ファッション）,購入5％,未提携,a8
創業から100年を越える老舗の逸品【老舗通販.net】,スターマーク株式会社,s00000025613001,総合（グルメ・食品）,購入5％,未提携,a8
九州のいちおしグルメ・ギフトがお買い得！【イオン九州オンライン】,イオン九州株式会社,s00000025671001,ショッピングモール,購入5％,未提携,a8
【ジョンマスターオーガニック】公式通販サイト,株式会社ジョンマスターオーガニックグループ,s00000025672001,総合（美容）,購入5％,未提携,a8
プリペイドコードをセブンのレジで手軽に買える【スマホプリペイド】,インコム・ジャパン株式会社,s00000025786001,その他（暮らし）,"▽一般
購入5％

▽ポイントサイト
購入2％",未提携,a8
バッグマニア公式通販【THE BAGMANIA】,株式会社ヤマニ,s00000025946001,ファッション小物,購入5％,未提携,a8
ギフト需要◎ MADE IN ITALYのレザーブランド【L'arcobaleno（ラルコバレーノ）】,ラルコバレーノ,s00000025954001,ファッション小物,購入5％,未提携,a8
肌への優しさにとことんこだわる自然派コスメ「ハウスオブローゼ」,株式会社ハウスオブローゼ,s00000025957001,スキンケア,購入5％,未提携,a8
この包丁は、おいしくて、豊かな人生の入口です。【KISEKI:】,福田刃物工業株式会社,s00000026022001,インテリア,購入5％,未提携,a8
知育玩具と癒しキャラクター等心温まる雑貨＆愛犬と愛犬家の為のライフスタイルを提案,株式会社クリエイティブヨーコ,s00000026094001,子育て,購入5％,提携中,a8
まくら・抱き枕・足枕など「枕」に特化した専門店【枕と眠りのおやすみショップ！】,まくら株式会社,s00000026114001,インテリア,購入5％,未提携,a8
ホワイトニング専門歯科の歯磨き粉【ホワイトエッセンス（EC）】,ホワイトエッセンス株式会社,s00000026144002,健康グッズ,購入5％,未提携,a8
スタイルアップシューズブランド【STANDOOLTOKYO（スタンドゥール）】,株式会社スタンドゥール,s00000026160001,ファッション小物,購入5％,未提携,a8
創業天保5年 果物の老舗『千疋屋総本店』公式ストア【果物や洋菓子のギフトセット】,株式会社千疋屋総本店,s00000026181001,生鮮食品,購入5％,未提携,a8
日々の暮らしに彩りを、おしゃれで高級感のある家具【CAGUUU（カグー）】,ＣＡＧＵＵＵ株式会社,s00000026197001,インテリア,"購入5％（その他商品）
購入10％（マットレス商品）

▽ポイントサイト
購入5％",未提携,a8
NUGU ｜ 韓国ファッション通販サイト,株式会社ＣＲＥＡＴＥ,s00000026397001,服,購入（税抜）5％,未提携,a8
希少銘柄や世界のウイスキーが集結！ウイスキー専門店【WHISKY LIFE】,株式会社イズミセ,s00000026440001,飲料,購入(税抜)5％,未提携,a8
世界の銘酒が集結！希少酒や高級ワインを揃えております【リカマンオンライン】,株式会社イズミセ,s00000026440002,飲料,購入5％,未提携,a8
ワインの魅力を引き出すワインセラーなら通販実績No.1【セラー専科】,株式会社イズミセ,s00000026440003,家電,購入5％,未提携,a8
「着る医療機器」リライブシャツ,株式会社りらいぶ,s00000026516001,その他（健康）,購入5％,未提携,a8
眠りの世界に品質を【エアウィーヴ公式オンラインストア】,株式会社エアウィーヴ,s00000026536001,インテリア,購入（税抜）5％,未提携,a8
1999年創業以来、天然主義を貫くスキンケア・ヘアケア・メイクアップ製品を提供【ASKA byDNラボ】,株式会社アスカコーポレーション,s00000026586001,スキンケア,"購入5％（SUMMER FAIR商品）
購入12％（その他商品）",未提携,a8
「Wpc.」公式通販サイト「Wpc. ONLINE STORE」,株式会社ワールドパーティー,s00000026600001,総合（ファッション）,購入5％,未提携,a8
ゴルフの常識を覆した反則級パター【CROSSPUTT】,株式会社そばに,s00000026610001,スポーツ,購入5％,未提携,a8
革新技術で掃除機の常識を超える！【Narwal（ナーワル）】,Ｎａｒｗａｌ＿Ｊａｐａｎ株式会社,s00000026703001,家電,購入5％,未提携,a8
キッチン雑貨・家具カーテン・ファッション・スイーツの【KEYUCA(ケユカ)】,河淳株式会社,s00000026706001,総合（暮らし）,購入5％,未提携,a8
ストア限定商品あり【Nature Lab Store(ネイチャーラボストア)】,株式会社ネイチャーラボ,s00000026712001,総合（美容）,購入5％,未提携,a8
【デジタルギフト「してね」】JTBグループからの新サービス｜高単価商品多数,株式会社ＪＴＢ,s00000026733001,総合（ギフト）,購入5％,未提携,a8
新しい移動体験！電動キックボード・電動バイク・電動自転車専門店【JPStars Online Shop】,株式会社Ａｃａｌｉｅ,s00000026776001,家電,購入5％,未提携,a8
イラストがお気に入りの一着に。【Favorite（フェイバリット）】,株式会社フェイバリット,s00000026853001,総合（ファッション）,購入（税抜）5％,未提携,a8
中古パチンコ・スロット実機販売専門店【中一商事】,有限会社中一商事,s00000026953001,ギャンブル,購入5％,未提携,a8
家族の安全と笑顔をサポートする【DoriDori】,株式会社ＫｎＫ,s00000027059001,子育て,購入5％,未提携,a8
暮らしも趣味も支える発電・溶接・ポータブル冷蔵庫・ゴルフ距離計【EENOUR】,株式会社イーノウ・ジャパン,s00000027067001,その他（暮らし）,購入5％,未提携,a8
新鮮なスペシャルティコーヒー豆を毎月ご自宅にお届け【Kurasu】,合同会社Ｋｕｒａｓｕ,s00000027116001,飲料,"購入5％（その他商品）
購入2000円（定期便）

▽ポイントサイト
購入5％（全商品）",未提携,a8
欲しい韓国商品のURLを入力するだけ！簡単購入代行【SAZO】,株式会社ＳＡＺＯ,s00000027170001,ショッピングモール,購入（税抜）5％,未提携,a8
大人の女性向けラボグロウンダイヤモンドジュエリー【LUMERA】,Ｓｏｌｖｖｙ株式会社,s00000027261001,ファッション小物,購入5％,未提携,a8
使うほど育つ本ヌメ革の財布・バッグ・キーケース｜ヌメ革専門店【 LAST Drip Designs 】,株式会社ラストドリップデザインズ,s00000027292001,ファッション小物,購入10％,未提携,a8
名前書きのストレス、ゼロへ。名前シール、名前スタンプ【シールDEネーム】,株式会社サンアドシステム,s00000027380001,子育て,購入5％,未提携,a8
省スペースで高性能AI搭載！話題のミニPCブランド【GMKtec】,Ｓｈｅｎｚｈｅｎ＿ＧＭＫ＿Ｔｅｃｈｎｏｌｏｇｙ＿Ｃｏ．，Ｌｔｄ,s00000027479001,家電,購入5％,未提携,a8
全品送料無料＋開梱設置対応！上質なデザイン家具を届けるインテリア通販【tacINTERIOR】,株式会社ｔａｃ＿ＩＮＴＥＲＩＯＲ,s00000027489001,インテリア,購入5％,未提携,a8
手を使わずに脱ぎ履きできる！次世代ハンズフリーシューズ【Kizik（キジック）】,丸紅コンシューマーリンク株式会社,s00000027492001,ファッション小物,購入5％,未提携,a8
家庭からプロまで。ポータブルレーザー彫刻・カットを自由自在に【レーザーペッカー】,ＬＡＳＥＲＢＩＲＤ＿ＬＩＭＩＴＥＤ,s00000027545001,家電,購入5％,未提携,a8
全国のＴＶ・ラジオ・新聞ショッピングでもおなじみ！【快適生活オンライン】,株式会社快適生活,s00000008341001,ショッピングモール,購入4.8％,未提携,a8
デジカメ・スマホの写真印刷【どんどんプリント】1枚10円からの格安＆高品質プリント,どんどんプリント,s00000009005001,写真・プリント,注文金額4.8％,未提携,a8
個人投資家の為のトレーダーズショップ・グレードアップ,パンローリング株式会社,s00000000009002,投資,"１回のお買物の合計額が３万円未満は合計額の４．７％
３万円以上は合計額の９．３％",未提携,a8
【お名前．com　プレミアムドメイン】登録,ＧＭＯインターネット株式会社,s00000000018023,ドメイン,申込金額4.7％,未提携,a8
パチスロ中古実機販売なら【パチスロバンク】,パチスロバンク,s00000013468001,ギャンブル,購入4.7％,未提携,a8
パチスロ中古実機販売なら【パチスロわっしょい】,パチスロバンク,s00000013468002,ギャンブル,購入4．7％,未提携,a8
ヨーロッパ交通を予約するなら【Omio】,ＧＯＥＵＲＯ＿Ｔｒａｖｅｌ＿ＧｍｂＨ,s00000021232001,海外旅行,購入4％,未提携,a8
ショップオブザイヤー受賞店！セレクトギフトショップ【ソムリエ＠ギフト】,ベルヴィ株式会社,s00000013123001,総合（ギフト）,購入4.6％,未提携,a8
人気No.1ギフトは宇治抹茶生チョコレート【伊藤久右衛門】,伊藤久右衛門,s00000026223001,加工食品,購入4.6％,未提携,a8
夜行・高速バスの予約なら「エアトリ 夜行・高速バス」,株式会社エアトリ,s00000001343021,国内旅行,購入金額4.5％,未提携,a8
美と健康の効率ケア！「デンキバリブラシ」【ELECTRON】,有限会社Ｇ．Ｍコーポレーション,s00000024686001,美容機器,購入(税抜)4.3％,未提携,a8
お取寄せ専門サイト【おとなの週末】,アイブリッジ株式会社,s00000000368006,総合（グルメ・食品）,購入4％,未提携,a8
最短3時間納品。363円からの英文校正・英文翻訳「アイディービジネス」,株式会社ルーティングシステムズ,s00000012026002,webコンサルティング,新規ポイント購入4％,未提携,a8
婚約指輪・結婚指輪【BRILLIANCE＋】,株式会社ドリームフィールズ,s00000012196001,ウエディング,"購入2.9％(ダイヤ)
購入4.9％(ダイヤ以外)",未提携,a8
【通信教育フォーサイト】資格取得のための通信講座,株式会社フォーサイト,s00000012552001,資格取得,受講金額の４％（送料は除く）,未提携,a8
富士山の天然水をご自宅で【ふじざくら命水のバッグインボックス(BIB)】,ふじざくら命水,s00000015156003,飲料,"購入4％（通常）
新規購入15％（定期）",未提携,a8
老舗寝具メーカー昭和西川の公式通販サイト【西川ストア公式本店】,昭和西川株式会社,s00000015309001,インテリア,購入4.33％,未提携,a8
＜人気商品が揃ってます♪＞絵本・絵本キャラクターグッズのご紹介なら【絵本ナビ】,株式会社絵本ナビ,s00000016689001,子育て,購入4％,未提携,a8
【ポータブル電源】アウトドアや防災に活躍！大容量でコンセント使用可能なJackeryポータブル電源,株式会社Ｊａｃｋｅｒｙ＿Ｊａｐａｎ,s00000021712001,アウトドア,購入4％,提携中,a8
安心と楽しみを蓄電するポータブル電源の【BLUETTI JAPAN】,ＢＬＵＥＴＴＩ＿ＪＡＰＡＮ株式会社,s00000022499001,アウトドア,注文4％,未提携,a8
世界最速で充電可能なポータブル電源 【EcoFlow（エコフロー）】 公式通販サイト,ＥｃｏＦｌｏｗ＿Ｔｅｃｈｎｏｌｏｇｙ＿Ｊａｐａｎ株式会社,s00000022716001,家電,購入4％,未提携,a8
国内・海外ホテル格安予約のアゴダ【agoda】,ＡＧＯＤＡ＿ＣＯＭＰＡＮＹ＿ＰＴＥ＿ＬＴＤ,s00000022946001,総合（旅行）,宿泊予約4％,未提携,a8
大人気のインテリア照明を多数取扱！【インテリア照明専門店BeauBelle（ボーベル）】,株式会社日昇,s00000023543001,インテリア,購入4％,未提携,a8
北欧デザインが彩る、暮らしの豊かさをあなたの元へ【kakko（カッコ）】,株式会社日昇,s00000023543002,インテリア,購入4％,未提携,a8
理想の暮らしを。インテリア・家具の総合通販【快適ホームズ 本店】,株式会社日昇,s00000023543003,インテリア,購入4％,未提携,a8
あなたの暮らしをデザインする、モダン家具通販『暮らしのデザイン』,オフィスコム株式会社,s00000023787001,インテリア,購入4％,未提携,a8
アパレル、スポーツ、アウトドア用品ならヒマラヤ【ヒマラヤオンラインストア】,株式会社ヒマラヤ,s00000024255001,アウトドア,購入4％,未提携,a8
トレンドにあわせた「かわいい」下着・靴下【チュチュアンナ】,チュチュアンナ,s00000024494001,その他（ファッション）,購入4％,未提携,a8
ここに来れば何かがあるきっと欲しいものが見つかる【FanFunMARKET】,株式会社ＴＬＣ,s00000024544001,ファッション小物,購入4％,未提携,a8
「ショップジャパン」公式オンラインショップ,株式会社オークローンマーケティング,s00000025406001,総合（暮らし）,購入4％,未提携,a8
安心！低価格！中古スマホECサイト【mmoba】,株式会社エムコム,s00000025681002,電話,購入4％,未提携,a8
サンシェードの常識を覆す 常時取付け型の新しいサンシェード【シンシェード】,株式会社ｓｈｉｎｐｌｕｓ,s00000025858001,車・バイク,購入4％,未提携,a8
中古・リユース家電のインターネットショップ【リユース家電Happy】,株式会社トミザワ,s00000026260002,家電,購入4％,未提携,a8
大容量で持ちやすいポータブル電源！【Dabbsson_Japan】,ＤＡＢＢＳＳＯＮ＿ＬＩＭＩＴＥＤ,s00000026281001,家電,購入4％,未提携,a8
あなたのRIDELIFEをムラサキスポーツで手に入れよう【ムラサキスポーツ】,株式会社ムラサキスポーツ,s00000026307001,スポーツ,購入4％,未提携,a8
ミニPC専門店【MINISFORUM】公式ストアお得なキャンペーン実施中,Ｍｉｃｒｏ＿Ｃｏｍｐｕｔｅｒ（ＨＫ）Ｔｅｃｈ＿Ｌｉｍｉｔｅｄ,s00000026462001,家電,購入4％,未提携,a8
リファービッシュ品（整備済製品）を買うなら【バックマーケット】,Ｂａｃｋ＿Ｍａｒｋｅｔ＿Ｊａｐａｎ株式会社,s00000026743001,電話,購入4％,未提携,a8
遊んでるのに学んでる【知育玩具名品館】,有限会社ドリームチーム,s00000027207002,その他（学び・資格）,購入（税抜）4％,未提携,a8
JVC Powered by Litheli ポータブル電源・モバイルバッテリー,株式会社ＪＶＣケンウッド,s00000027362001,家電,購入4％,未提携,a8
株式会社オートウェイタイヤ通販,株式会社オートウェイ,s00000005057001,車・バイク,購入3.8％,未提携,a8
iHerb(R) - 日本公式サイト - 自然派通販サイト【iHerb】,ｉＨｅｒｂ＿ＬＬＣ．,s00000024209001,ショッピングモール,購入3.7％,未提携,a8
【フジ医療器】美と健康の総合メーカー／公式オンラインショップ,株式会社フジ医療器,s00000024561002,健康グッズ,購入（税抜）3.75％,未提携,a8
マツキヨココカラオンラインストア,株式会社マツモトキヨシ,s00000026754001,総合（暮らし）,購入3.71％,未提携,a8
働く空間を快適に。高品質オフィス家具を直販で！【イトーキ公式オンラインショップ】,株式会社イトーキ,s00000027209001,インテリア,購入3.7％,未提携,a8
自社ブランドや人気キャラクターも！1960年〜製造するメーカー直販の革財布・革小物【ナダヤ】,株式会社ナダヤ,s00000027538001,ファッション小物,購入3.7％,未提携,a8
「JTB旅物語」旅行予約,株式会社ＪＴＢ,s00000005350010,総合（旅行）,ツアー出発（税抜）3.6％,未提携,a8
【TikTok Shop】「探して買う」から「見つけて買う」ショート動画×ECの新たな体験,Ｂｙｔｅｄａｎｃｅ＿Ｐｔｅ．Ｌｔｄ,s00000027375001,ショッピングモール,"リピート購入8.5％
初回購入19.2％",未提携,a8
SSLクーポンを特別価格で提供【ANKA MART】,株式会社ＫＤＤＩウェブコミュニケーションズ,s00000003166004,その他（Webサービス）,"購入（税抜）3.5％
購入（税抜）5％（デジサート 認証マーク証明書VMC）",未提携,a8
【ドクターマーチン・エアウエア ジャパン公式通販】,ドクターマーチン・エアウエアジャパン株式会社,s00000021370001,ファッション小物,購入3.5％,未提携,a8
洗える・手入れ簡単！コスパ最強のビジネスウェア通販【P.S.FA】,はるやま商事株式会社,s00000027584001,総合（ファッション）,購入（税抜）3.5％,未提携,a8
家具・家電を豊富な品揃えで、おしゃれなインテリアライフをサポート【モダンデコ】,モダンデコ株式会社,s00000019150001,ショッピングモール,新規購入2.25％,未提携,a8
どんなスタイルにも華やかな輝きを添える【スワロフスキー】のジュエリーコレクション,Ｓｗａｒｏｖｓｋｉ＿Ｃｒｙｓｔａｌ＿Ｏｎｌｉｎｅ＿ＡＧ,s00000022866001,ファッション小物,購入(税抜)3.4％,未提携,a8
ハムのギフトやウインナーソーセージのお店【サイボクハム】,株式会社サイボク,s00000014137001,生鮮食品,"▽一般
購入（税抜）5.5％

▽ポイントサイト
購入（税抜）3％",未提携,a8
ECサイト販促プロモーション【プチバトーオンラインブティック】,株式会社プチバトージャパン,s00000022869001,総合（ファッション）,購入6％,未提携,a8
机や椅子などの【オフィス家具通販のオフィスコム】,オフィスコム株式会社,s00000023787002,インテリア,"リピート購入(税抜)5％
新規購入(税抜)5％",未提携,a8
神戸の作業服屋サヌキ,株式会社サヌキ,s00000000007002,服,商品購入金額の３％,未提携,a8
「ゴンベエドメイン」によるドメイン取得,株式会社インターリンク,s00000001004004,ドメイン,ドメイン販売価格(税抜)3％,未提携,a8
アイリスプラザインターネットショッピング,株式会社アイリスプラザ,s00000001618001,ショッピングモール,購入(税抜)3％,未提携,a8
年間販売台数40万台以上！中古スマホ・タブレット販売の【イオシス】｜けっこう 安い。,株式会社イオシス,s00000004593001,家電,購入3％,未提携,a8
【ＣＨＡＭＰ ＯＮＬＩＮＥ】空手グッズ販売,株式会社チャンプ,s00000004767001,スポーツ,"購入3％
購入10％（NCリカバリーインナー）",未提携,a8
アーロンチェアの庄文堂（ハーマンミラー正規販売店）,株式会社庄文堂,s00000006037001,インテリア,購入3％,未提携,a8
★★星のマークでおなじみの【TAMIYA SHOP ONLINE】,株式会社タミヤ,s00000006085001,その他（エンタメ）,購入3％,未提携,a8
ベクター、パソコンソフト「シェアレジ」商品,株式会社ベクターホールディングス,s00000007693002,家電,購入3％,未提携,a8
“キレイになれる”ブランドコスメサイト【コスメリンク】,株式会社よつば貿易,s00000009900001,総合（美容）,購入3％,未提携,a8
【Cake.jp】ケーキ専門通販サイト,株式会社Ｃａｋｅ．ｊｐ,s00000010054001,加工食品,購入3％,未提携,a8
ダブルスタンダードクロージング直営公式オンライン【Night STORE】,メディエア株式会社,s00000010487004,服,購入3％,未提携,a8
「北さんのテレショップ」でおなじみの【トーカ堂】,株式会社トーカ堂,s00000011061001,ショッピングモール,"購入(税抜)3％
購入(税抜)3％、5％（販売強化商品）",未提携,a8
24年ドラマに多数出演レディース時計MATOW,株式会社ビヨンクール,s00000011914014,ファッション小物,購入3％,未提携,a8
初心者でも安心！印刷通販【ベストプリント】,印刷通販ベストプリント,s00000011939001,写真・プリント,"購入3％

▽ポイントサイト
購入2％",未提携,a8
【Pサイト様用】マタニティウェアの【エンジェリーベ】,株式会社エンジェリーベ,s00000012343002,服,購入(税抜)3％,未提携,a8
トレーディングカード（トレカ）通販【トレトク】,株式会社山徳,s00000012789008,ゲーム,注文（税抜）3％,未提携,a8
家庭で楽しめる中古スロット【A-SLOT】,株式会社ＪＥＴ＿ＳＱＵＡＲＥ,s00000013083001,ギャンブル,新規購入3％,未提携,a8
【A-PACHINKO】家庭で楽しめる中古パチンコ,株式会社ＪＥＴ＿ＳＱＵＡＲＥ,s00000013083002,ギャンブル,新規購入3％,未提携,a8
安心・安全・高品質の中古パチスロ・中古パチンコ実機販売店【ホームスロット】,株式会社ＪＥＴ＿ＳＱＵＡＲＥ,s00000013083003,ギャンブル,新規購入3％,未提携,a8
日本最安値に挑戦！ソムリエスタッフ厳選の【ワインショップソムリエ】,株式会社ソムリエ,s00000013704001,飲料,購入(税抜)3％,未提携,a8
日本最大級の家具通販・インテリア通販サイト【FLYMEe/フライミー】,株式会社フライミー,s00000014508001,インテリア,購入(税抜)2％,未提携,a8
アウトドア＆スポーツ【ナチュラム】,アウトドア＆フィッシング＿ナチュラム,s00000014920001,アウトドア,新規購入（税抜）3％,未提携,a8
絶版本・品切れ本を皆さまからの投票で復刊【復刊ドットコム】,株式会社復刊ドットコム,s00000014952001,書籍・本,購入3％,未提携,a8
"常時8,000アイテム以上掲載！犬・猫の総合情報サイト【PEPPY（ペピイ）】",犬・猫の総合情報サイトＰＥＰＰＹ（ペピイ）,s00000014988001,ペット,購入3％,提携中,a8
プロフェッショナル総合ヘアケア美容アイテム 通販サイト【ビューティーパーク】,株式会社フォーサイス,s00000016301005,ヘアケア,"購入3％(エレクトロン)
購入8％",未提携,a8
タイヤの購入と取付予約が同時にできるサービス【TIREHOOD（タイヤフッド）】,株式会社ＢＥＡＤ,s00000016912001,車・バイク,購入（税抜）3％,未提携,a8
着物雑誌「七緒」公式オンラインストア,株式会社エンファクトリー,s00000017370002,その他（ファッション）,購入3％,未提携,a8
博多美味いもの便【博多久松】,博多久松,s00000017947001,その他（グルメ・食品）,購入3％,未提携,a8
プロフェッショナルな音楽制作＆レコーディング機材専門店【Rock oN Company】,株式会社メディア・インテグレーション,s00000018021001,家電,購入1%,未提携,a8
業界シェアトップクラス！医療系資格試験教材の【アステッキ】,アステッキホールディングス株式会社,s00000018681001,習い事,購入(税抜)3％,未提携,a8
終末期ケア専門士【公式テキストの購入】,アステッキホールディングス株式会社,s00000018681004,資格取得,初回申込(税抜)3％,未提携,a8
急性期ケア専門士【公式テキストの購入】,アステッキホールディングス株式会社,s00000018681006,習い事,初回購入(税抜)3％,未提携,a8
平日お得な宿泊ならゆめやどにおまかせ【ゆめやど】,株式会社ベルーナツーリズム,s00000019305003,国内旅行,宿泊3％,未提携,a8
コンビ公式ブランドストア【Combi（コンビ）】,コンビ株式会社,s00000019313001,服,購入（税抜）3％,未提携,a8
レジャー・遊び体験予約サイト『アソビュー』,アソビュー株式会社,s00000019330001,総合（スポーツ・趣味）,"▽一般メディア
チケット購入3％
ツアー催行3％

▽ポイントサイト
チケット購入1％
ツアー催行1％",未提携,a8
オフィス家具が最大50％オフ！送料無料でメーカー正規品をお届け【Kagg.jp】,４７インキュベーション株式会社,s00000019724001,インテリア,購入(税抜)3％,提携中,a8
高品質な中古オフィス家具をお手頃価格で！【Kaggマルシェ】,４７インキュベーション株式会社,s00000019724002,インテリア,購入3％,未提携,a8
韓国発オシャレなマタニティ服専門通販【SOIM】,Ｃ＆Ｋ＿ＩＮＳＩＧＨＴ＿ＧＲＯＵＰ,s00000019767001,服,購入3％,未提携,a8
ルイ・ヴィトンなどブランド通販なら【ギャラリーレア公式】,株式会社サークラックス,s00000019989002,ファッション小物,新規購入3％,未提携,a8
オーガニックとくらす【たかくらとくらす】,株式会社たかくら新産業,s00000020642001,ボディケア,購入3％,未提携,a8
36万点を超える品数！国内最大規模建材通販【アウンワークス】,野原グループ株式会社,s00000021500001,その他（不動産・引越）,購入(税抜)3％,未提携,a8
特別単価相談受付中、大好評「咲夜レアルマットレス」,株式会社チヨダコーポレーション,s00000021614001,インテリア,"購入3％
購入7％（咲夜ハイフィール）",未提携,a8
【HUAWEI公式】2024年 スマートウォッチ国内シェア第2位（IDC調べ）,ファーウェイジャパン（ＨＵＡＷＥＩ）,s00000021750001,家電,購入(税抜)3％,未提携,a8
4シリーズ184色の豊富なラインナップから、希望に叶うランドセルを【モギカバン】,株式会社モギカバン店,s00000023056001,総合（暮らし）,購入3％,未提携,a8
NHKなどメディア掲載多数！懸垂ギアの、これからのスタンダード【KENSUI -kaku-】,株式会社ＴＥＤＤＹ＿ＷＯＲＫＳ,s00000023058001,健康グッズ,"新規購入3％
新規購入20％（KENSUI-kaku- ブラック・ホワイト、KOMBOバーベル）",未提携,a8
【国内ホテル・宿泊・旅館予約｜トラベリスト】,株式会社アップルワールド,s00000023067002,国内旅行,宿泊予約3％,未提携,a8
公式通販【ダイソーネットストア】,株式会社大創産業,s00000023605001,ショッピングモール,購入3％,未提携,a8
創業63年の実績 「100年後のアンティーク家具へ」マスターウォール,ＭＡＳＴＥＲＷＡＬ（マスターウォール）,s00000023672001,インテリア,購入3％,未提携,a8
北欧ブランドなど、人気デザイナーズ照明の通販サイト【住まいの照明 ラ・ヴィータ】,住まいの照明＿ラ・ヴィータ,s00000023804001,インテリア,購入3％,未提携,a8
現地在住ガイドが日本語で案内するプライベートツアー予約サイト　BUYMA TRAVEL,株式会社ＢＵＹＭＡ＿ＴＲＡＶＥＬ,s00000023946002,海外旅行,ツアー催行3％,未提携,a8
おしゃれな高級家具通販サイト「ACEX」へ｜最大「5年」品質保証,ＤＥＣＯＨＵＢ合同会社,s00000024017004,インテリア,"購入3％（その他） 
購入5％（サイドテーブル、掛絵、カーペット）",未提携,a8
イヤホン・ヘッドホン専門店【e☆イヤホン】,株式会社タイムマシン,s00000024072001,家電,購入3％,提携中,a8
【VERMICULAR】メイド・イン・ジャパンの鋳物ホーロー調理器ブランド,愛知ドビー株式会社,s00000024241001,インテリア,購入（税抜）3％,未提携,a8
選ばれています！デザイン × 高品質の電動アシスト＆子供自転車【wimo公式】,ｗｉｍｏ株式会社,s00000024471001,アウトドア,購入3％,未提携,a8
コスパ良いオシャレな電動アシスト自転車ブランドPELTECH（ペルテック）,株式会社ＰＥＬＴＥＣＨ,s00000024576001,アウトドア,購入3％,未提携,a8
国内スチールラックシェアNo1公式直販【ルミナスクラブショップ】,株式会社ドウシシャ,s00000024628001,総合（暮らし）,購入3％,未提携,a8
スイス発祥スポーツブランド｜On（オン）公式,オン・ジャパン株式会社,s00000024725001,スポーツ,購入3％,未提携,a8
ロードバイク・クロスバイク・パーツ・アパレル【トレック】,トレック・ジャパン株式会社,s00000024933001,スポーツ,購入3％,未提携,a8
ライフスタイル提案する家具インテリア通販【a.depeche（アデペシュ）】,ａ．ｄｅｐｅｃｈｅ,s00000025157001,インテリア,購入3％,未提携,a8
ミニPC専門店【GEEKOM】,ＨＯＮＧ＿ＫＯＮＧ＿ＧＥＥＫＯＭ＿ＥＬＥＣＴＲＯＮＩＣＳ＿ＣＯ．,s00000025417001,家電,購入3％,未提携,a8
世界160か国以上で展開する台湾発のPCメーカー【Acer公式オンラインストア】,日本エイサー株式会社,s00000025420001,家電,購入3％,未提携,a8
日本最大級のオリジナルインテリア通販サイト【エムール】,オリジナル寝具家具インテリアＥＭＯＯＲ（エムール）,s00000025445001,インテリア,購入3％,未提携,a8
首輪が苦手な猫様専門！日本で唯一のまじめな首輪専門店【ネコソダテ】,ネコソダテ合同会社,s00000025532001,ペット,購入3％,未提携,a8
創業65年超の海鮮問屋が良質なカニ・うなぎをお届け！,有限会社増米商店,s00000026024001,生鮮食品,購入3％,未提携,a8
幅広い世代から注目を集めるシューズやバッグがメインのグローバルブランド【CHARLES&KEITH】,Ｃｈａｒｌｅｓ＆Ｋｅｉｔｈ＿Ｊａｐａｎ合同会社,s00000026300001,ファッション小物,購入（税抜）3％,未提携,a8
【OM SYSTEM公式】カメラ/レンズ/レコーダー/双眼鏡を製造・販売メーカー,ＯＭデジタルソリューションズ株式会社,s00000026545001,家電,"購入3％　　（その他の商品全般）
新規購入3％（OM SYSTEM 安心パッケージサービス）",未提携,a8
ADO電動アシスト自転車・日本初の自動変速,ＡＤＯ株式会社,s00000026559001,アウトドア,購入3％,未提携,a8
家具・インテリア雑貨の正規販売代理店通販【＋CASA/プラス・カーサ】,株式会社プラス・カーサ,s00000026620001,インテリア,購入3％,未提携,a8
レンタルスペース・貸会議室をお得に予約！【Yoyappin(ヨヤッピン)】,株式会社スペイシー,s00000026648001,その他（仕事情報）,スペース利用3％,未提携,a8
欲しい商品をご自宅orお近くの店舗までお届け！ワッツオンラインショップ,株式会社ワッツ,s00000026745001,ショッピングモール,購入3％,未提携,a8
ブランド古着の通販【ZOZOUSED (ZOZO古着商品のリピート購入)】,株式会社ＺＯＺＯ,s00000026870002,総合（ファッション）,購入3％,未提携,a8
豊かな生活は良い眠りから【ロフテー公式オンラインストア】,ロフテー株式会社,s00000026894001,インテリア,購入3％,未提携,a8
信頼できる印鑑通販をお探しなら【印鑑本舗】,株式会社印鑑本舗,s00000027061001,生活雑貨,購入3％,未提携,a8
アーロンチェア等モダン家具の名門【ハーマンミラーストア】,ハーマンミラージャパン株式会社,s00000027134001,オフィス用品,購入（税抜）3％,未提携,a8
コスパ×デザインで注目急上昇！BTOゲーミングPC【OZ GAMING】,株式会社オズテック,s00000027222001,家電,購入3％,未提携,a8
二次元コンテンツ専門の総合オンラインストア【viviON BLUE】,株式会社ｖｉｖｉＯＮ,s00000027329001,グッズ,購入3％,未提携,a8
お笑いラジオアプリGERA 公式グッズショップ,株式会社ファンコミュニケーションズ（ＧＥＲＡ＿ＳＨＯＰ）,s00000027344001,総合（エンタメ）,購入3％,未提携,a8
アンテノールオンラインショップ【株式会社エーデルワイス】,株式会社エーデルワイス,s00000027366001,加工食品,購入（税抜）3％,未提携,a8
テレビやSNSで話題！面白くて役立つ家電【サンコー公式通販サイト】,サンコー株式会社,s00000027377001,ショッピングモール,購入3％,未提携,a8
おしゃれな結婚・出産祝い・内祝い・引き出物の総合ギフトショップ【HYACCA】,ＨＹＡＣＣＡ株式会社,s00000027406001,お祝い,購入3％,未提携,a8
「カメラのキタムラ」ネットでつくれるフォトブックサービス,株式会社カメラのキタムラ,s00000012477002,写真・プリント,購入(税抜)2.86％,未提携,a8
国内ホテルの予約なら！「エアトリ国内ホテル予約」,株式会社エアトリ,s00000001343020,国内旅行,宿泊予約金額(税抜)2.8％,未提携,a8
"家具・インテリア通販【エア・リゾーム】オリジナル商品やおしゃれ家具2,000点〜",エア・リゾームインテリア,s00000011178001,インテリア,購入2.8％,未提携,a8
仮想通貨対応！日本未発売スマホ/タブレットをいち早くお届け！【Etoren.com】,ＥＴＯＲＥＮ＿ＬＩＭＩＴＥＤ,s00000015879001,電話,購入2.5％,未提携,a8
健康的な働き方　スタンディングデスク・モニターアーム専門店【FlexiSpot】,ＦｌｅｘｉｓｐｏｔＪａｐａｎ株式会社,s00000017792001,家電,購入2.5％,未提携,a8
SNSで話題沸騰！BTOゲーミングPCなら【MDL】,ＭＤＬ,s00000025652001,ゲーム,購入2.5％,未提携,a8
ふるさと納税サイト「ふるさとチョイス」,株式会社トラストバンク,s00000019332001,その他（暮らし）,寄付金額2.3％,未提携,a8
チーズケーキやスイーツのお取り寄せ・通販なら【LeTAO（ルタオ）】,小樽洋菓子舗ルタオ,s00000024987001,加工食品,購入2.2％,未提携,a8
圧巻のゲーミングギア　Razer日本公式オンラインストア【Razer】,Ｒａｚｅｒ（ＡｓｉａＰａｃｉｆｉｃ）Ｐｔｅ＿Ｌｔｄ,s00000025510001,家電,購入2.2％,未提携,a8
ツヴィリング 公式オンラインショップ,ツヴィリングＪ．Ａ．ヘンケルスジャパン株式会社,s00000025598001,インテリア,購入2.2％,未提携,a8
お得なツアーを多数掲載【国内ツアー】,株式会社日本旅行,s00000004570004,総合（旅行）,予約金額2％,未提携,a8
法人向け総合通販サイト KILAT,キラット,s00000009640001,総合（暮らし）,購入2％,未提携,a8
よろずやマルシェ本店 個人向け総合通販,キラット,s00000009640002,ショッピングモール,購入2％,未提携,a8
おとくなクーポンサイト【くまポンbyGMO】,ＧＭＯビューティー株式会社,s00000010868002,お得情報,クーポン購入金額2％,未提携,a8
TV、芸能人に人気腕時計【アイスウォッチ（ice-watch）】の公式販売,株式会社ビヨンクール,s00000011914007,ファッション小物,購入5％,未提携,a8
芸能人がドラマで使用　人気腕時計D1ミラノ（D1 MILANO）の公式販売,株式会社ビヨンクール,s00000011914009,ファッション小物,購入5％,未提携,a8
FMVパソコンがお買得！FMVパソコン通販サイト【FMV Store】 FMV Store,ＦМＶＳｔｏｒｅ,s00000016455001,家電,購入（税抜）2％,未提携,a8
フィギュア・ホビー・ファンシーグッズなら【METAL BOX】,株式会社ＭＥＴＡＬＢＯＸ,s00000019249001,グッズ,"購入1％（特定商品　※成果条件欄参照）
購入2％（その他商品）
購入5％（特定商品　※成果条件欄参照）",未提携,a8
日本最大級アニメグッズ専門チェーンストア「アニメイト」,株式会社アニメイト,s00000020008001,グッズ,購入1.65％,未提携,a8
アニメ、グッズ、ゲーム、声優、フィギュア多数販売のチェーンストア【ゲーマーズ】,株式会社カードラボ,s00000020023001,ゲーム,購入(税抜)2％,未提携,a8
【シャディ公式】内祝や、お返しも！ギフト専門店【シャディギフトモール】,シャディ株式会社,s00000020428001,総合（ギフト）,購入5％,未提携,a8
欲しい商品がきっと見つかる！ゲオ公式通販サイト【ゲオオンラインストア】,ゲオオンラインストア,s00000021136001,総合（エンタメ）,購入2％,未提携,a8
自転車・パーツ・サイクルウェア通販サイト【ワイズロードオンライン】,ワイズロードオンライン,s00000021174001,車・バイク,購入2％,未提携,a8
カタログギフト、品質で選ぶなら「贈り物のコンシェルジュ リンベル」,リンベル株式会社,s00000021310001,総合（ギフト）,購入(税抜)2％,未提携,a8
換気扇フィルター専門店 フジオーショップ【Fujioh】,フジテックメンテナンス株式会社,s00000021842001,インテリア,購入2％,未提携,a8
コードレス掃除機・キッチン家電・空調家電まで展開中【シャークニンジャ】,シャークニンジャ合同会社,s00000022315001,家事・日用品,購入2％,未提携,a8
アニメ・ゲーム・キャラクターグッズの通販サイト【eeo store】,株式会社Ａ３,s00000023027001,グッズ,"購入（税抜）5％
購入（税抜）7％（なかよしチャームシリーズ対象商品）
購入（税抜）7％（なかよしスタンドシリーズ対象商品）",未提携,a8
アニメ・キャラクターグッズの通販サイト【プリンセスカフェショップオンライン】,ｐｒｉｎｃｅｓｓｃａｆｅｓｈｏｐ,s00000023303001,グッズ,購入(税抜)2％,未提携,a8
au PAY マーケットはたくさんの商品やお店と出会える総合ショッピングモール,ａｕコマース＆ライフ株式会社,s00000023933001,ショッピングモール,購入(税抜)2％,未提携,a8
国内旅行の格安予約なら【ビッグホリデー】,ビッグホリデー株式会社,s00000024278001,国内旅行,ツアー参加2％,未提携,a8
商品数20万以上!フィギュア・プラモ総合ホビー通販【ホビーリンク・ジャパン】,株式会社ホビーリンク・ジャパン,s00000024677001,インテリア,購入（税抜）2％,未提携,a8
アニメ・マンガ・ゲーム等のオリジナルグッズを皆様にお届けします！【FaNeMa】,システムサービス株式会社,s00000025309001,グッズ,購入（税抜）2％,未提携,a8
送料無料＋5年保証の老舗ミシン企業【ミシン通販（ミシンのオズ本店）】,ミシンのオズ,s00000025563001,家電,購入(税抜)2％,未提携,a8
税別390円が中心のバラエティショップ【サンキューマート オンラインショップ】,エルソニック株式会社,s00000025688001,ファッション小物,購入2％,未提携,a8
国内・海外旅行【読売旅行公式サイト】,株式会社読売旅行,s00000025997001,総合（旅行）,ツアー参加2％,未提携,a8
世界が認めたラグジュアリー日本酒【吟天】,小田切商事株式会社（屋号：吟天）,s00000026002001,飲料,"購入（税抜）2％（その他）
購入（税抜）25％（吟天）",未提携,a8
【NEWサービス】メルカリアンバサダー,株式会社メルカリ（メルカリアフィリエイト）,s00000026135001,リサイクル,購入2％,未提携,a8
【沖縄ツーリスト】らんらんツアー｜沖縄旅行の専門サイト,沖縄ツーリスト株式会社,s00000026857001,国内旅行,新規予約金額2％,未提携,a8
国内宿泊（宿・ホテル）【イオンコンパストラベルモール】,イオンコンパス株式会社,s00000026954001,国内旅行,宿泊予約2％,未提携,a8
アニメ・漫画・ゲームコラボグッズ通販【GK Store／極楽湯公式通販サイト】,株式会社ＧＫ＿Ｍａｒｋｅｔｉｎｇ,s00000027111001,グッズ,購入（税抜）2％,未提携,a8
ミニストップの公式オンラインストア【ミニストップオンライン】,ミニストップ株式会社,s00000027162001,総合（グルメ・食品）,購入2％,未提携,a8
ＪＲ東海が直営する通販サイト「いいもの探訪」,東海旅客鉄道株式会社,s00000027202001,総合（グルメ・食品）,購入2％,未提携,a8
航空券・ホテル・レンタカーを一括予約！コスパ旅を実現する国内旅行サイト【Jcation】,株式会社ＳＥＥＣ,s00000027524001,国内旅行,"ホテル宿泊完了2％
パック催行完了4％
レンタカー利用完了4％",未提携,a8
Visa加盟店でつかえる、Visaのデジタルギフト。どこでも使えるからもらって嬉しい。,Ｖｉｓａギフト＿ｖａｎｉｌｌａ,s00000023883001,その他（ギフト）,購入1.9％,未提携,a8
個人法人向け、オンラインでも使えるVisaのギフトカード【Vanilla】,Ｖｉｓａギフト＿ｖａｎｉｌｌａ,s00000023883002,その他（ギフト）,購入1.9％,未提携,a8
フィギュア・プラモなど総合ホビー通販『ホビーサーチ』,ホビーサーチ,s00000009919001,総合（エンタメ）,購入1.85％,未提携,a8
【ロクシタンオンラインショップ】,ロクシタンジャポン株式会社,s00000014951001,総合（美容）,購入(税抜)1.8％,未提携,a8
海外旅行オプショナルツアーを楽々予約・簡単決済【KKday】,ＫＫｄａｙ,s00000023642001,海外旅行,利用or購入1.8％,未提携,a8
キャラ＆ホビー格安通販【あみあみ 】,大網株式会社,s00000003017001,グッズ,購入1.5％,未提携,a8
★即時提携★【JTB】国内宿泊予約(旅館・ホテル)と国内ツアー予約,株式会社ＪＴＢ,s00000005350011,総合（旅行）,宿泊予約(税抜)1.57％,未提携,a8
お好みのスペックで自由自在にカスタマイズされたBTOパソコンショップの【@Sycom(サイコム)】,株式会社サイコム,s00000014633001,家電,購入1.5％,未提携,a8
豪華付録付き雑誌が豊富！ ファッション雑誌 販売部数 No.1【宝島社公式通販】,株式会社宝島社,s00000014660001,総合（ファッション）,購入（税抜）1.5％,未提携,a8
最新GPUも格安構成も自由に選べる！パソコン買うならBTOの【FRONTIER】,フロンティア（ダイレクト）,s00000016708001,家電,購入1％,未提携,a8
【公式】セカンドストリート - 洋服から家電まで豊富な品揃え,ゲオオンラインストア,s00000021136003,リサイクル,購入3％,未提携,a8
カタール航空は世界150以上の都市へ就航！【Qatar Airways】,ＱＡＴＡＲ＿ＡＩＲＷＡＹＳ＿ＧＲＯＵＰ,s00000026391001,総合（旅行）,予約(税抜)1.5％,未提携,a8
【東武百貨店オンラインショップ】,株式会社東武百貨店,s00000025387001,総合（グルメ・食品）,購入（税抜）1.35％,未提携,a8
国内最大級のグランピング予約サイト！【リゾートグランピングドットコム】,株式会社ブッキングリゾート,s00000026714001,国内旅行,宿泊1.2％,未提携,a8
OCNオンラインショップ（旧NTT-X）の特価品販売,株式会社ＮＴＴドコモ,s00000003635001,家電,購入1.1％,未提携,a8
【一休.com】厳選されたホテル予約,株式会社一休,s00000000218001,総合（旅行）,宿泊予約金額(税抜)1％,未提携,a8
厳選レストランを簡単予約！【一休．ｃｏｍ　レストラン】来客促進,株式会社一休,s00000000218004,グルメ予約,レストラン予約金額(税抜)1％,未提携,a8
【石橋楽器店】業界トップの楽器専門オンラインショップ,石橋楽器店,s00000001948001,音楽,商品購入金額の１％,未提携,a8
【じゃらんｎｅｔ】宿泊予約,株式会社リクルート,s00000005230001,総合（旅行）,予約金額(税別)の1％,未提携,a8
【客平均単価6万円！！】ミシン専門店,日本ミシンサービス株式会社,s00000006619001,インテリア,購入1000円,未提携,a8
LECオンライン（東京リーガルマインド）講座・書籍,株式会社東京リーガルマインド,s00000006761001,専門学校・スクール,"書籍・講座の購入1％
資料請求100円",未提携,a8
【NEW】楽天アフィリエイト,楽天株式会社,s00000011623001,ASP,成果報酬詳細はこちらをご確認ください。,提携中,a8
sazare公式の正規品オンラインストア【sazare】,株式会社ビヨンクール,s00000011914016,ファッション小物,購入1％,未提携,a8
創業１９５６年の北海道名物【松尾ジンギスカン】購入促進,松尾ジンギスカン,s00000012688001,生鮮食品,"購入40％(おためしセットＡ、おためしセットＢ)
購入1％(その他商品)",未提携,a8
おもちゃ・フィギュア・ゲームの通販【ホビーストック(HOBBY STOCK)】,株式会社ホビーストック,s00000013298001,グッズ,"購入3％(自社商品)
購入1％(他社メーカー商品)
購入1％(他社メーカー商品2)",未提携,a8
オンラインガチャサービス【colone(コロネ）】,株式会社ホビーストック,s00000013298002,ゲーム,"購入3％
購入1％(他社メーカー)",未提携,a8
ドコモユーザー・dカードユーザーのふるさと納税なら【dショッピング＿ふるさと 納税】,ｄショッピング,s00000021220003,その他（暮らし）,新規寄付申込1％,未提携,a8
多彩なデザインと自由なスタイリングの家具、インテリア雑貨【Francfranc】,株式会社アインファーマシーズ,s00000021590002,インテリア,購入1％,未提携,a8
お得なクーポン毎日発行！eBay公式ショッピングサイト　Qoo10（キューテン）,Ｑｏｏ１０,s00000022156001,ショッピングモール,購入1％,未提携,a8
フィギュアやキャラクターグッズがアキバ価格で買える！【アキバのエックス通販本部】,株式会社エックス,s00000022580001,グッズ,購入1.5％,未提携,a8
【Yahoo!トラベル】取り扱い施設数が約17000施設!!国内最大級宿泊予約サイト,Ｙａｈｏｏ！トラベル,s00000023244001,国内旅行,宿泊予約(税抜)1％,未提携,a8
理想のワークスタイルを叶えるコクヨの家具が1万点以上！【KOKUYO Workstyle Shop】,コクヨ株式会社,s00000023384001,インテリア,購入1％,未提携,a8
ファッション＆ライフスタイルの総合ネット通販SHEIN（シーイン）,ＲＯＡＤＧＥＴ＿ＢＵＳＩＮＥＳＳ＿ＰＴＥ．ＬＴＤ．,s00000023528001,服,"購入1％（リピート）
購入15％（新規ユーザー）",未提携,a8
ファッション＆ライフスタイルの総合ネット通販【SHEIN　アプリ購入用プログラム】,ＲＯＡＤＧＥＴ＿ＢＵＳＩＮＥＳＳ＿ＰＴＥ．ＬＴＤ．,s00000023528003,服,"リピート購入1％
新規購入15％",未提携,a8
ふるさと納税を始めるなら【au PAY ふるさと納税】,ａｕコマース＆ライフ株式会社,s00000023934001,総合（グルメ・食品）,寄付金額（税抜）1％,未提携,a8
医薬品・化粧品・健康食品が安い！【サンドラッグ Online Store】,株式会社サンドラッグ,s00000025439001,総合（健康）,購入1％,未提携,a8
かしこい、おトク、旅行アプリ【NEWT(ニュート)】,株式会社令和トラベル,s00000025498001,海外旅行,ツアー参加orホテル利用1％,未提携,a8
全国の美味しい特産品に特化したふるさと納税サイト【ふるさと本舗】,株式会社ふるさと本舗,s00000025743001,総合（グルメ・食品）,購入1％,未提携,a8
創業58年を誇る大手楽器店のオンラインストア【ミュージックランドKEY】,ミュージックランドＫＥＹ,s00000025766001,音楽,購入(税抜)1％,未提携,a8
楽器を買うならイケベ！【イケベ楽器店オンラインストア】,イケベ楽器店,s00000025975001,音楽,購入1％,未提携,a8
高級寝具ブランド「和雲（WAKUMO）」,株式会社和雲,s00000026656001,インテリア,"購入1％（その他の商品）
購入3％（純日本製羽毛布団「和雲」全モデル・全サイズ）",未提携,a8
全国レンタカー【イオンコンパストラベルモール】,イオンコンパス株式会社,s00000026954002,国内旅行,レンタカー利用1％,未提携,a8
現地オプショナルツアー予約＆観光旅行【VELTRA-ベルトラ】,ベルトラ株式会社,s00000027307001,海外旅行,"ツアー催行1％（国内）
ツアー催行3％（海外）
ストア商品購入1％",未提携,a8
JRE POINTが貯まる・使える！JR東日本公式の総合オンラインモール【JRE MALLショッピング】,東日本旅客鉄道株式会社,s00000027475001,ショッピングモール,購入1％,未提携,a8
血行促進×疲労回復。着るだけでカラダが整う機能性ウェア【ECLEAR リカバリーウェア】,エレコム株式会社,s00000027537001,その他（健康）,"購入15％（リカバリーウェア）
購入1％（睡眠アイテム、阪神タイガースコラボリカバリーウェア）",未提携,a8
カメラ用品の総合通販【カメラのキタムラ】,株式会社カメラのキタムラ,s00000012477001,家電,購入0.9％,未提携,a8
どのメーカーのユニットバスでも“最適施工”｜Kirei One,株式会社ＫＩＲＥＩ＿ｐｒｏｄｕｃｅ,s00000017949006,総合（暮らし）,新規お問い合わせ5000円,未提携,a8
【A8セルフバック】参加申請・成果反映用,Ａ８セルフバック,s00000005186001,ポイントサービス・懸賞,【A8セルフバック】,提携中,a8
わんちゃんは喋れないからDNAに聴きましょう！WEBで結果確認可能な犬遺伝子検査【Pontely】,株式会社Ｐｏｎｔｅｌｙ,s00000019490001,ペット,購入8％,提携中,a8
美容家電を詰めて送るだけ！即現金【宅配買取オクルウル】,株式会社マッチバンク,s00000026614003,リサイクル,新規買取成立3000円,未提携,a8
