program_name,company_name,program_id,category,reward,status,asp
基本料金と電力量料金が「シンプルな」実質再エネ電力プラン【キューエネスでんき】,Q.ENESTホールディングス株式会社,16674,電力 Q.ENESTホールディングス株式会社 基本料金と電力量料金が「シンプルな」実質再エネ電力プラン【キューエネスでんき】,"WEBからの新規申込後、電気供給開始完了 8,461円（税込） ※ポイント付与上限：8500円まで",未提携,afb
[PC専用]超現実都市オープンワールドRPG【NTE(Neverness to Everness)】,Hotta Studio(蘇州幻塔網絡科技有限公司),,,"ゲームダウンロード後、新規アカウント開設 2,750円（税込）",,afb
1人でも、友だち同士やカップルでも！リゾートバイト探しなら【RESORT CROSS（リゾートクロス）】,株式会社RESORT CROSS,,,"新規登録後、面談完了 6,768円（税込）",,afb
引っ越し一括見積もりなら【YUIE（ユイエ）】,株式会社MOTA,,,"一括見積り初回申込 2,283円（税込）",,afb
宅配買取なら【オクルウル】,株式会社マッチバンク,,,"初回申込後、買取完了 2,876円（税込）",,afb
もう腸活で迷わない！自宅でできる腸内フローラ検査【chatFLORA G（チャットフローラジー）】,株式会社KEAN Health,16633,医療 株式会社KEAN Health もう腸活で迷わない！自宅でできる腸内フローラ検査【chatFLORA G（チャットフローラジー）】,単品購入または定期便の初回購入 ※単品購入はリピートも成果対象 16.83％（税込）,未提携,afb
若々しくクリアな印象へ【NMN22500＋48】,株式会社バイオ・サプリ,,,"初回購入 12,691円（税込）",,afb
毎朝すっきり快調な新習慣を！酵素ドリンク【Premium BIO（プレミアムバイオ）】,株式会社バイオ・サプリ,,,"初回購入 4,400円（税込）",,afb
水漏れ修理・詰まり解消・水回りリフォーム【水の救急隊】,株式会社クリアライフ,,,"無料見積り初回申込（フォーム／電話） 2,750円（税込）",,afb
電気代を賢く変える！「市場価格電気」という選択肢【イデックスでんき】,株式会社新出光,16536,電力 株式会社新出光 電気代を賢く変える！「市場価格電気」という選択肢【イデックスでんき】,"新規契約完了（最低契約期間：１か月） 11,845円（税込） ポイントサイト：新規契約完了（最低契約期間：１か月） 11,845円（税込） ※ポイント付与上限なし",未提携,afb
ゴミ屋敷・空き家清掃・遺品整理など不用品回収無料見積もり【ぽいみつ】,株式会社ロイド,,,"初回無料見積もり申し込みから本人確認完了 5,922円（税込）",,afb
トータルケア美顔器【Liftone（リフト―ン）】,アーリーバード株式会社,,,"初回購入 12,691円（税込） ★期間限定報酬アップキャンペーン中 ～6月4日 初回購入 13,537円（税込） 6月5日～ 初回購入 12,691円（税込）",,afb
【クローズド】,株式会社アラカン,,,"無料出品依頼フォーム完了※リピート可 6,768円（税込）",,afb
完全無添加ドッグフード＜お試しセット＞【ドッグフード工房】,ペットフード工房株式会社,,,お試しセット 初回購入 275円（税込）,,afb
精神科・心療内科オンライン診療【エニキュア】,一般社団法人リカレ協会,,,"新規診察完了 8,461円（税込）",,afb
街コン・恋活＆婚活パーティーならe-venz【イベンツ】,ノマドマーケティング株式会社,16628,出会い ノマドマーケティング株式会社 街コン・恋活＆婚活パーティーならe-venz【イベンツ】,参加完了 リピートも成果対象 16.5％（税込）,未提携,afb
有名アスリート・著名人が通う「筋肉食堂」の宅食サービス【筋肉食堂DELI】,TANPAC株式会社,,,"新規購入 2,750円（税込）",,afb
ポケモンカードを中心に楽しめるネットオリパ【日本玩具センターオンライン】,合同会社Cloud1,16601,趣味・スポーツ 合同会社Cloud1 ポケモンカードを中心に楽しめるネットオリパ【日本玩具センターオンライン】,"LINE友達追加後、課金完了 845円（税込） ※リピート可（課金額500円以下は対象外） ポイントサイト条件：新規5,000円以上のポイント購入",未提携,afb
作業実績50万件突破！エアコン・ハウスクリーニングなら【アールクリーニング】,株式会社FireWorks,16637,その他 株式会社FireWorks 作業実績50万件突破！エアコン・ハウスクリーニングなら【アールクリーニング】,"当広告主を初めて利用する方で、WEB 及び 電話申込後、30日以内の作業完了2,115円（税込） メールお問い合わせ、電話問い合わせ(スマホからのみ)",未提携,afb
"カーリース販売実績No.1！頭金0円／月々5,500円～車がもらえるサブスク【ニコノリ】",株式会社MIC,,,"新規 仮審査申込後、30日以内の審査通過完了 19,461円（税込）",,afb
プロゴルファーが監修するゴルフ用品【GOLFavo（ゴルファボ）公式オンラインストア】,デジタルアスリート株式会社,16651,趣味・スポーツ デジタルアスリート株式会社 プロゴルファーが監修するゴルフ用品【GOLFavo（ゴルファボ）公式オンラインストア】,"ポイント付与上限：購入額の20％まで 購入完了(リピートも成果対象) 10.12％（税込） 下記の商品は報酬条件が記載の通りになります。 ダウンブローマスター/フリーサイズ・navy：1,100円(税込)シナリアイアン：3,300円(税込)",未提携,afb
新規オープン【MBDクリニック 恵比寿院】来院プロモーション,MBDクリニック,,,"来院 21,153円（税込）",,afb
[スマートフォン専用]【ビクトレ】＜会員登録＞ポケモンカードなどが当たる安心安全なオンラインオリパ,トレバ株式会社,,,※CV～成果反映まで30分前後のタイムラグがございます ※アプリ内での初回ログインで成果発生いたします インストール後、新規会員登録 422円（税込）,,afb
[スマートフォン専用]【ビクトレ】＜購入＞ポケモンカードなどが当たる安心安全なオンラインオリパ,トレバ株式会社,16664,趣味・スポーツ トレバ株式会社 [スマートフォン専用]【ビクトレ】＜購入＞ポケモンカードなどが当たる安心安全なオンラインオリパ,インストール後、VC（ビクトレコイン）初回購入 676円（税込）,未提携,afb
給水型浄水ウォーターサーバーなら【しずくりあ】,株式会社TOKAI,16665,ウォーターサーバー 株式会社TOKAI 給水型浄水ウォーターサーバーなら【しずくりあ】,"WEBからの初回申込後、設置完了 6,768円（税込）",未提携,afb
英国発【Boulies（ブーリス）】仕事もゲームもくつろぎも、このエルゴノミクスチェア一台で,BOULIES INC,,,商品購入 4.18％（税込） ※リピート購入OK ※ポイント付与上限：購入額の3.8％まで,,afb
【Shokz（ショックス）】耳をふさがない「オープンイヤー型」イヤホン！ながら聴きをもっと快適に！,SHOKZ (SINGAPORE) PTE. LTD.,16669,雑貨・家庭用品 SHOKZ (SINGAPORE) PTE. LTD. 【Shokz（ショックス）】耳をふさがない「オープンイヤー型」イヤホン！ながら聴きをもっと快適に！,商品購入 6.71％（税込） ※リピート購入OK ※ポイント付与上限：購入額の5％まで,未提携,afb
暗号資産レンディングなら【PBR LENDING】,Portobello Road株式会社,,,"WEBからの新規申込 ┗新規会員登録：1,650円(税込)┗プラン申込：レギュラーレンディング：11,000円(税込)┗プラン申込：プレミアムレンディング：16,500円(税込)",,afb
整体・骨盤【カラダファクトリー】,株式会社ファクトリージャパングループ,,,"WEBからの初回予約後、来店 2,961円（税込）",,afb
最高買取額の楽器買取店がすぐ見つかる！【ウェルカム買取査定ナビ】,東晶貿易株式会社,,,"初回査定申込完了 4,230円（税込）",,afb
人気の鉄道の旅・温泉連泊ツアーなど国内旅行なら【日本の旅 鉄道の旅】,株式会社JR東日本びゅうツーリズム&セールス,16537,旅行 株式会社JR東日本びゅうツーリズム&セールス 人気の鉄道の旅・温泉連泊ツアーなど国内旅行なら【日本の旅 鉄道の旅】,WEB予約後、ツアー参加完了 1.65％（税込） ※リピート申込OK,未提携,afb
日本の極上蟹を最短水揚げ6時間発送！高級カニ通販【かに総本店 松菱】,株式会社Gyrus,16546,食品・産直品 株式会社Gyrus 日本の極上蟹を最短水揚げ6時間発送！高級カニ通販【かに総本店 松菱】,商品購入 14.52％（税込） ※リピート購入OK,未提携,afb
安心の24時間日本語サポート・旅がもっと自由になる【地球の歩き方eSIM】,株式会社テレコムスクエア,16548,SIM 株式会社テレコムスクエア 安心の24時間日本語サポート・旅がもっと自由になる【地球の歩き方eSIM】,購入後の決済完了時(リピートも成果対象) 16.5％（税込） ポイントサイト ポイント付与上限：購入額の16％まで,未提携,afb
【Binance Japan（バイナンスジャパン）】世界最大級の暗号資産取引所日本法人,Binance Japan株式会社,,,"新規登録＋本人認証 完了 5,500円（税込）",,afb
冷感アイスポンチョ【STEAD（スティード）】,株式会社STEAD Technology,16557,雑貨・家庭用品 株式会社STEAD Technology 冷感アイスポンチョ【STEAD（スティード）】,商品購入 253円（税込） ※リピート購入OK,未提携,afb
塾講師バイト・アルバイトの求人を探すなら【G-Path(ジーパス)バイト】,株式会社学研エル・スタッフィング,,,"新規会員登録 2,537円（税込）",,afb
東急でんき＆ガスなら毎日のあれこれがおトクに！【東急でんき&ガス】,株式会社東急パワーサプライ,,,"WEBより新規申込後、90日以内の利用開始 5,922円（税込） ※ポイントサイト：成果地点：WEBより新規申込後、90日以内の利用開始および2ヵ月の継続利用 11,422円(税込)",,afb
ゲーミングPCの【NEWLEAGUEパソコン(ニューリーグパソコン)】,ニューリーグ株式会社,,,初回購入 2.53％（税込）,,afb
最高買取額のピアノ買取店がすぐ見つかる！【ウェルカム買取査定ナビ】,東晶貿易株式会社,,,"初回査定申込完了 2,537円（税込）",,afb
ハイブリッド生ごみ処理機【NAXLU（ナクスル）】,株式会社伝然,16594,雑貨・家庭用品 株式会社伝然 ハイブリッド生ごみ処理機【NAXLU（ナクスル）】,"商品購入(リピートも成果対象) 5,922円（税込） ポイント付与上限：3000円まで",未提携,afb
【タダ電】WEB申込完了,株式会社エスエナジー,16575,電力 株式会社エスエナジー 【タダ電】WEB申込完了,"WEB申込完了 3,383円（税込） ポイントサイト：WEB申込完了後、供給開始 5,076円(税込) ※ポイント付与上限：なし",未提携,afb
浮気・不貞調査なら【うな探偵社】,株式会社OK,,,"初回申込後、本人確認完了 27,922円（税込） ※電話・メール共に計測対象です",,afb
オンライン心療内科【mentoa（メントア）】,エキサイト株式会社,,,"新規診察完了 6,345円（税込）",,afb
まず会いたい人で集まる体験型マッチングアプリ【MATCH SPOT（マッチスポット）】,株式会社イチロク,,,"新規会員登録 ┗女性：：1,152円(税込)┗男性：：1,537円(税込)",,afb
大人のおもちゃ【通販大魔王】,有限会社アットプランニング,16576,成人向け商品 有限会社アットプランニング 大人のおもちゃ【通販大魔王】,商品購入 13.53％（税込） ※リピート購入OK,未提携,afb
ピラティス・ホットヨガレッスンなら【Lafimo（ラフィモ）】,株式会社ラストウェルネス,,,"来店完了 4,230円（税込）",,afb
ホワイトセージ 浄化スプレー【LUCAS（ルカス）】,株式会社アーシスト,16577,雑貨・家庭用品 株式会社アーシスト ホワイトセージ 浄化スプレー【LUCAS（ルカス）】,商品購入 11％（税込） ※リピート購入OK,未提携,afb
＜CPF＞リゾートバイト 日本の旅館でおもてなし【OMOTENA（オモテナ）】,株式会社スタッフエージェント,,,LINE友だち登録 220円（税込）,,afb
事故物件の買取なら【成仏不動産の正しい買取】,マークスライフ株式会社,,,"WEBもしくは電話からの新規申込後、査定依頼完了 22,000円（税込）",,afb
＜インセンティブメディア専用＞ポケットリサーチ_モニター案件申込み完了（※男性限定）,株式会社トライエ,16452,ポイントサイト 株式会社トライエ ＜インセンティブメディア専用＞ポケットリサーチ_モニター案件申込み完了（※男性限定）,"新規オンラインセミナー参加後、モニター案件申込み完了（※女性限定） 10,153円（税込）",未提携,afb
スキマ時間に美女とデートできるマッチングサービス【スキマデート】,UnizonX株式会社,,,LINE友だち登録 845円（税込）,,afb
センサー式スマートゴミ箱【Smartowner（スマートオーナー）】,中宏商事株式会社,16462,雑貨・家庭用品 中宏商事株式会社 センサー式スマートゴミ箱【Smartowner（スマートオーナー）】,商品購入 12.65％（税込） ※リピート購入OK ※ポイント付与上限：購入額の10％まで,未提携,afb
3Dキャラクターをわずか数秒でAIが生成【TRIPO AI（トリポ エーアイ）】,北京哇嘶&#21970;科技有限公司,,,初回購入 29.59％（税込）,,afb
電話1本で最適＆最安の引越しを！【JOBFIT Superior（ジョブフィットスーペリア）】,エフエルシープレミアム株式会社,16474,その他 エフエルシープレミアム株式会社 電話1本で最適＆最安の引越しを！【JOBFIT Superior（ジョブフィットスーペリア）】,"初回利用完了 6,768円（税込） ポイント付与上限：3000円まで",未提携,afb
女性向けアダルトグッズ・大人のおもちゃ通販【CIAOMO】,株式会社ニジューヨン・ビムーンズ,16475,成人向け商品 株式会社ニジューヨン・ビムーンズ 女性向けアダルトグッズ・大人のおもちゃ通販【CIAOMO】,商品購入(リピート購入も対象) 11％（税込）,未提携,afb
ケアビューティストを目指すなら【介護美容研究所】,株式会社ミライプロジェクト,,,"資料請求後、通電確認にて承認 1,861円(税込)",,afb
梅酒蔵【おおやま夢工房】梅酒通販サイト,株式会社おおやま夢工房,16490,その他飲料 株式会社おおやま夢工房 梅酒蔵【おおやま夢工房】梅酒通販サイト,初回購入 8.36％（税込） 【ポイントサイト成果地点】 クレジットカードでの購入完了(代引き不可),未提携,afb
eスポーツを本格的に学ぶなら【AFRAS（アフラス）】,株式会社アグニス,16496,塾・家庭教師 株式会社アグニス eスポーツを本格的に学ぶなら【AFRAS（アフラス）】,"新規入会 6,345円（税込）",未提携,afb
AI副業・キャリアアップを目指す社会人のためのAIスクール【東京AIスクール】,株式会社ダイキリパートナーズ,,,"面談完了 16,922円（税込） ポイントサイト 成果地点：契約 ポイント付与上限なし",,afb
【キューモニター】新規会員登録後、アンケート回答,株式会社インテージ,16500,コミュニティサイト 株式会社インテージ 【キューモニター】新規会員登録後、アンケート回答,新規会員登録後、1週間以内に期間限定アンケートの中から1本以上のアンケート回答 （本登録アンケートを除く） 110円（税込）,未提携,afb
高画質・高機能なホームシアター向けプロジェクター【XGIMI（エクスジミー）】,XGIMI株式会社,16504,AV・家電 XGIMI株式会社 高画質・高機能なホームシアター向けプロジェクター【XGIMI（エクスジミー）】,商品購入 4.18％（税込） ※リピート購入OK,未提携,afb
出張買取あきなや 買取完了,Treead株式会社,16447,買取 Treead株式会社 出張買取あきなや 買取完了,"新規ユーザーの買取成立完了 2,115円（税込）",未提携,afb
リゾートバイト 日本の旅館でおもてなし【OMOTENA（オモテナ）】,株式会社スタッフエージェント,,,"新規会員登録後、WEB面談完了 6,600円（税込）",,afb
本物の英語コーチング【AUTHENTECH（オーセンテック） by アルク】,株式会社アルク,,,"WEB予約後、無料カウンセリング完了 8,461円（税込）",,afb
中古ブランド品販売サイト【NUIR VINTAGE（ヌア ヴィンテージ）】,ペンギントレード株式会社,16509,その他 ペンギントレード株式会社 中古ブランド品販売サイト【NUIR VINTAGE（ヌア ヴィンテージ）】,購入(リピートも成果対象) 4.73％（税込）,未提携,afb
水回りトラブル業界最安値に挑戦中！【水まわりドクター24】,株式会社Lupus,,,"新規お問合せ完了（フォーム／電話） 3,383円（税込）",,afb
有名作品とコラボした浮世絵木版画の通販サイト【浮世絵工房】,T's brain株式会社,,,商品購入 ※リピート購入OK 1.65％（税込）,,afb
クロスゲインを配合した男性向け精力サプリ【DANKATSU（ダンカツ）】,株式会社デイワン,,,"新規購入完了 2,115円（税込）",,afb
トリプル処方美味しい口づけタブレット【メディカルブレス】,株式会社メディカルワン,,,"新規購入完了 1,861円（税込）",,afb
パーソナルマシンピラティス【Dee Pilates（ディーピラティス）】,トーキョーフィットネス株式会社,,,"WEBからの初回予約後、無料体験完了 10,576円（税込） ※2026年5月1日～ 「WEBからの初回予約後、新規体験後の入会」へ変更 《ポイントサイト》 新規体験後の入会 10,576円(税込)",,afb
パーソナルジム【Dee GYM（ディージム）】,トーキョーフィットネス株式会社,,,"WEBからの初回予約後、無料体験完了 10,576円（税込） 《ポイントサイト》 新規体験後の入会 10,576円(税込)",,afb
[スマートフォン専用]【TikTok Shop】「探して買う」から「見つけて買う」ショート動画×ECの新たな体験,"Bytedance Co., Ltd.",,,商品購入 ※成果発生まで最大1日前後のタイムラグが発生します。 毎月の特別報酬期間については、プロモーション説明文に随時反映しておりますので、 赤字部分をご確認いただけますと幸いです。 新規：21.12％（税込）リピート：9.35％（税込）,,afb
自由に選べる新月額制フィットネスマーケット【FitFits（フィットフィッツ）】,株式会社hacomono,16526,フィットネス 株式会社hacomono 自由に選べる新月額制フィットネスマーケット【FitFits（フィットフィッツ）】,"14日間の無料利用開始 1,015円（税込）",未提携,afb
距離で支払うマイカーリース【エンキロ】,DRD4株式会社,16528,車検・車買取査定・購入 DRD4株式会社 距離で支払うマイカーリース【エンキロ】,"WEBより新規仮審査申込後、30日以内の保証会社の仮審査通過 15,384円（税込）",未提携,afb
[PC専用]Arknights:Endfield（アークナイツ エンドフィールド）,Hypergryph,,,"ゲームダウンロード後、新規アカウント開設 2,750円（税込） ※成果対象はPC（Windows）からの流入のみとなります",,afb
医療ダイエット・痩身専門クリニック【DIOクリニック（ディオクリニック）】,ファンネルアド株式会社,,,"WEB予約完了 12,691円（税込）",,afb
【ロケットモバイル】業界最安級！格安SIM,株式会社ロケットモバイル,10951,SIM 株式会社ロケットモバイル 【ロケットモバイル】業界最安級！格安SIM,"新規申込後、初月の利用料金の支払い完了 ┗データプラン 1,015円（税込） ┗通話プラン：1,691円(税込)",未提携,afb
話題のメンズ脱毛サロン　ローランドビューティーラウンジ【RBL】,株式会社メディビューティー,,,"WEB申込後来店 8,461円（税込）",,afb
浮気についてお悩みの方へ【探偵の窓口】,次世代支援機構株式会社,,,"WEB申込後、本人確認完了 15,383円（税込）",,afb
【予算上限あり】日々の業務に役立つ動画が無料で見放題【bizplay（ビズプレイ）】,株式会社innovation&Co.,,,新規無料会員登録 168円（税込）,,afb
BL同人作品DL販売サイト（同人誌、コミック、ボイス） 【らぶカル】　初回購入完了,株式会社デジタルコマース,,,"初回購入完了 2,030円（税込）",,afb
ネットで引ける限定オリパ【ALPHAのオリパ】,株式会社カモガワ,,,新規会員登録後、ポイント初回購入 716円（税込） ※以下ルートは計測対象外となりますので予めご了承ください。 ・新規会員登録時、ユーザーがデバイス・ブラウザを変えてCV ・銀行振込を選択したCV,,afb
【Aladdin X（アラジン エックス）】家庭用スマートプロジェクター,Aladdin X株式会社,16379,AV・家電 Aladdin X株式会社 【Aladdin X（アラジン エックス）】家庭用スマートプロジェクター,商品購入 4.18％（税込） ※リピート購入OK ※ポイント付与上限：購入額の3.8％まで,未提携,afb
お芋がもっと好きになる【金之助】,株式会社たんぽぽファーム,16382,食品・産直品 株式会社たんぽぽファーム お芋がもっと好きになる【金之助】,商品購入(リピートも成果対象) 8.36％（税込）,未提携,afb
不用品回収ラクエコ サービス利用完了,不用品回収ラクエコ,,,"新規取引完了 7,191円（税込）",,afb
【Tクリニック】黄金比クマ取り,一般社団法人良貢会,,,"WEBからのカウンセリング予約後、初回来院 13,537円（税込）",,afb
理想に出会える既婚者マッチングアプリ【既婚リンク】,サードプレイス株式会社,,,新規会員登録完了 845円（税込）,,afb
モルテン公式オンラインショップ【molten】,株式会社モルテン,16398,趣味・スポーツ 株式会社モルテン モルテン公式オンラインショップ【molten】,購入(リピートも成果対象) 4.18％（税込）,未提携,afb
固定電話番号がスマホのアプリでも電話機でも使える！【03plus（ゼロサンプラス）】,株式会社グラントン,16404,BtoB 株式会社グラントン 固定電話番号がスマホのアプリでも電話機でも使える！【03plus（ゼロサンプラス）】,"WEBからの新規申込完了 2,200円（税込） ※ポイント付与上限：2000円まで",未提携,afb
あなたを変えるパーソナルトレーニング【KARADABESTA（カラダビスタ）】,RILISIST株式会社,,,"WEBからの無料体験予約後、初回来店 7,022円（税込） ▼ポイントサイト条件 初回来店後の入会 29,615円(税込)",,afb
BREST PILATES & BODYMAKE　新規会員獲得プロモーション,株式会社VB NEXT,,,"新規来店 12,691円（税込）",,afb
同性愛者（ゲイ/レズビアン）の真面目な出会いをサポート【リザライ】,株式会社リザライ,16413,出会い 株式会社リザライ 同性愛者（ゲイ/レズビアン）の真面目な出会いをサポート【リザライ】,"WEBサイトからの申込完了 無料お相手シミュレーション 1,100円（税込） 来店ご相談予約：1,100円(税込)",未提携,afb
人生を変える結婚相談所【つむぐ】,株式会社ミライラボ,16435,結婚相談・婚活 株式会社ミライラボ 人生を変える結婚相談所【つむぐ】,"WEBからの問合せ後、入会 16,922円(税込) ↓ ↓スタートアップ報酬 ↓ ↓※稼働から3ヶ月間 WEBからの問合せ後、入会 33,845円（税込）",未提携,afb
保険の見直し・無料相談なら【ほけんの110番】,株式会社ほけんの110番,,,"無料相談初回申込後、面談完了 12,691円（税込）",,afb
水のトラブル即解決・24時間365日即対応【イーライフ水道サービス】,株式会社イーライフグループ,,,"新規お問合せ完了（WEB／電話） 3,383円（税込）",,afb
スマートリング【RINGCONN】,Onovo Technology(HongKong)Limited,16421,ボディケア Onovo Technology(HongKong)Limited スマートリング【RINGCONN】,商品購入 6.71％（税込） ※リピート購入OK,未提携,afb
オンラインWebスクール【WEBCOACH（ウェブコーチ）】,株式会社アップグレード,,,"新規無料カウンセリング参加完了 6,600円（税込） ポイントサイト様条件：入会完了 46,537円(税込)",,afb
タイヤホイール売るなら【タイヤ買取ナンバーワン】,株式会社カイショー,16422,買取 株式会社カイショー タイヤホイール売るなら【タイヤ買取ナンバーワン】,"成約完了 ※異なる月であればリピート申込OK 2,420円（税込）",未提携,afb
最先端生成AI 3D プラットフォーム【Meshy AI（メッシーエーアイ）】,MESHY LLC.,16427,その他 MESHY LLC. 最先端生成AI 3D プラットフォーム【Meshy AI（メッシーエーアイ）】,初回購入 16.83％（税込）,未提携,afb
【出張買取ウリエル】お酒買取,株式会社クオーレ,16225,買取 株式会社クオーレ 【出張買取ウリエル】お酒買取,"WEBからの新規無料査定依頼 4,230円（税込） ポイントサイト 買取金額10,000円以上の成約／WEBより無料査定依頼後、30日以内の出張買取完了時点",未提携,afb
ホテル旅館予約なら【travelist（トラベリスト）】＜宿泊予約＞,株式会社アップルワールド,16177,旅行 株式会社アップルワールド ホテル旅館予約なら【travelist（トラベリスト）】＜宿泊予約＞,"WEB予約後、入金完了 2,200円（税込） ※リピート申込OK ※ポイント付与上限：2000円まで",未提携,afb
格安航空券・飛行機・LCC＋ホテルのセット予約なら【travelist（トラベリスト）】＜宿泊＋航空チケット予約＞,株式会社アップルワールド,16178,旅行 株式会社アップルワールド 格安航空券・飛行機・LCC＋ホテルのセット予約なら【travelist（トラベリスト）】＜宿泊＋航空チケット予約＞,"WEB予約後、入金完了 2,200円（税込） ※リピート申込OK ※ポイント付与上限：2000円まで",未提携,afb
格安航空券・飛行機・LCCの予約なら【travelist（トラベリスト）】＜国内航空券＞,株式会社アップルワールド,16179,旅行 株式会社アップルワールド 格安航空券・飛行機・LCCの予約なら【travelist（トラベリスト）】＜国内航空券＞,"WEB予約後、入金完了 3,520円（税込） ※リピート申込OK ※ポイント付与上限：2000円まで ・複数枚購入した場合も成果報酬は一律 ・対象サービス：【国内格安航空券】からの予約のみ",未提携,afb
【Yourdoll（ユアドール）】ラブドール正規販売店,"WANGRUI GROUP(HONGKONG)CO.,LIMITED",,,商品購入 3.3％（税込） ※リピート購入OK,,afb
国内最大級のキャンピングカーレンタル【JAPAN ROAD TRIP（ジャパンロードトリップ）】,株式会社エアサポ,16185,レンタカー 株式会社エアサポ 国内最大級のキャンピングカーレンタル【JAPAN ROAD TRIP（ジャパンロードトリップ）】,"キャンピングカー予約後、車両返却完了 3,383円（税込） ※リピート利用OK ※お問い合わせフォームからの予約のみ成果対象 LINE・電話・予約フォームからのお申込は成果対象外となります",未提携,afb
豊富な取扱いブランド！ブランドオフ公式通販【BRAND OFF】,株式会社K-ブランドオフ,16193,買取 株式会社K-ブランドオフ 豊富な取扱いブランド！ブランドオフ公式通販【BRAND OFF】,購入完了(リピートも成果対象) 4.18％（税込）,未提携,afb
【クローズド】,株式会社サイバーランド,,,"新規申込完了 6,768円（税込）",,afb
プロと始める「逆転就活」【新卒就職エージェントneo】,株式会社ネオキャリア,,,"面談実施 16,500円（税込）",,afb
オンリーワンステップ美容液【ハリッチプレミアムリッチプラス】,株式会社N-LaBo,16202,スキンケア 株式会社N-LaBo オンリーワンステップ美容液【ハリッチプレミアムリッチプラス】,"新規商品購入完了 10,153円（税込）",未提携,afb
針入りほうれい線用クリーム【L Shot　リッチクリーム】,株式会社N-LaBo,16203,スキンケア 株式会社N-LaBo 針入りほうれい線用クリーム【L Shot リッチクリーム】,"新規商品購入完了 10,153円（税込）",未提携,afb
海外旅行のおすすめeSIM！格安・もっと便利に！【eSIM-san（イーシムさん）】,株式会社グランシー,16205,SIM 株式会社グランシー 海外旅行のおすすめeSIM！格安・もっと便利に！【eSIM-san（イーシムさん）】,プラン購入後、30日以内の入金確認 16.5％（税込） ※リピート利用OK ※ポイント付与上限：購入額の10％まで,未提携,afb
24時間365日ポケカのネットオリパが楽しめる【ポケパ365】,三河デザイン合同会社,16210,趣味・スポーツ 三河デザイン合同会社 24時間365日ポケカのネットオリパが楽しめる【ポケパ365】,"新規会員登録後、初回課金完了 1,015円（税込） ※ポイントサイトの場合：新規会員登録後、5000円以上の課金完了 （リピートも成果対象） 1,015円（税込）",未提携,afb
レンタルスペース検索予約サイト【カシカシ】,株式会社友安製作所,16213,その他 株式会社友安製作所 レンタルスペース検索予約サイト【カシカシ】,初回予約後、決済完了 5.5％（税込）,未提携,afb
小さく見せるブラ【Veimia（ヴェーミア）】,"香港維密&#23149;數字科技有限公司(Hong Kong Veimia Digital Technology Co., Limited)",,,商品購入 12.65％（税込） ※リピート購入OK,,afb
【銀座・新宿・心斎橋で一流のお客様に長年愛されています】中古・新品の高級ブランド腕時計通信販売のGINZA RASIN,株式会社羅針,16215,嗜好品 株式会社羅針 【銀座・新宿・心斎橋で一流のお客様に長年愛されています】中古・新品の高級ブランド腕時計通信販売のGINZA RASIN,商品購入(リピートも成果対象) 1.65％（税込）,未提携,afb
【出張買取ウリエル】楽器買取,株式会社クオーレ,16221,買取 株式会社クオーレ 【出張買取ウリエル】楽器買取,"WEBからの新規無料査定依頼 4,230円（税込） ポイントサイト 買取金額10,000円以上の成約／WEBより無料査定依頼後、30日以内の出張買取完了時点",未提携,afb
【出張買取ウリエル】ゴルフ買取,株式会社クオーレ,16222,買取 株式会社クオーレ 【出張買取ウリエル】ゴルフ買取,"WEBからの新規無料査定依頼 4,230円（税込） ポイントサイト 買取金額10,000円以上の成約／WEBより無料査定依頼後、30日以内の出張買取完了時点",未提携,afb
【予算上限あり】あなたの資産形成の考えを教えてください！お金のインタビューモニター募集【ITトレンドMoney】,株式会社innovation&Co.,16642,その他 株式会社innovation&Co. 【予算上限あり】あなたの資産形成の考えを教えてください！お金のインタビューモニター募集【ITトレンドMoney】,"インタビュー完了 6,768円（税込）",未提携,afb
ソニーの炭テクノロジーで疲労回復【R WEAR】,株式会社サプリム,16312,ボディケア 株式会社サプリム ソニーの炭テクノロジーで疲労回復【R WEAR】,商品購入完了(リピートも成果対象) 16.5％（税込）,未提携,afb
＜CPF＞あなたのiPhoneを10秒で簡単査定【フォンサルドットコム】,株式会社Find,,,LINE友だち登録 337円（税込）,,afb
カニのお取り寄せ・通販【越前かに問屋ますよねオンラインショップ】,有限会社増米商店,16276,食品・産直品 有限会社増米商店 カニのお取り寄せ・通販【越前かに問屋ますよねオンラインショップ】,商品購入 3.3％（税込） ※リピート購入OK,未提携,afb
眠るだけで、明日をもっと軽やかに【Recovery Sleep（リカバリースリープ）】,モリリン株式会社,16277,家具・インテリア モリリン株式会社 眠るだけで、明日をもっと軽やかに【Recovery Sleep（リカバリースリープ）】,初回購入 8.36％（税込）,未提携,afb
『はらぺこあおむし』の作者の描く絵本の世界観がテーマの、遊んで学べる新しい場【PLAY! PARK ERIC CARLE（プレイパーク エリック・カール）】,エイアンドビーホールディングス株式会社,16286,旅行 エイアンドビーホールディングス株式会社 『はらぺこあおむし』の作者の描く絵本の世界観がテーマの、遊んで学べる新しい場【PLAY! PARK ERIC CARLE（プレイパーク エリック・カール）】,チケット購入完了後、「サイトに戻る」ボタン押下 11％（税込） ※リピート購入OK,未提携,afb
現地オプショナルツアー予約＆観光旅行【VELTRA-ベルトラ】,ベルトラ株式会社,16287,旅行 ベルトラ株式会社 現地オプショナルツアー予約＆観光旅行【VELTRA-ベルトラ】,催行完了(リピートも成果対象) クルーズ：3.3％（税込）国内商品：1.1％（税込）海外商品：3.3％（税込）ストア商品：1.1％（税込）,未提携,afb
家で使える！月額制マシンレンタル【VICTORIA SELFESTE（ヴィクトリアセルフエステ）】,株式会社日本テレメッセージ,,,"WEB初回申込後、入金確認 2,200円（税込）",,afb
美しい色彩の革製品【yuhaku（ユハク）】,株式会社ユハク,,,商品購入 6.71％（税込） ※リピート購入OK,,afb
安心＆簡単＆おトクにリフォームするなら【ハピタスリフォーム】,株式会社オズビジョン,16298,リフォーム・引越し 株式会社オズビジョン 安心＆簡単＆おトクにリフォームするなら【ハピタスリフォーム】,"WEBからの新規申込後、現地調査実施完了 12,100円（税込）",未提携,afb
最大1か月無料で見放題にはない新作映画・アニメ・ドラマがお得に楽しめる！【クランクイン！ビデオ】,株式会社ZITTO,16300,映画・音楽・動画 株式会社ZITTO 最大1か月無料で見放題にはない新作映画・アニメ・ドラマがお得に楽しめる！【クランクイン！ビデオ】,"初回月額会員登録完了\ 1,861円（税込）",未提携,afb
ハイクラスな男性と魅力的な女性をつなぐマッチングアプリ【PATLUN（パトルン）】,株式会社ピアソフト,,,"男性と女性で報酬条件が異なります。 男性：初回決済完了時 4,230円（税込） 女性：本人確認完了：676円(税込)",,afb
業界№1の高時給・高待遇【リゾートバイト.com】,株式会社グッドマンサービス,16302,人材派遣 株式会社グッドマンサービス 業界№1の高時給・高待遇【リゾートバイト.com】,"新規面談 6,600円（税込） ※ポイント付与上限1,000円まで",未提携,afb
【GearUP】ゲームのラグを減らすゲームブースター,GEARUP PORTAL PTE. LTD.,,,初回プラン購入 42.24％（税込） ※成果対象はPCからの流入のみとなります。,,afb
子供が自由な発想で遊べる屋内キッズパーク【PLAY!PARK（プレイパーク）】,エイアンドビーホールディングス株式会社,16285,旅行 エイアンドビーホールディングス株式会社 子供が自由な発想で遊べる屋内キッズパーク【PLAY!PARK（プレイパーク）】,チケット購入完了後、「サイトに戻る」ボタン押下 11％（税込） ※リピート購入OK,未提携,afb
【HAABクリニック】来院プロモーション,一般社団法人千翔会,,,"新規カウンセリングWEB予約後、来院完了 5,500円（税込） ■ポイントサイト条件 新規カウンセリングWEB予約後、成約完了 12,691円(税込)",,afb
プロバイダ・インターネット接続は【AsahiNet（アサヒネット）光】開通完了,株式会社朝日ネット,,,"申込み完了 10,153円（税込）",,afb
新しいカタチの結婚相談所『マリジム』,株式会社シャン・クレール,,,"無料面談予約完了 2,767円（税込） 有料入会 25,846円（税込）",,afb
乙女向け/TL作品DL販売サイト（同人誌、コミック、ボイス） 【らぶカル】　初回購入完了,株式会社デジタルコマース,,,"初回購入完了 2,030円（税込）",,afb
【ONSENSOU（オンセンソウ）】自宅で楽しむ温泉美容。温泉由来成分で、髪と肌をやさしく贅沢ケア。,ヴェラス株式会社,16327,その他ヘアケア ヴェラス株式会社 【ONSENSOU（オンセンソウ）】自宅で楽しむ温泉美容。温泉由来成分で、髪と肌をやさしく贅沢ケア。,商品購入 8.36％（税込） ※リピート購入OK,未提携,afb
"月額2,200円～ポケット型Wi-Fi【にゃんこWi-Fi】",株式会社にゃんこカンパニー,16330,"プロバイダ 株式会社にゃんこカンパニー 月額2,200円～ポケット型Wi-Fi【にゃんこWi-Fi】","新規でのWEB申込後、30日以内の端末受取完了 5,922円（税込） 【ポイントサイト成果条件】 ・広告主新規（当広告主を初めて利用する） ・WEBより申込後、60日以内の端末受取＋1か月以上の継続利用 5,500円（税込）",未提携,afb
電話占いならcoconala【ココナラ】,株式会社ココナラ,,,"新規会員後、30日以内の電話占い利用（課金完了） 17,600円（税込）",,afb
【予算上限あり】あなたの会社の「時代遅れ」な件、教えて！【ITトレンド】,株式会社innovation&Co.,,,アンケート回答後のインタビュー実施 845円（税込）,,afb
ソーラー防犯カメラ【relica G3】,株式会社SREE,16342,AV・家電 株式会社SREE ソーラー防犯カメラ【relica G3】,"購入(リピート購入も対象) 1,268円（税込）",未提携,afb
パーソナルトレーニングジムの【T-BALANCE（ティーバランス）】,株式会社ティーバランス,16343,フィットネス 株式会社ティーバランス パーソナルトレーニングジムの【T-BALANCE（ティーバランス）】,"WEB予約後、初回来店 13,200円（税込）",未提携,afb
【Alibaba.com】世界有数のB2B eコマースマーケットプレイス,Alibaba.com Hong Kong Limited,16346,ショッピングモール Alibaba.com Hong Kong Limited 【Alibaba.com】世界有数のB2B eコマースマーケットプレイス,商品購入 新規ユーザーによる商品購入：8.36％（税込）既存ユーザーによる商品購入 ：3.3％（税込）,未提携,afb
仮想通貨の損益計算代行サービス【Cryp-tax】,株式会社トライデントリサーチ,,,"新規LINE友達追加 1,100円（税込）",,afb
勉強嫌いな子のための【家庭教師のガンバ】,株式会社がんば,,,"※一律で「資料請求」の単価で成果発生しますが、 「体験授業申込」の成果については、承認確定時に報酬額変更させていただきます。 WEBからの新規申込 資料請求 5,922円（税込） 無料体験授業 9,053円(税込)",,afb
【出張買取ウリエル】着物買取,株式会社クオーレ,16227,買取 株式会社クオーレ 【出張買取ウリエル】着物買取,"WEBからの新規無料査定依頼 4,230円（税込） ポイントサイト 買取金額10,000円以上の成約／WEBより無料査定依頼後、30日以内の出張買取完了時点",未提携,afb
【出張買取ウリエル】骨董品買取,株式会社クオーレ,16230,買取 株式会社クオーレ 【出張買取ウリエル】骨董品買取,"WEBからの新規無料査定依頼 4,230円（税込） ポイントサイト 買取金額10,000円以上の成約／WEBより無料査定依頼後、30日以内の出張買取完了時点",未提携,afb
【出張買取ウリエル】ブランドバッグ買取,株式会社クオーレ,16234,買取 株式会社クオーレ 【出張買取ウリエル】ブランドバッグ買取,"WEBからの新規無料査定依頼 4,230円（税込） ポイントサイト 買取金額10,000円以上の成約／WEBより無料査定依頼後、30日以内の出張買取完了時点",未提携,afb
20代のキャリア悩みに特化した無料カウンセリングサービス【キャリコン】,Crown Cat株式会社,,,"無料カウンセリング初回申込後、面談完了 8,461円（税込）",,afb
結婚相談所の入会プロモーション【シーネット結婚相談所】,株式会社シーネット,,,"無料相談申込後、入会完了 30,769円（税込） ※LINE・電話からのお問合せは対象外となります",,afb
農家直送！選べる国産フルーツ定期便【食べチョクフルーツセレクト】,株式会社ビビッドガーデン,16269,食品・産直品 株式会社ビビッドガーデン 農家直送！選べる国産フルーツ定期便【食べチョクフルーツセレクト】,"初回プランの購入完了 プレミアムコース/1ヶ月プラン：2,537円(税込)プレミアムコース/3ヶ月プラン：2,537円(税込)プレミアムコース/6ヶ月プラン：3,383円(税込)レギュラーコース/1ヶ月プラン：2,537円(税込)レギュラー",未提携,afb
サポート充実｜IBJ加盟で口コミ数No.1のオンライン結婚相談所【ウェルスマ】,合同会社アクチュアライゼーション,,,"オープニングセレモニーキャンペーン(～11月24日まで) 通常報酬 新規無料相談(オンラインzoom相談)4,400円(税込) 新規入会 22,000円(税込) オープニングセレモニーキャンペーン報酬 新規無料相談(オンラインzoom相談)",,afb
支援充実！リーズナブルなオンライン結婚相談所【ウェルスマ】LINE友だち登録（CPF）,合同会社アクチュアライゼーション,,,LINE友だち登録 422円（税込）,,afb
レジーナクリニック　いびき治療,レジーナクリニック_いびき治療,,,"来院 8,461円（税込）",,afb
ヘアセット・メイク＆ネイル専門店【アトリエはるか】,株式会社アトリエはるか,,,予約完了(リピートも成果対象) 220円（税込）,,afb
厳選された外装工事業者を無料一括比較【外装工事ヒカーク】,株式会社shalcfield,16258,リフォーム・引越し 株式会社shalcfield 厳選された外装工事業者を無料一括比較【外装工事ヒカーク】,"WEBからの新規見積り申込後、現地調査実施完了 12,100円（税込）",未提携,afb
農家・漁師のこだわり食材が直接届く 産直通販「食べチョク」,株式会社ビビッドガーデン,16268,食品・産直品 株式会社ビビッドガーデン 農家・漁師のこだわり食材が直接届く 産直通販「食べチョク」,初回購入完了 22％（税込）,未提携,afb
複数の運用方法を比較して無料で学べる！選べる！【ウェルスコーチ（資産運用）】,株式会社オズビジョン,16263,先物取引・投資 株式会社オズビジョン 複数の運用方法を比較して無料で学べる！選べる！【ウェルスコーチ（資産運用）】,"WEB予約後、ご紹介する資産運用会社による面談完了 17,600円（税込）",未提携,afb
英国アロマブランド×ナチュラルケアの専門店【アロマキュア】,株式会社アロマキュア,16259,雑貨・家庭用品 株式会社アロマキュア 英国アロマブランド×ナチュラルケアの専門店【アロマキュア】,商品購入 8.36％（税込） ※リピート購入OK ※ポイント付与上限：5%,未提携,afb
30代からの本気ボディーメイク【URBAN CLASSIC PILATES（アーバンクラシックピラティス）】,株式会社VB NEXT,,,"WEBからの新規見学予約後、来店 5,076円（税込）",,afb
【CHICKEN GOLF チキンゴルフ】楽しく学べるパーソナルレッスン,株式会社チキンジム,,,"新規ユーザー様からのWEB予約後の来店完了 16,922円（税込）",,afb
引越し一括見積もり比較サイト【引越し達人】,株式会社ウェブクルー,,,新規無料見積完了 831円（税込）,,afb
【afb限定】 ストレッチ専門店の 【Dr.stretch(ドクターストレッチ)】　来店,株式会社nobitel,,,"来店 2,537円（税込）",,afb
骨董品・絵画買取なら高価買取専門店【まねきや】,株式会社水野,16262,買取 株式会社水野 骨董品・絵画買取なら高価買取専門店【まねきや】,"電話計測(買取完了)：2,537円(税込)LINE友達追加：126円(税込)",未提携,afb
大切な楽器、正しい価値で買取ります【まねきや】,株式会社水野,,,"電話での初回査定申込後、買取完了：2,537円(税込)LINE友だち追加：126円(税込)",,afb
お金のトレーニングスタジオ【ABCash】,株式会社ABCash Technologies,,,"WEB予約後、無料体験会への着席 8,800円（税込） ポイントサイト 報酬条件 ：無料体験会後の有料トレーニング本入会完了 成果報酬：30,769円（ネット、税抜） ※ポイント付与上限：なし",,afb
結婚式・二次会のパーティードレスレンタルは【リリアージュ】,株式会社リダンダンシー,16036,レディースファッション 株式会社リダンダンシー 結婚式・二次会のパーティードレスレンタルは【リリアージュ】,レンタル申込後、支払い完了 8.36％（税込） ※リピートOK,未提携,afb
【スマモニ】賢い女性のお試しサイト 新規会員登録完了（※女性限定）,株式会社ベストナビ,,,"新規会員登録完了（※女性限定） 1,691円（税込）",,afb
【予算上限あり】＜インセンティブメディア専用＞【スマモニ】賢い女性のお試しサイト_モニター案件申込み完了（※女性限定）,株式会社ベストナビ,15971,ポイントサイト 株式会社ベストナビ 【予算上限あり】＜インセンティブメディア専用＞【スマモニ】賢い女性のお試しサイト_モニター案件申込み完了（※女性限定）,"新規オンラインセミナー参加後、モニター案件申込み完了（※女性限定） 10,153円（税込）",未提携,afb
【みん就】合同企業説明会,みん就株式会社,,,"▼参加完了成果地点 成果地点：WEBからの合同説明会予約後、参加完了 成果報酬単価：28卒3,383円(税込み) / それ以外の卒年423円(税込み) ※リピート申込OK ▼予約完了成果地点 28卒のみ対象",,afb
世界150か国で利用可能！【EtravelSIM（イートラベルシム）】,EtravelSim Pte Ltd.,15995,SIM EtravelSim Pte Ltd. 世界150か国で利用可能！【EtravelSIM（イートラベルシム）】,プラン購入 12.65％（税込） ※リピート購入OK ※ポイント付与上限：購入額の11％まで,未提携,afb
心斎橋の女性専用マシンピラティススタジオ【DAYS PILATES（デイズピラティス）】,株式会社トップコンサルティング,16011,フィットネス 株式会社トップコンサルティング 心斎橋の女性専用マシンピラティススタジオ【DAYS PILATES（デイズピラティス）】,"WEBからの初回予約後、来店 8,461円（税込）",未提携,afb
「安い」「早い」「簡単」日本国内のWiFiレンタルなら【NETAGE（ネットエイジ）】,株式会社モバイル・プランニング,16019,プロバイダ 株式会社モバイル・プランニング 「安い」「早い」「簡単」日本国内のWiFiレンタルなら【NETAGE（ネットエイジ）】,"WEBからの初回申込後、受取完了 1,437円（税込） ※ポイント付与上限：1700円まで",未提携,afb
スマホグッズ／スマート家電を買うならSoftBank公式ショップ『トレテク！』,SB C&S株式会社,16021,AV・家電 SB C&S株式会社 スマホグッズ／スマート家電を買うならSoftBank公式ショップ『トレテク！』,新規商品購入 3.3％（税込）,未提携,afb
【Saily（セイリー）】海外旅行に最適！お得なeSIM,Saily Inc.,16022,SIM Saily Inc. 【Saily（セイリー）】海外旅行に最適！お得なeSIM,初回プラン購入 11％（税込） ※ブラウザCVのみ成果対象となります （アプリでのプラン購入は対象外）,未提携,afb
【クローズド】,株式会社プリエ・インターナショナル,,,"初回購入 8,461円（税込）",,afb
タイヤ専門のECサイト【CARTUNEタイヤ】,株式会社イード,15893,車検・車買取査定・購入 株式会社イード タイヤ専門のECサイト【CARTUNEタイヤ】,商品購入(リピート購入も対象) 3.3％（税込）,未提携,afb
結婚式パーティードレス・レンタルドレスは【ワンピの魔法】,株式会社リダンダンシー,16037,レディースファッション 株式会社リダンダンシー 結婚式パーティードレス・レンタルドレスは【ワンピの魔法】,レンタル申込後、支払い完了 8.36％（税込） ※リピートOK,未提携,afb
京王ネットショッピング｜京王百貨店,株式会社京王百貨店,16039,ショッピングモール 株式会社京王百貨店 京王ネットショッピング｜京王百貨店,商品購入(リピート購入も対象) 2.75％（税込）,未提携,afb
【MillenVPN】でインターネットのセキュリティ強化！,アズポケット株式会社,,,"新規契約完了 ワンタイムプラン／15日間プラン：220円(税込)ワンタイムプラン／30日間プラン：220円(税込)MillenVPN エントリー：11,000円(税込)MillenVPN プロ：11,000円(税込)MillenVPN ビジ",,afb
世界対応 高速Wi-Fi【HIS Wi-Fi】,H.I.S.Mobile株式会社,,,"新規WEB申込後、90日以内の利用開始 1,268円（税込）",,afb
【afb限定】＜法人向け＞高品質リユースPCを格安でご提供【アールピーシー】,株式会社FREEDiVE,16069,BtoB 株式会社FREEDiVE 【afb限定】＜法人向け＞高品質リユースPCを格安でご提供【アールピーシー】,"無料見積り問合せ後、1か月以内の法人登記確認完了 3,383円（税込）",未提携,afb
整体×マシンピラティスで美しい体作りをサポート カスタマイズピラティス【La pilates（ラピラティス）】,株式会社La pilates,,,"WEBからの初回体験予約後、来店完了 1,691円（税込）",,afb
激安な中古パソコンといえば【中古パソコン直販】,株式会社ブロードリンク,16082,AV・家電 株式会社ブロードリンク 激安な中古パソコンといえば【中古パソコン直販】,"商品購入(リピートも成果対象) 3,807円（税込） ポイント付与上限：5000円まで",未提携,afb
UHA味覚糖が手掛けるショコラトリー【キャギ ド レーブ】,ユーハ株式会社,16089,食品・産直品 ユーハ株式会社 UHA味覚糖が手掛けるショコラトリー【キャギ ド レーブ】,商品購入(リピートも成果対象) 11％（税込）,未提携,afb
TVでも話題！ウエイトブランケット（重いふとん）【hugravi（ハグラビ）】,株式会社アイル,16096,家具・インテリア 株式会社アイル TVでも話題！ウエイトブランケット（重いふとん）【hugravi（ハグラビ）】,"初回購入 4,230円（税込） ※ポイント付与上限：3500円まで",未提携,afb
【カメラのキタムラ】ネット中古（カメラ・レンズ・カメラ用品・ブランド時計）,株式会社カメラのキタムラ,15947,買取 株式会社カメラのキタムラ 【カメラのキタムラ】ネット中古（カメラ・レンズ・カメラ用品・ブランド時計）,"WEBからの梱包キット初回申込後、買取りもしくは下取りの成立 2,537円（税込） ※宅配買取のみ成果対象",未提携,afb
買取一括比較「ウリドキ」（お酒）,ウリドキ株式会社,,,"新規申込完了 1,691円（税込）",,afb
買取一括比較「ウリドキ」（ブランドバッグ）,ウリドキ株式会社,,,"新規申込完了 2,537円（税込）",,afb
買取一括比較「ウリドキ」（金・貴金属）,ウリドキ株式会社,,,"新規申込完了 2,115円（税込）",,afb
既婚者マッチングアプリ利用率No.1【既婚者クラブ】,株式会社リンクス,,,"新規会員登録及び、年齢確認完了 1,141円（税込）",,afb
国内旅行やツアー・海外旅行・ホテル・宿の予約サイト【東武トップツアーズ】,東武トップツアーズ株式会社,15929,旅行 東武トップツアーズ株式会社 国内旅行やツアー・海外旅行・ホテル・宿の予約サイト【東武トップツアーズ】,※リピート申込OK ※ポイント付与上限：購入額の1％まで WEB予約後、利用確認 ポイントサイトでの報酬金額： 国内ツアー ・海外ツアー 1.1％(税込) その他サイト↓ ┗国内ツアー：2.2％（税込）┗海外ツアー：1.1％（税込）,未提携,afb
【おろちょく】ブランド牛（和牛・国産牛）をお取り寄せ！牛肉専門の通販サイト,株式会社福永産業,15943,食品・産直品 株式会社福永産業 【おろちょく】ブランド牛（和牛・国産牛）をお取り寄せ！牛肉専門の通販サイト,商品購入 11％（税込） ※リピート購入OK,未提携,afb
まつ毛美容液【ビオまつ毛】,株式会社ソーシャルテック,,,"初回購入 8,461円（税込）",,afb
買取一括比較「ウリドキ」（高級時計）,ウリドキ株式会社,,,"新規申込完了 2,961円（税込）",,afb
保険も、家計も、将来の資金計画も【マネードットコム】,ツリーファイナンシャル株式会社,,,"新規ユーザーの無料相談予約完了 2,537円（税込）",,afb
[スマートフォン専用]あなたにふさわしいハイクラスな出会いを【GORGEOUS（ゴージャス）】新規会員登録完了,リンク株式会社,15898,出会い リンク株式会社 [スマートフォン専用]あなたにふさわしいハイクラスな出会いを【GORGEOUS（ゴージャス）】新規会員登録完了,"会員登録完了 女性 1,268円（税込） 男性：2,537円(税込)",未提携,afb
時短正社員のワーママ向け転職支援サービス【リアルミーキャリア】,株式会社リアルミー,,,"新規会員登録後の面談完了 13,537円（税込）",,afb
航空券・ホテル・レンタカーの予約なら【Jcation(ジェイケーション)】,株式会社SEEC,15894,旅行 株式会社SEEC 航空券・ホテル・レンタカーの予約なら【Jcation(ジェイケーション)】,新規ユーザーの旅行帰着、または利用終了。 航空券パック 3.3％（税込） 宿泊単体：1.5％レンタカー予約：3％,未提携,afb
USCPA（米国公認会計士） 最短で確実に合格を目指すなら【Abitus（アビタス）】,株式会社アビタス,,,"資料請求 4,230円（税込） 無料説明会初回参加：11,000円(税込)",,afb
[スマートフォン専用]あなたにふさわしいハイクラスな出会いを【GORGEOUS（ゴージャス）】アプリインストール完了,リンク株式会社,,,"アプリインストール完了 1,268円（税込）",,afb
【Claura（クロラ）】メガネショップ・全商品無料でブルーライトカットレンズに変更可能,香港克勞拉有限公司(Hongkong Claura Limited),15909,眼鏡・時計・小物 香港克勞拉有限公司(Hongkong Claura Limited) 【Claura（クロラ）】メガネショップ・全商品無料でブルーライトカットレンズに変更可能,商品購入 11％（税込） ※リピート購入OK,未提携,afb
オトナ女性の深刻な髪悩みをこの1本でケア。62種の天然由来成分配合の頭皮ケアシャンプー【リル ラグジュアリーシャンプー】,株式会社アールスタイル,,,新規購入完了 21.12％（税込）,,afb
金・貴金属の買取【ブラリバ】,株式会社STAYGOLD,,,"新規無料査定申込 5,033円（税込）",,afb
ブランド品・宝石の買取【ブラリバ】（総合）,株式会社STAYGOLD,,,"新規無料査定申込 5,033円（税込）",,afb
ブランド時計の買取【ブラリバ】,株式会社STAYGOLD,,,"新規無料査定申込 5,033円（税込）",,afb
ブランドバッグの買取【ブラリバ】,株式会社STAYGOLD,,,"新規無料査定申込 5,033円（税込）",,afb
ダイヤモンド・宝石の買取【ブラリバ】,株式会社STAYGOLD,,,"新規無料査定申込 5,033円（税込）",,afb
海外eSIM使うなら【グロモバeSIM】,株式会社インバウンドプラットフォーム,15876,SIM 株式会社インバウンドプラットフォーム 海外eSIM使うなら【グロモバeSIM】,WEB申込後、入金完了 16.83％（税込） ※リピート申込OK ※3日間以上の利用が対象,未提携,afb
一緒に歩む妊活サプリ【サズカルONE】,株式会社日本デザイン,15875,葉酸・妊活 株式会社日本デザイン 一緒に歩む妊活サプリ【サズカルONE】,"新規商品購入完了 4,400円（税込） ※定期購入 ※単品購入については以下になる 新規商品購入完了 2,200円（税込み）",未提携,afb
TENGAヘルスケアからついに誕生。男性のための妊活時栄養補給サプリメント【セイーク】,株式会社TENGAヘルスケア,,,"初回購入 4,230円（税込）",,afb
HIS Mobileの海外esim【Trip SIM（トリップシム）】,H.I.S.Mobile株式会社,,,新規WEB申込後、利用開始 16.83％（税込）,,afb
着物高く売るなら高価買取専門店【まねきや】,株式会社水野,16217,買取 株式会社水野 着物高く売るなら高価買取専門店【まねきや】,"電話での初回査定申込後、買取完了：2,537円(税込)LINE友達追加：126円(税込)",未提携,afb
切手売るなら、高価買取専門店【まねきや】,株式会社水野,16181,買取 株式会社水野 切手売るなら、高価買取専門店【まねきや】,"電話での初回査定申込後、買取完了 2,537円（税込） LINE友だち登録：126円(税込)フォーム：126円(税込)",未提携,afb
家計の悩みから資産運用までマルっとFPに相談【マネーサファリ】,株式会社Merginite,,,"WEB予約後、60日以内の面談完了 12,691円（税込）",,afb
[スマートフォン専用]忙しくても続けられる育児アプリ【べビレポ】,株式会社パーミッション,,,インストール後、初回起動 126円（税込）,,afb
DTMスクール【MusicHearts（ミュージックハーツ）】,株式会社ライアートプロモーション,,,"無料体験レッスン申込 5,922円（税込） ポイントサイト様報酬条件：無料体験レッスン後、新規入会 33,845円（税込） （2026年6月24日から）",,afb
オフィスチェア【ALGO chair pro（アルゴチェアプロ）】,株式会社アイル,16097,家具・インテリア 株式会社アイル オフィスチェア【ALGO chair pro（アルゴチェアプロ）】,"初回購入 13,537円（税込） ※ポイント付与上限：10,000円まで",未提携,afb
公務員のライト　講座購入完了,キャリアード合同会社,,,新規講座購入 20.24％（税込） ポイント付与上限：購入額の20％まで,,afb
最大5社に一括仮審査依頼！【自社ローンの窓口】,株式会社カーファイナンシャル,,,"初回申込完了 2,537円（税込）",,afb
【お客様満足度99.8％】成人式の振袖レンタル「京都きもの友禅」来店予約,京都きもの友禅株式会社,,,"新規来店 4,400円（税込） 振袖：4,400円(税込)袴：2,200円(税込)フォトプラン：4,400円(税込)",,afb
OZmall(オズモール) プレミアム予約【ビューティ】ヘアサロン・美容院・美容室予約、リラクゼーション・マッサージサロン予約,スターツ出版株式会社,16102,美容室 スターツ出版株式会社 OZmall(オズモール) プレミアム予約【ビューティ】ヘアサロン・美容院・美容室予約、リラクゼーション・マッサージサロン予約,予約後に、来店確認が取れたもの ヘアサロン新規：666円(税込)ヘアサロン既存：317円(税込)リラクゼーション新規：666円(税込)リラクゼーション既存：317円(税込),未提携,afb
OZmall(オズモール) プレミアム予約【トラベル】ホテル予約・宿泊予約,スターツ出版株式会社,16103,ホテル スターツ出版株式会社 OZmall(オズモール) プレミアム予約【トラベル】ホテル予約・宿泊予約,予約後に、来店確認が取れたもの(リピートも成果対象) 1.87％（税込）,未提携,afb
OZmall(オズモール) プレミアム予約【レストラン】,スターツ出版株式会社,16104,食品・産直品 スターツ出版株式会社 OZmall(オズモール) プレミアム予約【レストラン】,予約後に、来店確認が取れたもの(リピートも成果対象) 313円（税込）,未提携,afb
【NAS UGREEN】家庭用データストレージ,株式会社ユーグリーン・ジャパン,,,商品購入 6.71％（税込） ※リピート購入OK ※ポイント付与上限：購入額の6％まで,,afb
ブランド品高く売るなら高価買取専門店【まねきや】,株式会社水野,16117,買取 株式会社水野 ブランド品高く売るなら高価買取専門店【まねきや】,"電話での初回査定申込後、買取完了 2,537円（税込） LINE友だち登録：126円(税込)フォーム：126円(税込)",未提携,afb
ロレックス高く売るなら高価買取専門店【まねきや】,株式会社水野,16118,買取 株式会社水野 ロレックス高く売るなら高価買取専門店【まねきや】,"電話での初回査定申込後、買取完了 2,537円（税込） LINE友だち追加：126円(税込)フォーム：126円(税込)",未提携,afb
金・貴金属 売るなら、高価買取専門店【まねきや】,株式会社水野,16119,買取 株式会社水野 金・貴金属 売るなら、高価買取専門店【まねきや】,"電話での初回査定申込後、買取完了 2,537円（税込） LINE友だち登録：126円(税込)フォーム：126円(税込)",未提携,afb
色石・宝石・ジュエリー売るなら【まねきや】,株式会社水野,16120,買取 株式会社水野 色石・宝石・ジュエリー売るなら【まねきや】,"電話での初回査定申込後、買取完了 2,537円（税込） LINE友だち登録：126円(税込)",未提携,afb
肥満を予防してずっと元気に完全犬用栄養食【FULLMEAL（フルミール）】,株式会社未来,,,"初回購入 2,530円（税込）",,afb
プロパンガス料金の見直しは【プロパンガス料金適正化協会】,一般社団法人プロパンガス料金適正化協会,16123,その他 一般社団法人プロパンガス料金適正化協会 プロパンガス料金の見直しは【プロパンガス料金適正化協会】,"WEBからの新規申込後、工事完了 29,615円（税込）",未提携,afb
自毛植毛の【親和クリニック】,親和クリニック,,,"新規無料相談予約後、来店完了 25,383円（税込）",,afb
ホットヨガ×コラーゲン【Lucina (ルキナ)】,株式会社大丸プランニング,,,"WEB予約後の来店完了 5,753円（税込）",,afb
手続きカンタン全国宅配買取【Mac買取ネット】,GEEKS株式会社,,,"税込3000円以上のWEB買取申込後、 30日以内の買取成立 2,537円（税込）",,afb
【DomoAI（ドーモエーアイ）】動画・画像生成AIツール,DOMOAI PTE. LTD.,,,プラン初回購入 22％（税込）,,afb
「京都きもの友禅」公式オンラインストア,京都きもの友禅株式会社,,,新規購入 11％（税込）,,afb
【Plaud.ai】世界100万人が愛用！あなたの生産性を最大化！AIアシスタント,PLAUD株式会社,16153,その他 PLAUD株式会社 【Plaud.ai】世界100万人が愛用！あなたの生産性を最大化！AIアシスタント,商品購入 11％（税込） ※リピート購入OK,未提携,afb
大人のおもちゃ・アダルトグッズを取り揃えた通販サイト【ぴゅあらばショップ】,株式会社ケーワン・エンタープライズ,,,商品購入完了 24.97％（税込） ※リピート購入OK,,afb
女性に特化した薄毛専門治療（FAGA）【リアスクリニック】,医療法人社団仁友会,,,"WEBからの初回予約完了 11,000円（税込）",,afb
プロポーズ花束・結婚式ブーケ保存専門【シンフラワー】,シンフラワー株式会社,16148,ウェディング シンフラワー株式会社 プロポーズ花束・結婚式ブーケ保存専門【シンフラワー】,新規商品購入 4.18％（税込）,未提携,afb
オンライン心理カウンセリング【Kimochi】,株式会社remental,16147,その他 株式会社remental オンライン心理カウンセリング【Kimochi】,"新規プラン登録 7,700円（税込）",未提携,afb
箱に詰めて送るだけ【フィギュア買取ネット】,GEEKS株式会社,,,"税込1000円以上のWEB買取申込後、30日以内の買取成立 3,045円（税込）",,afb
北欧雑貨・インテリアの【ILLUMS（イルムス）】,株式会社イルムスジャパン,16132,ショッピングモール 株式会社イルムスジャパン 北欧雑貨・インテリアの【ILLUMS（イルムス）】,商品購入 8.36％（税込） ※リピート購入OK,未提携,afb
新型出生前診断（NIPT）青山ラジュボークリニック,DNA先端医療株式会社,,,"WEB予約後、新規来院 5,076円（税込）",,afb
女性専用のAIパーソナルトレーニング【FURDI】,株式会社FURDI,,,"無料体験の実施 8,461円（税込） ポイントサイトの場合は、入会完了 8,461円（税込）",,afb
【クローズド】,AND medical group,,,"WEB申込完了(いたずら・重複を除く) 医療ダイエット 12,691円（税込）",,afb
ヘッドスパ専門店ワヤンプリ 来店,株式会社フューチャーブレーン,,,"WEBからの初回予約後、来店完了 4,230円（税込）",,afb
世界一面白いお菓子屋さん キャンディなら【PAPABUBBLE（パパブブレ）】,株式会社PAPABUBBLE JAPAN,15592,食品・産直品 株式会社PAPABUBBLE JAPAN 世界一面白いお菓子屋さん キャンディなら【PAPABUBBLE（パパブブレ）】,商品購入 8.36％（税込） ※リピート購入OK ポイントサイト報酬 6.71％(税込),未提携,afb
eSIM【Simify（シミファイ）】,Simify(SimsDirect),15599,SIM Simify(SimsDirect) eSIM【Simify（シミファイ）】,商品購入 10.12％（税込） ※リピート申込OK ※ポイント付与上限：購入額の9％まで,未提携,afb
マンツーマン指導のマシンピラティス【ルルト】,株式会社理学ボディ,,,"WEB予約後の新規来店完了 4,230円（税込）",,afb
3回以内の改善を目指す整体【青山筋膜整体 理学BODY】,株式会社理学ボディ,,,"WEB予約後、来店完了 3,383円（税込）",,afb
【タケルFXスクール】無料説明会,一般社団法人日本FX教育機構,,,"WEBからの無料説明会 参加完了 8,461円（税込）",,afb
オーダーメイドスーツの【FABRIC TOKYO(ファブリックトウキョウ)】,株式会社FABRIC TOKYO,15612,メンズファッション 株式会社FABRIC TOKYO オーダーメイドスーツの【FABRIC TOKYO(ファブリックトウキョウ)】,"WEB予約後、新規来店 6,768円（税込）",未提携,afb
新型出生前診断（NIPT）DNA先端医療,DNA先端医療株式会社,,,"WEB予約後の新規来院 11,000円（税込）",,afb
自動車パーツ＆バイクパーツ販売【MIKURUMA】,"Mimotore, Inc",15583,"車検・車買取査定・購入 Mimotore, Inc 自動車パーツ＆バイクパーツ販売【MIKURUMA】",商品購入 8.25％（税込） ※リピート購入OK,未提携,afb
新型出生前診断（NIPT）【平石こどもクリニック】,平石メディカルサービス株式会社,,,"WEB予約後、新規来院 19,800円（税込）",,afb
私大総合型・学校推薦型選抜合格実績 No1【早稲田塾】,株式会社早稲田塾,,,"WEBからの初回申込 2,537円（税込） ・資料請求＜30日以内の資料受取完了＞ ・1日無料体験／オンライン説明会／個別相談＜90日以内の参加・実施完了＞",,afb
信用回復ローンで車を購入するなら【クルマテラス】,クルマテラス株式会社,,,"仮審査申込完了 1,100円（税込）",,afb
はちみつ専門店通販サイト【秋田屋（あきたや）】,株式会社秋田屋本店,15639,食品・産直品 株式会社秋田屋本店 はちみつ専門店通販サイト【秋田屋（あきたや）】,商品購入 8.36％（税込） ※リピート購入OK,未提携,afb
業界初・心結びAI機能つき！恋活サービス【Yoitoki（ヨイトキ）】,OLA PARTY JAPAN株式会社,,,"新規会員登録完了（男女共通）：1,015円(税込)年齢確認完了（男性）：1,100円(税込)年齢確認完了（女性）：1,100円(税込)",,afb
自分を愛しケアするセルフプレジャーブランド【iroha（イロハ）】,株式会社TENGA,,,商品購入 21.12％（税込） ※リピート購入OK 【間接CV成果】 報酬単価11.5％（税抜）での承認 【ポイントサイト条件】 成果地点：新規会員登録後の購入 人気の3種体験セット：0％（税込）レギュラー全種体験セット：0％（税込）プレミ,,afb
【会費婚】会費制結婚式 相談来店,株式会社くふうウェディング,,,"オンライン面談完了またはWEBからの無料相談予約後、来店完了 29,615円（税込）",,afb
【自宅で簡単・無料査定】日本最大級のゴルフウェア宅配買取専門店『ストスト』,株式会社一条,15662,買取 株式会社一条 【自宅で簡単・無料査定】日本最大級のゴルフウェア宅配買取専門店『ストスト』,"新規のお客様のWEB申込後、30日以内の買取成立 2,537円（税込）",未提携,afb
単発バイト・日払いバイトを豊富に掲載！単発バイト探しならキャストポータル,株式会社フルキャストホールディングス,,,インストール後、初回起動 337円（税込）,,afb
マシンピラティス専用スタジオ【Pilates mee（ピラティスミー）】,株式会社RiAGEL,,,"WEB予約後、初回来店 5,922円（税込）",,afb
【DiaTalkディアトーク】いつでもつながるあなた専用のAI英会話,株式会社プログリット,,,無料会員登録 845円（税込）,,afb
"【街角水道工事相談所】水回りのトラブル5,500円～全てお任せ！",トラベルブック株式会社,,,"新規見積完了 3,383円（税込）",,afb
IT・WEBエンジニア専門の転職支援サービス【ユニゾンキャリア転職】,株式会社ユニゾン・テクノロジー,,,"WEBからの初回相談申込後、面談完了 8,461円（税込）",,afb
【エティハド航空】Etihad Airways,Etihad Airways,,,Web予約+搭乗完了 1.32％（税込） ※リピート申込OK,,afb
[スマートフォン専用]推しを応援できるVisaクレジットカード【Nudge（ナッジ）】,ナッジ株式会社,,,"新規カード発行：2,537円(税込)",,afb
ピラティススタジオ【Pilates KASANE（ピラティス カサネ）】,株式会社ワールドフィット,,,"WEB予約後の初回体験完了 3,300円（税込）",,afb
年間2000組以上の結婚式ムービー作成【WEDDINGWISH（ウェディングウィッシュ）】,合同会社WISH,15564,ウェディング 合同会社WISH 年間2000組以上の結婚式ムービー作成【WEDDINGWISH（ウェディングウィッシュ）】,"WEBからの初回申込後、注文完了 6,616円（税込） ※ポイント付与上限：3000円まで",未提携,afb
手料理サブスク／出来立て手作り惣菜を冷蔵でお届け【Tsukulio（旧つくりおき. jp）】,株式会社Antway,,,"注文登録完了 6,600円（税込） ※対象：広告主新規（当広告主を初めて利用する方） ※対象商品：2人前週3食7990円、4人前週3食9990円、4人前週5食15960円 ※成果はリアルタイムでは計上されません。毎朝5時頃に前日分の成果が計",,afb
【クローズド】,LULAグループ,,,"申込 6,345円（税込）",,afb
【MOVA JP】革新的なスマートライフソリューションでより良い生活を,Spacewalker Technology Japan株式会社,15572,AV・家電 Spacewalker Technology Japan株式会社 【MOVA JP】革新的なスマートライフソリューションでより良い生活を,※リピートOK ※消耗品（アクセサリー）は成果対象外（0円で成果発生します） 商品購入 MOVA K10 Pro水拭き掃除機 ：4.18％（税込）MOVA E30 Ultraロボット掃除機：4.18％（税込）MOVA E20ロボット掃除機：,未提携,afb
新鮮馬肉×無添加ドッグフード【馬肉自然づくりプレミアム】（定期）,株式会社利他フーズ,,,"定期コース初回購入 2,707円（税込）",,afb
カーナビがスマホ画面になる【ottocast】,Cartizan Corporation Limited,,,商品購入 11％（税込） ※リピート購入OK ※クラウドSIMカードは成果対象外,,afb
【NUGU（ヌグ）】インフルエンサーが厳選したアイテム・最新ブラント商品が集まるファッション通販サイト,株式会社CREATE,15578,レディースファッション 株式会社CREATE 【NUGU（ヌグ）】インフルエンサーが厳選したアイテム・最新ブラント商品が集まるファッション通販サイト,商品購入 5.06％（税込） ※リピート購入OK,未提携,afb
新鮮馬肉×無添加ドッグフード【馬肉自然づくり】初回半額キャンペーン,株式会社利他フーズ,,,"定期コース初回購入 2,200円（税込）",,afb
＜キャリアアップ転職用＞ITエンジニア専門の転職エージェント【ユニゾンキャリア転職】,株式会社ユニゾン・テクノロジー,,,"WEBからの初回予約後、面談完了 16,922円（税込）",,afb
格安スマホ・SIM【y.u mobile（ワイユーモバイル）】,Y.U-mobile株式会社,15831,SIM Y.U-mobile株式会社 格安スマホ・SIM【y.u mobile（ワイユーモバイル）】,"※データSIMの報酬額で成果発生いたしますが、音声通話SIMをお申込の場合は確定時に報酬額を変更させていただきます。 WEBからの初回申込後、SIM開通完了 ┗音声通話SIM 4,230円(税込) ┗データSIM 2,537円（税込）",未提携,afb
dmm英会話　新規無料レッスン,合同会社DMM.com,,,"新規無料レッスン受講 3,300円（税込）",,afb
ヒカカク！ 農機具　買取一括見積もり,株式会社じげん,,,"一括見積もり完了 4,230円（税込）",,afb
ヒカカク！ 楽器　買取一括見積もり,株式会社じげん,,,"一括見積もり完了 1,691円（税込）",,afb
ヒカカク！ 絵画・美術品　買取一括見積もり,株式会社じげん,,,"一括見積もり完了 2,537円（税込）",,afb
ヒカカク！ ブランド腕時計　買取一括見積もり,株式会社じげん,,,"一括見積もり完了 3,383円（税込）",,afb
ヒカカク！ ブランドバック　買取一括見積もり,株式会社じげん,,,"一括見積もり完了 1,691円（税込）",,afb
ヒカカク！ カメラ　買取一括見積もり,株式会社じげん,,,"一括見積もり完了 1,691円（税込）",,afb
ヒカカク！ お酒　買取一括見積もり,株式会社じげん,,,"一括見積もり完了 1,691円（税込）",,afb
学資保険一括資料請求比較【トモママ】,ブロードマインド株式会社,,,"新規資料請求完了 1,100円（税込）",,afb
サロンメーカー開発のハチミツヘアケア【Honeyce'（ハニーチェ）】＜楽天ランキング1位受賞＞,株式会社b-ex,,,"初回購入 1,353円（税込） ※対象商品：1dayお試しを除くハニーチェ全商品",,afb
ZEAL BOXING FITNESS　(ジール　ボクシング　フィットネス)　来店,株式会社ZEAL,,,"来店完了 10,153円（税込）",,afb
【SHIBUYA KART】東京・渋谷で楽しむユニークなゴーカート体験！,城南商事株式会社,15853,旅行 城南商事株式会社 【SHIBUYA KART】東京・渋谷で楽しむユニークなゴーカート体験！,"WEB予約後、サービス利用完了 1,691円（税込） ※リピート申込OK",未提携,afb
世界200以上の国・地域に対応、選べる豊富なeSIM【eSIM square】,株式会社テレコムスクエア,15855,プロバイダ 株式会社テレコムスクエア 世界200以上の国・地域に対応、選べる豊富なeSIM【eSIM square】,新規商品購入完了 12.65％（税込） ポイント付与上限：購入額の10％まで,未提携,afb
ジュースクレンズやフルーツボールなら【健康マルシェ】,株式会社エムエヌケイ,15858,食品・産直品 株式会社エムエヌケイ ジュースクレンズやフルーツボールなら【健康マルシェ】,商品購入 11％（税込） ※リピート購入OK,未提携,afb
害獣トラブル、迅速・徹底対応　『ペスコンpro』　の問い合わせ完了,株式会社MUSO,,,"新規ユーザーからの問い合わせ完了 11,000円（税込）",,afb
ホットヨガのカルドが作ったマシンピラティス専門店【マピラ】,株式会社INSPA,,,"「新規体験予約」もしくは「新規入会予約」からの、体験or入会完了 5,922円（税込） ＜体験受講＞ ・WEB申込後、30日以内の体験受講完了 ＜入会＞ ・WEB申込後、30日以内の来店入会 ・オープン後店舗に限る",,afb
海外でeSIM使うなら【エアトリeSIM】,株式会社インバウンドプラットフォーム,15868,SIM 株式会社インバウンドプラットフォーム 海外でeSIM使うなら【エアトリeSIM】,WEB申込後、入金完了 16.83％（税込） ※リピート申込OK,未提携,afb
SPオンラインクリニック【AGA】,株式会社サステナブル・プランニング,,,"LINE予約完了（オンライン診療予約完了） 14,383円（税込）",,afb
水漏れ・水道・水回りの修理・解決【クラシアン】,株式会社クラシアン,,,"新規ユーザーの問い合わせ完了 2,250円（税込）",,afb
＜インフルエンサー専用＞【大和コネクト証券】新規口座開設,大和コネクト証券株式会社,,,"新規口座開設完了 4,568円（税込）",,afb
【Amazon Prime Video（アマゾンプライムビデオ）】映画・TV番組見放題,アマゾンジャパン合同会社,,,新規登録後7日以内のプライムビデオ初回視聴（1つの動画を10分以上） チャンネル登録：100円(税込)レンタル・購入：8.47％（税込）新規登録後7日以内のプライムビデオ初回視聴（1つの動画を10分以上）：845円(税込),,afb
合格への近道 受験対策講習会【能セン】,株式会社NOUSEN,,,「第三種電気主任技術者」 「2級 土木施工管理技士」 「2級 建築施工管理技士」 ※令和7年度は土木・建築施工管理技士ともに「2級のみ」 上記、三講座への申込完了。 ※個人、法人、両方成果対象 ※お申込み時期により、 講座の対象コース(１級,,afb
[JP] Esim_Airhubapp,Gighub Systems Inc,15759,旅行 Gighub Systems Inc [JP] Esim_Airhubapp,初回購入 14.3％（税込）,未提携,afb
無添加フルーツティー【DozoFreesh（ドーゾフリーシュ）】,Freesh株式会社,15760,その他飲料 Freesh株式会社 無添加フルーツティー【DozoFreesh（ドーゾフリーシュ）】,商品購入 6.71％（税込） ※リピート購入OK ※ポイント付与上限：購入額の6％まで,未提携,afb
【ヒマラヤネクストユーズド】安心・高品質なスポーツ用品のリユース通販サイト,株式会社ヒマラヤ,15761,アウトドア 株式会社ヒマラヤ 【ヒマラヤネクストユーズド】安心・高品質なスポーツ用品のリユース通販サイト,商品購入 8.36％（税込） ※リピート購入OK,未提携,afb
【iMobie（アイモビー）】スマホソフト・マルチメディア製品,iMobie Inc.,,,プラン購入 27.5％（税込） ※リピート購入OK ※ポイント付与上限：購入額の25％まで AnyUnlock for Windows - Bypass Activation Lock - One-Time Purchase/5 Devic,,afb
フレイアクリニック　メンズ医療脱毛,フレイアクリニック　メンズ,,,"WEBからの無料カウンセリング予約後、来院完了 11,000円（税込）",,afb
【TENGA】公式オンラインストア,株式会社TENGA,,,商品購入 21.12％（税込） ※リピート購入OK 【間接CV成果】 報酬単価11.5％（税抜）での承認 人気の3種体験セット：4.18％（税込）レギュラー全種体験セット：4.18％（税込）プレミアム全種体験セット：4.18％（税込）,,afb
パワーストーンジュエリーHariqua（ハリックァ）,アイオイクス株式会社,15799,眼鏡・時計・小物 アイオイクス株式会社 パワーストーンジュエリーHariqua（ハリックァ）,新規商品購入 ・WEB注文後、12日以内の入金確認 ※クーポン/ポイントを利用して購入した場合、値引き後の金額に修正して確定いたします。 11％（税込）,未提携,afb
afb独占【Dreame（ドリーミー）公式オンラインストア】ロボット掃除機・水拭き掃除機・ヘアケア美容家電まで日本中を驚かすような最先端テクノロジー製品をリリース,Dreame International(HongKong) Limited,15804,AV・家電 Dreame International(HongKong) Limited afb独占【Dreame（ドリーミー）公式オンラインストア】ロボット掃除機・水拭き掃除機・ヘアケア美容家電まで日本中を驚かすような最先端テクノロジー製品をリリース,商品購入 5.83％（税込） ※消耗品（アクセサリー）は成果対象外,未提携,afb
介護のお仕事探しなら求人サイト【求人あるある介護】,セントスタッフ株式会社,,,"新規会員登録完了 4,653円（税込）",,afb
【feelfreeプティオ】浄水型サーバー,株式会社ナック,15805,ウォーターサーバー 株式会社ナック 【feelfreeプティオ】浄水型サーバー,"【feelfreeプティオ】の初回申込後、設置完了 4,653円（税込） ※ポイント付与上限：300円まで",未提携,afb
基本料6年無料は【you me mobile（ユーミーモバイル）】だけ。,株式会社you me mobile,15801,SIM 株式会社you me mobile 基本料6年無料は【you me mobile（ユーミーモバイル）】だけ。,"WEBからの初回申込後、新規開通完了 5,922円（税込） ※ポイント付与上限：3000円まで",未提携,afb
【afb限定】戦略×管理で成績アップ オンライン個別学習管理塾【168塾】＜CPF＞,株式会社shared,,,"LINE友だち登録 1,268円（税込）",,afb
【既婚マッチ】既婚者マッチングアプリ・セカンドパートナー,アシスト株式会社,,,"新規会員登録後の年齢認証完了 1,691円（税込）",,afb
【Strawberrynet（ストロベリーネット）】人気ブランドのコスメやスキンケアの通販サイト,Strawberrynet,15712,スキンケア Strawberrynet 【Strawberrynet（ストロベリーネット）】人気ブランドのコスメやスキンケアの通販サイト,商品購入 9.9％（税込） ※リピート購入OK,未提携,afb
女性専用の無添加育毛剤「マイナチュレ」アフィリエイトプロモーション,株式会社レッドビジョン,4414,育毛剤（レディース） 株式会社レッドビジョン 女性専用の無添加育毛剤「マイナチュレ」アフィリエイトプロモーション,"初回購入 2,200円（税込）",未提携,afb
白髪の悩みをケアする「マイナチュレ　カラートリートメント」新規購入,株式会社レッドビジョン,,,"新規購入 1,522円（税込）",,afb
銀座駅徒歩3分。オーダーメイドの美容医療【LUNA BEAUTY CLINIC（ルナビューティークリニック）】,株式会社LDB,15016,美容整形 株式会社LDB 銀座駅徒歩3分。オーダーメイドの美容医療【LUNA BEAUTY CLINIC（ルナビューティークリニック）】,"WEB予約後、新規来院完了 8,461円（税込）",未提携,afb
【Temu（テム）】米人気No.1の総合EC通販！お探しのものが何でも見つかる,WHALECO TECHNOLOGY LIMITED,14775,その他 WHALECO TECHNOLOGY LIMITED 【Temu（テム）】米人気No.1の総合EC通販！お探しのものが何でも見つかる,"商品購入 ※報酬上限あり（16,000円） New：33％（税込）Returning：2.2％（税込）",未提携,afb
世界中でインターネットをつなぐなら【World eSIM】,株式会社ビジョン,15319,プロバイダ 株式会社ビジョン 世界中でインターネットをつなぐなら【World eSIM】,日本語LPからのWEB申込後、決済完了 16.5％（税込）,未提携,afb
定額制通い放題のシミュレーションゴルフ【SMART GOLF】,株式会社SMART GOLF,,,"新規来店後の本人確認完了(WEBで予約 からの申込のみ成果対象) 7,617円（税込）",,afb
【ここすく鉄分】親子でニコッと鉄分サポート,株式会社食選館,,,"初回購入 1,100円（税込）",,afb
ワイン通販なら【My Wine Club（マイワインクラブ）】,株式会社ベルーナ,15412,その他飲料 株式会社ベルーナ ワイン通販なら【My Wine Club（マイワインクラブ）】,商品購入 13.53％（税込） ※リピート購入OK ↳ポイントサイト 商品購入 2.09％（税込） ※リピート購入OK,未提携,afb
投資のことならプロにお任せ！【投資のコンシェルジュ】,合同会社オンライン,,,"WEBより無料相談申込後、60日以内に下記2点を満たした場合 (1)FPとのオンライン無料相談完了 (2)ご紹介会社とのオンライン無料相談完了 8,461円（税込）",,afb
シミュレーションで未来を見える化！【お金のみらいマップ】,合同会社オンライン,,,"WEBより無料相談申込後、60日以内に下記2点を満たした場合 (1)FPとのオンライン無料相談完了 (2)ご紹介会社とのオンライン無料相談完了 8,461円（税込）",,afb
早い！安心！ジャンク品もOK！スマホの高価買取なら【mmoba買取】,株式会社エムコム,15425,買取 株式会社エムコム 早い！安心！ジャンク品もOK！スマホの高価買取なら【mmoba買取】,"買取初回申込 1,268円（税込） ポイントサイトの成果地点: WEB査定申込＋端末買取完了※30日以内の買取完了",未提携,afb
未経験からどんな人でも3ヶ月でプロを目指せる動画編集スクール【むびるスクール】,株式会社ウェルビーイングス,,,"WEBからの初回予約後、無料カウンセリング完了 6,600円（税込）",,afb
タイヤとアルミホイールの専門店【タイヤワールド館ベスト】,株式会社タイヤワールド館ベスト,15427,車検・車買取査定・購入 株式会社タイヤワールド館ベスト タイヤとアルミホイールの専門店【タイヤワールド館ベスト】,商品購入完了(リピート購入も成果対象) 通常報酬：3.3％（税込）特別報酬：9.9％（税込）,未提携,afb
大阪初！ICL手術専門【ICLクリニック KITTE大阪】,医療法人豊栄会,,,"WEBからの初回予約完了 5,922円（税込）",,afb
対象のゲーム・コンテンツ・SNSの通信量カウントが90%以上OFF！【LinksMate（リンクスメイト）】,株式会社LogicLinks,,,"WEBからの新規申込 ┗データ通信のみ＋端末（一括支払い）_2GB～9GB：1,182円(税込)┗データ通信＋SMS+音声＋端末（一括）_tuwa_set_10GB～1TB：1,493円(税込)┗データ通信＋SMS_data_100MB～1",,afb
スタイリッシュなiPhone & Samsung Galaxyケース＆カバー【BURGA（ブルガ）】,UAB Hautica,15437,眼鏡・時計・小物 UAB Hautica スタイリッシュなiPhone & Samsung Galaxyケース＆カバー【BURGA（ブルガ）】,商品購入 9.9％（税込） ※リピート購入OK ※ポイント付与上限：購入額の5％まで,未提携,afb
【afb限定】60秒で申込み!! 海外旅行をお洒落に賢く過ごすなら1日単位で契約できる【SkyeSiM（スカイイーシム）】,株式会社FREEDiVE (SkyeSiM),15439,SIM 株式会社FREEDiVE (SkyeSiM) 【afb限定】60秒で申込み!! 海外旅行をお洒落に賢く過ごすなら1日単位で契約できる【SkyeSiM（スカイイーシム）】,申し込み完了(リピートも成果対象) 845円（税込） ※ポイントサイトの付与上限200円まで,未提携,afb
女性のための頭皮美容液「ふわ姫」新規商品購入,株式会社ソーシャルテック,,,"新規商品購入 7,615円（税込）",,afb
高級感とシンプルさを兼ね備えたドイツのファッションブランド【HUGO BOSS（ヒューゴボス）】,Hugo Boss AG,,,商品購入 9.35％（税込） ※リピート購入OK,,afb
歯医者さんに一度も通わず自分でこっそりセルフ矯正【Glory Smile（グローリースマイル）】,Glory Smile Japan株式会社,,,LINE友だち登録 253円（税込）,,afb
【クローズド】,ホワイトエッセンス株式会社,,,"WEBからの新規予約後、30日以内の初回施術完了 5,500円（税込）",,afb
日々の暮らしに彩りを、おしゃれで高級感のある家具【CAGUUU（カグー）】,CAGUUU株式会社,15419,家具・インテリア CAGUUU株式会社 日々の暮らしに彩りを、おしゃれで高級感のある家具【CAGUUU（カグー）】,商品購入 5.5％（税込） ※マットレス・エルゴノミクス チェアの商品11%(税込) ※リピート購入OK,未提携,afb
施工管理技士　受験対策シリーズ　申し込みプロモーション,株式会社ディーラーニング,15471,学習教材 株式会社ディーラーニング 施工管理技士 受験対策シリーズ 申し込みプロモーション,"WEB注文後30日以内の入金確認 ※複数商品/複数個を購入しても成果報酬は一律となります。 2,537円（税込）",未提携,afb
今話題の「速読」を無料体験してみませんか？【ソクノー速読】,ソクノー株式会社,,,"有償版の初回申込 2,537円（税込） ・980円/2週間お試し ・1980円/単サービス月額プラン ・4980円/月額プラン ・24900円/半年プラン ・49800円/年間プラン",,afb
レトロゲーム買取専門店【レトログ】,株式会社山徳,15474,買取 株式会社山徳 レトロゲーム買取専門店【レトログ】,"査定申込みから30日以内に買取成立 (リピートも成果対象) 2,200円（税込）",未提携,afb
BELLMONA CLINIC 豊胸施術,BELLMONA CLINIC,,,"LINEで予約後、来店完了(新規ユーザーのみ) 60,922円（税込）",,afb
ホームルーターとポケット型WiFiのセット商品【WiFi革命セット】,株式会社グッドラック,,,"WEB申し込み後の新規開通完了 12,268円（税込）",,afb
【7sGood】次世代動画ショッピング,HHO LIMITED,15494,レディースファッション HHO LIMITED 【7sGood】次世代動画ショッピング,商品購入 ※APPからの成果は対象外となります ┗新規顧客：22％（税込）┗既存顧客：1.1％（税込）,未提携,afb
キャリアインデックス 無料会員登録,株式会社キャリアインデックス,,,無料会員登録 845円（税込）,,afb
【ブランド買取】ブランド品を高く買い取ります！ブランド買取なら｢なんぼや｣,バリュエンスジャパン株式会社,15504,買取 バリュエンスジャパン株式会社 【ブランド買取】ブランド品を高く買い取ります！ブランド買取なら｢なんぼや｣,"買取完了 2,750円（税込）",未提携,afb
心療内科・精神科 オンラインカウンセリング【渋谷駅前心療内科ハロクリニック】,一般社団法人予防医療会,15505,その他 一般社団法人予防医療会 心療内科・精神科 オンラインカウンセリング【渋谷駅前心療内科ハロクリニック】,"初診診療完了 1,100円（税込）",未提携,afb
おしゃれ家具･インテリアのオンライン通販【Casaconer】,株式会社幸盛,15506,家具・インテリア 株式会社幸盛 おしゃれ家具･インテリアのオンライン通販【Casaconer】,商品購入 12.65％（税込） ※リピート購入OK ※ポイント付与上限：購入額の10％まで,未提携,afb
マンツーマン指導のマシンピラティス【STUDIO IVY（スタジオアイビー）】,株式会社KRM,,,"WEBからの初回予約後、来店 3,383円（税込）",,afb
【合宿免許受付センター】WEBお申し込み,株式会社aruku,15525,免許 株式会社aruku 【合宿免許受付センター】WEBお申し込み,"WEBからの新規仮申込後、入校完了 10,153円（税込）",未提携,afb
面倒見を重視したアットホームな学習空間で合格を目指せる【公務員予備校EYE】,株式会社グローバルアイ,,,"新規資料請求完了：550円(税込)新規個別相談申込完了：1,718円(税込)",,afb
【ソースネクスト】国内外から厳選したIoTやソフトウェア,ソースネクスト株式会社,15403,AV・家電 ソースネクスト株式会社 【ソースネクスト】国内外から厳選したIoTやソフトウェア,新規商品購入 11％（税込）,未提携,afb
症状にあったピルをオンラインで処方【レバクリ】,レバレジーズ株式会社,,,"新規予約完了 3,383円（税込）",,afb
あなたにピッタリの探偵社で一括見積もり【あなたの名探偵】,株式会社トラストルーペ,,,"WEBからの初回問合せ後、本人確認完了 12,691円（税込）",,afb
禁煙外来オンライン診療【フィットクリニック】,一般社団法人メディカルフィット,,,"WEBからの初回予約後、処方完了 4,230円（税込）",,afb
待ち時間なしで治療ができるオンラインのEDクリニック【レバクリ】,レバレジーズ株式会社,,,"新規予約完了 5,626円（税込）",,afb
待ち時間なしで治療ができるオンラインのAGAクリニック【レバクリ】,レバレジーズ株式会社,,,"新規予約完了 11,000円（税込）",,afb
レディースブランド古着・洋服の高価買取【宅配買取 RIBLA（リブラ）】,株式会社BLM,15328,買取 株式会社BLM レディースブランド古着・洋服の高価買取【宅配買取 RIBLA（リブラ）】,"WEBからの初回申込後、新規買取成立（5,000円以上） 7,615円（税込）",未提携,afb
バンコクとその周辺のマッサージ予約サイト【Thaihand Massage（タイハンドマッサージ）】,"Thaihand Massage Co., Ltd",15348,"ボディケア Thaihand Massage Co., Ltd バンコクとその周辺のマッサージ予約サイト【Thaihand Massage（タイハンドマッサージ）】",WEB予約 5.83％（税込） ※リピートOK,未提携,afb
ドコモ回線で使える　格安SIM/格安スマホなら【LIBMO（リブモ）】,株式会社TOKAIコミュニケーションズ,,,"※ポイント付与上限：2000円まで 新規契約後、開通完了 ┗データ専用SIM：1,980円(税込)┗音声通話SIM：3,300円(税込)┗端末付：4,400円(税込)",,afb
【afb限定】【Meet（ミート）】業界実績NO.1の『キコンパ』が運営する既婚者マッチングアプリ,有限会社ライズ,,,"新規会員登録完了後、年齢確認完了 1,522円（税込）",,afb
[PC専用]【鳴潮】自由度の高い戦闘と多種多彩なコンテンツが楽しめるオープンワールドアクションRPG,"Guangzhou Kuro Technology Co., Ltd",,,新規アカウント開設後、ゲーム開始 605円（税込）,,afb
日本初マシン専門ピラティススタジオ【BDC PILATES】,オープンロードアソシエイツ株式会社,15372,フィットネス オープンロードアソシエイツ株式会社 日本初マシン専門ピラティススタジオ【BDC PILATES】,"WEBからの体験レッスン初回予約後、来店 5,500円（税込）",未提携,afb
パーソナルマシンピラティス【SAKURA（サクラ）】,株式会社H6,15377,フィットネス 株式会社H6 パーソナルマシンピラティス【SAKURA（サクラ）】,"WEBからの初回予約後、来店 2,537円（税込）",未提携,afb
＜アイクリニック東京＞お手入れ不要の眼内コンタクトレンズ【ICL】,アイクリニック東京,,,"新規来院完了 16,922円（税込）",,afb
どんな人形も査定します！日本人形・西洋人形の出張買取なら【COYASH（コヤッシュ）】,株式会社トリアイナ,,,"WEB申込後、新規査定完了 4,230円（税込）",,afb
どんなミシンも査定します！ミシンの出張買取なら【COYASH（コヤッシュ）】,株式会社トリアイナ,,,"WEB申込後、新規査定完了 5,922円（税込）",,afb
洋服・ブランド品の宅配買取なら【Tifana（ティファナ ）】,株式会社ゼロプラス,,,"WEBからの初回申込後、新規買取成立（2,000円以上） 2,961円（税込）",,afb
【クローズド】,ファンネルアド株式会社,,,"LINE友だち登録後、WEB予約の後 初回来店 16,922円（税込）",,afb
最安水準の年会費でプラチナの世界をアナタに【UCプラチナカード】,ユーシーカード株式会社,,,"新規発券完了 8,122円（税込）",,afb
全国対応のHAL探偵社　無料相談申込,株式会社HAL,,,"無料相談申込後の電話確認 16,922円（税込）",,afb
ITエンジニア専門の就活支援サービス【レバテックルーキー】登録完了,レバテック株式会社,,,"Web登録後、当日以内の本人確認完了 11,000円（税込）",,afb
IT専門職向け転職サービス【レバテックダイレクト】,レバテック株式会社,,,"会員登録完了後、1日以内の本人確認完了 16,922円（税込）",,afb
【リボンエナジー】基本料金/燃料費調整額0円。だから家庭の電気代がおトク,株式会社リボンエナジー,15551,電力 株式会社リボンエナジー 【リボンエナジー】基本料金/燃料費調整額0円。だから家庭の電気代がおトク,"WEBからの新規申込完了、電気開通 8,461円（税込） ※ポイントサイト：WEBからの新規申込完了、電気開通後1ヵ月間の継続利用 8,461円（税込）",未提携,afb
apollostation THE PLATINUM 発券,出光クレジット株式会社,,,"申込みから2か月以内のカード発行（アフィリエイト経由の成果のみ対象） 22,422円（税込）",,afb
業界最大手IBJ所属 オンライン結婚相談所【RINGBELL（リングベル）】,株式会社RINGBELL,,,"新規入会完了 27,500円（税込）",,afb
利用者満足度95％！合宿免許取るなら【合宿免許さぽっと】,株式会社WAKUWAKU,15545,免許 株式会社WAKUWAKU 利用者満足度95％！合宿免許取るなら【合宿免許さぽっと】,"初回登録完了 1,268円（税込） ポイントサイトの場合、入校完了 10,153円(税込)",未提携,afb
小学生向けの自宅学習アプリ【LOGIQLABO（ロジックラボ）】,株式会社ソニー・グローバルエデュケーション,,,新規ユーザーによる無料体験申込 845円（税込）,,afb
バイクのフェアリングワンストップショッピング【AMOTOPART（アモトパーツ）】,"TUOTENG TECHNOLOGY CO.,LIMITED",,,商品購入 8.25％（税込） ※リピート購入OK,,afb
【時計買取】ブランド時計を高く買い取ります！時計買取なら｢なんぼや｣,バリュエンスジャパン株式会社,,,"買取完了 2,961円（税込）",,afb
子どもの心と身体を伸ばす【DANCE ACADEMY EYS-Kids】,2nd Community株式会社,15540,専門・各種学校 2nd Community株式会社 子どもの心と身体を伸ばす【DANCE ACADEMY EYS-Kids】,"WEBからの体験レッスン申込後、新規入会 8,360円（税込）",未提携,afb
バレエ発表会参加費を透明化【EYS-Kids Ballet Academy】,2nd Community株式会社,15539,専門・各種学校 2nd Community株式会社 バレエ発表会参加費を透明化【EYS-Kids Ballet Academy】,"WEBからの体験レッスン申込後、新規入会 8,360円（税込）",未提携,afb
安心！低価格！中古スマホECサイト【mmoba(エムモバ）販売】,株式会社エムコム,16139,買取 株式会社エムコム 安心！低価格！中古スマホECサイト【mmoba(エムモバ）販売】,購入完了※リピート可 6.71％（税込） ポイント付与上限：商品単価の8％まで,未提携,afb
家でも外でもインターネットを楽しめる【LIBMO Wi-Fiルーター】,株式会社TOKAIコミュニケーションズ,,,"WEBからの新規申し込み後、開通完了 5,922円（税込）",,afb
【なんぼや】金買取,バリュエンスジャパン株式会社,,,"買取完了 2,750円（税込）",,afb
ゲーミングPC・ゲーム周辺機器の買取なら【PRICE BASE（プライスベース）】,株式会社Media Beats,16023,買取 株式会社Media Beats ゲーミングPC・ゲーム周辺機器の買取なら【PRICE BASE（プライスベース）】,"買取成立完了 1,691円（税込）",未提携,afb
お金の学習・相談サービス【マネイロ3分診断】,株式会社モニクルフィナンシャル,,,"「3分投資診断」の初回診断完了 337円（税込） 30日以内の面談完了：6,600円(税込)30日以内のセミナー受講完了：1,320円(税込)",,afb
スマホ・アイフォン買取なら【PRICE BASE（プライスベース）】,株式会社Media Beats,16029,買取 株式会社Media Beats スマホ・アイフォン買取なら【PRICE BASE（プライスベース）】,"買取成立完了 1,861円（税込）",未提携,afb
Apple Watchの買取なら【PRICE BASE（プライスベース）】,株式会社Media Beats,16030,買取 株式会社Media Beats Apple Watchの買取なら【PRICE BASE（プライスベース）】,"買取成立完了 1,861円（税込）",未提携,afb
iPad買取なら【PRICE BASE（プライスベース）】,株式会社Media Beats,16031,買取 株式会社Media Beats iPad買取なら【PRICE BASE（プライスベース）】,"買取成立完了 1,861円（税込）",未提携,afb
ピアノの買取屋さん,株式会社GRACE,,,"新規査定完了 1,760円（税込）",,afb
オーディオの買取屋さん,株式会社GRACE,,,"新規問合せ後30日以内の査定完了（WEBまたは電話） 3,300円（税込）",,afb
フィギュアの買取・宅配買取なら【PRICE BASE（プライスベース）】,株式会社Media Beats,,,"初回買取完了 1,691円（税込） ポイントサイト 成果対象：初回買取完了 買取金額1000円以上の買取成立",,afb
ゲーム機・ゲームソフトの買取・宅配買取なら【PRICE BASE（プライスベース）】,株式会社Media Beats,,,"初回買取完了 1,691円（税込）",,afb
古着買取なら【PRICE BASE（プライスベース）】,株式会社Media Beats,,,"新規買取成立完了 1,691円（税込）",,afb
着物保管サービス【サマリーポケット 着物】,株式会社サマリー,15388,その他 株式会社サマリー 着物保管サービス【サマリーポケット 着物】,"WEBからの初回申込後、荷物着荷 1,691円（税込）",未提携,afb
トレカの購入なら【PRICE BASE（プライスベース）】,株式会社Media Beats,15339,買取 株式会社Media Beats トレカの購入なら【PRICE BASE（プライスベース）】,"初回購入後、入金確認 2.53％（税込） 福袋購入：550円(税込)福袋定期便：1,691円(税込)",未提携,afb
痛みから抜け出し健康で快活な体へ【セルフケア整体】,株式会社セルフケア整体,,,"WEB予約後、来院完了 5,922円（税込）",,afb
電機・ガス・水道・ネット回線 まとめて引越し手続き【くらしテク】,東晶貿易株式会社,,,"WEBからの申込後、新規契約 4,230円（税込）",,afb
プロへの恋愛相談なら【恋ラボ】,エキサイト株式会社,,,"WEBより会員登録後、7日以内の初回相談成立 2,537円（税込）",,afb
女の子、男の子、可愛くおしゃれなベビー・子供服 オンラインストア【moononnon むーのんのん】,株式会社のんのん,15090,レディースファッション 株式会社のんのん 女の子、男の子、可愛くおしゃれなベビー・子供服 オンラインストア【moononnon むーのんのん】,商品購入完了(リピート購入も対象) 16.83％（税込）,未提携,afb
15分であっ！と驚く充実ミールキット【あっ！とごはん】,ワタミ株式会社,,,新規購入完了 990円（税込） ※3月14日から下記単価に変更いたします。 新規購入完了 990円（税込）,,afb
その日の夕食の食材をご自宅までお届け。【定番おうちごはん】,ワタミ株式会社,,,新規購入完了 990円（税込）,,afb
子どもたちが「おいしい！」と認め、完食にこだわったミールキット【PAKU MOGU（パクモグ）】,ワタミ株式会社,,,新規購入完了 990円（税込）,,afb
トレカの買取・宅配買取なら【PRICE BASE（プライスベース）】,株式会社Media Beats,,,WEBからの査定申込後、30日以内の買取成立 845円（税込） ※リピート申込OK,,afb
企業から学生にオファーする就活サイト【OfferBox（オファーボックス）】,株式会社i-plug,,,"新規会員登録 1,268円（税込）",,afb
神保町徒歩3分の美容皮膚/脱毛クリニック【Smart Skin Clinic（スマートスキンクリニック）】,Smart Skin Clinic（スマートスキンクリニック）,,,"※単価 5,076円（税込）で成果発生致しますが、確定時に下記各施術毎の報酬額へ変更させていただきます WEBからの新規予約後、60日以内の施術完了 ┗エクソソーム点滴 ┗NMN点滴 4,230円(税込) ↓ ↓スタートアップ報酬 8,46",,afb
塾をリアルな口コミで選ぶなら【塾選】,株式会社DeltaX,,,"資料請求または体験授業の相談のフォーム入力完了 4,230円（税込）",,afb
頭皮ヘアケアブランド【WAYANPURI ONLINE STORE】,株式会社フューチャーブレーン,15206,その他ヘアケア 株式会社フューチャーブレーン 頭皮ヘアケアブランド【WAYANPURI ONLINE STORE】,商品購入 11％（税込） ※リピート購入OK,未提携,afb
薄毛対策にヘアアートメイク　【クレアクリニック】来院,新宿クレアオム,,,"※報酬変更※ 2026年1月1日～ 来院後の施術完了 16,922円（税込）",,afb
平日の宿・ホテル予約が圧倒的お得! 【ゆめやど】,株式会社ベルーナツーリズム,15216,旅行 株式会社ベルーナツーリズム 平日の宿・ホテル予約が圧倒的お得! 【ゆめやど】,WEB予約後、宿泊完了(リピートも成果対象) 2.53％（税込）,未提携,afb
豪華客船クルーズ旅行・予約なら【ベルーナツーリズム(ゆめやど)】,株式会社ベルーナツーリズム,15217,旅行 株式会社ベルーナツーリズム 豪華客船クルーズ旅行・予約なら【ベルーナツーリズム(ゆめやど)】,"WEB予約後、宿泊完了 5,922円（税込）",未提携,afb
ダイエット初心者に人気のパーソナルジム 【THE PERSONAL GYM（ザ パーソナル ジム）】,First fit株式会社,,,"WEBからの体験予約後、入会 30,800円（税込）",,afb
デリケートゾーンソープなら【I'MCARE Magic wash<!-- アイムケアーマジックウォッシュ-->】,株式会社I'M CARE,,,"定期コース初回購入 1,538円（税込）",,afb
FP監修の不動産投資セミナー【ベルテックス】,株式会社ベルテックス,,,"WEBセミナー申込完了日から30日以内に実際にセミナーへ参加完了9,730円（税込）",,afb
お金の学習・相談サービス【マネイロ】,株式会社モニクルフィナンシャル,,,"30日以内の面談完了：6,600円(税込)30日以内のセミナー受講完了：1,320円(税込)「3分投資診断」の初回診断完了：337円(税込)",,afb
【ココナラテック】すべてのエンジニアを自由にする案件・求人サイト,株式会社ココナラテック,,,"WEBからの初回応募完了 15,315円（税込）",,afb
【きもちeSIM】QRコードでネットが使える海外eSIM,株式会社DDM,,,WEB申込後、入金確認 25.3％（税込） ※リピート申込OK,,afb
国内・国外旅行【クラブツーリズム】,クラブツーリズム株式会社,,,"WEB予約後、旅行の施行 1,078円（税込） ※リピートOK ※1件あたり5,000円(税別)以上のツアー",,afb
海外/国内のワクワクが見つかる旅行・レジャー予約サイト【Klook（クルック）】,Klook Travel Technology合同会社,15259,旅行 Klook Travel Technology合同会社 海外/国内のワクワクが見つかる旅行・レジャー予約サイト【Klook（クルック）】,該当商品がどのカテゴリに当てはまるかは以下ツールをご活用ください https://affiliate.klook.com/ja/tetris/affiliate/adnetwork/ WEB予約後、実施完了 ※リピート申込OK ┗アクティビ,未提携,afb
認知症による資産凍結から親を守る｜家族信託の【おやとこ】,トリニティ・テクノロジー株式会社,,,"WEBからの新規問合せ後、30日以内の本人確認 11,000円（税込）",,afb
TCGのオンラインオリパ・ネットオリパ【アドアド】,株式会社ADVANCE,,,課金完了で成果 ※課金額500円は対象外 660円（税込）,,afb
ヨンデミー | 子どもが読書好きになるオンライン習い事,株式会社Yondemy,15269,学習教材 株式会社Yondemy ヨンデミー | 子どもが読書好きになるオンライン習い事,"30日間無料体験スタート 1,430円（税込）",未提携,afb
【afb限定】東京ガスのハウスクリーニング,東京ガス株式会社,,,"新規ユーザーのWeb申し込み、30日以内のクリーニング完了 3,383円（税込） ポイント付与上限：1,980円（税込）まで",,afb
【afb限定】1回で効果を実感!高品質の【メディカルホワイトニングHAKU】,ハロウ株式会社,,,"WEBからの新規予約後、無料体験来院 2,537円（税込） 契約完了 4,231円（税込） ※当プロモーションは2段階成果プロモーションです。成果が成約に至った場合、追加で報酬が発生いたします。",,afb
理想のキャリアアドバイザー求人に出会う【キャリアアドバイザーAgent】,株式会社9E,,,"新規会員登録 10,576円（税込）",,afb
未来の選択肢を広げる転職エージェント【9Eキャリア】,株式会社9E,,,"新規会員登録 10,576円（税込）",,afb
[PC専用]オンラインアクションRPG【Hero Wars（ヒーローウォーズ）】,NextersGlobalLTD,15286,オンラインゲーム NextersGlobalLTD [PC専用]オンラインアクションRPG【Hero Wars（ヒーローウォーズ）】,新規アカウント開設後、ゲーム開始 899円（税込） ※成果承認対象はPCのみとなります,未提携,afb
[アプリ]【トリファ（trifa）】スマホeSIMアプリでSIMカード不要の海外旅行,株式会社トリファ,,,新規アプリインストール後、プラン購入完了 8.36％（税込）,,afb
【afb限定】【おうちでクリニック】＜低用量ピル＞オンライン診察,Medvice株式会社,,,"オンライン診察の初回予約完了 4,230円（税込）",,afb
【afb限定】【おうちでクリニック】＜メディカルダイエット GLP-1＞オンライン診察,Medvice株式会社,,,"オンライン診察の初回予約完了 8,037円（税込）",,afb
【アイスウォッチ】公式オンラインストア,株式会社ビヨンクール,15191,眼鏡・時計・小物 株式会社ビヨンクール 【アイスウォッチ】公式オンラインストア,購入完了(リピート購入も対象) 5.5％（税込）,未提携,afb
【英語コーチングスクール PRESENCE】,株式会社ジャパンビジネスラボ,,,"新規面談完了 4,230円（税込）",,afb
アウトドア・フットウェアブランド『KEEN(キーン)』 商品購入,キーン・ジャパン合同会社,15188,アウトドア キーン・ジャパン合同会社 アウトドア・フットウェアブランド『KEEN(キーン)』 商品購入,商品購入(リピート購入も対象) 6.71％（税込） ポイント付与上限：なし,未提携,afb
楽器の買取屋さん　無料査定申込,株式会社GRACE,,,"新規無料査定完了 3,300円（税込）",,afb
【afb限定】登録数全国No1＜レンタル彼氏＞【恋かれ★】,株式会社ワンダーソリューションズ,15173,出会い 株式会社ワンダーソリューションズ 【afb限定】登録数全国No1＜レンタル彼氏＞【恋かれ★】,"WEB申込後、デート完了 1,691円（税込） ※リピート申込OK ※「メールのやり取り」「LINEのやり取り」からの申込は成果対象外",未提携,afb
親子で学べるテストで高得点を狙える！【幼児・小学・中学ポピー】,株式会社新学社,,,"1ヶ月入会/中学ポピー：1,100円(税込)1ヶ月入会/小学ポピー：1,100円(税込)1ヶ月入会/幼児ポピー：1,100円(税込)入会/中学ポピー：1,463円(税込)入会/ポピーKidsEnglish：1,463円(税込)入会/小学ポピ",,afb
【クローズド】,Dr.AGAクリニック,,,"WEB予約後の来院完了 16,500円（税込）",,afb
9年で2.5万人以上の携帯ブラック支援実績！【レンタル携帯MVNOサンシスコン】,株式会社サンシスコン,,,"新規契約完了 4,400円（税込）",,afb
マトウ 公式サイト | レディース 腕時計【Matow】,株式会社ビヨンクール,15190,眼鏡・時計・小物 株式会社ビヨンクール マトウ 公式サイト | レディース 腕時計【Matow】,購入完了(リピート購入も対象) 3.3％（税込）,未提携,afb
アタリやすい！ハイブランドオリパの【ATALU（アタル）】,株式会社シャノンクリエイト,15131,趣味・スポーツ 株式会社シャノンクリエイト アタリやすい！ハイブランドオリパの【ATALU（アタル）】,商品購入 8.36％（税込） ※リピート購入OK,未提携,afb
手づかみ離乳食宅配TEDEMOGU(てでもぐ),株式会社Adrim／TEDEMOGU(てでもぐ),,,"新規購入完了 1,650円（税込）",,afb
【afb限定】年齢に負けない身体づくり【青玉クロレラ乳酸菌入り】,株式会社エポラ,,,初回購入 253円（税込）,,afb
ゲーム業界の求人・転職・中途採用情報なら【ファミキャリ！】,株式会社クリーク・アンド・リバー社,,,"新規会員登録後、面談完了 10,153円（税込）",,afb
お引越し用荷物保管サービス【サマリーポケット 引越し】,株式会社サマリー,15122,その他 株式会社サマリー お引越し用荷物保管サービス【サマリーポケット 引越し】,"WEBからの初回申込後、荷物着荷 4,653円（税込）",未提携,afb
箱に詰めて送るだけ。月額330円からの収納サービス【サマリーポケット】,株式会社サマリー,15121,その他 株式会社サマリー 箱に詰めて送るだけ。月額330円からの収納サービス【サマリーポケット】,"WEBからの初回申込後、荷物着荷 1,687円（税込）",未提携,afb
幼児教育アイテム口コミ評価NO.1！【Crown Box（クラウンボックス）】,株式会社Palett,15201,マタニティー・ベビー 株式会社Palett 幼児教育アイテム口コミ評価NO.1！【Crown Box（クラウンボックス）】,"定期お届けサービスの初回申込 2,537円（税込）",未提携,afb
コンサル特化の転職エージェント【MyVision（マイビジョン）】,株式会社MyVision,,,"WEBからの新規面談予約後、日程調整完了 19,800円（税込）",,afb
相性でマッチングする20代向け転職支援サービス【相性転職パーソナルファイル】,株式会社Personal,,,"WEB申込後、初回面談完了 2,537円（税込）",,afb
いつでもどこでもトレーニングできる手軽さを実現する【VRTXバンド】,株式会社Japan Insider,15204,ダイエットグッズ（衣料含む） 株式会社Japan Insider いつでもどこでもトレーニングできる手軽さを実現する【VRTXバンド】,初回購入 8.36％（税込）,未提携,afb
フランスベッドのベッド型マッサージ器【RAMIDUS（ラミダス）】,株式会社グリフ,15114,家具・インテリア 株式会社グリフ フランスベッドのベッド型マッサージ器【RAMIDUS（ラミダス）】,"商品購入 11,000円（税込） ※リピート購入OK ※ポイント付与上限：10000円まで",未提携,afb
デジタルクリニックグループのオンライン診療『メディカルダイエット』予約完了,Digital Clinic Group (デジタルクリニックグループ),,,"診療予約完了 23,075円（税込）",,afb
デジタルクリニックグループのオンライン診療　『ED（勃起不全）』　予約完了,Digital Clinic Group (デジタルクリニックグループ),,,"新規診療予約完了 5,076円（税込）",,afb
確実な米国公認会計士合格を目指すなら【CPA会計学院のUSCPA講座！】,CPAエクセレントパートナーズ株式会社,,,"新規資料請求完了 1,945円（税込）",,afb
エアコンクリーニング【家事代行のベアーズ】,株式会社ベアーズ,15046,その他 株式会社ベアーズ エアコンクリーニング【家事代行のベアーズ】,"新規顧客様からの初回申込後、サービス利用完了 3,300円（税込）",未提携,afb
全国50社以上の会社からお子様にぴったりの家庭教師が比較できる【家庭教師比較ネット】,株式会社イトクロ,,,"初回資料請求 5,076円（税込）",,afb
浮気・不倫で調査を考えているなら各探偵社の無料一括見積ができる「浮気・不倫調査の匠」,株式会社FIRE,,,"新規問い合わせ完了 13,537円（税込）",,afb
毛髪3本で生活習慣リスクを可視化できる糖脂分析キット【wellreco（ウェルレコ）】,株式会社レッドビジョン,,,"初回購入 1,691円（税込）",,afb
デジタルクリニック『睡眠障害・不眠症』のオンライン診療,Digital Clinic Group (デジタルクリニックグループ),,,"WEB申し込み後、診療予約完了 9,230円（税込）",,afb
デジタルクリニック『医療用まつ毛育毛剤』のオンライン診療,Digital Clinic Group (デジタルクリニックグループ),,,"診療予約完了 7,691円（税込）",,afb
デジタルクリニック『禁煙治療』のオンライン診療,Digital Clinic Group (デジタルクリニックグループ),,,"診療予約完了 9,230円（税込）",,afb
家事代行サービス【家事代行のベアーズ】,株式会社ベアーズ,15044,その他 株式会社ベアーズ 家事代行サービス【家事代行のベアーズ】,"初回お試しプラン申込完了後、サービス完了 3,300円（税込）",未提携,afb
ハウスクリーニング【家事代行のベアーズ】,株式会社ベアーズ,15045,その他 株式会社ベアーズ ハウスクリーニング【家事代行のベアーズ】,"新規顧客様からの初回申込後、サービス利用完了 3,300円（税込）",未提携,afb
浮気・不倫専門の探偵社「そよかぜ探偵事務所」,株式会社FIRE,,,"新規問い合わせ完了 13,537円（税込）",,afb
【afb限定】体験カタログギフト | SNSで贈れる体験ギフトなら【アソビュー！ギフト】,アソビュー株式会社,15054,ショッピングモール アソビュー株式会社 【afb限定】体験カタログギフト | SNSで贈れる体験ギフトなら【アソビュー！ギフト】,商品購入完了(リピート購入も対象です) 8.36％（税込）,未提携,afb
【感謝のお葬式】誕生花で、個人を見送るお葬式　資料請求,AsuCreation株式会社,,,"資料請求 2,115円（税込）",,afb
【JP】オーディオブック配信サービス【audiobook.jp（オーディオブック）】聴き放題プラン,株式会社オトバンク,,,"聴き放題プラン初回登録 1,268円（税込）",,afb
【afb独占案件】EggMe 卵巣年齢検査キット,株式会社THREE,,,購入完了(リピート購入も対象) 16.83％（税込）,,afb
既婚者向けマッチングアプリ【MarriedGo（マリーゴー）】,合同会社おなかのなか,,,"新規会員登録後、年齢確認完了 1,268円（税込）",,afb
安心の全額返金保証付き！オンライン婚活の【Light up（ライトアップ）】,株式会社プラシス,,,"WEB登録後、入会 16,922円（税込） 入会：16,922円(税込)面談予約：2,750円(税込)",,afb
留学に一番近い英会話オンラインスクール【グローブ英会話】,株式会社Global Enterprises,,,"WEB予約後、無料体験レッスン完了 4,230円（税込）",,afb
日本全国対応！ハウスクリーニングで顧客満足度No.1の【おそうじ革命】,株式会社KIREI produce,14938,その他 株式会社KIREI produce 日本全国対応！ハウスクリーニングで顧客満足度No.1の【おそうじ革命】,"WEBからの初回予約後、2週間以内の予約確定 2,200円（税込）",未提携,afb
ニキビ専門のオンラインクリニック【東京ミレニアルクリニック】,医療法人社団則由会,15022,医療 医療法人社団則由会 ニキビ専門のオンラインクリニック【東京ミレニアルクリニック】,"WEBからの初回診察予約 6,768円（税込） ※ポイントサイト様 成約完了 6,768円(税込)",未提携,afb
プロバイダーやインターネット接続なら快適・高速の【MAXネット】,MAXメディエイト株式会社,,,"WEBからの新規申込後、開通完了 22,000円（税込）",,afb
１万円から気軽に投資、小口不動産投資なら【不動産BANK】,株式会社ファミリーコーポレーション,,,"WEBからの初回申込後、出資完了 5,076円（税込） ※ポイントサイト様は成果地点は下記となります。 WEBからの初回申込後、100,000以上の出資完了 5,076円（税込）",,afb
11年間で11万人の携帯ブラックリストの方への支援実績あり！【誰でもスマホ】,株式会社アーラリンク,,,"WEB申込後、新規契約完了 2,200円（税込）",,afb
完全無料で転職のプロをパーソナルマッチング【転職エージェントナビ】,circus株式会社,,,"WEBからの新規無料相談申込 8,800円(税込)",,afb
愛犬・愛猫にぴったりのサプリメントが見つかる！ペットサプリ【ウィズペティ】,株式会社ウィズペティ,,,初回購入 8.36％（税込）,,afb
英語は数が勝負【グローブ英会話】,株式会社Global Enterprises,,,"WEB予約後、無料体験レッスン完了 3,383円（税込）",,afb
【afb限定】メガネオンラインショップ【Prime Particle（プライムパーティクル）】,上海源粒&#30005;子商&#21153;有限公司,14996,眼鏡・時計・小物 上海源粒&#30005;子商&#21153;有限公司 【afb限定】メガネオンラインショップ【Prime Particle（プライムパーティクル）】,商品購入 11％（税込） ※リピート購入OK,未提携,afb
経理・財務の経験者に選ばれる特化型エージェント【BEET-AGENT（ビートエージェント）】,株式会社アシロ,,,"新規会員登録 5,500円（税込）",,afb
【LeTAO（ルタオ）】ケーキ・スイーツ・お菓子の通販,株式会社ケイシイシイ,,,商品購入(リピート購入も可) 2.53％（税込）,,afb
楽器がもらえる音楽教室【EYS音楽教室】,2nd Community株式会社,14845,趣味・スポーツ 2nd Community株式会社 楽器がもらえる音楽教室【EYS音楽教室】,"WEBからの体験レッスン申込後、新規入会 8,360円（税込）",未提携,afb
レジン液の激安通販サイト【Butiresin（ビューティレジン）】,深&#22323;市&#20248;必特科技有限公司,14849,ショッピングモール 深&#22323;市&#20248;必特科技有限公司 レジン液の激安通販サイト【Butiresin（ビューティレジン）】,商品購入 3.85％（税込） ※リピート購入OK ※ポイント付与上限：商品単価の10％まで,未提携,afb
アパレル、スポーツ・アウトドア用品なら【ヒマラヤオンラインストア】,株式会社ヒマラヤ,,,商品購入 4.4％（税込） ※リピート購入OK ※ポイント付与上限：購入額の4％まで,,afb
無添加スキンケアシリーズ 【ネイチャーブレスextra veil（エクストラ ヴェール ）】,株式会社ネイチャーブレス,14858,スキンケア 株式会社ネイチャーブレス 無添加スキンケアシリーズ 【ネイチャーブレスextra veil（エクストラ ヴェール ）】,初回購入 16.5％（税込）,未提携,afb
電気代対策も脱炭素も【しろくま電力（パワー）】,しろくま電力株式会社,14859,電力 しろくま電力株式会社 電気代対策も脱炭素も【しろくま電力（パワー）】,"WEB申込後、新規成約（開通） 6,768円（税込）",未提携,afb
高級ゴルフパター スコッティキャメロン専門店【Himawari】,株式会社SOLID,,,商品購入 5.5％（税込） ※リピート購入OK,,afb
転職成功率・面談満足度の高いおすすめエージェントをご紹介【Z転職】,株式会社ジダイ,,,"新規登録後、面談完了 16,922円（税込）",,afb
公認会計士試験に短期合格なら【CPA会計学院】,CPAエクセレントパートナーズ株式会社,,,"WEBからの初回資料請求後、30日以内の本人確認 2,537円（税込）",,afb
[PC(Windows)専用]オープンワールドRPG【原神】,"miHoYo co., ltd.",,,"ゲームインストール後、起動 2,750円（税込） ※成果対象はPC（Windows）からの流入のみとなります",,afb
激安レディースファッション通販サイト【Cmall（シーモール）】,杭州杰恩西网格技&#26415;有限公司,14878,レディースファッション 杭州杰恩西网格技&#26415;有限公司 激安レディースファッション通販サイト【Cmall（シーモール）】,商品購入 4.18％（税込） ※リピート購入OK ※ポイント付与上限：購入額の10％まで,未提携,afb
[PC専用]【World of Warships（ワールドオブウォーシップス）】20世紀前半の伝説の軍艦を指揮し、外洋の支配権を掛けた戦いに挑め,Wargaming Group Limited,,,"ゲームインストール 1,650円（税込） ※成果承認対象はPCからの流入のみとなります ポイント付与上限：400円分まで",,afb
【FUKUJOY（フクジョイ）】買い物同行で1ランク上の自分に！メンズファッションコーディネートサービス,株式会社アルファブル,14882,メンズファッション 株式会社アルファブル 【FUKUJOY（フクジョイ）】買い物同行で1ランク上の自分に！メンズファッションコーディネートサービス,"初回申込 1,650円（税込） ※ポイント付与上限：1500円まで",未提携,afb
就職活動の「過程」が評価されるスカウト型サービス【ABABA（アババ）】,株式会社ABABA,,,"新規会員登録後、最終面接確認書類の提出及び審査通過 1,353円（税込）",,afb
SMグッズの通販ショップ【liebeseele（リーベゼーレ）】,株式会社グレースランド,14887,成人向け商品 株式会社グレースランド SMグッズの通販ショップ【liebeseele（リーベゼーレ）】,商品購入 16.5％（税込） ※リピート購入OK,未提携,afb
かねたや家具店が運用する家具・インテリアの通販サイト【かねたやオンライン】,株式会社かねたや家具店,14889,家具・インテリア 株式会社かねたや家具店 かねたや家具店が運用する家具・インテリアの通販サイト【かねたやオンライン】,商品購入 3.3％（税込）,未提携,afb
業界最大級の蓄電池一括見積もりサイト【エコ×エネの相談窓口】,WAVE株式会社,,,"WEBからの新規無料見積申込 5,500円（税込）",,afb
小型防犯カメラ通販専門店【防犯CAMCAM】,株式会社EMZ-JAPAN,,,商品購入 11％（税込） ※リピート購入OK,,afb
3960円からのマウスピース歯科矯正【hanaravi（ハナラビ）】,株式会社DRIPS,,,"WEB予約後、初回来院 4,230円（税込）",,afb
【AliExpress Japan（アリエクスプレスジャパン）】激安総合ECサイト！高品質で低価格の製品をオンラインで！,Alibaba.com Singapore E-Commerce Private Limited,,,※リピート購入OK ※一部成果対象外となる商品がございます 商品購入 ┗下記以外の商品 5.5％（税込） Aliexpress_100：0.55％（税込）Aliexpress_1000：8.8％（税込）Aliexpress_1100：9.9,,afb
中高一貫教育のトータルサポート【中高一貫校専門 個別指導塾WAYS（ウェイズ）】,株式会社メイツ,,,"初回資料請求：1,100円(税込)無料学習相談・体験指導予約完了後、30日以内のお電話での申込内容確認：16,500円(税込)",,afb
ポケカのオンラインオリパ・ネットオリパ【Irisオリパ】,株式会社crafty,,,"初回課金完了 1,015円（税込）",,afb
会員数200万人突破！恋活/婚活パーティー【machicon JAPAN（街コンジャパン）】,株式会社リンクバル,14936,出会い 株式会社リンクバル 会員数200万人突破！恋活/婚活パーティー【machicon JAPAN（街コンジャパン）】,チケット購入後、参加完了 16.5％（税込） ※リピート購入OK,未提携,afb
中古車買取の常識を変える！賢く高く売るなら愛車買取オークション【セルカ】,クイック・ネットワーク株式会社,,,"WEBからの新規無料査定申込後、車両の査定完了 4,235円（税込）",,afb
無制限プランが最安値級！海外行くならグロモバWiFiレンタル！【Global Mobile(グローバルモバイル)】,株式会社インバウンドプラットフォーム,14829,プロバイダ 株式会社インバウンドプラットフォーム 無制限プランが最安値級！海外行くならグロモバWiFiレンタル！【Global Mobile(グローバルモバイル)】,"WEBからの初回申込 1,268円（税込） ※ポイント付与上限：1000円まで",未提携,afb
不動産売却・査定（マンション・土地・一戸建て）【クラモア不動産売却】,株式会社ウィーブ,,,"売却査定初回申込 4,230円（税込）",,afb
平均評価4.7の透明のマウスピース歯列矯正【ゼニュムクリア】,株式会社Zenyum Japan,14823,医療 株式会社Zenyum Japan 平均評価4.7の透明のマウスピース歯列矯正【ゼニュムクリア】,"WEBからの予約後、初回来院 8,461円（税込）",未提携,afb
デジタルクリニック　『多汗症/腋臭』　のオンライン診療,Digital Clinic Group (デジタルクリニックグループ),,,"WEB申し込み後、診療予約完了 6,922円（税込）",,afb
マンジャロ専門のオンラインクリニック【東京ミレニアルクリニック】,医療法人社団則由会,16026,医療 医療法人社団則由会 マンジャロ専門のオンラインクリニック【東京ミレニアルクリニック】,"WEB予約完了 4,230円（税込） ポイントサイト 成果条件：成約完了 ポイント付与上限：15000円まで",未提携,afb
デジタルクリニック『美肌治療』のオンライン診療,Digital Clinic Group (デジタルクリニックグループ),,,"診療予約完了 7,691円（税込）",,afb
デジタルクリニック『更年期治療』のオンライン診療,Digital Clinic Group (デジタルクリニックグループ),,,"診療予約完了 3,845円（税込）",,afb
デジタルクリニック『女性AGA (FAGA) 』のオンライン診療,Digital Clinic Group (デジタルクリニックグループ),,,"WEB申し込み後、診療予約完了 21,153円（税込）",,afb
デジタルクリニック　『花粉症』　のオンライン診療,Digital Clinic Group (デジタルクリニックグループ),,,"WEB申し込み後、診療予約完了 1,922円（税込）",,afb
[PC専用]最新都市ファンタジーアクションRPG【ゼンレスゾーンゼロ（Zenless Zone Zero）】,"miHoYo co., ltd.",,,新規アカウント開設後、ゲーム開始 930円（税込） ※成果承認対象はPCからの流入のみとなります,,afb
最高級家事代行サービスベアーズの【ROYAL（ロイヤル）】,株式会社ベアーズ,16626,その他 株式会社ベアーズ 最高級家事代行サービスベアーズの【ROYAL（ロイヤル）】,"「ROYALプラン」の初回申込後、作業完了 3,300円（税込）",未提携,afb
太陽光発電一括見積もりサイト【エコ×エネの相談窓口】,WAVE株式会社,,,"WEBからの新規無料見積申込完了 6,768円（税込）",,afb
【FUSARI薬用育毛剤】ふわっと決まる若々しい美黒髪へ,株式会社エポラ,,,"新規商品購入 1,015円（税込）",,afb
【FUSARIスカルプインジェクション】世界初！FUSARI薬用育毛剤から「刺すヘアケア」新登場！,株式会社エポラ,,,新規商品購入 845円（税込）,,afb
ウィスキー・スピリッツ専門店【MALKS（モルクス）】,株式会社ベルーナ,16199,その他飲料 株式会社ベルーナ ウィスキー・スピリッツ専門店【MALKS（モルクス）】,商品購入 6.71％（税込） ※リピート購入OK,未提携,afb
[PC専用]Game of Thrones Winter is Coming ゲーム・オブ・スローンズ -冬来たる-,YOUZU (SINGAPORE) PTE. LTD.,,,初回ゲームインストール 858円（税込） ※PCからの流入のみ対象となります。,,afb
【マックアダムズキャットフード チキン＆ターキー】愛猫の偏食克服を本気で目指すプレミアムキャットフード,株式会社レティシアン,14782,動物・ペット 株式会社レティシアン 【マックアダムズキャットフード チキン＆ターキー】愛猫の偏食克服を本気で目指すプレミアムキャットフード,"新規顧客の商品購入 4,356円（税込）",未提携,afb
【フジ医療器】美と健康の総合メーカー／公式オンラインショップ,株式会社フジ医療器,14926,AV・家電 株式会社フジ医療器 【フジ医療器】美と健康の総合メーカー／公式オンラインショップ,商品購入 4.18％（税込） ※リピート購入OK,未提携,afb
満足度98％のオーダーメイド留学【夢カナ留学】,株式会社Jstyle,,,"WEB申込後、初回カウンセリング完了 8,250円（税込）",,afb
車の売却なら高価買取CTN車一括査定,株式会社CTN,,,"新規顧客からの初回査定申込 5,922円（税込） ポイントサイト掲載条件：訪問査定完了 2,537円(税込)",,afb
国内外の旅行予約サイト【ホワイト・ベアーファミリー】,株式会社ホワイト・ベアーファミリー,14786,旅行 株式会社ホワイト・ベアーファミリー 国内外の旅行予約サイト【ホワイト・ベアーファミリー】,WEB申込後、利用確認 2.09％（税込）,未提携,afb
[スマートフォン専用]ブランドバッグのサブスク。Laxus（ラクサス）,ラクサス・テクノロジーズ株式会社,,,"アプリダウンロード後30日以内に有料会員登録完了 3,383円（税込）",,afb
【予算上限あり】[PC専用]STORMSHOT 銃弾射撃,FUNPLUS INTERNATIONAL AG,,,初回ゲームインストール 858円（税込） ※PCからの流入のみ対象となります。,,afb
食品・グルメ通販の【ベルーナグルメ】,株式会社ベルーナ,14791,食品・産直品 株式会社ベルーナ 食品・グルメ通販の【ベルーナグルメ】,商品購入後の入金完了(リピート購入も対象) 13.53％（税込）,未提携,afb
確かな調査力と適性の価格で解決します【総合探偵社クロル】,株式会社クロル,,,"電話相談／メール相談 17,050円（税込） ※電話からのCVについては月末に成果追加にて反映させていただきます",,afb
シルク&カシミアの衣料品・ホームウェア【LILYSILK（リリーシルク）】,"Hong Kong FuJinAn Trading Co. , Limited",14800,"レディースファッション Hong Kong FuJinAn Trading Co. , Limited シルク&カシミアの衣料品・ホームウェア【LILYSILK（リリーシルク）】",商品購入 10.12％（税込） ※リピート購入OK ※ポイント付与上限：購入額の12％まで,未提携,afb
1回分ガチャ無料 すぐ引けるオンラインオリパ【クローブオリパ】,株式会社トラストハブ,,,"スマートフォンでアプリインストール後、起動 1,100円（税込）",,afb
【Surfshark VPN】安全なオンラインVPNサービス,Surfshark B.V.,14806,その他 Surfshark B.V. 【Surfshark VPN】安全なオンラインVPNサービス,"初回購入 3,850円（税込） ポイント付与上限：1500円分",未提携,afb
郵送の性病検査キット【バレずにスピード検査！薬も自宅に配送！】「ルナドクター」,株式会社LDB,14807,医療 株式会社LDB 郵送の性病検査キット【バレずにスピード検査！薬も自宅に配送！】「ルナドクター」,商品購入 27.5％（税込） ※リピート購入OK ※ポイント付与上限：購入額の15％まで 【FemCHECK】（膣用・17項目）：27.5％（税込）【STD CHECK Type C】(梅毒・HIV)：33％（税込）【FemCHECK Li,未提携,afb
圧倒的な低価格で受講できる【One Coin English CUSTOMIZED COACHING ONLINE COURSE<!-- ワンコイングリッシュカスタマイズコーチングオンラインコース-->】,株式会社ワンコイングリッシュ,,,"新規体験レッスン申込後、受講完了 5,500円（税込）",,afb
バイクの売却なら高価買取【CTNバイク一括査定】,株式会社CTN,,,"初回査定依頼完了 4,230円（税込）",,afb
ガーゼパジャマやオーガニックのファブリック製品は今治瀬戸内【set】,中商事株式会社,,,商品購入 8.36％（税込） ※リピート購入OK ※ポイント付与上限：購入額の7％まで,,afb
ITエンジニア特化最強の転職エージェント【KIKKAKE AGENT（キッカケエージェント）】,株式会社キッカケクリエイション,,,"WEB申込後、新規無料相談完了 11,000円（税込）",,afb
趣味と結婚の両立、オタク婚活なら【とら婚】,とら婚株式会社,,,"新規無料相談(カウンセリング)の完了 2,537円（税込）",,afb
うる艶サロン仕様の香水シャンプー【MERCURYDUOシャンプー】,株式会社one,,,"新規定期商品購入 2,200円（税込）",,afb
一律固定マージンのフリーランスエージェントROSCA freelance,ROSCA株式会社,,,"面談完了 16,922円（税込）",,afb
4～12才の子供向けオンライン英会話レッスン【Novakid（ノバキッド）】,Novakid Inc.,,,"体験レッスン完了 7,700円（税込）",,afb
冷凍パンの通販・お取り寄せなら【ぱん結び】,カネカ食品株式会社,,,初回購入 3.3％（税込）,,afb
Hulu | Disney+ セットプラン　好きな作品、好きなだけ。,HJホールディングス株式会社,,,"セットプラン新規入会 1,153円（税込）",,afb
子供向けのオンライン英会話【Novakid（ノバキッド）】有料プラン,Novakid Inc.,,,"初回有料プラン申込 14,850円（税込）",,afb
ケーキ通販サイト【Cake.jp（ケーキジェーピー）】,株式会社Cake.jp,14678,食品・産直品 株式会社Cake.jp ケーキ通販サイト【Cake.jp（ケーキジェーピー）】,商品購入 3.3％（税込） ※リピート購入OK,未提携,afb
【シンシアメンズクリニック】男性専門の医療脱毛・美容皮膚科・美容整形,コモンフェア株式会社,,,"新規来院完了 12,100円（税込）",,afb
【Kidslationキッズレーション】1歳半～6歳に特化した冷凍幼児食,株式会社キッズレーション,,,"初回限定モニターセット 1,691円（税込）",,afb
【エポプレミアムヘマチン】瞬間補修の髪の美容液,株式会社エポラ,,,新規商品購入 999円（税込）,,afb
オタクのためのオンライン結婚相談所【とら婚コネクト】,とら婚株式会社,,,"新規無料説明会参加＆無料説明会後のアンケート送信完了 2,537円（税込）",,afb
いつでもどこでもWOWOWを楽しめる番組配信サービス【WOWOWオンデマンド】,株式会社 WOWOWコミュニケーションズ,14702,映画・音楽・動画 株式会社 WOWOWコミュニケーションズ いつでもどこでもWOWOWを楽しめる番組配信サービス【WOWOWオンデマンド】,"有料会員登録完了 ※承認条件は、有料申込み後の入金確認 1,395円（税込）",未提携,afb
ラグジュアリーアイテムレンタル【Shareris（シェアリス）】,Shareris,,,レンタル申込後、利用完了 16.5％（税込） ※リピート申込OK,,afb
工事不要！法人・店舗向けの5G対応Wi-Fi【BizAir（ビズエアー）】,株式会社ジョインアップ,,,"WEBからのお申込後、開通完了 16,922円（税込） ※ポイント付与上限：15000円まで",,afb
キャバドレス激安通販【dazzystore】,株式会社dazzy,14729,レディースファッション 株式会社dazzy キャバドレス激安通販【dazzystore】,商品購入(リピートも成果対象) 11％（税込）,未提携,afb
下着・ランジェリー・ブラジャー通販の【DRW (ドロー)】,株式会社dazzy,14730,レディースファッション 株式会社dazzy 下着・ランジェリー・ブラジャー通販の【DRW (ドロー)】,商品購入(リピートも成果対象) 11％（税込）,未提携,afb
一括車買取査定【MOTA車買取】,株式会社MOTA,,,"新規査定申込完了 2,961円（税込）",,afb
【豊胸・バスト美容専門 BUST CLINIC】,サイトカイン株式会社,14737,その他美容外科 サイトカイン株式会社 【豊胸・バスト美容専門 BUST CLINIC】,"新規カウンセリング来院 12,691円（税込） ▼ポイントサイト条件 報酬：ネット42,307円（税込） 成果地点：220,000円(税込)以上の新規契約完了 ポイント付与上限：11,000円",未提携,afb
男性の活力不足に特化した【プロキオン　エールマカ】,株式会社京福堂,,,"購入後、出荷完了 5,076円（税込）",,afb
ワンランク上の活力ケアに指定医療部外品【プロキオン】,株式会社京福堂,,,"購入後、出荷完了 5,076円（税込）",,afb
これ1本で潤い1日中無添加オールインワンミスト【エクストラEGFローション】,株式会社seleNite,,,"新規購入完了 1,691円（税込） ポイント付与上限：商品単価の500円まで ※10/11よりポイントサイト提携NGとなりますのでそれまでに提携となったポイントサイトは提携解除させていただきます",,afb
医療脱毛専門の【ウィンクリニック】,ウィンクリニック,,,"WEBからの初回予約 12,691円（税込）",,afb
＜第3類医薬品＞シミ・そばかすに飲んで効く！【ホワイピュアEX】,ジェイフロンティア株式会社,14627,スキンケア ジェイフロンティア株式会社 ＜第3類医薬品＞シミ・そばかすに飲んで効く！【ホワイピュアEX】,"新規定期購入 2,537円（税込）",未提携,afb
英語と一緒にコミュニケーションに必要な力を養う幼児英会話教室【ラボ・パーティ】,株式会社ラボ教育センター,,,"初回資料請求 1,015円（税込）",,afb
ブランド古着の宅配買取サイト【Kindal（カインドオル）】,株式会社カインドオル,,,"新規買取成立 ┗買取金額：2,000円以上10,000円未満 550円（税込） ※成果は全て上記単価で発生しますが、 買取金額が10,000円を超える場合は下記金額へ変更させていただきます ┗買取金額：10,000円以上 5,500円(税込",,afb
今話題の60分500円の英会話スクール【One Coin English/ワンコイングリッシュ】,株式会社ワンコイングリッシュ,,,"新規体験レッスン申込後、受講完了 3,300円（税込）",,afb
パーソナルトレーニングなら【ASPIアスピ】,株式会社ASPIREST,,,"新規ユーザーWEB申し込み後の契約完了 23,691円（税込）",,afb
ITフリーランスエンジニアの案件(仕事)探しなら実績20年のエージェント【テックアダプト】,ハイディメンション株式会社,,,"76,153円（税込） 【承認条件】 ・広告主新規（当広告主を初めて利用する方） ・WEB登録後、45日以内の面談実施完了 ・対象勤務希望地：東京都、神奈川県、埼玉県、千葉県 ・対象年齢：24歳～60歳",,afb
ワンランク上の特別な関係【Pappy（パピー）】,プロスゲイト株式会社,,,"新規会員登録 ┗女性：無料登録 1,691円（税込） ┗男性：有料登録：4,230円(税込)",,afb
3種類のパックから選べる【シーボン フェイシャルケア付トライアルプラン】,株式会社シーボン,,,"WEBからの新規予約後、施術完了 8,461円（税込） ※なお、2026年4月1日より 2コースでの申し込みが可能 ①120分コース ②60分コース サンクスページでの出し分けが出来ない為、一度 120分コースでの成果報酬金額で管理画面に反",,afb
旅行ならエクスペディア【Expedia（エクスペディア）】,"Expedia, Inc.,",,,ホテル初回予約後、宿泊完了 3.3％（税込）,,afb
【よしだ眼科クリニック／ICL (眼内コンタクトレンズ)】Web予約完了,よした&#12441;眼科クリニック,,,"Web予約完了 6,768円（税込）",,afb
【ふくおか眼科クリニック・中野／ICL (眼内コンタクトレンズ)】Web予約完了,ふくおか眼科クリニック 中野,,,"Web予約完了 6,768円（税込）",,afb
AI技術で動画編集・動画の解像度を上げるソフト【HitPaw（ヒットポー）】,"HITPAW CO.,LIMITED",14611,"その他 HITPAW CO.,LIMITED AI技術で動画編集・動画の解像度を上げるソフト【HitPaw（ヒットポー）】",ディスクトップ製品の商品購入 12.65％（税込） ※リピート購入OK ※ディスクトップ製品以外は正解対象外となります ※ポイント付与上限：商品単価の20％まで ※PC専用の商品であるためスマホでの購入は出来ません,未提携,afb
日本最大級の植木屋メディア【庭革命】,庭革命株式会社,,,WEBからの初回問合せ 845円（税込）,,afb
【クローズド】,新宿ブリリアススキンクリニック,,,"WEBからの新規来院 12,691円（税込） ポイントサイト条件：来院後、税込100,000円以上の契約",,afb
【エポリペアエッセンス ナイトウォーム】夜にこれ1つプラスでハリとツヤが目覚める美容液,株式会社エポラ,,,新規商品購入 999円（税込）,,afb
超高単価キャンペーン実施中！【Pappy（パピー）】＜男性有料会員登録＞,プロスゲイト株式会社,15208,出会い プロスゲイト株式会社 超高単価キャンペーン実施中！【Pappy（パピー）】＜男性有料会員登録＞,"WEBからの、新規男性会員 有料プラン登録 11,990円（税込） ※1ヶ月プランは成果対象外となっております",未提携,afb
メンズ医療脱毛専門の【ウィンクリニック】,ウィンクリニック,,,"WEBからの初回予約 12,691円（税込） ※心斎橋提携院を除く",,afb
トコジラミの駆除・予防なら【ダスキンTERMINIX】,株式会社ナック,15120,その他 株式会社ナック トコジラミの駆除・予防なら【ダスキンTERMINIX】,"WEBページからの無料見積り後、作業完了 5,922円（税込）",未提携,afb
都市間高速バス【JAMJAM LINER（ジャムジャムライナー）】,日本ユース旅行株式会社,15458,高速バス 日本ユース旅行株式会社 都市間高速バス【JAMJAM LINER（ジャムジャムライナー）】,WEBからの初回予約後、乗車完了 3.08％（税込）,未提携,afb
＜医療用まつ毛美容液育毛剤ビマトプロスト＞24時間予約受付可【東京オンラインクリニック】,東京オンラインクリニック,,,"WEBからの新規予約後、診療完了 3,383円（税込）",,afb
＜低用量・中用量ピル＞24時間予約受付可【東京オンラインクリニック】,東京オンラインクリニック,,,"WEBからの新規予約完了 3,383円（税込）",,afb
＜花粉症治療＞24時間予約受付可【東京オンラインクリニック】,東京オンラインクリニック,,,"WEBからの新規予約後、診療完了 2,537円（税込）",,afb
スキー場直行バス【JAMJAM SNOW LINER】,日本ユース旅行株式会社,14453,高速バス 日本ユース旅行株式会社 スキー場直行バス【JAMJAM SNOW LINER】,WEB予約後、乗車完了 5.5％（税込）,未提携,afb
メンズ医療脱毛【WILLBE CLINIC BLACK（ウィルビークリニックブラック）】,株式会社ウィルビーマネジメント,,,"新規来院完了 12,691円（税込）",,afb
＜AGA治療国内最安＞24時間予約受付可【東京オンラインクリニック】,東京オンラインクリニック,,,"WEBからの新規予約後、診療完了 13,845円（税込）",,afb
【afb限定】[PC_CV専用]無料で使えるオンライン動画編集ソフト【FlexClip】,PearlMountain Limited,,,有料プラン申込 27.5％（税込） ※リピート申込OK ※ポイント付与上限：購入額の25％まで,,afb
ポータブル冷蔵庫・ソーラーパネル・電源など 世界有数のアウドドア用品【BougeRV（ボガヴ）】,"Boju Technology Co., Limited",,,商品購入 5.5％（税込） ※リピートOK ※ポイント付与上限：購入額の10％まで,,afb
おもちゃ、知育玩具のサブスク・定額レンタル【And TOYBOX】,株式会社みのり,14431,マタニティー・ベビー 株式会社みのり おもちゃ、知育玩具のサブスク・定額レンタル【And TOYBOX】,"WEBから申し込み完了 2,750円（税込） ポイント付与上限：3000円まで",未提携,afb
人気ゴルフ用品ブランド【オロビアンコゴルフオンラインショップ】,エース株式会社,14517,メンズファッション エース株式会社 人気ゴルフ用品ブランド【オロビアンコゴルフオンラインショップ】,商品購入(リピート購入も対象) 11％（税込）,未提携,afb
WordPressサイトの引っ越し代行サービス【ノイズのサイト引っ越し代行】,株式会社ノイズ,14439,BtoB 株式会社ノイズ WordPressサイトの引っ越し代行サービス【ノイズのサイト引っ越し代行】,"WEBからのお問合せ後、新規成約 4,230円（税込）",未提携,afb
"【Nexus（ネクサス）】8,800円から始められるパーソナルトレーニングジム",株式会社N-group,,,"《LINE経由》友達追加ページ遷移後24時間以内に友達追加からの無料体験予約ボタンのタップ 8,800円（税込） 《フォーム経由》フォーム送信完了 8,800円（税込）",,afb
人気急上昇炭酸泡シャンプー！スッキリとした頭皮ケアで美しい黒髪に【Hadient（ハディエント）】,hadient株式会社,14442,シャンプー hadient株式会社 人気急上昇炭酸泡シャンプー！スッキリとした頭皮ケアで美しい黒髪に【Hadient（ハディエント）】,"初回購入 1,832円（税込）",未提携,afb
格安スマホ・格安SIMの【J:COM MOBILE】,JCOM株式会社,,,"WEB新規申込後、回線開通から60日以上の利用確認 8,591円（税込）",,afb
スポーツの熱狂をお店に【DAZN for BUSINESS】,株式会社アイ・ステーション,14401,BtoB 株式会社アイ・ステーション スポーツの熱狂をお店に【DAZN for BUSINESS】,"WEBからのDAZNアカウント送付完了 20,307円（税込） ※ポイント付与上限：28,000円まで",未提携,afb
【afb限定】海外利用が可能なモバイルWi-Fiルーターレンタルサービス【FUJI WiFi】,株式会社HUMAN LIFE,14464,プロバイダ 株式会社HUMAN LIFE 【afb限定】海外利用が可能なモバイルWi-Fiルーターレンタルサービス【FUJI WiFi】,"新規WEB申込後、回線開通 ┗楽ラクプラン30GB（契約期間なし）：3,850円(税込)┗楽ラクプラン50GB（契約期間なし）：3,850円(税込)┗楽ラクプラン100GB（契約期間なし）：3,850円(税込)┗楽ラクプラン1日10GB（契",未提携,afb
アメリカの老舗ブランド【ゼロハリバートンZERO HALLIBURTONオンラインショップ】,エース株式会社,14516,メンズファッション エース株式会社 アメリカの老舗ブランド【ゼロハリバートンZERO HALLIBURTONオンラインショップ】,商品購入(リピート購入も対象) 11％（税込）,未提携,afb
高機能ツールを使用可能【フィリップ証券】,フィリップ証券株式会社,,,"新規口座申込日、60日以内に新規10万通貨の取引 または CFDで10lot取引 11,000円（税込）",,afb
＜返金保証あり＞元神医師が開発！女性用薄毛対策サプリ【HAIRBIRTH SUPPLEMENT（ヘアバースサプリメント）】,有限会社メディカルネット,14479,その他健康食品 有限会社メディカルネット ＜返金保証あり＞元神医師が開発！女性用薄毛対策サプリ【HAIRBIRTH SUPPLEMENT（ヘアバースサプリメント）】,"定期コース初回購入 8,800円（税込）",未提携,afb
13年連続美容誌実売No.1『美的』に掲載された【Ulike IPL光美容器】,ユーライクジャパン株式会社,14482,脱毛器 ユーライクジャパン株式会社 13年連続美容誌実売No.1『美的』に掲載された【Ulike IPL光美容器】,商品購入（※リピート購入OK） ┗下記以外の商品 18.61％（税込） ※Ulike Air Pro IPL光美容器のみ 11% (税込) Air Pro：11％（税込）Air2：18.61％（税込）Air3：18.61％（税込）Ulike,未提携,afb
【ファクタリングベスト】優良ファクタリング会社4社へ一括見積り,株式会社ウェブブランディング,,,"一括査定新規申込 1,100円（税込）",,afb
シン・整形外科（旧東京ひざクリニック）,一般社団法人再建会,14514,医療 一般社団法人再建会 シン・整形外科（旧東京ひざクリニック）,"■ポイントサイト 成果条件：PRP-PRO治療の片膝契約（税込264,000円）以上の契約完了 33,845円(税込) ポイント付与上限：付与上限なし",未提携,afb
結婚後も素敵な青春を【Afternoon.（アフタヌーン）】,株式会社アフターヌーン,,,"新規会員登録及び、年齢確認完了 1,522円（税込）",,afb
【クレアージュ】メディカルアートメイク,クレアージュ,,,"WEB予約後の来院完了 11,000円（税込）",,afb
冷凍パンのサブスク【毎月PANDA!】新規購入,株式会社神戸屋,,,新規商品購入 930円（税込） ポイント付与上限：560円,,afb
オンライン動画編集スクール【ChapterTwo（チャプターツー）】,株式会社ChapterTwo,,,"WEBからの無料相談完了 5,500円（税込）",,afb
レシピ動画メディアDELISH KITCHENプロデュース【宅配弁当Meals】,株式会社エブリー,,,"初回定期購入 3,300円（税込）",,afb
【Go City(ゴーシティ)】最高のアトラクション・体験・ツアーをすべて 1つのパスで,GO CITY PASS ASIA PTE. LIMITED,14396,旅行 GO CITY PASS ASIA PTE. LIMITED 【Go City(ゴーシティ)】最高のアトラクション・体験・ツアーをすべて 1つのパスで,パス初回購入 0.55％（税込）,未提携,afb
【GRAPHENE-X】非常に頑丈で、驚異的な軽さを持つ奇跡の素材「グラフェン」を使用,株式会社ユナイテッド,14390,メンズファッション 株式会社ユナイテッド 【GRAPHENE-X】非常に頑丈で、驚異的な軽さを持つ奇跡の素材「グラフェン」を使用,新規商品購入 29.59％（税込）,未提携,afb
＜ゲーム業界専門＞転職エージェント【Hiraku agent】,株式会社Hiraku agent,,,"WEBからの無料転職サポート登録 21,153円（税込）",,afb
ゲーム業界の転職・求人情報【G-JOBエージェント】,株式会社リンクトブレイン,,,"WEBからの転職相談エントリー完了 11,000円（税込）",,afb
グッドデザイン賞&キッズデザイン賞受賞【Betta Baby Store】,株式会社ズーム・ティー,,,商品購入 8.36％（税込） ※リピート購入OK ※ポイント付与上限：購入額の7％まで,,afb
新規入会者限定50％OFFクーポン！シャープの電子書籍ストア【COCORO BOOKS（ココロブックス）】,シャープマーケティングジャパン株式会社,14378,本・雑誌 シャープマーケティングジャパン株式会社 新規入会者限定50％OFFクーポン！シャープの電子書籍ストア【COCORO BOOKS（ココロブックス）】,商品購入 5.5％（税込） ※リピート購入OK 日経電子版 申込：845円(税込),未提携,afb
[スマートフォン専用]600社・15万人の学生が利用中！学生限定の就活アプリ【Lognavi（ログナビ）】,株式会社アスパーク,,,"新規会員登録完了 2,530円（税込） ※会員登録27～28卒が対象 ┗24年度卒：2,750円(税込)┗25年度卒：847円(税込)┗26年度卒：3,300円(税込)┗27年度卒：2,530円(税込)┗28年度卒：2,530円(税込)",,afb
医療脱毛【Willbe Clinic（ウィルビークリニック）】,株式会社ウィルビーマネジメント,,,"新規来院完了 12,691円（税込）",,afb
【アランズナチュラルキャットフード】自然素材にこだわったナチュラルなキャットフード,株式会社レティシアン,14541,動物・ペット 株式会社レティシアン 【アランズナチュラルキャットフード】自然素材にこだわったナチュラルなキャットフード,"新規顧客様からの初回購入 4,356円（税込）",未提携,afb
未利用魚をサブスク・通販でお届け【Fishlle!（フィシュル）】,株式会社ベンナーズ,,,"定期便初回購入 3,300円（税込） ※ポイント付与上限：500円まで",,afb
自宅でととのう おうちDEサウナ【Revitalize SAUNA（リーヴァイタライズ サウナ）】,株式会社TOVERI,,,"商品購入 6,600円（税込） ※リピート購入OK ※おうちDEサウナ本体の購入が成果対象です。オプションを購入した場合は別の成果として発生し、承認作業時に却下とさせていただきます",,afb
ハイクラス・金融・コンサルティング転職なら【KOTORA（コトラ）】,株式会社コトラ,,,"新規会員登録後、面談成立 8,800円（税込）",,afb
【END.】イギリス発ストリートファッション・ス二ーカー通販,Ashworth and Parker Limited,,,定価購入 5.83%（税込） セール商品 2.53%(税込),,afb
美容外科クリニック【TAクリニック】,TAクリニック,,,"WEB無料カウンセリング予約後、来院完了 8,037円（税込）",,afb
オンラインWebデザインスクール【ChapterTwo（チャプターツー）】,株式会社ChapterTwo,,,"WEB申込後、オンライン面談完了 5,500円（税込）",,afb
メンズ医療脱毛専門の【エミシアクリニック】,株式会社L medical,,,"WEB予約完了 12,691円（税込）",,afb
元祖ジェルネイルキット【シャイニージェル公式ショッ プ本店】,株式会社ワールドビューティワークス,,,商品購入 11％（税込） ポイント付与上限：購入額の7％まで,,afb
腰のことを考えた、極厚で寝返りしやすい 【Recovery Design（リカバリーデザイン）敷布団】,有限会社サカイ,14169,家具・インテリア 有限会社サカイ 腰のことを考えた、極厚で寝返りしやすい 【Recovery Design（リカバリーデザイン）敷布団】,初回購入 11％（税込）,未提携,afb
高品質なお布団を安心価格で自信を持ってご提供【ふとん工場サカイ本店】,有限会社サカイ,,,初回購入 5.5％（税込）,,afb
本気の妊活応援サプリ【麹菌発酵イソフラボン+葉酸】,ニチモウバイオティックス株式会社,14180,葉酸・妊活 ニチモウバイオティックス株式会社 本気の妊活応援サプリ【麹菌発酵イソフラボン+葉酸】,"定期コース初回購入 1,691円（税込）",未提携,afb
いつかに頼らずプロに頼る【結婚相談所TMSパートナー】,株式会社トータルマリアージュサポート,,,"新規資料請求、30日以内の本人確認完了 1,015円（税込） 個別無料相談：5,922円(税込)",,afb
人気の結婚相談所を無料パンフで一気に比較【結婚相談所比較ネット】,株式会社じげん,,,"資料請求完了 5,922円（税込）",,afb
SDGsの新築・リフォームの住環境情報サイト【ハウジングバザール】,G/REX JapaN株式会社,,,"資料請求もしくはプランニングサービス申込後の電話確認 1,861円（税込）",,afb
遊ぶように痩せるパーソナルジム【Rat（ラット）】,株式会社ひととこむ,,,"WEB申込後、初回来店 11,845円（税込）",,afb
海外旅行者向けeSIM【Airalo】,AIRGSM PTE. LTD.,14221,SIM AIRGSM PTE. LTD. 海外旅行者向けeSIM【Airalo】,商品購入完了 12.68％（税込） ※アプリインストールでも0円で成果が発生しますので、 予めご了承くださいませ。,未提携,afb
ピルのオンライン処方サービス【エニピル】,株式会社サルース,,,"新規処方完了 4,230円（税込） ※アフターピル 2026.5.1より成果対象外となります",,afb
ベビー用品・ベビーグッズ・赤ちゃん用品の通販【DADWAY（ダッドウェイオンラインストア）】,株式会社ダッドウェイ,,,商品購入 6.6％（税込） ※リピート購入OK ※ポイント付与上限：購入額の6％まで,,afb
ぐるなびの選りすぐり「美食の殿堂」【ぐるすぐり】,株式会社ぐるなび,,,商品購入 2.53％（税込） ※リピート購入OK,,afb
驚くほどおいしいプロテイン【be LEGEND（ビーレジェンド）】,株式会社Real Style,,,既存会員様からの初回購入 2.53％（税込） 新規会員様からの初回購入 16.83%（税込） ※既存会員購入の利率で成果発生しますが、 新規会員からの購入成果については成果確定時に上記利率の報酬額へ変更させていただきます。,,afb
二の腕着圧インナー【Slim Feather（スリムフェザー）】,株式会社VIRNAS,,,"初回購入 2,537円（税込）",,afb
【無添加酵素ドリンク】ファスティングに最適！81種の厳選素材を配合！野草酵素原液100％【BIO酵素】,株式会社バイオ・サプリ,14187,酵素 株式会社バイオ・サプリ 【無添加酵素ドリンク】ファスティングに最適！81種の厳選素材を配合！野草酵素原液100％【BIO酵素】,"定期コース初回購入 3,045円（税込）",未提携,afb
【フェミークリニック】アートメイク,フェミークリニック,,,"WEB申込後、初回来院 4,230円（税込）",,afb
【フェミークリニック】医療脱毛,フェミークリニック,,,"WEB申込後、初回来院 12,691円（税込）",,afb
【フェミークリニック】美容皮膚科,フェミークリニック,,,"WEB申込後、初回来院 8,461円（税込）",,afb
キャンプ・アウトドア用品【ZEN Camps】,株式会社YOLO,,,商品購入 12.65％（税込） ※リピート購入OK ※コンビニ決済は計測が出来ない事から成果対象外となります ※ポイント付与上限：購入額の11％まで,,afb
【格安航空券モール】国内線LCC含む全13社の飛行機予約・最安値比較サイト,スカイ・シー株式会社,14262,旅行 スカイ・シー株式会社 【格安航空券モール】国内線LCC含む全13社の飛行機予約・最安値比較サイト,"チケット購入 1,100円（税込） ※リピート購入OK ※ポイント付与上限：1000円まで",未提携,afb
【格安航空券センター】国内往復飛行機チケット比較LCC予約サイト,スカイ・シー株式会社,14263,旅行 スカイ・シー株式会社 【格安航空券センター】国内往復飛行機チケット比較LCC予約サイト,"チケット購入 1,100円（税込） ※リピート購入OK ※ポイント付与上限：1000円まで",未提携,afb
＜医薬部外品＞頭皮の脂漏性皮膚炎・フケ・かゆみに【KADASON（カダソン）薬用スカルプシャンプー】,ワイズ製薬株式会社,,,商品購入 845円（税込） ※リピート購入OK,,afb
ハウスクリーニング・不用品回収・引越しなど400以上のサービス予約｜くらしのマーケット,みんなのマーケット株式会社,,,"WEB予約完了後、60日以内の事業者作業完了 1,815円（税込） ただし下記サービスでの利用の場合は以下の報酬に変更をいたします。 エアコンクリーニング1,870円(税込) ハウスクリーニング2,035円(税込) 格安引越し2,805円(",,afb
医療脱毛専門の【エミシアクリニック】,株式会社L medical,,,"WEB予約完了 12,691円（税込）",,afb
補正下着をもっと気軽に【ラディアンヌ 公式ストア】,ラディアンヌ株式会社,14276,レディースファッション ラディアンヌ株式会社 補正下着をもっと気軽に【ラディアンヌ 公式ストア】,注文完了 15.3％ ↓ ↓ ↓ ↓ ↓ ↓ 注文完了 22％（税込） ★報酬アップ中！ ポイント付与上限：商品単価の50％まで,未提携,afb
IELTSの目標スコアをサポート 【バークレーハウス語学センター】,株式会社バークレーハウス,,,"ポイントサイト：入会完了 ポイント付与上限：5000円まで 【成果地点】 (1)WEBからのプライベートレッスン無料体験レッスン申込完了 3,300円（税込） 無料体験レッスン後、新規入会まで至ったら下記報酬へ変更いたします。 ■成果地点：",,afb
40言語以上のレッスン 【バークレーハウス語学センター】,株式会社バークレーハウス,,,"無料体験レッスン後の新規入会完了 5,500円（税込） 無料体験レッスンの申込完了後に、下記条件まで至ったら下記報酬へ変更いたします。 ■成果地点：新規入会／プライベートレッスン 20レッスン以上 5,500円(税込) ■成果地点：新規入会",,afb
高報酬！アダルトグッズ通販ショップ 【Bestvibe】,鴻華(香港)國際有限公司,14154,成人向け商品 鴻華(香港)國際有限公司 高報酬！アダルトグッズ通販ショップ 【Bestvibe】,商品購入(リピート購入も対象) 19.8％（税込） ポイント付与上限：購入額の30％まで,未提携,afb
建設業界専門の転職エージェント【RSG建設転職】,株式会社RSG,,,"面談完了 3,000円（税込）",,afb
シルバー系カラーシャンプー満足度No.1【KYOGOKU PROFESSIONAL】,株式会社Kyogoku,14079,その他ヘアケア 株式会社Kyogoku シルバー系カラーシャンプー満足度No.1【KYOGOKU PROFESSIONAL】,※ポイント付与上限：商品単価の10％まで 初回購入 ┗下記以外の商品 28.6％（税込） ┗ケラチン ブースト＋トリートメント 34.1%(税込),未提携,afb
パーソナルトレーニング【MIYAZAKI GYM】,株式会社リーブル,,,"WEB予約後、新規入会 28,600円（税込）",,afb
オーガニックシャンプー＆スキンケア&エシカル雑貨【amasia organic store】,株式会社grid,14093,ボディケア 株式会社grid オーガニックシャンプー＆スキンケア&エシカル雑貨【amasia organic store】,商品購入 4.18％（税込） ※リピート購入OK,未提携,afb
【afb限定】【Patpat（パットパット）】最高品質・プレミアムブランドベビー服のオンラインショップ,Patpat,14100,その他 Patpat 【afb限定】【Patpat（パットパット）】最高品質・プレミアムブランドベビー服のオンラインショップ,初回購入 6.71％（税込）,未提携,afb
Webマーケター養成スクール【Wannabe Academy（ワナビーアカデミー）】,株式会社Shareway,,,"無料個別面談完了(オンライン面談) 6,345円（税込）",,afb
動画関連ソフトウェアサービス【GOM Lab】,株式会社GOM&Company,,,ソフトウェアの初回購入 21.12％（税込）,,afb
日本全国130店舗以上の博多ラーメン店【一風堂オフィシャルオンラインストア】,株式会社渡辺製麺,14112,食品・産直品 株式会社渡辺製麺 日本全国130店舗以上の博多ラーメン店【一風堂オフィシャルオンラインストア】,通常報酬：商品購入 8.36％（税込） ※リピート購入OK,未提携,afb
【クローズド】,一般社団法人Water Valley,,,"WEB申込後、新規契約完了 12,691円（税込）",,afb
完全個室・マンツーマントレーニング指導【WORKOUTHOLIC（ワークアウトホリック）】,株式会社WORKOUTHOLIC,14124,フィットネス 株式会社WORKOUTHOLIC 完全個室・マンツーマントレーニング指導【WORKOUTHOLIC（ワークアウトホリック）】,"WEB申込後、新規入会 25,383円（税込） ※ポイント付与上限：30000円まで",未提携,afb
【afb限定】100円ショップ【Watts（ワッツ）公式オンラインショップ】,株式会社ワッツ,14125,雑貨・家庭用品 株式会社ワッツ 【afb限定】100円ショップ【Watts（ワッツ）公式オンラインショップ】,商品購入 3.3％（税込） ※リピート購入OK,未提携,afb
ドイツのデザイン雑貨・家具ブランド【KARE】オフィシャルサイト,株式会社リビングハウス,,,商品購入完了(リピート購入も対象) 2.53％（税込）,,afb
ダイエットサポート茶【からだ楽痩茶】,株式会社ファインエイド,14165,お茶 株式会社ファインエイド ダイエットサポート茶【からだ楽痩茶】,"商品購入 1,100円（税込） ※リピート購入OK",未提携,afb
手軽に手ぶらキャンプ♪キャンプ用品のレンタルサービス【hinataレンタル】,vivit株式会社,14137,アウトドア vivit株式会社 手軽に手ぶらキャンプ♪キャンプ用品のレンタルサービス【hinataレンタル】,WEBからのレンタル申込完了 8.8％（税込） ※リピート利用OK ※ポイント付与上限：お申込金額の10％まで,未提携,afb
審査なしだから本人名義で契約できる！【だれでもモバイル】,だれでもモバイル株式会社,,,"WEB申込後、30日以内の利用開始 5,500円（税込） ※広告主新規顧客のみ対象",,afb
【Anny（アニー）】ちょっと特別なギフトを贈れるギフトセレクトショップ,株式会社ギフトモール,,,新規商品購入 ●WEB注文後、30日以内の入金確認完了 ●成果報酬は商品の金額のみ 6.71％（税込）,,afb
法人向け/店舗向けタブレット【BiZiMo】,株式会社アイ・ステーション,,,"WEB新規申込完了 （承認条件：申込書回収完了後端末発送完了） 18,615円（税込）",,afb
オンラインゲーム・配信者向けインターネット【hi-ho with games】,株式会社ハイホー,14304,プロバイダ 株式会社ハイホー オンラインゲーム・配信者向けインターネット【hi-ho with games】,"WEBからの新規申込 ┗他社から乗換（転用、事業者変更）後、無料期間（31日）経過：5,076円(税込)┗プロバイダー変更（ISPのみ申込）後、無料期間（31日）経過：11,422円(税込)┗新規開通完了後、無料期間（31日）経過：13,5",未提携,afb
男性向け活力サプリ【BRAVION S.（ブラビオンエス）】,株式会社ブラビオン,,,商品購入 38.06％（税込） ※リピート購入OK,,afb
日本最大規模の美容師・理容師求人サイト【BeautyMirai（ビューティーミライ）】,株式会社miraism,,,"新規会員登録 5,076円（税込）",,afb
大人気ベビーフードブランド＜the kindest＞コップ1杯で栄養が取れるドリンク【子どものためのまんてんバランス】,株式会社Mil,,,"定期コース初回購入 1,650円（税込）",,afb
創業70年あまり続くお茶屋さんの通販【巣鴨のお茶屋さん山年園（やまねえん）】,有限会社山年園,14349,食品・産直品 有限会社山年園 創業70年あまり続くお茶屋さんの通販【巣鴨のお茶屋さん山年園（やまねえん）】,商品購入 8.36％（税込） ※リピート購入OK,未提携,afb
予約・受け取り・返却が驚くほど簡単な海外Wi-Fiレンタル【WiFiBOX（ワイファイボックス）】,株式会社テレコムスクエア,14355,プロバイダ 株式会社テレコムスクエア 予約・受け取り・返却が驚くほど簡単な海外Wi-Fiレンタル【WiFiBOX（ワイファイボックス）】,WEB申込後、利用完了 11％（税込） ※リピート申込OK ※ポイント付与上限：申込額の10％まで,未提携,afb
アニメ・エンタメ見放題、コスパ最強月額550円【DMM TV】新規会員登録,合同会社DMM.com,,,"新規会員登録 1,691円（税込）",,afb
日本最大級オンラインギフトサービス【ギフトモール】,株式会社ギフトモール,,,初回商品購入完了 12.65％（税込） 下記「ブランド商品」の対象成果に関しては後日金額変更が生じます。 ブランド商品：6.27％（税込）,,afb
美容整形・美容外科なら【ガーデンクリニック】,株式会社アップドラフト,,,"来院 13,200円（税込）",,afb
全国約500施設以上のクーポンが利用できる月額サービス【クーポンぽこ】※2ヶ月継続時初月無料,株式会社ZITTO,14048,その他 株式会社ZITTO 全国約500施設以上のクーポンが利用できる月額サービス【クーポンぽこ】※2ヶ月継続時初月無料,"新規月額課金登録完了 2,030円（税込）",未提携,afb
マンガ・書籍・雑誌も読める総合電子書籍ストア【いつでも書店】※2ヶ月継続時初月無料,株式会社ZITTO,14049,本・雑誌 株式会社ZITTO マンガ・書籍・雑誌も読める総合電子書籍ストア【いつでも書店】※2ヶ月継続時初月無料,"新規いつでも書店550円(税込)コース登録 1,522円（税込）",未提携,afb
"映画やドラマなど10,000本以上の作品がお得に見れる月額サービス【mieru-TV】※2ヶ月継続時初月無料",株式会社ZITTO,14050,"映画・音楽・動画 株式会社ZITTO 映画やドラマなど10,000本以上の作品がお得に見れる月額サービス【mieru-TV】※2ヶ月継続時初月無料","新規月額課金登録完了 1,776円（税込）",未提携,afb
初対面を好印象にする、薄い開けない名刺入れ【スライドサム】,株式会社sion works,14055,眼鏡・時計・小物 株式会社sion works 初対面を好印象にする、薄い開けない名刺入れ【スライドサム】,新規商品購入 11.77％（税込）,未提携,afb
【afb限定】【kaspersky（カスペルスキー）】次世代セキュリティ製品,Kaspersky Lab Singapore Pte Ltd,,,初回購入 22％（税込） ※ポイント付与上限：購入額の20％まで ※カスペルスキープレミアムが購入されると、 カスペルスキーセーフキッズ1年間無料の成果も発生しますが、付帯サービスのためこちらは0円となります。 Standard 1Y1D：,,afb
全国50店舗で展開している低価格・本格オーダースーツ【オーダースーツSADA】,株式会社オーダースーツSADA,14046,メンズファッション 株式会社オーダースーツSADA 全国50店舗で展開している低価格・本格オーダースーツ【オーダースーツSADA】,"WEB予約からの来店完了 4,230円（税込）",未提携,afb
youbride（ユーブライド）無料会員登録プロモーション,株式会社IBJ,,,"女性無料会員登録：1,100円(税込)男性無料会員登録：2,537円(税込)",,afb
スニーカー・ストリートウェア【StockX（ストックエックス）】,StockX LLC,13748,メンズファッション StockX LLC スニーカー・ストリートウェア【StockX（ストックエックス）】,商品購入 0.84％（税込） （スニーカー、ストリートウェア、コレクターズアイテム） ※リピート購入OK ※NFTは成果対象外 ■報酬条件■ ①スニーカー、ストリートウェア＆コレクターズアイテム、 トレーディングカード、電子機器、アパレル、,未提携,afb
累計販売個数250万個突破！【国産高品質 ボディメイクブランドULTORA】,株式会社ULTORA,13986,筋肉サプリ・プロテイン 株式会社ULTORA 累計販売個数250万個突破！【国産高品質 ボディメイクブランドULTORA】,商品購入 8.36％（税込） ※リピート購入OK ※ポイント付与上限：購入額の7.6％まで,未提携,afb
子供靴のサブスク【Kutoon（クトゥーン）】,株式会社SlowFast,,,"課金開始時(トライアル申込み30日後) 1,691円（税込）",,afb
家で待つだけ-靴クリーニング専門店【Kutoon Wash（クトゥーンウォッシュ）】,株式会社SlowFast,,,"WEBからの初回申込（5,000円以上の注文） 845円（税込）",,afb
栄養バランスを考えたママ向け冷凍宅配お弁当【ママの休食】,株式会社MYPLATE,13936,食材宅配 株式会社MYPLATE 栄養バランスを考えたママ向け冷凍宅配お弁当【ママの休食】,"お弁当定期便 初回購入 2,283円（税込）",未提携,afb
【イオンのKAJITAKU】家事代行 / クリーニング プロモーション,アクティア株式会社,,,"新規の家事代行 申し込み 2,200円（税込） 新規のクリーニング 申し込み 2,200円（税込）",,afb
買うよりお得で清潔な布団のサブスクサービス【RAKUTON（ラクトン）】,株式会社ライフクリエーション,13950,家具・インテリア 株式会社ライフクリエーション 買うよりお得で清潔な布団のサブスクサービス【RAKUTON（ラクトン）】,新規WEB申込後、商品受け取り確認 71.5％（税込） （3728円(税込)の分で契約された場合2343円(税込)相当) ※ポイント付与上限：初回支払い額の65％まで,未提携,afb
手軽にアンチエイジングを【DIMANI RF美顔器】,株式会社Growthcanvas,,,"新規商品購入 12,691円（税込）",,afb
アミノ酸誘導体ナールスゲン配合【Kobe rich laboratoryオンラインストア】,株式会社Kobe rich laboratory,13958,スキンケア 株式会社Kobe rich laboratory アミノ酸誘導体ナールスゲン配合【Kobe rich laboratoryオンラインストア】,商品購入 11％（税込） ※リピート購入OK,未提携,afb
コンパクト電動バイク【Aioon(アイオーン)】,株式会社アップシェア,13959,AV・家電 株式会社アップシェア コンパクト電動バイク【Aioon(アイオーン)】,"電動バイク本体の購入(リピート購入も成果対象) 12,100円（税込）",未提携,afb
デジハク｜理想を現実へ導くマンツーマン動画編集スクール,UNIT BASE株式会社,,,"WEB予約後、説明会参加完了 8,461円（税込）",,afb
煩雑な仮想通貨の損益計算をシンプルに【Gtax】,株式会社Gtax,,,無料会員登録完了 110円（税込）,,afb
【モグモ】累計300万食突破！幼児向け冷凍宅食サービス,株式会社Oxxx,13967,食材宅配 株式会社Oxxx 【モグモ】累計300万食突破！幼児向け冷凍宅食サービス,"初回セット購入 2,750円（税込）",未提携,afb
【解約不要で安心】たるみ世代専用の飲むエイジングケア”ツバメの輝きパウダー”12週間プログラム,studio株式会社,,,"※ポイント付与上限：購入額の50％まで 初回購入12週間プログラム 3,383円（税込）",,afb
【Healmate（ヒールメイト）】既婚者専用マッチングコミュニティ,レゾンデートル株式会社,,,"新規会員登録完了後の本人承認完了 男性：1,691円(税込)女性：422円(税込)",,afb
エアガン・サバゲー用品を売るなら【サバゲータウン】,株式会社VOLCA,14009,買取 株式会社VOLCA エアガン・サバゲー用品を売るなら【サバゲータウン】,"WEB査定申込後、30日以内の買取成立 1,650円（税込） ※リピート申込OK",未提携,afb
ご利用継続率96％！日本で最も実績のある家事代行サービス【ミニメイド・サービス】,ミニメイド・サービス株式会社,,,"新規問合せ 4,400円（税込）",,afb
フードロス削減のための会員制通販サイト【トクポチ】,株式会社STRK,14022,食品・産直品 株式会社STRK フードロス削減のための会員制通販サイト【トクポチ】,新規有料会員登録 ┗スタンダードプラン：337円(税込)┗プレミアムプラン：337円(税込),未提携,afb
どんな車も0円以上買取保証！車買取査定【カーネクスト】,株式会社カーネクスト,14025,車検・車買取査定・購入 株式会社カーネクスト どんな車も0円以上買取保証！車買取査定【カーネクスト】,"WEBからの初回申込後、30日以内の査定完了 3,630円（税込） ▼ポイント媒体様 WEBからの初回申込後、買取成約完了 12,691円(税込) ※ポイント付与上限：10,000円まで",未提携,afb
どんな車も高価買取！廃車買取サービス【カーネクスト】,株式会社カーネクスト,14026,車検・車買取査定・購入 株式会社カーネクスト どんな車も高価買取！廃車買取サービス【カーネクスト】,"WEBからの初回申込後、30日以内の査定完了 3,300円（税込） ▼ポイント媒体様 WEBからの初回申込後、買取成約完了 12,691円(税込) ※ポイント付与上限：10,000円まで",未提携,afb
ママ専用スクール【Famm（ファム）】動画クリエイター講座,株式会社TIMERS,,,"WEB申込後、15日以内の電話説明会にて本人確認 3,383円（税込） ポイントサイト様条件：講座申込完了（契約完了） 46,537円(税込)",,afb
AIxVRビジネス英会話のスマチュー【Smart Tutor（スマートチューター）】,株式会社プラスワン・ジャパン,,,"WEB申込後、無料体験完了 2,537円（税込）",,afb
[スマートフォン専用]若手ハイエンド向け転職サイト『ASSIGN』,株式会社アサイン,,,"アプリインストール後のキャリア診断完了 2,794円（税込）",,afb
TERADAトランクルーム,寺田倉庫株式会社,,,"WEBからお問い合わせ/見学予約後の来場完了 10,153円（税込）",,afb
資格試験・取得とスキルアップに強い資格の学校【資格スクール 大栄（DAIEI）】,株式会社リンクアカデミー,,,"WEBからの資格講座 資料請求 1,268円（税込）",,afb
未経験からフリーランスを目指せる動画編集スクール【CREATORS JAPAN（クリエイターズジャパン）】,ハズム株式会社,,,"申込完了 11,000円（税込）",,afb
植物の力×ナノ技術 染めない毛髪ケア ハリコシ・ボリュームアップ【SUNA BIOSHOT スカルプエッセンス ダブルブラック】,株式会社NIL,13773,その他ヘアケア 株式会社NIL 植物の力×ナノ技術 染めない毛髪ケア ハリコシ・ボリュームアップ【SUNA BIOSHOT スカルプエッセンス ダブルブラック】,初回購入 44％（税込） ※ポイント付与上限：購入額の30％まで,未提携,afb
【afb限定】【G-ZERO COIL FACIAL MASK】新コイルテクノロジー美顔器マスク,原末石&#40572;株式会社,13800,ボディケア 原末石&#40572;株式会社 【afb限定】【G-ZERO COIL FACIAL MASK】新コイルテクノロジー美顔器マスク,"初回購入 8,461円（税込）",未提携,afb
スマホで家計診断！お金の無料相談サービス【オカネコ】※旧お金の健康診断　【LINEともだち追加】プロモーション,株式会社400F,,,メールまたはLINE会員登録 330円（税込）,,afb
ストレッチを取り入れた最新ダイエット【e-stretchイーストレッチ】,株式会社T-fit,,,"WEBからの無料カウンセリング予約後、来店完了 11,000円（税込）",,afb
探偵なら大手総合探偵事務所・興信所の【MR（エムアール）】,株式会社MR,,,"WEBからの無料相談申込 15,230円（税込）",,afb
ファッション・コスメ求人ブランド数No.1エージェントサイト【iDA】,株式会社iDA,,,"新規WEBエントリー 2,200円（税込）",,afb
【YOURMYSTAR（ユアマイスター）】ハウスクリーニングやエアコンクリーニングはプロにおまかせ！,ユアマイスター株式会社,13828,その他 ユアマイスター株式会社 【YOURMYSTAR（ユアマイスター）】ハウスクリーニングやエアコンクリーニングはプロにおまかせ！,"新規作業完了 戸建て・一軒家クリーニング：2,537円(税込)引っ越し前後のおうちクリーニング：2,537円(税込)冷蔵庫クリーニング：1,268円(税込)お部屋の消臭・脱臭：1,268円(税込)ノロウイルス消毒：1,268円(税込)エアコ",未提携,afb
女性のためのWebデザイナースクール【Famm（ファム）】webデザイン講座,株式会社TIMERS,,,"WEB申込後、15日以内の電話説明会にて本人確認 3,300円（税込） ポイントサイト様条件：講座申込完了（契約完了） 46,537円(税込)",,afb
バウムクーヘンの通販・お取り寄せ専門店【せんねんの木】,信栄開発株式会社,13839,食品・産直品 信栄開発株式会社 バウムクーヘンの通販・お取り寄せ専門店【せんねんの木】,商品購入 11％（税込） ※リピート購入OK,未提携,afb
ダイエット専門パーソナルジム【RITA-STYLE（リタスタイル）】,株式会社RITA-STYLE,13910,フィットネス 株式会社RITA-STYLE ダイエット専門パーソナルジム【RITA-STYLE（リタスタイル）】,"WEB予約後、初回来院 13,200円（税込）",未提携,afb
最先端のボクシング フィットネススタジオ【b-monster（ビーモンスター）】,株式会社ワールドフィット,,,"WEBからの予約後、初回体験完了 3,300円（税込）",,afb
【afb限定】クラウドファンディンの販売実績一億円突破！素人でも本格3Dデータを作れる！オールインワンスキャンの実現【Revopoint】,Revopoint International Limited,,,商品購入 8.8％（税込）,,afb
女性専用マシンピラティススタジオ【the SILK（ザ シルク）】,株式会社HYV,,,"WEBからの体験予約後、来店完了 3,850円（税込）",,afb
預けて安心・創業60年以上の老舗クリーニング屋【宅配クリーニング 大和屋】,株式会社大和屋,,,"WEBからの新規申込完了 2,090円（税込） 合計12,000円(税込)以上が対象 また、クーポンをご利用いただいた場合でも12,000円（税込）以上の購入であれば成果対象となります。",,afb
公認会計士特化型転職エージェント【ハイスタ会計士】,株式会社アシロ,,,"新規会員登録 11,000円（税込）",,afb
税理士・科目合格者特化の転職エージェント【ハイスタ税理士】,株式会社アシロ,,,"新規会員登録 8,800円（税込）",,afb
メンズ全身医療脱毛【イデア美容皮膚科クリニック】,医療法人社団メディシェア,13994,医療脱毛（メンズ） 医療法人社団メディシェア メンズ全身医療脱毛【イデア美容皮膚科クリニック】,"新規WEB予約後、来院 19,800円（税込） ポイントサイト：新規予約後、60日以内に59,800円（税込）以上の脱毛メニュー契約完了 ※1回も施術を受けていない場合はポイント拒否 ※他イデアが展開するキャンペーンとの併用不可",未提携,afb
医療アートメイクなら芸能人やモデルも通う【メンズブロー（Medicalbrowsメンズ）】,株式会社プレミアム,,,"WEB予約後の来院完了 2,537円（税込）",,afb
からだ思いの冷凍総菜【ワタミの宅食ダイレクト】,ワタミ株式会社,,,"初回購入 2,750円（税込）",,afb
レンタルでSDGS 不用品貸し借り【ご近所レンタル】,株式会社Linkbank,,,"有料会員登録後、決済完了 2,283円（税込）",,afb
売上増加中！国内最大濃度ミノキシジル5%配合！新しい「生える」発毛剤【ヒックスミノキシジル5】,株式会社エムボックス,,,"新規商品購入完了 ※単品購入/3本セット/4本セット以外の商品については、報酬発生対象外となります。 単品購入：4,555円(税込)2本セット：4,555円(税込)3本セット：4,880円(税込)6本セット：4,880円(税込)4本セット：",,afb
【afb限定】【5G CONNECT】圧倒的な速さの5G 無限のデータ量,株式会社FREEDiVE,13622,プロバイダ 株式会社FREEDiVE 【afb限定】【5G CONNECT】圧倒的な速さの5G 無限のデータ量,"WEB申込後の開通完了 法人契約：4,230円(税込)縛りなし：2,537円(税込)2年プラン縛りあり：5,076円(税込)",未提携,afb
食欲の落ちた中高齢犬の元気と健康をサポート【DOG STANCE（ドッグスタンス）】,株式会社プロ・アクティブ,,,"シニア犬向けお試しトライアルセット初回購入 2,500円（税込）",,afb
愛猫には消化吸収の良い鹿肉を【CAT STANCE（キャットスタンス）】,株式会社プロ・アクティブ,,,"フルセットお試し初回購入 1,001円（税込）",,afb
アダルトグッズ・大人のおもちゃ通販 女性運営で安心【ラブトリップ】,株式会社アクラス,,,商品購入 15.4％（税込） ※リピート購入OK,,afb
【afb限定】国家資格のあるプロによる最新オフィスホワイトニング【YCホワイトニング】,YCホワイトニング株式会社,13632,医療 YCホワイトニング株式会社 【afb限定】国家資格のあるプロによる最新オフィスホワイトニング【YCホワイトニング】,"WEB申込後、初回来院 5,500円（税込） ポイント付与上限：1,000円分",未提携,afb
＜機能性表示食品＞脂肪を減らすのを助けるコーヒー【risou no Coffee（りそうのコーヒー）】,株式会社ファンファレ,,,"初回購入 1,100円（税込）",,afb
恋愛・婚活マッチングサイト【趣味活】,株式会社Linkbank,,,"有料会員登録後、決済完了 5,922円（税込）",,afb
弁護士・法務人材専門の転職エージェント【NO-LIMIT（ノーリミット）】,株式会社アシロ,,,"新規会員登録 42,350円（税込）",,afb
あなたのレッスンを全国へ【オンライン先生】,株式会社Linkbank,,,"有料会員登録後、決済完了 2,283円（税込）",,afb
＜月々500円＞ネットショップの住所・電話番号レンタル【和文化推進協会】&#8203;,一般社団法人和文化推進協会,,,"WEBからの新規申込後、30日以内の契約成立 5,500円（税込）",,afb
発毛・育毛専門メディカルサロン(大阪・神戸・奈良・滋賀)【BIDAN】,BIDAN,,,"WEB申込後、来店完了 24,537円（税込）",,afb
高学歴男女マッチングサービス【ブライトマッチ】,720合同会社,,,"無料会員登録 ┗女性：審査通過 2,537円（税込） ┗男性:年齢確認書類：4,400円(税込)┗女性：審査通過：2,537円(税込)",,afb
【キレイライン矯正】手軽に始められるマウスピース矯正,SheepMedical Technologies株式会社,,,"来院完了 10,780円（税込）",,afb
アダルトグッズの【ホットパワーズ】,有限会社ジャパンエンターテイメント,,,商品購入 11％（税込） ※リピート購入OK ※ポイント付与上限：購入額の10％まで,,afb
仕事の種類は200種類以上！簡単ネット発注【クラウドワークス】,株式会社クラウドワークス,,,"新規会員登録 ┗お仕事発注者：クライアント：1,100円(税込)┗お仕事受注者：クラウドワーカー：66円(税込)",,afb
男の魅力を取りもどす活力サプリ【23zi（ニジュウサンジ）】,株式会社クロコス,,,"初回購入 1,691円（税込）",,afb
家具・インテリア雑貨のLIVING　HOUSEリビングハウス.オンラインストア,株式会社リビングハウス,,,商品購入完了 2.53％（税込） ※クーポン利用の成果がある場合は月末に金額変更致します。,,afb
安心、簡単に使える収納サービス【minikura（ミニクラ）】,寺田倉庫株式会社,,,"新規登録後のキット注文完了 5,076円（税込）",,afb
全身医療脱毛【イデア美容皮膚科クリニック】,医療法人社団メディシェア,13607,医療脱毛 医療法人社団メディシェア 全身医療脱毛【イデア美容皮膚科クリニック】,"新規WEB予約後の来院完了 19,800円（税込） 承認対象メニュー：女性 - 全身脱毛、VIO脱毛、ワキ脱毛、顔脱毛、その他脱毛に関するご相談 ポイントサイト：新規予約後、60日以内に48,400円（税込）以上の脱毛メニュー契約完了 ※他",未提携,afb
【Raid:Shadow Legends（レイドシャドウレジェンズ）】[PC専用]気高き戦士として戦いの場へ踏み出せ！ファンタジーRPG,Plarium Global Lt,,,"ゲーム起動 3,300円（税込） ※成果承認対象はPCのみとなります",,afb
紀州梅干し専門店【福梅本舗】,有限会社福梅本舗,,,初回購入 ┗下記以外の商品 11％（税込） ┗お試し商品：880円(税込),,afb
土地の活用は容易ではない。でもここには成功に導くプロがいる。【ビルドリ】,株式会社エイムプレイス,,,"新規顧客からの無料一括資料請求 8,461円（税込）",,afb
男性の活力アップ【VITOX-α（ヴィトックスアルファ）】,AIGATE株式会社,13548,精力剤・精力サプリ AIGATE株式会社 男性の活力アップ【VITOX-α（ヴィトックスアルファ）】,商品購入 27.5％（税込） ※リピート購入OK,未提携,afb
ミシュラン経験シェフ監修！150種類以上からカスタムした冷凍宅配弁当【DELIPICKS】,株式会社DELIPICKS,13560,食材宅配 株式会社DELIPICKS ミシュラン経験シェフ監修！150種類以上からカスタムした冷凍宅配弁当【DELIPICKS】,"都度購入：1,100円(税込)定期初回購入：4,230円(税込)",未提携,afb
テレビCMでもおなじみ！辛子明太子の本場【福さ屋】,福さ屋株式会社,13577,食品・産直品 福さ屋株式会社 テレビCMでもおなじみ！辛子明太子の本場【福さ屋】,商品購入 11％（税込） ※リピート購入OK,未提携,afb
福岡県売上No1 もつ鍋専門店の通販サイト【博多もつ鍋おおやま】,株式会社LAV,13579,食品・産直品 株式会社LAV 福岡県売上No1 もつ鍋専門店の通販サイト【博多もつ鍋おおやま】,商品購入 11％（税込） ※リピート購入OK,未提携,afb
医療アートメイクなら芸能人やモデルも通う【Medicalbrows（メディカルブロー）】,株式会社プレミアム,,,"WEB予約後の来院完了 2,537円（税込）",,afb
サブスクリプション型ファッションレンタルサービス【AnotherADdress（アナザーアドレス）】,株式会社大丸松坂屋百貨店,13581,レディースファッション 株式会社大丸松坂屋百貨店 サブスクリプション型ファッションレンタルサービス【AnotherADdress（アナザーアドレス）】,"新規有料会員登録 2,537円（税込）",未提携,afb
初心者も安心のアットホームなゴルフスクール【TOKYO INDOOR GOLF】,東京インドアゴルフ株式会社,13588,趣味・スポーツ 東京インドアゴルフ株式会社 初心者も安心のアットホームなゴルフスクール【TOKYO INDOOR GOLF】,"新規ユーザー様からのお申込 ┗新規入会：4,400円(税込)┗初回体験レッスン完了：2,200円(税込)",未提携,afb
グローバルファッションブランド｜SHEIN（シーイン）,ROADGET BUSINESS PTE. LTD.,13600,レディースファッション ROADGET BUSINESS PTE. LTD. グローバルファッションブランド｜SHEIN（シーイン）,※成果発生には2日間前後のタイムラグがございます。 新規：14.3％（税込）既存：1.65％（税込）,未提携,afb
東急線ユーザーや東急のお店使う方がオトクに！【東急カード】,東急カード株式会社,,,"WEB申込後、新規発券完了 4,653円（税込）",,afb
妊娠・出産・育児の保険ならベビープラネット保険相談,株式会社レガシーワークス,,,"WEB申込後、40日以内の担当者との無料相談完了 11,000円（税込）",,afb
浸透スカルプシャンプー【ヒックス スカルプシャンプー】,株式会社エムボックス,,,"※リピート購入OK 商品購入 ┗単品商品：1,626円(税込)┗3本セット：1,951円(税込)",,afb
おうちの冷凍庫を、宝箱に。一流シェフ監督の宅配食【DELIPICKSお試しセット】,株式会社DELIPICKS,,,"お試しの購入完了 1,920円（税込）",,afb
がん保険の専門相談サイト【baby planet（ベビープラネット）】,株式会社レガシーワークス,,,"WEBからの初回申込後、面談完了 11,000円（税込）",,afb
就活のプロがマンツーマンでES添削・面談対策。新卒無料就活サポート【キャリアチケット】,レバレジーズ株式会社,,,"成果発生後、1日以内の本人確認完了 1,100円（税込） ※28卒成果対象外 25卒：1,100円(税込)26卒：1,100円(税込)27卒：0円(税込)28卒：0円(税込)",,afb
100％24時間消臭！デリケートゾーン専用ミスト【インナーブラン】新規商品購入,株式会社ミスミ製薬,,,"新規商品購入 1,691円（税込）",,afb
Dクリニック　AGA　来院,Dクリニック東京,,,"来院 16,922円（税込）",,afb
動画編集ソフトFilmoraでおなじみ！【Wondershare】公式ストア,Wondershare Global Limited,13462,その他 Wondershare Global Limited 動画編集ソフトFilmoraでおなじみ！【Wondershare】公式ストア,商品購入 33％（税込） アプリ以外の全製品は成果対象になります。,未提携,afb
mattoco＋,株式会社三菱UFJ国際投信,13523,株式・証券 株式会社三菱UFJ国際投信 mattoco＋,"新規Web申込後、 口座開設完了後60日以内に投資信託の購入（5,000円以上）*1*2を完了 *1 eMAXIS Slim 国内債券インデックスは、対象外とします https://app.mattoco-plus.jp/funds/561",未提携,afb
ダンディハウス パーソナルジム,株式会社シェイプアップハウス,,,"WEB申込後の来店完了 11,000円（税込）",,afb
[スマートフォン専用]相席アプリ【THE SINGLE (produce by相席屋)】1対1の相席専門店,株式会社セクションエイト,,,"女性：来店完了：2,537円(税込)",,afb
【nearMe.Airport】自宅/ホテルと空港を結ぶ次世代空港送迎サービス,株式会社NearMe,13496,旅行 株式会社NearMe 【nearMe.Airport】自宅/ホテルと空港を結ぶ次世代空港送迎サービス,"新規予約完了 1,210円（税込） 既存予約完了 550円（税込） ※既存予約につきましては、 新規の価格で発生致しますが、金額変更をさせて頂きます。",未提携,afb
だれも濡らさない傘【NURASAN】快適ミニマルバッグ【QUICK PACK】商品購入｜NIGオンラインストア,合同会社NIG,,,商品購入 20.24％（税込） ※リピート購入OK,,afb
60秒で完了！泡洗顔×ミスト化粧水 ミニマルスキンケア【LOGIC（ロジック】,株式会社パーク,13393,スキンケア 株式会社パーク 60秒で完了！泡洗顔×ミスト化粧水 ミニマルスキンケア【LOGIC（ロジック】,"初回購入 1,691円（税込） ※ポイント付与上限：商品単価の35％まで ※定期コースは成果対象外となりますのでご注意ください",未提携,afb
【OROS JAPAN】宇宙服に使用する素材「エアロゲル」を応用！-40℃まで対応する地上最暖ウェア,株式会社エクセルリビング,13300,メンズファッション 株式会社エクセルリビング 【OROS JAPAN】宇宙服に使用する素材「エアロゲル」を応用！-40℃まで対応する地上最暖ウェア,初回購入 11％（税込） ※ポイント付与上限：購入額の10％まで,未提携,afb
【iHerb（アイハーブ）】良質サプリからオーガニック食品・自然派コスメまで,"iHerb, LLC.",,,商品購入 4.18％（税込） ※リピート購入OK,,afb
三菱UFJ eスマート証券 FX（旧：auカブコムFX）口座開設プロモーション,auカブコム証券株式会社,,,"新規証券口座申込完了後、60日以内に三菱UFJ eスマート証券 FX（旧：auカブコムFX）において新規取引数量20万通貨以上 7,700円（税込）(FX口座・申込日から60日以内) ※米ドル/円およびユーロ/米ドルは新規取引のカウント対象",,afb
ITフリーランスの案件多数！【エンジニアスタイル】,ボスアーキテクト株式会社,,,"新規会員登録 6,768円（税込） ・広告主新規（当広告主を初めて利用する方） ・WEB経由での会員登録後、 7日以内の本人確認 ・東京・神奈川・千葉・埼玉からの申込（リモートワーク希望は応相談） ・20歳〜49歳の方の申込",,afb
パパ活サイトPatrona（パトローナ）女性無料/男性定額使い放題！,株式会社ジーク,,,"【男性】会員登録後、クレジットカード決済完了 2,200円（税込） 【女性】会員登録後、年齢認証完了：1,100円(税込)",,afb
国産限定のカニ通販サイト【カニ通販.com】,株式会社ADrim,13390,食品・産直品 株式会社ADrim 国産限定のカニ通販サイト【カニ通販.com】,商品購入 10.12％（税込） ※リピート購入も成果対象,未提携,afb
ニキビケア化粧品の【proactiv（プロアクティブ）】,ザ・プロアクティブカンパニー株式会社,,,"定期コース初回購入 3,722円（税込）",,afb
旅行カタログギフト【EXETIME(エグゼタイム)】,株式会社ユナイテッドスペース,13408,ショッピングモール 株式会社ユナイテッドスペース 旅行カタログギフト【EXETIME(エグゼタイム)】,カタログギフト購入完了 7.7％（税込）,未提携,afb
極暖 裏起毛タイプ【GLAMOROUSPATS HEAT SLIM（グラマラスパッツ ヒートスリム）】,株式会社YB-LAB.,,,"購入後、入金確認完了 3,383円（税込） ※リピート購入OK",,afb
国内最大級の品揃え！マンガをお得に読める【Amebaマンガ】,株式会社サイバーエージェント,,,"初回1,100円（税込）以上のマンガ購入 110円（税込）",,afb
ヒゲ脱毛・メンズ医療脱毛なら男性専門【メンズルシア】,メンズルシアクリニック,,,"WEB申込後、初回来院 11,000円（税込） 【ポイントサイトの場合】 成果地点：135,520円（税込）以上の契約 成果報酬：16,500円（ネット・税抜） ポイント上限：11,000円 ▼却下条件 虚偽、重複、申込不備、来院予約キャン",,afb
暗号資産CFDサービス【みんなのコイン】,トレイダーズ証券株式会社,,,"新規取引完了 11,000円（税込）",,afb
シューズブランド【ドクターマーチン】販売プロモーション,ドクターマーチン・エアウエア ジャパン株式会社,13443,メンズファッション ドクターマーチン・エアウエア ジャパン株式会社 シューズブランド【ドクターマーチン】販売プロモーション,商品購入完了 4.18％（税込）,未提携,afb
【美容皮膚科専門　エルムクリニック　アートメイク・糸リフト】,エルムクリニック,,,"新規WEB予約後の来院完了 2,961円（税込） 成果対象外：岡山院、熊本院、表参道院、大阪院からの成果 糸リフト：5,922円(税込)",,afb
プロが選んだ愛用したいシャンプーNo.1【b.ris】オーガニック炭酸シャンプー,tellas株式会社,,,"初回購入 1,100円（税込）",,afb
Dクリニック D-BROW メンズアートメイク,Dクリニック東京,,,"来院 11,000円（税込）",,afb
【mamari（ママリ）】＜パパ/プレパパ向け＞プレゼントキャンペーン,Connehito株式会社,,,キャンペーン応募 253円（税込）,,afb
全身ぷるんと美白ケア！【CO ホスピピュア】,株式会社シーオーメディカル,14740,スキンケア 株式会社シーオーメディカル 全身ぷるんと美白ケア！【CO ホスピピュア】,"初回商品購入 1,289円（税込）",未提携,afb
祝結婚！豪華プレゼントが当たる、新生活応援キャンペーン【カラダノート】,株式会社カラダノート,14685,マタニティー・ベビー 株式会社カラダノート 祝結婚！豪華プレゼントが当たる、新生活応援キャンペーン【カラダノート】,キャンペーン初回応募完了 321円（税込）,未提携,afb
【年金・貯蓄の無料相談サイト　ガーデン】,株式会社Global8,,,"WEB申込後、新規面談完了 12,691円（税込）",,afb
国産豚プラセンタ純末100mg配合【COうるおい女神プラセンタドリンク】,株式会社シーオーメディカル,,,"新規商品購入 3,520円（税込） ポイント付与上限：購入額の20％まで",,afb
もう2度と思春期ニキビに悩まない。薬用オールインワンミスト【imu milk（イミュミルク）】,株式会社prisma,,,"初回購入 1,437円（税込）",,afb
大容量＆高品質 クリニックまつ毛美容液【CO ロングラッシュザリッチ】初回購入,株式会社シーオーメディカル,15222,ボディケア 株式会社シーオーメディカル 大容量＆高品質 クリニックまつ毛美容液【CO ロングラッシュザリッチ】初回購入,"商品購入 1,268円（税込）",未提携,afb
保険の無料相談サイト「ガーデン」,株式会社Global8,,,"面談完了 12,691円（税込）",,afb
【afb限定】新幹線のお得なツアー・旅行は【JR東海ツアーズ】,株式会社ジェイアール東海ツアーズ,13754,旅行 株式会社ジェイアール東海ツアーズ 【afb限定】新幹線のお得なツアー・旅行は【JR東海ツアーズ】,WEB予約後、利用確認 1.65％（税込） ※リピートOK,未提携,afb
妊婦さんのための医療保険相談「ガーデン」,株式会社Global8,,,"WEB申込後、本人確認 10,153円（税込）",,afb
【カラダノート】ママさん・妊婦さん限定！全員＆応募プレゼントキャンペーン＜バーバパパ＞,株式会社カラダノート,13602,マタニティー・ベビー 株式会社カラダノート 【カラダノート】ママさん・妊婦さん限定！全員＆応募プレゼントキャンペーン＜バーバパパ＞,キャンペーン初回応募完了 330円（税込）,未提携,afb
安心して続けられるAGA治療【AGAヘアクリニック】,医療法人社団則由会,13267,美容外科（メンズ） 医療法人社団則由会 安心して続けられるAGA治療【AGAヘアクリニック】,"WEBからの診察予約後、来院 6,768円（税込）",未提携,afb
タブレットで学ぶ幼児・小学生・中学生向け通信教育【スマイルゼミ】資料請求,株式会社ジャストシステム,,,資料請求 660円（税込）,,afb
話題の成分NMNをお得な価格で！【FIRSTSELECT（ファーストセレクト）NMN】,株式会社ワンパレット,,,"新規商品購入 4,145円（税込）",,afb
業界最大手！屈指の高額買取【中古トレカ通販・買取サイトカーナベル】,カーナベル株式会社,13135,買取 カーナベル株式会社 業界最大手！屈指の高額買取【中古トレカ通販・買取サイトカーナベル】,"4000円以上の買取完了(リピートは月5回まで有効) 1,650円（税込）",未提携,afb
【Re:Bloom（リブルーム）】NMNの複合アプローチで若々しく弾む毎日を,株式会社ワンパレット,,,"新規商品購入 4,145円（税込）",,afb
＜医薬部外品＞韓国で人気のマスク荒れ・肌荒れ対策クリーム【フレイスラボ シカクリーム】,株式会社フレイスラボ,,,"定期コース初回購入 2,200円（税込）",,afb
モテるプロフ写真を撮ろう！マッチングアプリ専門プロフ撮影サービス【Photojoy】,株式会社アルファブル,13295,結婚相談・婚活 株式会社アルファブル モテるプロフ写真を撮ろう！マッチングアプリ専門プロフ撮影サービス【Photojoy】,"新規申込後、撮影完了 2,537円（税込）",未提携,afb
【キッズライン】家事代行の求人・仕事の無料登録説明会,株式会社キッズライン,,,"WEB申込後、説明会参加 2,537円（税込） ※友達招待コードを利用した申込は却下となります(2022.1.31~)",,afb
【キッズライン】ベビーシッターの求人・仕事の無料登録説明会,株式会社キッズライン,,,"WEB申込後、説明会参加 2,537円（税込） ※友達招待コードを利用した申込は却下となります(2022.1.31~)",,afb
＜医薬部外品＞塗るだけでシワが改善する【リンクルクリーム VB】,株式会社フレイスラボ,,,"初回購入 2,200円（税込）",,afb
結婚相談所比較サイト【婚活Lead】,東晶貿易株式会社,13209,結婚相談・婚活 東晶貿易株式会社 結婚相談所比較サイト【婚活Lead】,"初回一括資料請求 4,230円（税込）",未提携,afb
【mamari（ママリ）】＜プレママ・ママ・パパ限定＞プレゼントキャンペーン,Connehito株式会社,,,キャンペーン応募 ※上限件数有り※ 253円（税込）,,afb
【カラダノート】ママさん・妊婦さん限定！全員＆応募プレゼントキャンペーン,株式会社カラダノート,13166,マタニティー・ベビー 株式会社カラダノート 【カラダノート】ママさん・妊婦さん限定！全員＆応募プレゼントキャンペーン,キャンペーン応募完了 374円（税込）,未提携,afb
国産フレッシュドッグフード【ペトコトフーズ(PETOKOTO FOODS)】,株式会社PETOKOTO,13159,動物・ペット 株式会社PETOKOTO 国産フレッシュドッグフード【ペトコトフーズ(PETOKOTO FOODS)】,"新規商品購入 2,200円（税込）",未提携,afb
【LOVENSE（ラブンス）】アダルトグッズのECサイト,"HYTTO PTE.LTD.,",,,初回購入 11％（税込） blast：4.22％（税込）,,afb
白髪ケアカラートリートメント【DayRalColor（デイラルカラー）】,株式会社ユーピーエス,,,初回購入 845円（税込）,,afb
Webエンジニア就職に強いプログラミングスクール【RUNTEQ（ランテック）】,株式会社RUNTEQ,,,"無料カウンセリングの参加：16,500円（税込） 入学：33,000円（税込） ※管理画面上の発生成果は、すべて”無料カウンセリングの参加”の報酬で発生しますが 月末に入学確認をした成果は金額変更させていただきます。",,afb
【afb限定】【afb独占】※1年間売上比例継続報酬有り※ デジタル資産NFTを簡単に発行　【HEXA（ヘキサ）】　入金完了,メディアエクイティ株式会社,,,登録完了後、NFT購入入金（決済）完了 3.3％（税込） ※成果発生は購入入金（決済）完了後のタイミングとなります。 ※同一アカウントからの販売の成果対象期間はSNSアカウント認証から1年間です。 ※同一アカウント以外の販売は、それぞれのア,,afb
"取引実績月間15,000件以上！圧倒的な品揃え！【中古トレカ通販サイトカーナベル 】",カーナベル株式会社,,,"購入完了 ※リピートOK ・新規購入 1,100円（税込） ・リピート購入 220円（税込）",,afb
筋膜リリース×パーソナルトレーニング【GYM CUBE（ジムキューブ）】,株式会社Mighty Futurez,,,"WEB予約後、初回来店 8,461円（税込）",,afb
AI写真編集ソフト【Luminar（ルミナー）】,Skylum Software,13217,その他 Skylum Software AI写真編集ソフト【Luminar（ルミナー）】,初回購入 21.15％（税込） ※0円の商品を購入した際も成果発生いたしますが、却下として確定させていただきます、 Aperty Monthly Subscription：55％（税込）Aperty Sale：16.92％（税込）Apert,未提携,afb
学資保険の無料相談サイト「ガーデン」,株式会社Global8,,,"WEB申込後、新規面談完了 12,691円（税込）",,afb
ディズニー公式動画配信サービス【Disney+（ディズニープラス）】,ウォルト・ディズニー・ジャパン株式会社,,,"【※要ご確認※】 2025年9月1日より成果報酬単価・条件が変更となります。 〇変更後通常報酬金額 2025年9月1日～ WEB登録後、有料サブスクリプション購入 ポイント付与上限：1,000円まで 年額会員：0円(税込)プレミアム年額：2",,afb
料金を気にせずピュアウォーターを使える次世代ウォーターサーバー【OCEAN】,株式会社アスター,13228,ウォーターサーバー 株式会社アスター 料金を気にせずピュアウォーターを使える次世代ウォーターサーバー【OCEAN】,"新規WEB申込後、設置完了 18,615円（税込）",未提携,afb
ExpressVPN（エクスプレスVPN）,Express VPN International Ltd.,,,"初回購入 1,210円（税込）",,afb
当日予約や定期利用にも！家事代行サービス【キッズライン】,株式会社キッズライン,13257,その他 株式会社キッズライン 当日予約や定期利用にも！家事代行サービス【キッズライン】,"WEB申込後、決済完了 2,537円（税込） ※ポイント付与上限：800円まで",未提携,afb
＜高報酬！SelfB申込も可！＞自宅の駐車場をスマホ1つで簡単貸し出し【特P】,株式会社アース・カー,13259,車検・車買取査定・購入 株式会社アース・カー ＜高報酬！SelfB申込も可！＞自宅の駐車場をスマホ1つで簡単貸し出し【特P】,"WEB申込後、60日以内のオーナー登録審査完了 5,500円（税込）",未提携,afb
＜入会金・月会費0円＞おトクがいっぱいのカーシェア【EARTHCAR（アースカー）】,株式会社アース・カー,13261,車検・車買取査定・購入 株式会社アース・カー ＜入会金・月会費0円＞おトクがいっぱいのカーシェア【EARTHCAR（アースカー）】,WEBより会員登録後、55日以内の利用完了 ご利用額の8.8％（税込）,未提携,afb
＜超高CVR！＞毎月200万人以上が使う駐車場予約サービス【特P】,株式会社アース・カー,13260,車検・車買取査定・購入 株式会社アース・カー ＜超高CVR！＞毎月200万人以上が使う駐車場予約サービス【特P】,WEB会員登録後、30日以内の初回利用 ご利用額の7.7％（税込）,未提携,afb
ストレッチピラティス専門店【WECLE（ウィークル）】,株式会社nobitel,,,"来店 2,537円（税込）",,afb
女性向けパーソナルトレーニングジム【Runway】,株式会社Send Feelings,,,"会員登録後、新規入会 22,000円（税込）",,afb
外資系・グローバル企業への転職なら【en world(エンワールド)】,エンワールド・ジャパン株式会社,,,"コンサルタントとの新規面談完了 6,768円（税込）",,afb
月額445円～！オンラインセキュリティー【NordVPN（ノードVPN）】,Nordvpn S.A,,,新規サービス申込 44％（税込）,,afb
クラッシュゼリータイプのニキビ用洗顔【imu jelly（イミュゼリー）】,株式会社prisma,,,"新規購入 1,437円（税込）",,afb
パーソナルトレーニングなら【エビジム】,クルル株式会社,,,"WEB申込後、初回来店 8,461円（税込）",,afb
【afb限定】NFTゲーム【Sorare（ソラーレ）】ファンタジースポーツ（FOOTBALL、MLB、NBA）,SORARE SAS,,,①会員登録完了：83円(税込) ②登録したユーザーによる商品購入：10.45％（税込） ※会員登録から1年以内に商品購入があった場合は、全て成果対象 baseball：10.45％（税込）basketball：10.45％（税込）footb,,afb
スチールラック・メタル製ラック販売数No.1！ルミナス・エレクターラック専門店【パーフェクトスペース】,通販ドットTOKYO株式会社,13124,家具・インテリア 通販ドットTOKYO株式会社 スチールラック・メタル製ラック販売数No.1！ルミナス・エレクターラック専門店【パーフェクトスペース】,商品購入 4.18％（税込） ※リピート購入OK,未提携,afb
デリケートゾーンにお悩みの方へインティメイトケア【laugh(ラフドット)】 新規商品購入,株式会社laugh.,,,"新規商品購入 3,300円（税込）",,afb
【nosh-ナッシュ】新規購入完了プロモーション,ナッシュ株式会社,,,"新規購入完了 2,750円（税込）",,afb
【RUNTEQ（ランテック）】Python × AIコース,株式会社RUNTEQ,,,"WEBからの初回予約後 ┗無料カウンセリング参加 16,500円（税込） ┗入学：33,000円(税込) ※全て【無料カウンセリング参加】の報酬額で発生しますが 入学を確認出来た成果は 月末に【入学】の報酬額へ変更させていただきます",,afb
体の疲れを癒すリラクゼーション機器＆美容家電ブランド【NIPLUX（ニップラックス）】,株式会社日創プラス,16386,ボディケア 株式会社日創プラス 体の疲れを癒すリラクゼーション機器＆美容家電ブランド【NIPLUX（ニップラックス）】,商品購入 11％（税込） ※リピート購入OK ※ポイント付与上限：購入額の10％まで,未提携,afb
思春期ニキビ用ゼリー洗顔【imu Drop（イミュドロップ）】,株式会社prisma,,,"初回購入 1,437円（税込）",,afb
自宅ではじめるオンラインパーソナルトレーニング【Fitness Space Runway（フィットネススペースランウェイ）】,株式会社Send Feelings,,,"WEBからの新規申込後、入会完了 5,500円（税込）",,afb
全世帯対象！毎月の電気代をおトクに！【リミックスでんき】,株式会社リミックスポイント,,,"新規利用開始 4,400円（税込）",,afb
学研のオンライン英会話【kimini】,株式会社Glats,,,"無料体験 初回登録（クレジットカード登録） 3,045円（税込）",,afb
着る「24時間サウナ」【HEATTRAP（ヒートラップ）Tシャツ】,株式会社青成堂,,,"商品購入 4,483円（税込） ※リピート購入OK",,afb
【ペロリコドッグフード アレカット】完食ペロリな低アレルゲンドッグフード,株式会社レティシアン,14628,動物・ペット 株式会社レティシアン 【ペロリコドッグフード アレカット】完食ペロリな低アレルゲンドッグフード,"新規顧客様からの初回購入 4,356円（税込）",未提携,afb
まつ毛美容液【MABAYUKI -マバユキ-】,株式会社AND THE SOIL,,,"定期コース初回購入 1,268円（税込） ※電話ルートでの申込は成果発生致しません",,afb
包茎治療【ファイヤーメンズクリニック】,ファイヤークリニック,,,"WEB予約後の来院完了 16,922円（税込）",,afb
各職種に精通したコンサルタントがサポート【LHH転職エージェント】,アデコ株式会社,,,"無料会員登録申込完了後のメール認証完了 3,663円（税込）",,afb
スマホ管理ツール【mSpy（エムスパイ）】,ALTERCON GROUP s.r.o.,,,"有料プランへの登録完了 3,630円（税込） ポイント付与上限：1,000円分まで",,afb
【予算上限あり】メンズ脱毛専門クリニックなら信頼の施術で評判の【ダビデクリニック新宿】,ダビデクリニック新宿,,,"WEBからの来院予約後、初回来店 5,922円（税込）",,afb
子供服のUSEDファッションサイト【キャリーオン】,株式会社カイタックファミリー,13000,マタニティー・ベビー 株式会社カイタックファミリー 子供服のUSEDファッションサイト【キャリーオン】,初回購入 25.3％（税込）,未提携,afb
訳あり商品をお得に購入！【ロスオフ】商品購入プロモーション,株式会社バトラ,13001,食品・産直品 株式会社バトラ 訳あり商品をお得に購入！【ロスオフ】商品購入プロモーション,商品購入 1.1％（税込） ※リピート購入OK,未提携,afb
たっぷり30GB【ahamo(アハモ)】新規回線開通,株式会社NTTドコモ,,,"新規回線開通完了 新規・MNP成果のみ 3,300円（税込）",,afb
ポストに届くお花の定期便【Bloomee ブルーミー】,株式会社Crunch Style,,,"・新規ユーザーによるWEB申込後、30日以内の1回目の支払完了時点 ・体験プラン、レギュラープラン、プレミアムプランの申込 1,870円（税込）",,afb
【BeYourLover】ラブグッズ・大人のおもちゃ通販ショップ,株式会社BEYOURLOVER,13033,成人向け商品 株式会社BEYOURLOVER 【BeYourLover】ラブグッズ・大人のおもちゃ通販ショップ,商品購入 16.5％（税込） ※リピート購入OK ※ポイント付与上限：商品単価の10％まで,未提携,afb
＜黒石奈央子監修＞日本発！電動アイクリーム【LOWANステムアイクリーム】,株式会社LOWAN,,,"初回購入 4,230円（税込）",,afb
大人かわいいプチプラアクセサリー通販ブランド【ChooMia（チュミア）】,PerCoRe合同会社,13053,眼鏡・時計・小物 PerCoRe合同会社 大人かわいいプチプラアクセサリー通販ブランド【ChooMia（チュミア）】,商品購入 11％（税込） ※リピート購入OK ※ポイント付与上限：購入額の10％まで,未提携,afb
【ZEN GOLF RANGE】インドアゴルフで劇的スコア＆フォーム改善。超高精度データ計測＆分析が出来る！,ツリーベル株式会社,,,"WEB申込後、体験レッスン完了 8,461円（税込）",,afb
完全マンツーマンの英会話スクール【MeRISE英会話（ミライズ）】,MeRISE株式会社,,,"WEB申込後、体験レッスン完了 ┗コース未定 5,500円（税込） ┗コーチング：5,500円(税込)┗通学英会話：5,500円(税込)┗オンライン英会話：5,500円(税込)",,afb
発音専門のオンライン英語コーチング【ハツオン】,MeRISE株式会社,,,"WEB申込後、無料体験レッスン完了 11,000円（税込）",,afb
こころ整骨院・整体院/ココロカラダメディカル,株式会社givers,13069,ボディケア 株式会社givers こころ整骨院・整体院/ココロカラダメディカル,"WEB予約後、初回来院 2,961円（税込） ※初回受診が成果対象であるため、 「初診」「初回」などの記載が無いコースを選択された場合は成果発生致しません。 「お怪我をされた方はこちら（転んだ、打った、捻った等）」 「2回目以降の方はこちら",未提携,afb
【産直お取り寄せＮセレクト】,データトレード株式会社,13073,食品・産直品 データトレード株式会社 【産直お取り寄せＮセレクト】,商品購入完了 4.07％（税込）,未提携,afb
オンラインフィットネス【mamaトレ】,株式会社Send Feelings,,,"会員登録後、新規入会 5,500円（税込）",,afb
シワ改善・美白を叶える薬用美容液ファンデーション【qiolo-キオロ-】,株式会社AND THE SOIL,,,"初回購入 1,268円（税込）",,afb
女性のニオイケア専用石鹸【BANANA LEAF（バナナリーフ）】新規商品購入,cocci株式会社,,,"新規商品購入 1,691円（税込）",,afb
【ピュアリオ歯科】自宅で簡単にできるマウスピース矯正「インビザライン」,医療法人ピュアスマイル,,,"WEB予約後、初回来院 22,380円（税込） 成果承認対象医院は【田町三田院】のみとなります",,afb
【ペロリコドッグフード ライト】低カロリーと美味しさを叶えたプレミアムケアドッグフード,株式会社レティシアン,12894,動物・ペット 株式会社レティシアン 【ペロリコドッグフード ライト】低カロリーと美味しさを叶えたプレミアムケアドッグフード,"新規顧客様からの初回購入 3,300円（税込）",未提携,afb
日本全国の資格・講座一括資料請求【BrushUP学び】,株式会社パセリ,,,初回資料請求 845円（税込）,,afb
フィットネスインフルエンサー「エドワード加藤」プロデュースのプロテイン【protein-LYFT】,株式会社LYFT,12918,筋肉サプリ・プロテイン 株式会社LYFT フィットネスインフルエンサー「エドワード加藤」プロデュースのプロテイン【protein-LYFT】,初回購入 880円（税込）,未提携,afb
目元とまつ毛を1本でケアできるまつ毛美容液【jumel-ジュメル-】,株式会社AND THE SOIL,,,"定期コース初回購入 1,268円（税込） ※電話ルートでの申込は成果発生致しません",,afb
オンラインで東大生が指導【東大毎日塾】,株式会社スタディクラウド,,,"無料体験参加完了 8,461円（税込）",,afb
浮気調査のご相談は【総合探偵社MJリサーチ】新規ご相談,株式会社MJリサーチ,,,"新規ご相談申し込み 11,000円（税込）",,afb
【クリーニングモンスター】（衣服）自宅から送るだけ宅配クリーニング,株式会社シルキードライ,12949,その他 株式会社シルキードライ 【クリーニングモンスター】（衣服）自宅から送るだけ宅配クリーニング,"WEB新規申込後、30日以内のクリーニング希望商品の到着 1,650円（税込）",未提携,afb
【クリーニングモンスター】（布団）宅配ふとんクリーニング,株式会社シルキードライ,13180,その他 株式会社シルキードライ 【クリーニングモンスター】（布団）宅配ふとんクリーニング,"新規顧客様からのWEB申込後、30日以内のクリーニング希望商品の到着 1,650円（税込）",未提携,afb
メンズ脱毛【レジーナクリニックオム】,レジーナクリニックオム,12761,医療脱毛（メンズ） レジーナクリニックオム メンズ脱毛【レジーナクリニックオム】,"WEBからの無料カウンセリング予約後、来院完了 11,000円（税込）",未提携,afb
水素トリートメントでサロン仕上げのホームケア【H2 ONEST（エイチツーオネスト）】,株式会社ONEST,,,"初回購入 4,400円（税込）",,afb
【メンズライフクリニック】包茎治療,メンズライフクリニック,,,"WEB申込後、初回来院 21,153円（税込）",,afb
【表参道メディカルクリニック】ピコレーザー,株式会社プレミアム,,,"WEB申込後、来店 11,845円（税込）",,afb
100％有機野菜をお届けする定期宅配サービス【ビオ・マルシェ】,株式会社ビオ・マーケット,12784,食材宅配 株式会社ビオ・マーケット 100％有機野菜をお届けする定期宅配サービス【ビオ・マルシェ】,"お試しセット申込完了 2,537円（税込）",未提携,afb
獣医師推奨！【GRANDS】無添加グレインフリーキャットフード,GRANDS株式会社,,,"初回購入2,200円（税込） ┗定期便：2,200円(税込)┗初回サンプル：2,200円(税込)",,afb
SHIFT TERAS CAMPUSプログラミングコース（旧DMM WEBCAMP学習コース）,株式会社インフラトップ,,,"新規無料体験申し込み 1,100円（税込） 新規無料相談 1,100円（税込） 契約：11,000円(税込)",,afb
塗るメンズ用フェロモン香水【LAGNET（ラグネット）】,ホーイズム株式会社,,,"初回購入 2,537円（税込）",,afb
鉄道模型買取なら全国対応の【鉄道模型高く売れるドットコム】,株式会社マーケットエンタープライズ,12720,買取 株式会社マーケットエンタープライズ 鉄道模型買取なら全国対応の【鉄道模型高く売れるドットコム】,"買取完了 ※リピートOK 2,876円（税込）",未提携,afb
楽器の高価買取は相場がすぐわかる【楽器高く売れるドットコム】,株式会社マーケットエンタープライズ,12719,買取 株式会社マーケットエンタープライズ 楽器の高価買取は相場がすぐわかる【楽器高く売れるドットコム】,"買取完了 ※リピートOK 2,537円（税込）",未提携,afb
"事務手数料無料！月間容量制限なし月額1,529円～【VisionWiMAX】",株式会社ビジョン,12593,"プロバイダ 株式会社ビジョン 事務手数料無料！月間容量制限なし月額1,529円～【VisionWiMAX】","新規顧客様のWEB申込後の開通完了 7,700円（税込）",未提携,afb
産後ママのための笑顔と元気のサプリメント【ベルタママリズム】,株式会社BELTA,,,"初回購入 2,200円（税込）",,afb
"【afb限定】【AiR-Wi-Fi】業界最安月額1,780円～！縛りなしでも最安値！",株式会社FREEDiVE,12638,"プロバイダ 株式会社FREEDiVE 【afb限定】【AiR-Wi-Fi】業界最安月額1,780円～！縛りなしでも最安値！","WEB申込後の開通完了 縛りなしプラン：1,650円(税込)縛りなし低容量プラン：1,650円(税込)縛りありプラン：3,300円(税込)縛りあり低容量プラン：1,650円(税込)",未提携,afb
【法人・事業者様向け】採用・人事担当の方の強い味方！【ドラEVER】,株式会社ドラEVER,,,"WEBからの掲載問合せ完了 8,461円（税込）",,afb
ホワイトニング歯磨きジェル【TaVaTeee（タヴァティー）】,株式会社ライフムーブ,,,"初回購入 1,100円（税込）",,afb
「鬼滅の刃特集号でカラダにいいもの対象受賞」SNSで話題爆発の【ベルミス(BELMISE)スリムタイツ】,株式会社ファストノット,,,"初回購入 1,650円（税込）",,afb
おしゃれなカーテン・インテリアが豊富な通販サイト【MUTUKI】,株式会社ハルミ,12679,家具・インテリア 株式会社ハルミ おしゃれなカーテン・インテリアが豊富な通販サイト【MUTUKI】,商品購入 4.18％（税込） ※リピート購入可 ※オプション商品分の成果報酬は後日成果追加させていただきます,未提携,afb
痩身サロン【BELINDA（ベリンダ）】,株式会社スマイルプロジェクト,,,"WEB申込後、新規来院 8,461円（税込）",,afb
【ZEUS WiFi（ゼウスワイファイ）】今だけ2980円/月～。大容量100Gの神コスパ！,株式会社HUMAN LIFE,,,"新規WEB申込後、60日以内の利用開始 ┗縛り有りプラン：5,922円(税込)┗縛り無しプラン：1,691円(税込)",,afb
【おいくら】高く売れるお店が見つかる！かんたん比較,株式会社マーケットエンタープライズ,12716,買取 株式会社マーケットエンタープライズ 【おいくら】高く売れるお店が見つかる！かんたん比較,一括査定申込 ※リピートOK 253円（税込）,未提携,afb
カメラ・レンズ高価買取なら全国対応の【カメラ高く売れるドットコム】,株式会社マーケットエンタープライズ,12718,買取 株式会社マーケットエンタープライズ カメラ・レンズ高価買取なら全国対応の【カメラ高く売れるドットコム】,"買取完了 ※リピートOK 2,876円（税込）",未提携,afb
オーディオ高価買取ならお任せください！【オーディオ高く売れるドットコム】,株式会社マーケットエンタープライズ,12717,買取 株式会社マーケットエンタープライズ オーディオ高価買取ならお任せください！【オーディオ高く売れるドットコム】,"買取完了 ※リピートOK 2,876円（税込）",未提携,afb
【afb限定】【CLOUD AiR-PAD（クラウドエアーパッド）】3キャリア繋がる法人様限定クラウドSIM型タブレット,株式会社FREEDiVE,,,"WEBからの見積申込後、新規契約 3,383円（税込） 法人：3,383円(税込)個人：3,383円(税込)",,afb
業界最大級の総合買取サービス【高く売れるドットコム】,株式会社マーケットエンタープライズ,,,買取完了 ※リピートOK 845円（税込）,,afb
圧倒的神コスパ海外専用WiFi【ZEUS WiFi for Global】,株式会社HUMAN LIFE,14943,プロバイダ 株式会社HUMAN LIFE 圧倒的神コスパ海外専用WiFi【ZEUS WiFi for Global】,"新規WEB申込後、60日以内の利用開始 1,430円（税込） ※ポイント付与上限：1300円まで",未提携,afb
ムスク香る！薬用ボディスクラブ【LAGNET BUBBLE SCRUB】,ホーイズム株式会社,,,"初回定期購入 2,537円（税込）",,afb
介護業界に特化した転職支援サービス 【レバウェル介護】,レバレジーズ株式会社,,,"無料会員登録 5,500円（税込） 正社員：5,922円(税込)その他_常勤_若年_首都圏：5,922円(税込)介護福祉士_常勤_その他_首都圏：5,922円(税込)介護福祉士_その他_その他_首都圏：5,922円(税込)その他_その他_そ",,afb
獣医師推奨！【GRANDS（グランツ）】グレインフリーのプレミアムドッグフード,GRANDS株式会社,,,"初回購入 4,230円（税込）",,afb
スマホ買取どこで売るか迷ったら【スマホ高く売れるドットコム】,株式会社マーケットエンタープライズ,,,"査定初回申込後、30日以内の買取完了 1,691円（税込）",,afb
PC/スマホを売るなら【パソコン高く売れるドットコム】,株式会社マーケットエンタープライズ,,,"査定初回申込後、30日以内の買取完了 2,537円（税込）",,afb
家電を売るなら【家電高く売れるドットコム】,株式会社マーケットエンタープライズ,,,"査定初回申込後、30日以内の買取完了 1,268円（税込）",,afb
美容機器を売るなら【美容高く売れるドットコム】,株式会社マーケットエンタープライズ,,,"査定初回申込後、30日以内の買取完了 1,268円（税込）",,afb
今までになかった医薬部外品デオドラントジェル【sinai（シナイ）】,株式会社クロコス,,,"定期コース新規購入後30日以内の入金 1,100円（税込）",,afb
ふっくら手肌を取り戻すジェルオイル【Sirojamシロジャム】定期コース新規購入,株式会社クロコス,,,"定期コース新規購入後30日以内の入金 1,100円（税込）",,afb
毛穴レス！透明素肌実感！！【mamacosmeクレンジングバーム】,株式会社ママコスメ,,,"初回購入 1,100円（税込）",,afb
探さずに出会える！パーソナライズA.I.婚活【バチェラーデート】,株式会社バチェラーデート,,,"無料登録完了 ※登録完了し、日程を選択した時点で成果対象 男性 1,538円（税込） 女性：770円(税込)男性有料：3,845円(税込)",,afb
【30日無料お試し】新作マンガも定番マンガも選び放題【コミック.jp】,株式会社エムティーアイ,,,"30日間の新規無料お試し登録 1,141円（税込）",,afb
ICL（眼内コラマーレンズ）・レーシック・白内障治療は【先進会眼科】,医療法人先進会,,,"新規申し込み 35,200円（税込）",,afb
国際基準の英語レッスンはじめよう!【Global Step Academy オンラインスクール】,株式会社GSA Online,,,"WEB体験予約後、14日以内の受講完了 3,300円（税込） ※新規ユーザーのみ対象",,afb
全国に100店舗以上あるブライダルエステ専門店【セレブリティハウス】,株式会社T2B,,,"WEB予約後、初回来店 4,653円（税込）",,afb
"《最大報酬額30,000円以上》60日間試し寝できる高級羽毛布団【和雲】",株式会社和雲,12295,"家具・インテリア 株式会社和雲 《最大報酬額30,000円以上》60日間試し寝できる高級羽毛布団【和雲】",初回購入 2.53％（税込）,未提携,afb
浮気相談の件数3万人以上！浮気調査の探偵事務所なら【ラビット探偵社】,株式会社ALL&ソリューションズ,,,"浮気調査問い合わせのオンライン申し込み 15,230円（税込） ※浮気調査以外の項目は成果対象外になります",,afb
浜名湖ウナギや三ヶ日みかんなど旬の恵みをお届けする通販サイト【浜名湖産直マーケット】,株式会社クライマワークス,12522,食品・産直品 株式会社クライマワークス 浜名湖ウナギや三ヶ日みかんなど旬の恵みをお届けする通販サイト【浜名湖産直マーケット】,商品購入 6.71％（税込） ※リピート購入成果対象 ※ポイント付与上限：商品単価の10％まで,未提携,afb
【神戸フランツ】スイーツギフトやプレゼントのオンラインショッピング,フランツ株式会社,12515,食品・産直品 フランツ株式会社 【神戸フランツ】スイーツギフトやプレゼントのオンラインショッピング,初回購入 7.48％（税込） ※ポイント付与上限：購入額の6.8％まで,未提携,afb
有機野菜・無添加食品の宅配ネットスーパー【らでぃっしゅぼーや】初回購入,らでぃっしゅぼーや_宅配ネットスーパー,12296,食材宅配 らでぃっしゅぼーや_宅配ネットスーパー 有機野菜・無添加食品の宅配ネットスーパー【らでぃっしゅぼーや】初回購入,"お試しセット初回購入 1,691円（税込）",未提携,afb
ブライダルエステの専門サロン【ヴァンベール】,株式会社ビ・メーク,12478,その他エステサロン 株式会社ビ・メーク ブライダルエステの専門サロン【ヴァンベール】,"WEB申込み後30日以内の新規来店完了 4,583円（税込）",未提携,afb
東北のお肉や牛タン・冷麺の通販サイト【やまなか家】,株式会社KYフーズ,12460,食品・産直品 株式会社KYフーズ 東北のお肉や牛タン・冷麺の通販サイト【やまなか家】,商品購入(リピート購入可) 11％（税込） ▼ポイントサイト様成果条件 新規商品購入 ※2025年6月1日～,未提携,afb
プチプラのフィットネス・ヨガウェア通販サイト【LEANY（レニー）】,株式会社ECP,12457,レディースファッション 株式会社ECP プチプラのフィットネス・ヨガウェア通販サイト【LEANY（レニー）】,商品購入後、支払い完了(リピート購入も対象です) 11％（税込）,未提携,afb
女性専門発毛治療は【スマイルAGAクリニック】,株式会社アートメディカルサービス,,,"新規WEB予約後の、来院完了 12,691円（税込）",,afb
＜環境省認定＞パソコンの無料回収（処分・廃棄）サービス【リネットジャパンリサイクル】,リネットジャパングループ株式会社,,,初回申込 385円（税込）,,afb
既卒・第二新卒・フリーターの就職を徹底サポート【ネットビジョンアカデミー】,アクサス株式会社,,,"WEB申込後、説明会参加 25,383円（税込）",,afb
夜行バス・高速バスの予約サイト【バスブックマーク】,リンクオブマインド株式会社,12439,高速バス リンクオブマインド株式会社 夜行バス・高速バスの予約サイト【バスブックマーク】,予約後、90日以内の乗車完了 3.3％（税込）,未提携,afb
クチコミ・評価で探せるふるさと納税サイト 【ふるさと納税ニッポン！】,アイハーツ株式会社,,,納税完了 337円（税込）,,afb
合宿免許の【マイライセンス】,株式会社日本教育機器販売関東,,,"WEBからの新規仮申込後、入校完了 19,230円（税込） 普通車以外（普通二輪・大型二輪・トラックなど）の入校完了 12,691円(税込) ※普通車以外の成果については、追って成果報酬金額の変更が入ります。",,afb
【高価特別単価実施中】全国店舗展開！駅前AGAクリニック,有限会社インテグラル,,,"新規顧客のWEB予約後来院完了 6,768円（税込）",,afb
小型犬の健康にこだわったやさしいドッグフード【このこのごはん】,株式会社ゆずず,,,"初回購入 1,527円（税込）",,afb
霧島天然水【のむシリカ】定期購入,株式会社Qvou,12384,その他飲料 株式会社Qvou 霧島天然水【のむシリカ】定期購入,"新規購入 3,891円（税込）",未提携,afb
美容整形・美容皮膚科【TAクリニック】,TAクリニック,,,"WEB申込後、来店完了 ※施術ごとに単価とLPが異なります※ 鼻 整形：22,845円(税込) ヒアルロン酸：16,922円(税込) クマ取り：18,615円(税込) 人中：19,883円(税込) 二重・糸リフト・豊胸：27,922円(税込",,afb
ビジネス特化型オンライン英会話【Bizmates（ビズメイツ）】,ビズメイツ株式会社,12351,語学・留学 ビズメイツ株式会社 ビジネス特化型オンライン英会話【Bizmates（ビズメイツ）】,"無料会員登録後、30日以内の体験レッスン受講完了 2,362円（税込）",未提携,afb
体型維持と健康な関節をサポートするおやつ【このこのおやつじゅれ】,株式会社ゆずず,,,"初回購入 1,527円（税込）",,afb
溶岩ホットヨガスタジオ【AMI-IDA（アミーダ）】,TSCホリスティック株式会社,14023,フィットネス TSCホリスティック株式会社 溶岩ホットヨガスタジオ【AMI-IDA（アミーダ）】,"WEBからの体験レッスン予約後、入会 7,856円（税込）",未提携,afb
デリケート肌にも使える妊娠線クリーム【mitera organics】,natural tech株式会社,12691,マタニティー・ベビー natural tech株式会社 デリケート肌にも使える妊娠線クリーム【mitera organics】,"初回購入 2,115円（税込） mitera単品購入：2,115円(税込)miteramamaru：2,115円(税込)",未提携,afb
【絵本のサブスク】お子様にあった中古絵本を毎月3冊お届け！,株式会社ADrim,,,"入会完了 1,691円（税込）",,afb
IGA LAB　ドクターズコスメで毛穴対策スキンケア【ENRICH C SERUM(エンリッチCセラム)】,株式会社Cosmee,,,"初回購入 2,200円（税込）",,afb
【もつ鍋一藤】100年続くもつ鍋。目指したのは、心に残るもつ鍋,Small company株式会社,12271,食品・産直品 Small company株式会社 【もつ鍋一藤】100年続くもつ鍋。目指したのは、心に残るもつ鍋,商品購入 10.12％（税込）,未提携,afb
東京・大阪・名古屋のハウス・エアコンクリーニングは【ハートクリーニング】,株式会社DIC,12153,その他 株式会社DIC 東京・大阪・名古屋のハウス・エアコンクリーニングは【ハートクリーニング】,"初回申込完了後、作業完了 1,691円（税込） ※ポイントサイト：初回申込完了後、作業完了 1,691円(税込) （ポイント付与上限：なし）",未提携,afb
GMOインターネットグループが運営する美容・医療のチケット購入サービス【KIREIPASS（キレイパス）】,GMOくまポン株式会社,12081,美容整形 GMOくまポン株式会社 GMOインターネットグループが運営する美容・医療のチケット購入サービス【KIREIPASS（キレイパス）】,"11,000円（税込）未満のチケット購入の場合：チケット初回購入 845円(税込) 11,000円（税込）以上のチケット購入の場合：チケット初回購入 3,383円(税込) ※月末に単価の変更をいたします。 ※デフォルトは、845円(税込)で",未提携,afb
一般英会話・ビジネス英会話・子ども英会話　全国にスクールを持つ【ECC外語学院】,株式会社ECC,,,"無料体験レッスンの受講完了 7,691円（税込） 下記で上がった場合は月末に単価変更いたします。 <他言語> ・中国語 ・韓国語 ・フランス語 ・イタリア語 ・スペイン語 ・ドイツ語 通常報酬：2,563円(税込)※2021年3月発生成果か",,afb
＜キャッシュバック用＞工事のいらないおうちのWiFi【モバレコAir】,株式会社グッド・ラック,,,"WEB申込後、新規開通完了 6,600円(税込) 【新規提携パートナー報酬アップキャンペーン実施中】 ※2021/6/30までに新規提携のパートナーが対象！",,afb
宅配クリーニング【フランス屋】,株式会社フランス屋本部,12118,その他 株式会社フランス屋本部 宅配クリーニング【フランス屋】,"★報酬アップキャンペーン実施中★ ご注文完了 2,200円（税込） ※2026年6月30日まで ※初回注文のみ ※5点パックは成果対象外",未提携,afb
芸能人ご用達！パーソナルジム・プライベートジムなら【BEYONDビヨンド】,株式会社EDWARD,12119,フィットネス 株式会社EDWARD 芸能人ご用達！パーソナルジム・プライベートジムなら【BEYONDビヨンド】,"WEBからの無料カウンセリング予約後の新規入会完了 28,600円（税込） ▼ポイントサイト用 ⼊会後、返⾦保証期間終了まで（約30日前後） 44,000円(税込)",未提携,afb
初期費用0円、月額費用2980円～スマホの結婚相談所【naco-do】,株式会社いろもの,,,"新規面談予約 2,115円（税込） ※ポイントサイト様は除く 資料請求：686円(税込)",,afb
除毛しながらくすみ吸着！輝くツルピカ肌へ！【ケトリーム】,株式会社ファーストフレンズ,,,"初回購入 1,691円（税込）",,afb
[スマートフォン_LINE登録]プロにおまかせ、自宅で試着。【DROBEドローブ】,株式会社DROBE,12134,レディースファッション 株式会社DROBE [スマートフォン_LINE登録]プロにおまかせ、自宅で試着。【DROBEドローブ】,"初回申込 1,650円（税込） ※ポイントサイトは２回目利用完了 （初回決済完了後、4ヶ月以内に2回目のBOXの受け取りを完了）",未提携,afb
＜機能性表示食品＞海外で730万個販売！ 健康リスクに備えるコレステロール対策サプリ【レイデルポリコサノール10】,株式会社レイデルジャパン,12143,その他健康食品 株式会社レイデルジャパン ＜機能性表示食品＞海外で730万個販売！ 健康リスクに備えるコレステロール対策サプリ【レイデルポリコサノール10】,"初回購入 2,200円（税込）",未提携,afb
挫折させないマンツーマン英会話【ロゼッタストーン・ラーニングセンター】,株式会社リンクアカデミー,,,"・広告主新規（当広告主を初めて利用する方） ・WEBより資料請求・無料体験申込後、90日以内の入会 5,720円（税込）",,afb
200万人の教授実績から生まれたECC独自の学習プログラムに基づく体感レッスン【ECCキッズ】,株式会社ECC,,,"■テーブル制報酬のお知らせ 11月の発生成果から、下記テーブル制を適用させていただきます。 〈変更前〉※2020年10月末日まで 見学説明会予約のWEB申し込み後、来校確認 2,563円（税込） ↓↓↓↓ 〈変更後〉※2020年11月1日～",,afb
本気で話したい方向けの英会話教材【JJ ENGLISHエクササイズ】,株式会社JJイングリッシュ社,12176,学習教材 株式会社JJイングリッシュ社 本気で話したい方向けの英会話教材【JJ ENGLISHエクササイズ】,"商品購入 5,922円（税込） ※ポイント付与上限：商品単価の3％まで 通常盤版：5,922円(税込)DL版：1,691円(税込)",未提携,afb
＜医薬部外品＞男のシワの悩みにオールインワンジェル【オリンプル】,株式会社ユーピーエス,,,"初回購入 1,691円（税込）",,afb
らでぃっしゅぼーやの【おせち】新規商品購入,オイシックス・ラ・大地株式会社(らでぃっしゅぼーや),12229,食品・産直品 オイシックス・ラ・大地株式会社(らでぃっしゅぼーや) らでぃっしゅぼーやの【おせち】新規商品購入,"おせち商品新規購入 2,115円（税込） ポイント付与上限：商品単価の20％まで",未提携,afb
授業がある通信教育！？【東進オンライン学校 小学部・中学部】,株式会社ナガセ,,,"資料請求 1,100円（税込）",,afb
"水道水がミネラル水素水に。月定額3,980円のウォーターサーバー【アクアバンク】",株式会社明和堂,12239,"ウォーターサーバー 株式会社明和堂 水道水がミネラル水素水に。月定額3,980円のウォーターサーバー【アクアバンク】","WEB申込（クレジット決済） 8,000円（税込）",未提携,afb
美容サプリ【Exchange＋(エクスチェンジ) 】,株式会社ストリ,,,"定期コース初回購入 1,015円（税込）",,afb
自宅で気軽に楽しめる出張シェフサービス【シェフくる】,株式会社サックル,12248,食品・産直品 株式会社サックル 自宅で気軽に楽しめる出張シェフサービス【シェフくる】,"予約／コンシェルジュ（問い合わせ）完了 2,537円（税込） 2022年12月1日から下記に変更になります。 予約完了 2,537円（税込）",未提携,afb
妊活期向け和漢素材配合の葉酸サプリ【mitas（ミタス）】,natural tech株式会社,12257,葉酸・妊活 natural tech株式会社 妊活期向け和漢素材配合の葉酸サプリ【mitas（ミタス）】,"初回商品購入 2,115円（税込） ポイント付与上限：500円分まで eyepa：2,537円(税込)mamaco 定期便：2,115円(税込)mamaru 定期便：2,115円(税込)mitas for men 定期便：2,115円(税込",未提携,afb
妊娠期向け葉酸サプリ【mamaru(ママル)】,natural tech株式会社,12258,葉酸・妊活 natural tech株式会社 妊娠期向け葉酸サプリ【mamaru(ママル)】,"初回商品購入 2,115円（税込） ポイント付与上限500円分まで eyepa：2,537円(税込)mamaco単品購入：2,115円(税込)mamaru単品購入：2,115円(税込)mfm：2,115円(税込)mitas単品購入：2,11",未提携,afb
愛犬の健康を第一に考えたプレミアムドッグフード【安心犬活】,株式会社ライフワン,12261,動物・ペット 株式会社ライフワン 愛犬の健康を第一に考えたプレミアムドッグフード【安心犬活】,"新規商品購入 1,100円（税込）",未提携,afb
美容外科クリニック開発　脂肪吸引の術後専門コスメ【DT（ダウンタイム）】,THE CLINIC,12057,ボディケア THE CLINIC 美容外科クリニック開発 脂肪吸引の術後専門コスメ【DT（ダウンタイム）】,"商品購入(リピート購入可) ボディークリーム：3,300円(税込)ボディーローション：3,300円(税込)DT BODY CARE SET：6,600円(税込)",未提携,afb
【Trip Wifi】業界史上初！端末さえあれば基本料金無料で国内外どこでも好きな時に使えるお手軽WiFi,ギミット株式会社,12042,プロバイダ ギミット株式会社 【Trip Wifi】業界史上初！端末さえあれば基本料金無料で国内外どこでも好きな時に使えるお手軽WiFi,"新規顧客様の端末購入完了 2,750円（税込）",未提携,afb
母乳の栄養補給と育児の体調ケアに。産後のお悩みをサポート【mamaco(ママコ)】,natural tech株式会社,,,"初回購入 3,383円（税込） eyepa：2,537円(税込)mamaco単品購入：2,115円(税込)mamaru単品購入：2,115円(税込)mfm：2,115円(税込)mitas単品購入：2,115円(税込)mitera-femin",,afb
【おもちゃのサブスク】子どもの成長に合わせて知育玩具を定期レンタル！！！,株式会社ADrim,,,"新規ユーザーによる契約完了 2,750円（税込）",,afb
ECCこども専門オンラインレッスン【eccオンラインKids】,株式会社ECC,,,"新規登録後,体験レッスン受講完了 1,920円（税込） ※大人成果の場合、2,563円（税込）",,afb
オンライン英会話なら、リーズナブルにどこからでも学べる【ECCオンラインレッスン】,株式会社ECC,,,"新規登録後、体験レッスン受講完了(大人） 2,563円（税込） ※子ども成果の場合、1,920円（税込）",,afb
10秒で、洗顔の常識が変わる。 毛穴メラニンに働きかける 新・ブラシ洗顔。【SHIKARI BRIGHTENING WASH】,株式会社長寿乃里,,,"定期コース初回購入 1,691円（税込）",,afb
ハートクリーニングの【ハウスクリーニング】,株式会社DIC,13454,その他 株式会社DIC ハートクリーニングの【ハウスクリーニング】,"初回申込 2,537円（税込）",未提携,afb
「知力健康」のための、オールインワンサプリメント【Rimenba（リメンバ）】,natural tech株式会社,13394,その他健康食品 natural tech株式会社 「知力健康」のための、オールインワンサプリメント【Rimenba（リメンバ）】,"初回購入 2,537円（税込） ※ポイント付与上限：商品単価の30％まで（1,194円（税抜）） rimenba単品購入：2,537円(税込)Rimenba2ヶ月コース：2,537円(税込)rimenba-eyepaセット購入：5,075円",未提携,afb
"妊活経験者2,000名の声から生まれた男性向け妊活サプリ【mitas for men（ミタスフォーメン）】",natural tech株式会社,14067,"葉酸・妊活 natural tech株式会社 妊活経験者2,000名の声から生まれた男性向け妊活サプリ【mitas for men（ミタスフォーメン）】","※ポイント付与上限：1194円分まで eyepa：2,537円(税込)mamaco：2,115円(税込)mamaru：2,115円(税込)mitas for men 男性向け妊活サプリメント 定期便：2,115円(税込)mitas：2,11",未提携,afb
【ベルシリーズ　着圧レギパン】,2FLAG株式会社,,,"新規商品購入完了 2,115円（税込）",,afb
オールインワンひとみケアサプリメント【Eyepa】,natural tech株式会社,15234,その他健康食品 natural tech株式会社 オールインワンひとみケアサプリメント【Eyepa】,"新規購入 2,537円（税込） Eyepa：2,537円(税込)mamaco：2,115円(税込)mamaru：2,115円(税込)mitas：2,115円(税込)mitera-feminine-oil：845円(税込)rimenba：2,",未提携,afb
完全無添加のベビーソープ（固形石鹸）【MITERA BABY SOAP（ミテラベビーソープ）】,natural tech株式会社,14985,マタニティー・ベビー natural tech株式会社 完全無添加のベビーソープ（固形石鹸）【MITERA BABY SOAP（ミテラベビーソープ）】,"定期コース初回購入 1,691円（税込） ※ポイント付与上限：商品単価の20％まで",未提携,afb
顧客満足度No.1エルバランシアの最高品質オーガニック【ルイボスティー】,SUF株式会社,14568,その他飲料 SUF株式会社 顧客満足度No.1エルバランシアの最高品質オーガニック【ルイボスティー】,"初回購入 1,100円（税込） ※WEB注文後30日以内の入金確認",未提携,afb
痩身・小顔ならメンズエステサロン【Bloom（ブルーム）】,株式会社スターエティック,,,"WEB申込後、初回来店 6,768円（税込）",,afb
【ヨラドッグフード】お肉が苦手な愛犬へ昆虫フードという新提案,株式会社レティシアン,15320,動物・ペット 株式会社レティシアン 【ヨラドッグフード】お肉が苦手な愛犬へ昆虫フードという新提案,"新規顧客からの商品購入 4,356円（税込）",未提携,afb
【afb限定】ZENOSスキンケアプログラム【ZENOS SKIN CARE LOTION】,ホーイズム株式会社,11772,スキンケア ホーイズム株式会社 【afb限定】ZENOSスキンケアプログラム【ZENOS SKIN CARE LOTION】,"初回購入 2,537円（税込）",未提携,afb
[スマートフォン専用]理想の出会いを探せるマッチングサービス【PJ（ピージェイ）】,株式会社エクリプス,,,アプリインストール後の初回起動 845円（税込） ※会員登録の成果は0円で上がります。 会員登録は成果対象外となりますのでご了承くださいませ。 （0円のまま承認されますが成果は対象外となります。）,,afb
＜カサカサ・荒れ・脂漏性＞ 顔・頭皮・全身に使えるミスト化粧水【うるおい地肌 セラミド化粧水】,株式会社プロモートアクト,,,"新規購入 1,320円（税込）",,afb
ホワイトニング歯磨き粉【はははのは】,株式会社クロコス,,,"初回購入 1,100円（税込）",,afb
マッチングアプリ【paters（ペイターズ）】で+αの出会いを。,株式会社paters,,,"新規会員登録 ┗男性：有料会員登録：5,076円(税込)┗女性：無料会員登録（マイページ表示）：845円(税込)",,afb
痩身・小顔エステならエステサロン【Bloom(ブルーム)】,株式会社スターエティック,,,"メールフォームから申し込み後、 新規来店 6,600円（税込）",,afb
浮気や不倫捜査ならば調査力に定評がある【AKI探偵事務所】,AKI探偵事務所,,,"新規無料相談申込 25,383円（税込）",,afb
浮気・不倫調査の探偵事務所選びはおまかせください【安心探偵.COM】,株式会社あどまる,,,"新規メールで無料相談申込 25,383円（税込）",,afb
人気マットレスや話題の美顔器を買う前に試せる【airCloset Mall（エアクロモール）】,株式会社エアークローゼット,11760,ショッピングモール 株式会社エアークローゼット 人気マットレスや話題の美顔器を買う前に試せる【airCloset Mall（エアクロモール）】,新規レンタル申し込み完了 レンタル料の 11％（税込） ポイント付与上限：レンタル料の20％まで,未提携,afb
タイヤ・ホイール・カー用品・パーツの専門通販【フジ・コーポレーション】,株式会社フジ・コーポレーション,,,商品購入（リピート購入も可） 3.3％（税込）,,afb
薬用ホワイトニング美容液【フレイスラボ ホワイト VC セラム】,株式会社フレイスラボ,,,"新規商品購入 2,200円（税込）",,afb
【クローズド】,E2Eテスト,,,E2Eテスト（タグ・定額） test_commission：220円(税込) 0：330％（税込）,,afb
アダルトグッズ通販【大人のデパートエムズ】,株式会社ガーデン,11889,成人向け商品 株式会社ガーデン アダルトグッズ通販【大人のデパートエムズ】,購入完了(リピーターＯＫ) 13.2％（税込）,未提携,afb
【光エステ脱毛器 LAVIE】ムダ毛&美肌のWケアで輝くつるすべ肌へ,株式会社LAVIE,11949,脱毛器 株式会社LAVIE 【光エステ脱毛器 LAVIE】ムダ毛&美肌のWケアで輝くつるすべ肌へ,"新規顧客初回購入 7,615円（税込）",未提携,afb
腸内フローラ応援サプリ【LACLULU（ラクルル）】通常計測,株式会社ONE&STORY,,,初回購入 845円（税込）,,afb
【DAZZY CLINIC(デイジークリニック) アートメイク】来店,dazzy Clinic,,,"(新規)カウンセリング完了 9,307円（税込） ※心斎橋院は成果対象外 ※福岡院は成果対象外 （2026年2月1日～）",,afb
uFit公式オンラインショップ商品購入プロモーション,株式会社MAKERS,12021,ダイエット食品 株式会社MAKERS uFit公式オンラインショップ商品購入プロモーション,商品購入 8.47％（税込）,未提携,afb
ムリなく、我慢ゼロ【ぱくぱくリセット】,株式会社MARS,11861,酵素 株式会社MARS ムリなく、我慢ゼロ【ぱくぱくリセット】,"初回購入 2,200円（税込）",未提携,afb
外資系企業の転職・日系グローバル企業への転職【アージスジャパン】,株式会社アージスジャパン,,,"WEB申し込み後、新規ユーザー様の面談完了 3,300円（税込）",,afb
パーソナルジムfis大阪,Freeb株式会社,11796,趣味・スポーツ Freeb株式会社 パーソナルジムfis大阪,"無料体験来店後、入会完了 8,461円（税込） ↓↓↓キャンペーン中！ 無料体験来店後、入会完了 25,383円（税込） ※1回コースは成果対象外となります。",未提携,afb
【paters club（ペイターズクラブ）】新規会員募集,株式会社paters,,,"面接完了 ※男性の登録フォームから女性の方が登録された場合、 女性の登録フォームから男性の方が登録された場合、 後日正しい金額へ変更いたします 男性面接完了：7,615円(税込)女性面接完了：3,825円(税込)",,afb
東京の通い放題パーソナルマシンピラティス【ELEMENT】,株式会社MIGRIDS,16310,フィットネス 株式会社MIGRIDS 東京の通い放題パーソナルマシンピラティス【ELEMENT】,"申込後に来店 5,500円（税込）",未提携,afb
AI×教師と学ぶ語学学習プログラム【Berlitz Flex（ベルリッツフレックス）】,Berlitz・Japan株式会社,,,"無料オンライン体験会申込みフォーム送信 2,537円（税込）",,afb
女性専用！目指せくびれ女子！【SURF FIT（サーフフィット）】,株式会社LOIVE,,,"WEBからの予約後、来店 2,030円（税込）",,afb
日本で唯一、建築士が運営する外壁塗装一括見積サイト【外壁塗装パートナーズ】,株式会社ソーラーパートナーズ,,,"新規見積もり完了 11,845円（税込） 【ポイントサイト専用条件】 紹介業者とお客様の契約完了 25,383円(税込)",,afb
美しくあり続けるための本気ボディメイク【ピラティスK】,株式会社LOIVE,,,"WEBからの予約後、来店 2,247円（税込）",,afb
"月額39,800円で通い放題のパーソナルジム【ELEMENT】",株式会社MIGRIDS,11574,"フィットネス 株式会社MIGRIDS 月額39,800円で通い放題のパーソナルジム【ELEMENT】","新規来店 5,500円（税込）",未提携,afb
全国どこでも出張買取可能なフィギュア・ゲーム・おもちゃ・ソフビ・鉄道模型・楽器・ドローン等の買取【トイズキング】,有限会社ヤマト,11578,買取 有限会社ヤマト 全国どこでも出張買取可能なフィギュア・ゲーム・おもちゃ・ソフビ・鉄道模型・楽器・ドローン等の買取【トイズキング】,"WEBからの初回申込後、30日以内の買取完了 1,522円（税込） ※ポイントサイトの場合は、買取金額1,000円(税別)以上",未提携,afb
【Foo Tokyo Official Web Store】ルームウェア・パジャマの高級ブランド,株式会社Next Branders,,,新規商品購入 4.18％（税込）,,afb
インスタで話題の腕時計ブランド ショッパー付きでプレゼントやギフトに最適な腕時計 【ALTO（アルト）】,株式会社モノラベル,11587,眼鏡・時計・小物 株式会社モノラベル インスタで話題の腕時計ブランド ショッパー付きでプレゼントやギフトに最適な腕時計 【ALTO（アルト）】,公式サイトで新規商品購入 11％（税込） ポイント付与上限： 購入額の10％まで,未提携,afb
知育玩具・おもちゃのサブスク定額レンタル【キッズラボラトリー】,キッズ・ラボラトリー株式会社,,,"新規申し込み 2,750円（税込）",,afb
SHIFT TERAS CAMPUSプログラミングエンジニア転職コース（旧DMM WEBCAMP転職）,株式会社インフラトップ,,,"新規無料カウンセリング申し込み 1,100円（税込） 新規無料カウンセリング参加 11,000円(税込) 契約 33,000円(税込) 全ての成果は、”無料カウンセリング申し込み”で発生いたします。 ”無料カウンセリング参加”もしくは”契約",,afb
【参加成果】全て無料！60種類以上から選べるマネーセミナー総合窓口「アットセミナー」,パワープランニング株式会社,,,"参加完了 7,615円（税込）",,afb
★YOSHIKEI★8種類から選べるミールキットお試し5days＼全国で好評発売中／,ヨシケイ開発株式会社,11635,食材宅配 ヨシケイ開発株式会社 ★YOSHIKEI★8種類から選べるミールキットお試し5days＼全国で好評発売中／,"新規購入（注文後、30日以内の入金・商品発送） 1,210円（税込） ※ポイント付与上限：1,000円",未提携,afb
【資格☆合格】クレアール資格取得,株式会社クレアール,,,資料請求 880円（税込）,,afb
＜面談成果＞キャンペーン実施中！！資産形成＆運用を無料サポート【トウシェル】,パワープランニング株式会社,11650,先物取引・投資 パワープランニング株式会社 ＜面談成果＞キャンペーン実施中！！資産形成＆運用を無料サポート【トウシェル】,"WEB申込後、面談完了 15,230円（税込）",未提携,afb
履くだけでボディメイクを集中サポート！骨盤ショーツ【ギュギュギュ】,株式会社F1research,,,"初回購入 1,691円（税込）",,afb
【クローズド】,トリゼンダイニング株式会社,,,"初回購入 1,650円（税込）",,afb
【坂ノ途中】うれしいおまけ付き！旬のお野菜セット定期宅配,株式会社坂ノ途中,,,"定期宅配初回発送完了 5,500円（税込）",,afb
きもの着方教室【いち瑠】,株式会社一蔵,,,"WEBお申込みからの無料体験レッスン来店完了 2,537円（税込）",,afb
ひらけ、ゴミ箱!!自動ゴミ箱の【ZitAジータ】,株式会社さくらドーム,11390,雑貨・家庭用品 株式会社さくらドーム ひらけ、ゴミ箱!!自動ゴミ箱の【ZitAジータ】,新規商品購入 11％（税込） ポイント付与上限：購入額の3％まで,未提携,afb
赤ら顔＆エイジングケア化粧水！４種の和漢エキス・ヒト幹細胞を配合♪【シロメル 】,株式会社ファーストフレンズ,11409,スキンケア 株式会社ファーストフレンズ 赤ら顔＆エイジングケア化粧水！４種の和漢エキス・ヒト幹細胞を配合♪【シロメル 】,"新規商品購入 2,200円（税込）",未提携,afb
蓄熱調理ができる日本製土鍋【best pot（ベストポット）】,株式会社MOLATURA,11411,雑貨・家庭用品 株式会社MOLATURA 蓄熱調理ができる日本製土鍋【best pot（ベストポット）】,商品購入 12.65％（税込）,未提携,afb
【afb限定】圧倒的な成果にこだわるなら、ベルリッツの英会話,Berlitz・Japan株式会社,,,"新規入会完了 27,076円（税込）",,afb
【afb限定】教室のクオリティをオンラインでも。子供向け英会話「ベルリッツ・キッズ」,Berlitz・Japan株式会社,,,"新規入会完了 27,076円（税込）",,afb
結婚式パーティーのレンタルドレス・アイテムなら【Cariru（カリル）】WEB注文完了,株式会社トレジャー・ファクトリー／Cariru（カリル）,11420,レディースファッション 株式会社トレジャー・ファクトリー／Cariru（カリル） 結婚式パーティーのレンタルドレス・アイテムなら【Cariru（カリル）】WEB注文完了,web注文後の入金完了（リピートOK） 8.36％（税込） ※「注文金額」にはお客様負担分の送料・代引き手数料は含まれませんのでご注意ください。 ※注文金額合計で成果発生しますが、発送前にキャンセルや商品変更があった場合、 成果報酬単価を変,未提携,afb
リクルートが運営する1日33円からできる英会話サービス『スタディサプリ ENGLISH／新日常英会話コース』有料会員登録,株式会社リクルートマーケティングパートナーズ,,,"有料会員登録 1,395円（税込） 2019年12月承認成果より ユーザーから実際に申し込みのあったコースに該当するプロモーションの報酬金額にて 成果を承認させていただきます。 ※金額変更は毎月末実施致します。 「ベーシックコース」（プロモ",,afb
トップ大学生のフォローアップなどサポートサービスが充実の新しいタブレット学習【RISU算数】,RISU Japan株式会社,11441,学習教材 RISU Japan株式会社 トップ大学生のフォローアップなどサポートサービスが充実の新しいタブレット学習【RISU算数】,"クーポンコードを用いて体験お申し込み後、本契約完了 5,500円（税込）",未提携,afb
【それがだいじWi-Fi】業界最安級のWi-Fi新プラン,ソリューションネットワーク株式会社,11453,プロバイダ ソリューションネットワーク株式会社 【それがだいじWi-Fi】業界最安級のWi-Fi新プラン,"新規開通 100GB縛りなし：1,691円(税込)100GB縛りあり：2,537円(税込)30GB縛りなし：1,353円(税込)30GB縛りあり：2,200円(税込)",未提携,afb
無期雇用派遣【マイナビキャリレーション】,株式会社マイナビワークス,,,"Web申込（エントリー）後、30日以内の応募完了 8,461円（税込） ------------------ 【成果承認条件】 ・広告主新規（当広告主を初めて利用する方） ・WEBからの応募完了時点 ・20代/女性からの申込 ・東京、大阪、",,afb
毛穴の黒ずみケアスプレー【つるつる凛】新規商品購入,株式会社ミスミ製薬,,,"新規商品購入 1,945円（税込）",,afb
大阪心斎橋・梅田・天王寺・京都烏丸・神戸・岡山の医療レーザー脱毛【大美会クリニック】,医療法人大美会,,,"来院（新規カウンセリング） 11,000円（税込）",,afb
メンズ医療レーザー脱毛【大美会クリニック】,医療法人大美会,,,"WEBページのメール予約より予約後、来院完了（新規カウンセリング） 11,000円（税込）",,afb
【スタディサプリ ENGLISH】ビジネス英語コース,株式会社リクルートマーケティングパートナーズ,,,"ビジネス英語コース先得キャンペーン申込 1,691円（税込） 2019年12月承認成果より ユーザーから実際に申し込みのあったコースに該当するプロモーションの報酬金額にて 成果を承認させていただきます。 ※金額変更は毎月末実施致します。 「",,afb
中学生レベルからTOEICや受験のリスニングテスト対策、ビジネス英会話まで学べる『スタディサプリ ENGLISH』有料会員登録,株式会社リクルートマーケティングパートナーズ,,,"有料会員登録 1,537円（税込） 2019年12月承認成果より ユーザーから実際に申し込みのあったコースに該当するプロモーションの報酬金額にて 成果を承認させていただきます。 ※金額変更は毎月末実施致します。 「ベーシックコース」（プロモ",,afb
国内最大の無料インターネットテレビ局 【ABEMA（アベマ）プレミアム】,株式会社AbemaTV,,,"WEBからのAbemaプレミアム有料登録完了 1,691円（税込） ※有償転換率に応じたテーブル制単価適用のため、 通常報酬よりも単価が下がる可能性がございます。",,afb
初回実質無料！スリム実感ボディをサポート【まんぷく美人青汁】,株式会社FORDELソリューションズ,11376,青汁 株式会社FORDELソリューションズ 初回実質無料！スリム実感ボディをサポート【まんぷく美人青汁】,"初回購入 1,537円（税込）",未提携,afb
唇のシミ・黒ずみ・色素沈着に！唇のシミ・黒ずみ対策専用美容液【リプラオール】,株式会社カルナベイル,,,"新規商品購入 1,650円（税込）",,afb
HMBサプリメント【HMBプレミアムマッスル ボディア】,株式会社アールスタイル,,,初回購入 16.5％（税込）,,afb
【予算上限あり】高濃度ヒト幹細胞培養液配合オールインワンセラム【メルシアラムール】,株式会社リーヴオン,11368,スキンケア 株式会社リーヴオン 【予算上限あり】高濃度ヒト幹細胞培養液配合オールインワンセラム【メルシアラムール】,"初回購入（定期）4,230円（税込） ※ポイント付与上限：500円",未提携,afb
宅配健康食で有名なウェルネスダイニングから新提案！管理栄養士監修の『野菜を楽しむスープ食』,ウェルネスダイニング株式会社,11643,食品・産直品 ウェルネスダイニング株式会社 宅配健康食で有名なウェルネスダイニングから新提案！管理栄養士監修の『野菜を楽しむスープ食』,"新規顧客様からの初回購入 1,100円（税込）",未提携,afb
楽天青汁部門１位！足りない栄養素を補う男性のための青汁【プレミアムメンズ青汁】,株式会社アールスタイル,,,商品購入、入金確認(リピート購入も対象) 25.3％（税込）,,afb
【FEELLINE】スマホと繋がる体重計　新規商品購入,株式会社エーティーワークス,11252,AV・家電 株式会社エーティーワークス 【FEELLINE】スマホと繋がる体重計 新規商品購入,"新規商品購入 2,537円（税込）",未提携,afb
自宅で受けられる！オンラインパーソナルトレーニング【Live Fit（ライブフィット）】,Migi Agari株式会社,,,"WEB申込、無料体験完了後の入会 15,128円（税込） ※2020年4月13日より成果地点を入会に変更",,afb
夢を叶えるマッチングサービス【Love&（ラブアン）】,株式会社Blueborn,,,"新規会員登録 ┗男性：プロフィール登録後、有料会員登録※有料会員登録に至らなかった男性成果は、 発生成果を却下といたします。 ：1,691円(税込) ┗男性：プロフィール登録後、有料会員登録 ※有料会員登録に至らなかった男性成果は却下となり",,afb
日本初！コンディションケアに特化したパーソナライズサプリメント【myFine（マイファイン）】,studio株式会社,,,"初回購入 2,750円（税込）",,afb
JCB ORIGINAL SERIES（ゴールドカード）,株式会社ジェーシービー,,,"新規カード発行 5,753円（税込）",,afb
JCB CARD W／JCB CARD W plus L（WEB入会限定/39歳まで）,株式会社ジェーシービー,,,"新規カード発行 5,330円（税込）",,afb
IT・WEB・ゲーム業界の転職なら【Geekly（ギークリー）】,株式会社GEEKLY,,,"WEB登録後来社（東京・神奈川・埼玉・千葉からの登録のみ） 16,500円（税込） ※WEB登録後、60日以内にオンライン面談（東京・神奈川・埼玉・千葉からの登録のみ）6,769円（税込）",,afb
生活習慣病などの改善へ。管理栄養士監修の手作り宅配健康食【ウェルネスダイニング】,ウェルネスダイニング株式会社,11242,食材宅配 ウェルネスダイニング株式会社 生活習慣病などの改善へ。管理栄養士監修の手作り宅配健康食【ウェルネスダイニング】,"初回購入 2,368円（税込）",未提携,afb
噛む力・飲み込む力が弱くなってきた方へ。やわらかい宅配食の【やわらかダイニング】,ウェルネスダイニング株式会社,11243,食材宅配 ウェルネスダイニング株式会社 噛む力・飲み込む力が弱くなってきた方へ。やわらかい宅配食の【やわらかダイニング】,"初回購入 2,368円（税込）",未提携,afb
専門医療チームが監修するメンタルサプリ【ドクター・ポジティブイ】,ふるさと和漢堂株式会社,,,"初回購入 4,400円（税込）",,afb
創業50余年。割烹料亭千賀監修【おせちの千賀屋】おもてなし参道本店,株式会社千賀屋,11253,食品・産直品 株式会社千賀屋 創業50余年。割烹料亭千賀監修【おせちの千賀屋】おもてなし参道本店,新規顧客様からの初回購入 5.5％（税込） ※「ふるさと納税のおせち」からの購入は成果対象外となります,未提携,afb
世界一軽い、鋳物ホーロー鍋【UNILLOY　ユニロイ】,株式会社三条特殊鋳工所,11254,雑貨・家庭用品 株式会社三条特殊鋳工所 世界一軽い、鋳物ホーロー鍋【UNILLOY ユニロイ】,"商品購入（リピート購入可） 5,500円（税込）",未提携,afb
女性、カップルのためのラブグッズ通販ショップ【ミライカラーズ】商品購入,株式会社ミライカラーズ,11266,成人向け商品 株式会社ミライカラーズ 女性、カップルのためのラブグッズ通販ショップ【ミライカラーズ】商品購入,新規商品購入 16.5％（税込）,未提携,afb
アダルトグッズ、大人のおもちゃ通販ショップ【M-ZAKKA】,有限会社マンゾクグローバルメディア,11282,成人向け商品 有限会社マンゾクグローバルメディア アダルトグッズ、大人のおもちゃ通販ショップ【M-ZAKKA】,新規商品購入 14.3％（税込） ポイント付与上限：購入額の13％まで,未提携,afb
1日1粒で続けやすい！温活ができる葉酸サプリメント【ショウガ葉酸】,株式会社紀州ほそ川創薬,,,"初回購入 4,061円（税込）",,afb
"【afb限定】【MUGEN WiFi】家でも外でも使える万能モバイルWiFi！コスパ最強月額3,190円～！",株式会社FREEDiVE,11349,"プロバイダ 株式会社FREEDiVE 【afb限定】【MUGEN WiFi】家でも外でも使える万能モバイルWiFi！コスパ最強月額3,190円～！","WEB申込後の開通完了 節約プラン縛りなし：2,537円(税込)節約プラン縛りあり：2,537円(税込)縛りあり：3,384円(税込)縛りなし：1,691円(税込)高速通信プラン縛りなし：2,537円(税込)高速通信プラン縛りあり：2,53",未提携,afb
新感覚！？たった1週間のファスティングダイエット【GREEN BROTHERS　グリーンブラザーズ】,株式会社FTG Company,,,"初回購入 3,383円（税込）",,afb
ジュエリー、アクセサリー【シアーズジュエリー公式】,株式会社シアーズ,,,商品購入（リピートOK） 15.07％（税込）,,afb
美白成分アルブチン配合【葡萄樹液オールインワン美容液　モンサンプルールパーフェクトジェル】,株式会社ハーベリィアースストーリー,,,"初回商品購入 注文後、30日以内の入金 4,230円（税込）",,afb
痩せすぎの悩み解決！太りたい方専門のパーソナルジム【REP UP GYM】,株式会社Aston Partners,,,"体験後、入会 25,383円（税込）",,afb
見えないシートで24時間しっかり集中ケア！【マジックフェイシャル】,株式会社エコライフ,,,"初回購入 1,100円（税込）",,afb
住宅ローンを無料で一括比較【モゲチェック】（今のローンを見直したい方向け：借り換え）,株式会社MFS,,,"住宅ローン借入,借り換えのサービス申込 2,820円（税込）",,afb
国内最大級の外壁塗装の一括見積もりサイト【リショップナビ外壁塗装】,株式会社じげん,,,"一括見積もり取得完了 12,691円（税込）",,afb
介護の求人・転職なら業界最大手の【クリックジョブ介護】,ライフワンズ株式会社,,,"【通常報酬】無料会員登録 5,076円（税込）",,afb
車用品販売の【Ｄ.Ｉプランニング】初回商品購入,株式会社エイコー,,,"初回商品購入 1,268円（税込）",,afb
オンライン英会話の【Native Camp（ネイティブキャンプ）】,株式会社ネイティブキャンプ,,,"無料レッスン体験 1,210円（税込）",,afb
スポーツデポ・ゴルフ5・アルペンの公式オンラインストア,株式会社アルペン,11084,アウトドア 株式会社アルペン スポーツデポ・ゴルフ5・アルペンの公式オンラインストア,初回商品購入 4.18％（税込）,未提携,afb
第二新卒/既卒/フリーター/中退/高卒の無料就職・転職支援【第二新卒エージェントneo】,株式会社ネオキャリア,,,"WEB申込後、新規ユーザー様のカウンセリング完了 16,500円（税込）",,afb
【エトワールレジーナクリニック】しみやそばかすの悩みに！ピコレーザー治療・フォトフェイシャル,レジーナクリニック,11093,美容整形 レジーナクリニック 【エトワールレジーナクリニック】しみやそばかすの悩みに！ピコレーザー治療・フォトフェイシャル,"WEB申込後、新規来院 9,900円（税込） ※ポイントサイトの成果地点につきましては、下記となります。 成果地点：契約（契約金額69,800円以上） ポイント付与上限：5,000円",未提携,afb
名古屋市伏見のパーソナルトレーニング・プライベートジム【メルメイク】,株式会社メルメイク,11022,フィットネス 株式会社メルメイク 名古屋市伏見のパーソナルトレーニング・プライベートジム【メルメイク】,"WEB申込後、初回来店 11,000円（税込）",未提携,afb
世界中のオプショナルツアーを簡単予約！【kkday】,株式会社KKday Japan,,,web予約後、決済完了2.53％（税込）,,afb
浮気・不倫問題　あなたが抱えている問題解決します！【さくら幸子探偵事務所】,株式会社アイ・アイ・エス,,,"新規無料相談申込 12,100円(税込)",,afb
【メンズクリア】メンズ脱毛業界最安値！毎日の髭剃りから解放！,株式会社クリア,,,"申込後来店 21,915円（税込）",,afb
【auひかり by KDDI】（株式会社フルコミット）,フルコミット株式会社,,,"新規開通完了 11,000円（税込）",,afb
人気ブランド取り扱い・バッグの通販なら【ティーツーオーT2O　ONLINE STORE】,株式会社ティ・ツウ・オー,10909,眼鏡・時計・小物 株式会社ティ・ツウ・オー 人気ブランド取り扱い・バッグの通販なら【ティーツーオーT2O ONLINE STORE】,商品購入※全商品（リピート顧客含む） 11％（税込）,未提携,afb
注目の純ハイドロキノン5%配合【LANTELNO(ランテルノ)ホワイトHQクリーム】 新規商品購入,株式会社Koloha,,,"新規商品購入 1,268円（税込）",,afb
ドローンのレンタルなら【DroSatsu!!ドロサツ】,株式会社drone supply&control,10884,その他 株式会社drone supply&control ドローンのレンタルなら【DroSatsu!!ドロサツ】,"申込 ※最低金額5000円以上（配送費除く）商品が対象です 1,268円（税込）",未提携,afb
やさしさで、世界を変えていく。【the kindest babyfood（カインデスト ベビーフード）】,株式会社Mil,10874,食材宅配 株式会社Mil やさしさで、世界を変えていく。【the kindest babyfood（カインデスト ベビーフード）】,"初回申込 2,200円（税込）",未提携,afb
【さよなら中性生活プレミアム】DHA・EPAで不安な毎日にさよなら,株式会社プロモートアクト,,,"初回購入 1,100円（税込）",,afb
ノコギリヤシの力で育てる！モテる男の育毛サプリ習慣！【フェルサ】,株式会社ウィンフィールド・ライフリサーチ,,,"新規商品購入 1,691円（税込）",,afb
最安値検索予約！国内航空券の購入は【ソラハピSORAHAPI】,シェアリングテクノロジー株式会社,10854,旅行 シェアリングテクノロジー株式会社 最安値検索予約！国内航空券の購入は【ソラハピSORAHAPI】,"WEBから国内航空券購入後、決済完了 1,650円（税込）",未提携,afb
楽天ランキング4冠獲得！DIYや建築に【VOICE レーザー墨出し器】,株式会社VOICE,10845,AV・家電 株式会社VOICE 楽天ランキング4冠獲得！DIYや建築に【VOICE レーザー墨出し器】,新規商品購入 11％（税込）,未提携,afb
【クローズド】,ホーイズム株式会社,10834,補正下着 ホーイズム株式会社 【クローズド】 キュッ！と引き締め、理想のスレンダーバストへ【Bflat GEL（ビーフラットジェル）】,"初回購入 2,537円（税込）",未提携,afb
メンズ脱毛なら完全都度払い制の【figo(フィーゴ)】,株式会社SKY,,,"WEB予約後来店 4,400円（税込）",,afb
月給20万円からステップアップ！若者に特化した転職支援サービス《キャリアスタート》,キャリアスタート株式会社,,,"新規面談完了 11,000円（税込）",,afb
【Mods Clinic(モッズクリニック)】ベイザー脂肪吸引、コンデンスリッチ豊胸,モッズクリニック,,,"新規顧客様からの来院 12,691円（税込）",,afb
脱毛効果なら「医療脱毛」の美容クリニック【ルシアクリニック】,ルシアクリニック,,,"WEB申し込みからの来院 14,300円（税込）",,afb
カスタマイズが可能な腕時計【UNDONE(アンダーン)】,株式会社UNDONE JAPAN,,,購入 16.83％（税込）,,afb
【エトワールレジーナクリニック】ポテンツァ治療,レジーナクリニック,,,"WEB予約後の来院完了 9,137円（税込）",,afb
未経験者向けITエンジニアスクール＆就職サポート【キャリスタカレッジ】,キャリアスタート株式会社,,,"WEB申込後、受講完了 33,845円（税込）",,afb
住宅ローンを無料で一括比較【モゲチェック】（これから家を買う方向け：借り入れ）,株式会社MFS,,,"初回申込（会員登録＋診断完了） 2,820円（税込）",,afb
理想的な体づくりに【プルエルプロテイン】太るサプリ・太るプロテイン,インプレイション株式会社,,,"※ユーザーの購入商品によって報酬金額が変更となります。 ※同ユーザー様が同じ商品を複数購入した場合、1件分の 報酬金額に修正させていただきます。 ◇デフォルト単価の場合 プルエル PLUEL エクストラフォルムアップサポートプロテイン：3,",,afb
【クローズド】,株式会社TSUTAYA,,,※2025年9月1日より成果条件が変更となります※ 【2025年9月1日～10月31日23時59分まで】 ・単品レンタルプランの無料会員登録 168円(税込) ・単品レンタルプランのレンタル完了 930円(税込) ・定額8ダブルプランの無料,,afb
肌診断結果に合わせた世界に一つだけのスキンケア【HOTARU PERSONALIZEDホタル　パーソナライズド】,株式会社Sparty,,,"新規商品購入 2,283円（税込）",,afb
犬の管理栄養士と共同開発！愛犬用サプリ【カームワン】,株式会社バウムクーヘン,11610,動物・ペット 株式会社バウムクーヘン 犬の管理栄養士と共同開発！愛犬用サプリ【カームワン】,"初回購入 1,691円（税込）",未提携,afb
"医療脱毛で全身脱毛がたったの月額2,900円【フレイアクリニック】",株式会社ヴァリスタ,,,"新規来院 11,000円（税込） 本人申込の成果地点は「契約」となります。 ポイントサイト様の成果地点はユーザー負担額30万円（税込み）以上のコース契約 55,000円(税込) ※PR文の却下条件をご確認くださいませ。",,afb
事務・オフィスワーク派遣なら【ランスタッド】,ランスタッド株式会社,,,"新規会員様の派遣面談予約 4,568円（税込）",,afb
最先端のパーソナルトレーニングジム【エクササイズコーチ】,エクササイズコーチジャパン株式会社,,,"新規ユーザー様からのWEB申込後、無料体験完了 8,461円（税込）",,afb
「理想のカラダ」へ導くボディメイクフードが自宅で手軽に！【Muscle Deli（マッスルデリ）】 初回購入,株式会社Muscle Deli,10630,食材宅配 株式会社Muscle Deli 「理想のカラダ」へ導くボディメイクフードが自宅で手軽に！【Muscle Deli（マッスルデリ）】 初回購入,"初回購入 1,691円（税込）",未提携,afb
スマートな留学システムで従来の最大半額を実現した格安留学サービス【スマ留】,株式会社リアブロード,10656,語学・留学 株式会社リアブロード スマートな留学システムで従来の最大半額を実現した格安留学サービス【スマ留】,"WEBより個別カウンセリングを予約後、新規で来館又はオンラインカウンセリングを受けていただいた時点 3,300円（税込）",未提携,afb
ミトコンドリア増殖・活性サプリメント【ミトコリン】 初回購入,ジャパンベストヘルス株式会社,10658,葉酸・妊活 ジャパンベストヘルス株式会社 ミトコンドリア増殖・活性サプリメント【ミトコリン】 初回購入,"初回購入 2,537円（税込）",未提携,afb
手軽に乗れる、次世代モビリティ【ブレイズスマートEV】,株式会社ブレイズ,10678,AV・家電 株式会社ブレイズ 手軽に乗れる、次世代モビリティ【ブレイズスマートEV】,購入完了 5.5％（税込）,未提携,afb
【afb限定】最高のゲーミングPC環境を身近にする【マイニングベース】新規商品購入,株式会社マイニングベース,10682,AV・家電 株式会社マイニングベース 【afb限定】最高のゲーミングPC環境を身近にする【マイニングベース】新規商品購入,＜報酬アップキャンペーン中＞ 新規商品購入 2.5％(税込) ↓ ↓ ↓ 新規商品購入 4.4％（税込） 終了日：2027年2月26日まで,未提携,afb
女性のためのラブグッズ【MY MARY(マイメアリープラス）】,株式会社I'M CARE,10693,成人向け商品 株式会社I'M CARE 女性のためのラブグッズ【MY MARY(マイメアリープラス）】,"新規商品購入 1,499円（税込）",未提携,afb
ハイキャリアのプロフェッショナル転職サービスなら【ランスタッド】,ランスタッド株式会社,,,"プロフェッショナル転職支援サービス登録完了 3,300円（税込） ※年収800万円以上の方のご登録に限る",,afb
8種類もの高級美容成分を配合したプラセンタサプリメント【Plange（プランジュ）】,株式会社Anc,10823,プラセンタ 株式会社Anc 8種類もの高級美容成分を配合したプラセンタサプリメント【Plange（プランジュ）】,"初回購入 1,691円（税込）",未提携,afb
プロパンガス料金案内なら【ガス屋の窓口】,株式会社エネジスタ,10717,その他 株式会社エネジスタ プロパンガス料金案内なら【ガス屋の窓口】,"無料相談フォームから問い合わせ後、 新規契約 23,503円（税込）",未提携,afb
結婚相談所・婚活パーティーなら【サンマリエ】,株式会社サンマリエ,,,"★無料オンライン相談実施中です！ 理想の結婚相手テスト 4,400円（税込） 来店予約完了：17,600円(税込)理想の相手テスト完了：4,400円(税込)",,afb
[スマートフォン専用]人気ブランドの新品の洋服が定額で借り放題のファッションレンタルアプリ【メチャカリ】有料会員登録,株式会社ストライプインターナショナル,,,"有料会員登録 3,850円（税込）",,afb
ブランド品の高価買取【ギャラリーレア】オンライン査定後の買い取り完了,株式会社ギャラリーレア,10778,買取 株式会社ギャラリーレア ブランド品の高価買取【ギャラリーレア】オンライン査定後の買い取り完了,"・広告主新規（当広告主を初めて利用する方） ・WEBより宅配買取申込後、3週間以内の買取成立 ・買取金額30,000円（税込）以上 ・「宅配買取」の申込フォーム経由でお申し込みいただいた場合のみ対象 11,000円（税込）",未提携,afb
中古ブランド品【ギャラリーレア】商品購入,株式会社ギャラリーレア,10779,買取 株式会社ギャラリーレア 中古ブランド品【ギャラリーレア】商品購入,商品購入 3.3％（税込） ※購入商品に変更があった場合、金額変更する場合がございます。,未提携,afb
契約期間縛りのない【縛りなしWiFi】,株式会社HUMAN LIFE,10797,プロバイダ 株式会社HUMAN LIFE 契約期間縛りのない【縛りなしWiFi】,"WEB申込後、60日以内の商品受取完了 1,100円（税込） 縛りなしプラン：1,100円(税込)",未提携,afb
プロテオグリカン圧倒的高配合の軟骨成分サプリ【潤腰】,株式会社ライフィックス,,,"新規顧客様からの初回購入 2,537円（税込）",,afb
シルクプレートのヘアアイロン・美容ブランドの【KINUJO】,株式会社KINUJO,,,新規顧客様からの商品購入 絹女-KINUJO- ストレートアイロン：16.83％（税込）KINUJO W-worldwide model-：16.83％（税込）SILK PLATE-mini iron-：16.83％（税込）巻女 -MAQI,,afb
20代の第二新卒・既卒・フリーター・ニート向け就職・転職エージェント【UZUZ】新規無料会員登録完了,株式会社UZUZ,,,"新規登録完了 10,153円（税込）",,afb
【アクティビティジャパン】遊び・体験・レジャーの予約サイト,株式会社アクティビティジャパン,10710,旅行 株式会社アクティビティジャパン 【アクティビティジャパン】遊び・体験・レジャーの予約サイト,予約後、実施完了 2.2％（税込） ※リピートのお申し込みも対象となります ※予約内容変更（人数・プラン等）があった場合、 報酬額を変更させていただく事がございます。,未提携,afb
大人にしかできない恋がある。マッチングサービス【ユニバース倶楽部】,ユニバースジャパン株式会社,,,"LINE追加後の面接申込完了 女性 7,615円（税込） ※男性の登録フォームから女性の方が登録された場合、 後日、女性の金額に変更を行います。 男性：LINE追加後の面接申込完了：11,422円(税込)",,afb
恋活・婚活マッチングサービス【アンジュ】 新規会員登録（旧サービス名：aocca）,株式会社アンジュ,,,"新規無料会員登録後、7日以内の年齢確認 1,760円（税込）",,afb
【グローバルクラウン】子供向けオンライン英会話受講プロモーション,株式会社ハグカム,,,"無料体験レッスン受講 3,520円（税込）",,afb
完全個室パーソナルジム【Lastyle ラスタイル】新規入会,株式会社ラスタイル,10553,フィットネス 株式会社ラスタイル 完全個室パーソナルジム【Lastyle ラスタイル】新規入会,"新規入会 21,153円（税込） ■ポイントサイトの付与上限 ⇒10000円(税抜） ※2019年3月18日～",未提携,afb
短期レンタルプラン【縛りなしWiFi】,株式会社HUMAN LIFE,,,"申込完了 1,430円（税込）",,afb
必要なときだけカンタン容量チャージ【チャージWiFiどっとこむ】,株式会社ビジョン,16351,プロバイダ 株式会社ビジョン 必要なときだけカンタン容量チャージ【チャージWiFiどっとこむ】,"初回購入 1,522円（税込）",未提携,afb
アパレル卸・仕入れ・卸問屋の会員制通販アパレルサイト【TOPWHOLE】,Bleaf株式会社,,,"新規会員登録 2,200円（税込）",,afb
性病検査・HIV検査・感染症検査を郵送で手軽に【ＧＭＥ医学検査研究所】 郵送検査キット購入,株式会社GME,10533,医療 株式会社GME 性病検査・HIV検査・感染症検査を郵送で手軽に【ＧＭＥ医学検査研究所】 郵送検査キット購入,商品購入 18.7％（税込） ポイント付与上限：購入額の10％まで,未提携,afb
FX取引(店頭外国為替証拠金取引)なら【LIGHT FX】,トレイダーズ証券株式会社,10500,外国為替（ＦＸ） トレイダーズ証券株式会社 FX取引(店頭外国為替証拠金取引)なら【LIGHT FX】,"新規口座開設申し込み後90日以内に初回10万円入金および新規取引5ot以上 13,305円（税込）",未提携,afb
最新の音楽・マンガ・電子書籍のダウンロードと動画配信は【music.jp（ミュージックドットジェイピー）】,株式会社エムティーアイ,,,新規会員登録 676円（税込）,,afb
日本国内専用WiFiレンタルなら【WiFiレンタルどっとこむ】,株式会社ビジョン,10472,プロバイダ 株式会社ビジョン 日本国内専用WiFiレンタルなら【WiFiレンタルどっとこむ】,"WEB申込後、30日以内の端末納品完了 1,320円（税込）",未提携,afb
手渡しを基本に、日替わりの夕食をお届け!【ワタミの宅食】,ワタミ株式会社,10461,食材宅配 ワタミ株式会社 手渡しを基本に、日替わりの夕食をお届け!【ワタミの宅食】,"新規顧客様からの初回注文完了(お弁当を含む) 2,365円（税込）",未提携,afb
＜機能性表示食品＞難消化性デキストリン配合【快糖茶+】,株式会社マッチバンク,,,"初回購入 2,115円（税込）",,afb
【クローズド】,株式会社IBJ,,,"広告主新規（当広告主を初めて利用する方） WEB申込後、90日以内の新規加盟 83,050円（税込）",,afb
ギフトにオススメ　食器・グラス【双円】新規顧客初回購入,アエテ株式会社,10406,雑貨・家庭用品 アエテ株式会社 ギフトにオススメ 食器・グラス【双円】新規顧客初回購入,商品の着荷確認 16.83％（税込） ポイント付与上限：購入額の5％まで,未提携,afb
安いホワイトニング専門歯科クリニック【スターホワイトニング】,医療法人社団百星会,,,"新規施術 5,500円（税込）",,afb
宅配弁当・宅配食事サービスを簡単比較！【あんしん相談室‐宅配ごはん案内‐】,株式会社ウェブクルー,10401,食材宅配 株式会社ウェブクルー 宅配弁当・宅配食事サービスを簡単比較！【あんしん相談室‐宅配ごはん案内‐】,資料請求or注文希望 330円（税込）,未提携,afb
【Ipsos iSay＜イプソス アイセイ＞】会員登録完了＋アンケート回答完了　プロモーション,,10551,ポイントサイト 【Ipsos iSay＜イプソス アイセイ＞】会員登録完了＋アンケート回答完了 プロモーション,会員登録完了＋アンケート回答完了352円（税込）,未提携,afb
【GME医学検査研究所】郵送で心疾患リスク検査キット,株式会社GME,10715,医療 株式会社GME 【GME医学検査研究所】郵送で心疾患リスク検査キット,商品購入 18.7％（税込） ポイント付与上限：購入額の10％まで,未提携,afb
アルクショップ 通信講座新規申込プロモーション,,10922,語学・留学 アルクショップ 通信講座新規申込プロモーション,"WEBからの通信講座申込 11％（税込） 【期間限定DVD付き版】日本語教育能力検定試験 合格パック2021：11％（税込）日本語教育能力検定試験 合格パック 2021：11％（税込）トーキングマラソン：1,540円(税込)「英辞郎 on ",未提携,afb
乾燥肌の救世主「ヘパリン類似物質」配合【NALC薬用ミルクローション】,株式会社G.Oホールディングス,,,"初回購入 1,100円（税込） ※ポイント付与上限：商品単価の10％まで",,afb
乾燥肌の救世主「ヘパリン類似物質」配合【NALC薬用ヘパリンハンドクリーム】,株式会社G.Oホールディングス,,,初回購入 550円（税込） ※ポイント付与上限：商品単価の10％まで,,afb
いつでもどこでもフィットネス動画が見放題！【LEAN BODY（リーンボディ）】,株式会社LEAN BODY,,,"会員登録完了 2,538円（税込） ※クレジットカード必須",,afb
モノを詰めて送るだけのお焚き上げサービス【みんなのお焚き上げ】,株式会社クラウドテン,10103,その他 株式会社クラウドテン モノを詰めて送るだけのお焚き上げサービス【みんなのお焚き上げ】,購入 ボックスサイズ：718円(税込)レターサイズ：126円(税込),未提携,afb
英語学習コンサルティング【プログリット】無料カウンセリング予約,株式会社プログリット,,,"カウンセリング後の成約 33,845円（税込）",,afb
おしゃれフォトブック・フォトアルバム作成【Photoback】新規注文完了,コンテンツワークス株式会社,10072,雑貨・家庭用品 コンテンツワークス株式会社 おしゃれフォトブック・フォトアルバム作成【Photoback】新規注文完了,新規注文完了 9.9％（税込） ※ポイントサイトに関しても同条件となります,未提携,afb
【クローズド】,株式会社アップドラフト,,,"来院完了 15,180円（税込） ※歯周病/ホワイトニングは対象外となります※",,afb
【HIS】海外・国内旅行の申し込み,株式会社エイチ・アイ・エス,10113,旅行 株式会社エイチ・アイ・エス 【HIS】海外・国内旅行の申し込み,利用金額の1.1％（税込）（予約後、利用確認が取れた時点）,未提携,afb
赤ら顔向けスキンケア【ULU（ウルウ）】定期商品購入,株式会社日本ドライスキン研究所,,,"初回定期購入 2,961円（税込）",,afb
【ena（イーナ）】国内航空券予約,エアプラス株式会社,10176,旅行 エアプラス株式会社 【ena（イーナ）】国内航空券予約,WEB予約完了（国内航空券） ※ポイント付与上限：200円まで ※リピート購入不可 国内航空券：422円(税込),未提携,afb
【全身脱毛Dioneディオーネ】敏感肌専門脱毛サロン,ドクターサポート株式会社,,,"来店後、体験完了(全身) 11,000円（税込）",,afb
【ZACCパールリッチシャンプー】新規商品購入,有限会社トゥーズ,10224,シャンプー 有限会社トゥーズ 【ZACCパールリッチシャンプー】新規商品購入,新規商品購入 22％（税込）,未提携,afb
【マスクdeお見合い】田村淳プロデュースの結婚相談所・お見合い・婚活応援サービス,シュタインズ株式会社,,,"新規有料会員登録5,500円（税込）",,afb
多機能型・オールインワン加圧インナー【グラマラスパッツ】商品購入プロモーション,株式会社YB-LAB.,,,"購入完了後、30日以内の入金確認 2,115円（税込）",,afb
印鑑をデザインする【Sirusi】,株式会社Sirusi,10200,雑貨・家庭用品 株式会社Sirusi 印鑑をデザインする【Sirusi】,購入後、商品の発送 9.24％（税込） ポイント付与上限：商品単価の12％まで,未提携,afb
【TREZOR（トレザー）】ハードウォレット＜日本正規販売店＞,株式会社RISEST,,,初回購入 845円（税込）,,afb
【厚生労働省認可】世界初のシステム導入！画期的な女性用の無添加育毛剤ルルシア,株式会社キーリー,,,"商品購入(税込) 全コース共通：4,583円(税込) 【ルルシア ルフレ】ふわっと華やぐ美髪コース：4,583円(税込) 【定価】【ルルシア ルフレ】定価購入：4,583円(税込) 【定価】【ルルシア シャルム】定価購入：4,583円(税込",,afb
デリケートゾーンのニオイや黒ずみに【FEMIDEOフェミデオ】,株式会社ファーストフレンズ,10265,ボディケア 株式会社ファーストフレンズ デリケートゾーンのニオイや黒ずみに【FEMIDEOフェミデオ】,"新規商品購入 1,100円（税込） ▼承認テーブル制 下記の通り、承認件数毎に報酬を変動する設定を致します。 ※税込表記 ○ 3件 ⇒ 1,650円(税込)/件 ○ 5件 ⇒ 2,200円(税込)/件 ○ 10件 ⇒ 2,750円(税込)/",未提携,afb
【業界最大級の高報酬率！】難関資格試験の通信講座なら【アガルートアカデミー】,株式会社アガルート,,,"商品購入後，入金が確認が取れた時 14.3％（税込） リピート可 ※対象講座はPR文に記載あり 第2種電気工事士：6.76％（税込）ビル管理士：6.76％（税込）コーチング：8,461円(税込)第2種電気主任技術者：6.76％（税込）第3種",,afb
【ZACCボタニカルスカルプシャンプー】新規商品購入,有限会社トゥーズ,,,新規商品購入 22％（税込）,,afb
【ぽちゃ婚】ぽっちゃり女性専門の結婚相談所・お見合い・婚活応援サービス,シュタインズ株式会社,,,"新規有料プラン登録 5,500円（税込） ※成果地点※ <無料会員登録> ・WEB無料会員登録後、30日以内の写真・プロフィール・身分証明書登録完了 <有料会員プラン登録> ・WEB無料会員登録後、30日以内の有料プラン登録完了 ※<有料会",,afb
【ヲタ婚】アニメ・マンガ・ゲーム好きのヲタク（オタク）男女専門の結婚相談所・お見合い・婚活応援サービス,シュタインズ株式会社,,,"新規有料プラン登録 5,500円（税込） <無料会員登録> ・WEB無料会員登録後、30日以内の写真・プロフィール・身分証明書登録完了 550円（税込） <有料会員プラン登録> ・WEB無料会員登録後、30日以内の有料プラン登録完了 5,5",,afb
【顔脱毛Dioneディオーネ】敏感肌専門脱毛サロン,ドクターサポート株式会社,,,"来店後、体験完了(顔) 7,700円（税込）",,afb
【VIO脱毛Dioneディオーネ】敏感肌専門脱毛サロン,ドクターサポート株式会社,,,"来店後、体験完了(VIO) 7,700円（税込）",,afb
スピフル,株式会社プログリット,,,無料会員登録 845円（税込）,,afb
『自宅で簡単！本格ホワイトニング【ルルシア ルルホワイト（LULUSIA lulu White）】』,株式会社キーリー,,,"新規商品購⼊ 4,230円（税込）",,afb
英語のリスニング力を伸ばすなら【シャドテン】,株式会社プログリット,,,"新規申込み時のクレカ入力完了後、有料会員転換で承認 2,537円（税込）",,afb
毛穴の黒ずみ・角栓スッキリ除去！ニキビ、肌あれを防ぐ【NALC 薬用クレンジングバーム】,株式会社G.Oホールディングス,11901,洗顔・クレンジング 株式会社G.Oホールディングス 毛穴の黒ずみ・角栓スッキリ除去！ニキビ、肌あれを防ぐ【NALC 薬用クレンジングバーム】,"新規商品購入 1,100円（税込） ポイント付与上限：商品単価の20％まで",未提携,afb
スタイルアップ！グラマラスシリーズ最新作【グラマラスタイル】,株式会社YB-LAB.,,,"初回購入 2,115円（税込）",,afb
【NALC ホワイトクレイ酵素配合洗顔フォーム】,株式会社G.Oホールディングス,11900,洗顔・クレンジング 株式会社G.Oホールディングス 【NALC ホワイトクレイ酵素配合洗顔フォーム】,"新規商品購入 1,100円（税込） ポイント付与上限：商品単価の20％まで",未提携,afb
《定期》特許取得成分セロシアエキス配合 乾杯前の新習慣サプリ 【エカス】商品購入プロモーション,株式会社ヴィジョンステイト,,,"新規定期購入、2回目納入後 3,300円（税込） ※本人申込みはセルフBからの申込みに限ります。",,afb
【Rcawaii（アールカワイイ）】スタイリスト付きの月額制ファッションレンタル,株式会社グラングレス,,,"新規月額会員登録 ラグジュアリーPLAN：7,700円(税込)スタンダードPLAN：4,400円(税込)",,afb
原材料オール国産のドッグフード 【うまか】　新規商品購入,トリゼンダイニング株式会社,,,"新規商品購入 4,230円（税込）",,afb
株式投資型クラウドファンディング【FUNDINNO（ファンディーノ）】,株式会社日本クラウドキャピタル,,,"WEBからの投資家登録後、60日以内に投資家登録完了 3,807円（税込）",,afb
海外で高速インターネット！格安海外WiFiレンタルの【GLOBAL WiFi（グローバルワイファイ）】,株式会社ビジョン,10011,プロバイダ 株式会社ビジョン 海外で高速インターネット！格安海外WiFiレンタルの【GLOBAL WiFi（グローバルワイファイ）】,"WEBからのお申込後、通信利用金額の入金確認 1,320円（税込）",未提携,afb
【KiPuRu】全国の新幹線・特急券をネットで簡単予約,株式会社ブルーストーク,10010,旅行 株式会社ブルーストーク 【KiPuRu】全国の新幹線・特急券をネットで簡単予約,乗車券購入：495円（税込）,未提携,afb
発毛力を引き出す発毛促進剤！【グローパワー】（医薬部外品・薬用育毛剤）新規商品購入プロモーション,株式会社アールスタイル,,,新規商品購入完了 16.5％（税込）,,afb
1本で4役！新メンズ美溶液★「1本で完了」の新エイジングケア【アクアモイス】,株式会社アールスタイル,,,新規商品購入完了 16.5％（税込）,,afb
【高報酬！】全国対応可能、相談室も34ヶ所の【弁護士推奨　あい探偵】,ランチェスター株式会社,,,"無料相談申込後の電話確認 20,776円（税込）",,afb
プロテオグリカン配合の軟骨サプリメント【プロテウォーク】 初回購入プロモーション,株式会社アイ・ピー・シー,,,"初回の購入者が2回目を継続購入 3,045円（税込）",,afb
女性専用のホットヨガスタジオ【ホットヨガ loIve（ロイブ）】,株式会社LOIVE,,,"通常メディア：WEBからのお申込後、新規来店 3,790円（税込） 否認事項： ・ホットヨガloiveの既存会員の方 ・不備・不正・虚偽・いたずら・キャンセル・来店せず（予約のみ）・重複 ・今までにいずれかのロイブの店舗で体験レッスンに参加",,afb
《定期》プロが認めた加齢臭わきが汗臭ケアブランド【薬用ネオテクト】商品購入プロモーション,株式会社ヴィジョンステイト,,,"新規定期購入、2回目の納入確認後 5,500円（税込） ※本人申込みはセルフBからの申込みに限ります。",,afb
【ヌーブラジャパン公式オンラインショップ】商品購入,株式会社ヌーブラジャパン,,,新規顧客からの商品購入 11％（税込） ポイント付与上限：購入額の5％まで,,afb
男の悩み対策!自信増大サプリ【リザベリン】 商品購入プロモーション,合同会社フロンティア,,,商品購入（リピート可) 16.5％（税込）,,afb
乳酸菌発酵エキスと贅沢ポリフェノール【善玉元気】,フローラ・ライフサイエンス株式会社,9783,乳酸菌（便秘関連） フローラ・ライフサイエンス株式会社 乳酸菌発酵エキスと贅沢ポリフェノール【善玉元気】,"注文後、３０日以内の入金確認 4,400円（税込） ※都度・定期共に対象",未提携,afb
【afb限定】カーペット・ラグの品揃え日本最大級【びっくりカーペット】,株式会社グラムスタイル,9821,家具・インテリア 株式会社グラムスタイル 【afb限定】カーペット・ラグの品揃え日本最大級【びっくりカーペット】,商品購入 5.5％（税込） ※購入者が無料サンプルをご注文の場合、 0円にて成果が発生する場合がございます。,未提携,afb
卵殻膜エキス配合のエイジングケア美容液【チェルラーブリリオ　卵殻膜リフトセラム】新規商品購入,株式会社アルマード,,,"新規商品購入 2,537円（税込）",,afb
ビジネスエリート専門の結婚相談所【WISH　ウィッシュ】,株式会社トリエ,,,"資料請求、来店予約の予約 4,230円（税込） 来店予約：4,230円(税込)",,afb
【afb限定】ワンピース・ドレス専門のポイント制・月額ファッションレンタルサービス【Bristaブリスタ】,株式会社brista,9686,レディースファッション 株式会社brista 【afb限定】ワンピース・ドレス専門のポイント制・月額ファッションレンタルサービス【Bristaブリスタ】,"有料プラン登録完了 3,807円（税込） 各月の発生件数に応じて、翌月10日～1か月間の報酬が決定します！ 1～3件：3807円 4～6件：4356円 7～10件：4906円 11件以上：5456円 ※税込表記",未提携,afb
美容メディアランキング1位の濃密美容液ヘアケア【Lustique(ラスティーク)】プレミアムヘアケアセット,株式会社エバンズ,,,新規購入 880円（税込）,,afb
日本発のアウトドアブランド【WAQアウトドアストア】,WAQ株式会社,9637,趣味・スポーツ WAQ株式会社 日本発のアウトドアブランド【WAQアウトドアストア】,初回購入 4.18％（税込）,未提携,afb
ブライダルジュエリー専門店【銀座ダイヤモンドシライシ】来店予約申込みプロモーション,株式会社NEWART,,,"WEB予約後、来店完了 9,307円（税込）",,afb
結婚・婚約指輪の【エクセルコダイヤモンド】来店申込みプロモーション,株式会社NEWART,,,"WEB予約後、来店完了 9,307円（税込）",,afb
外資系・日系グローバル企業の転職・求人なら【ロバート・ウォルターズ】,ロバート・ウォルターズ・ジャパン株式会社,,,"WEBからの申込時、履歴書送付 2,750円（税込）",,afb
【ホームページ制作.jp】ホームページ制企業マッチングサービス申込プロモーション,株式会社エフ・コネクト,,,"⾒積もり依頼後、お打ち合わせ完了 8,461円（税込）",,afb
テックキャンプ エンジニア転職（無料カウンセリング）,株式会社div,,,"(新規ユーザー対象)WEB申込後、30日以内のカウンセリング参加完了＆90日以内の契約・入金完了 110,000円（税込）",,afb
夫婦のための新たな男性妊活サポート【マイシード】,パスクリエイト株式会社,,,"新規顧客様からのお申込 7,615円（税込）",,afb
オトコのスキンケア決定版！高保湿&サラサラなつけ心地【HOLO BELL(ホロベル)オールインワン】新規商品購入,HOLO BELL株式会社,,,"同時に商品を複数購入した場合でも、成果の承認は１つのみ（報酬額が高い方）となりますのでご注意ください。 通常商品：1,650円(税込)トライアル＆定期購入：1,650円(税込)定期購入：1,650円(税込)",,afb
「顔汗・頭汗・脇汗・手汗・背中汗・足汗」や「多汗症」に制汗美容スプレー【トリムクール】新規商品購入プロモーション,株式会社イコールヒューマン,,,"新規商品購入 5,500円（税込）",,afb
オトコのスキンケア決定版！【HOLO BELLエッセンシャル保湿ウォッシュ】,HOLO BELL株式会社,11197,洗顔・クレンジング HOLO BELL株式会社 オトコのスキンケア決定版！【HOLO BELLエッセンシャル保湿ウォッシュ】,"同時に商品を複数購入した場合でも、成果の承認は１つのみ（報酬額が高い方）となりますのでご注意ください。 新規商品購入 通常＆ウォッシュネット購入：1,100円(税込)洗顔＆ジェル：1,100円(税込)トラベルセット：1,100円(税込)通常",未提携,afb
妊娠を目指す夫婦のためのサプリメント【plusus-プラサス-】,パスクリエイト株式会社,,,"初回購入 2,537円（税込）",,afb
「極上美容液で髪を洗う」サロンスタイリスト達が絶賛する美容液シャンプー&トリートメント【Lustique(ラスティーク)】 定期コース初回申込,株式会社エバンズ,,,"定期コース初回申込 シャンプー&トリートメントセット：1,100円(税込)シャンプー&トリートメントセット（定期しばりなし）：1,100円(税込)",,afb
【不動産投資のJPリターンズ】資料請求,株式会社JPリターンズ,9595,先物取引・投資 株式会社JPリターンズ 【不動産投資のJPリターンズ】資料請求,"資料請求申込み後、14日以内にお電話での内容確認後 10,153円（税込） ※詳細はPR文内「成果条件」に合致した場合に報酬付与となります。",未提携,afb
業界屈指の成婚率　結婚相談所ハッピーカムカム,株式会社ハッピーカムカム,,,"新規無料カウンセリング 8,461円（税込） 新規無料カウンセリング後に、新規入会で別途8,461円（税込）を固定費にて計上",,afb
【afb限定】【F.room】オンラインショップ商品購入,株式会社フランネル,,,商品購入 8.36％（税込）,,afb
国内初！”完全”ナンバーレスカード【セゾンカードデジタル】,株式会社クレディセゾン,,,"新規発券完了 2,030円（税込）",,afb
セゾンコバルト・ビジネス・アメリカン・エキスプレス・カード（セゾン・アメックス｜SAISON AMEX）,株式会社クレディセゾン,,,"新規発券完了 4,568円（税込）",,afb
【セゾンカード】セゾンカードインターナショナル,株式会社クレディセゾン,,,"新規発券完了 2,030円（税込）",,afb
【HOLO BELL（ホロベル）BBクリーム】オトコのスキンケア決定版！男性用BBクリーム,HOLO BELL株式会社,,,"初回購入 ┗セット商品：2,750円(税込)┗通常商品：1,100円(税込)┗1ヶ月間隔定期：1,100円(税込)┗2ヶ月間隔定期：1,100円(税込)┗3ヶ月間隔定期：1,100円(税込)",,afb
FXをもっとやさしく【みんなのFX】,トレイダーズ証券株式会社,9465,外国為替（ＦＸ） トレイダーズ証券株式会社 FXをもっとやさしく【みんなのFX】,"新規口座開設申し込み後90日以内に初回10万円入金および新規取引5ot以上 13,305円（税込） ※既に「みんなのシストレ」で口座を持っているお客様につきましては成果対象外になります",未提携,afb
眠りに悩む女性100人の声から誕生、女性専用の睡眠サプリ【シンデレラスリープ】,株式会社ZERO PLUS,9459,その他健康食品 株式会社ZERO PLUS 眠りに悩む女性100人の声から誕生、女性専用の睡眠サプリ【シンデレラスリープ】,初回購入 330円（税込）,未提携,afb
"端末代0円！月額1,280円(税抜)～利用できる【カシモWiMAX】",株式会社MEモバイル,9436,"プロバイダ 株式会社MEモバイル 端末代0円！月額1,280円(税抜)～利用できる【カシモWiMAX】","WiMAX開通完了 4,950円（税込）",未提携,afb
Music Planetボーカルオーディション,株式会社アプラ,,,"本人確認 4,230円（税込） 面談完了 7,614円(税込) 契約完了 42,306円(税込) ※毎月の承認作業時、上記に該当する成果の場合 該当する金額に変更させて頂きます。",,afb
根強くフサフサ育毛サプリメント【AGALP(アガルプ)】新規商品購入,株式会社リッチモア,9408,その他ヘアケア 株式会社リッチモア 根強くフサフサ育毛サプリメント【AGALP(アガルプ)】新規商品購入,"新規商品購入 1,691円（税込）",未提携,afb
肉割れ・妊娠線ケア用ボディクリーム♪【プレマーム】新規商品購入,株式会社ファーストフレンズ,9406,ボディケア 株式会社ファーストフレンズ 肉割れ・妊娠線ケア用ボディクリーム♪【プレマーム】新規商品購入,"新規商品購入 1,691円（税込） ▼承認テーブル制 下記の通り、承認件数毎に報酬を変動する設定を致します。 ※税込表記 ○ 3件 ⇒ 3,300円(税込)/件 ○ 5件 ⇒ 3,850円(税込)/件 ○ 10件 ⇒ 4,730円(税込)/",未提携,afb
【エコノバ】無料見積もり案件　不用品おかたづけ、ゴミ屋敷のおかたづけ,株式会社FUNDiT,,,"無料査定申し込み 2,115円（税込）",,afb
【高単価！】時計買取.biz,株式会社ユニバーサルバリュー,9353,買取 株式会社ユニバーサルバリュー 【高単価！】時計買取.biz,"web申し込み後、発送(ダンボール)確認 8,316円（税込）",未提携,afb
[スマートフォン専用]パパ活マッチングアプリ【paddy67（パディロクナナ）】,株式会社オスリー,,,"【女性】アプリインストール後、会員登録の後 年齢確認完了 1,268円（税込） 【男性】アプリインストール後、有料会員登録：12,691円(税込)",,afb
髪・頭皮のニオイもケアできる薬用育毛剤【AGALP CARE FRAGRAT（アガルプ ケアフレグラント）】,株式会社リッチモア,,,"初回購入 1,100円（税込）",,afb
声優スタートアッププロジェクト,株式会社アプラ,,,"審査完了の単価で成果発生しますが、 下記の内 成果確定時に到達している報酬額へ単価変更させていただきます。 ●WEB申込後、審査完了 4,230円（税込） ※対面審査の場合:プロジェクト日程が決まった時点で成果 遠隔審査の場合:音源データを",,afb
調査型GPSレンタル【イチロク】新規申込プロモーション,株式会社MIDRIB,9268,探偵事務所 株式会社MIDRIB 調査型GPSレンタル【イチロク】新規申込プロモーション,"新規申込 7,700円（税込）",未提携,afb
【探偵】浮気徹底調査隊！AMUSE（アムス）無料相談申込,株式会社AMUSE,,,"無料相談申込 17,600円（税込）",,afb
【afb限定】【SAKAZEN】商品購入プロモーション,坂善商事株式会社,,,商品購入 8.36％（税込）,,afb
オンラインファッションサブスクサービス【airCloset（エアークローゼット）】新規有料会員登録,株式会社エアークローゼット,9254,レディースファッション 株式会社エアークローゼット オンラインファッションサブスクサービス【airCloset（エアークローゼット）】新規有料会員登録,"新規有料会員登録 レギュラープラン：3,741円(税込)ライトプラン：2,909円(税込)プラスサイズプラン：3,741円(税込)",未提携,afb
【侍エンジニア】無料カウンセリング申込プログラム,株式会社SAMURAI,,,"無料カウンセリング予約：1,100円（税込） 無料カウンセリング参加完了：10,186円(税込) 無料カウンセリング来訪後の契約：23,504円(税込) 無料カウンセリング予約で発生。 その後の成果地点到達状況に応じて上記金額をそれぞれ成果",,afb
ラブホ女子会予約専門サイト【セキララ】,株式会社フランシス,9296,ホテル 株式会社フランシス ラブホ女子会予約専門サイト【セキララ】,利用確認完了 550円（税込）,未提携,afb
キャッシュバックキャンペーン実施中！【SoftBank光】 開通完了,株式会社STORY,9175,プロバイダ 株式会社STORY キャッシュバックキャンペーン実施中！【SoftBank光】 開通完了,"WEB申込後の開通完了 11,000円（税込）",未提携,afb
「足のむくみ・冷え」「リンパ浮腫」「こむら返り」をケアする温感保湿クリーム【ルピエライン】 初回購入プロモーション,株式会社イコールヒューマン,,,"初回購入 5,500円（税込）",,afb
ふるさと納税・寄付なら【ふるさとプレミアム】商品申し込み,株式会社ユニメディア,,,商品申し込み 295円（税込） ※成果発生にはタイムラグがあります※,,afb
恋愛マッチングサイト【digicafe（デジカフェ）】 新規会員登録,株式会社NORG,,,"登録後の年齢認証承認 2,115円（税込）",,afb
ヒューマンアカデミー通信講座,ヒューマンアカデミー株式会社,8487,資格・通信講座 ヒューマンアカデミー株式会社 ヒューマンアカデミー通信講座,講座申込 5.5％（税込） ★承認条件変更について★ ■承認条件 ＜資料請求の場合＞ 「講座別成果地点」シートに記載の資料請求が対象の講座の資料請求完了 ＜講座申込の場合＞ 「講座別成果地点」シートに記載の講座申込が対象の講座のWEB申込み,未提携,afb
【ロート製薬】見る力（コントラスト感度）を改善するサプリメント【ロートV5アクトビジョン】,ロート製薬株式会社,,,"新規商品購入 2,707円（税込）",,afb
サブスク型のオンラインプログラミングスクール【侍テラコヤ】,株式会社SAMURAI,,,WEB入会後、有料プラン申込完了 845円（税込）,,afb
生成AI×ビジネススキルで圧倒的な成果を実現！【サムライエンジニアAIコース】,株式会社SAMURAI,,,"無料カウンセリング予約完了 1,100円（税込）",,afb
早期就活イベント【MeetsCompany（ミーツカンパニー）】,株式会社DYM,,,"WEBからの参加予約後、イベント着座完了 3,383円（税込）",,afb
美肌菌を増やして肌トラブル対策【ママ&ベビーケアクリーム】,こころからだあんしんラボ株式会社,,,初回購入 770円（税込）,,afb
＜機能性表示食品＞眠りの質を改善する睡眠サプリ 【アラプラス 深い眠り】,SBIアラプロモ株式会社,,,"初回購入 1,650円（税込）",,afb
＜機能性表示食品＞高めの血糖値が気になる方に【アラプラス糖ダウン/糖ダウンアラシア】 初回購入,SBIアラプロモ株式会社,,,"初回購入 4,230円（税込） ★報酬アップキャンペーン中★ 通常報酬：2,530円（税込）→ 4,230円（税込） 期間：3/17~8/31 ※9/1より2,530円（税込）に戻ります。",,afb
【税理士ドットコム】税理士紹介の問合わせ,弁護士ドットコム株式会社,,,"3営業日以内に電話またはメールにて本人確認できた場合 法人からのお問合せ 16,500円(税込) 相続のお問合せ 5,500円(税込) その他のお問合わせ 3,300円(税込)",,afb
最高級A5等級の神戸牛専門店【 神戸牛専門店　神戸ぐりる工房 】,株式会社グローイングコンセプション,8850,食品・産直品 株式会社グローイングコンセプション 最高級A5等級の神戸牛専門店【 神戸牛専門店 神戸ぐりる工房 】,商品購入 11％（税込） ※リピート購入も成果対象！,未提携,afb
夏の食卓・お中元に！本格手延べそうめん『揖保の糸』,はりま製麺株式会社,8851,食品・産直品 はりま製麺株式会社 夏の食卓・お中元に！本格手延べそうめん『揖保の糸』,商品購入 10.45％（税込） ※リピート購入も成果対象！ ※ポイント付与上限：購入額の9.5％まで,未提携,afb
クラウドソーシング型、在宅ワーク・内職支援サービス【クラウディア】会員獲得プロモーション,株式会社エムフロ,8854,アルバイト・パート 株式会社エムフロ クラウドソーシング型、在宅ワーク・内職支援サービス【クラウディア】会員獲得プロモーション,"ポイント上限：商品単価の50％ 新規会員登録後納品完了 ※会員登録後90日以内の採用 ------------------------------------- （クライアント）：2,750円(税込)（ワーカー）：1,100円(税込)",未提携,afb
美容整形症例5万件以上の豊富な実績！【もとび美容外科クリニック】 初回来院,医療法人社団西美会,,,"初回来院 11,000円（税込）",,afb
日本最安値に挑戦！ソムリエスタッフ厳選のワイン【ワインショップソムリエ】,株式会社ソムリエ,8860,その他飲料 株式会社ソムリエ 日本最安値に挑戦！ソムリエスタッフ厳選のワイン【ワインショップソムリエ】,商品購入 3.3％（税込）,未提携,afb
イキイキしたあなたを取り戻す！【贅沢ブルーベリー酢】 初回購入,株式会社カサマ,,,"初回購入 2,178円（税込）",,afb
犬の服のiDog&猫の首輪iCat　購入プロモーション,株式会社ゼフィール,,,購入完了 8.36％（税込） ※リピート可,,afb
【コメ兵宅配買取】,株式会社コメ兵,8907,買取 株式会社コメ兵 【コメ兵宅配買取】,"買取完了 8,800円（税込） ※8,000円以上の買取成立 ※ジュエリーのみ5000円以上の買取成立",未提携,afb
美容皮膚科【銀座よしえクリニック】 新規来院,医療法人社団優恵会,,,"来院後、施術費用の支払い完了 11,000円（税込）",,afb
人気モデルも愛飲★全米大ブーム燃焼系菌ドリンク【KONBUCHA CLEANSE（コンブチャクレンズ）】 初回購入,株式会社ユニヴァ・フュージョン,,,"初回購入 2,640円（税込）",,afb
エイジングケア化粧水【ナールスピュア＋】初回トライアル購入,株式会社ディープインパクト,,,"初回商品購入 2,750円（税込）",,afb
妊婦さんの30％以上は妊娠中むくみで悩む！？むくみを改善する葉酸サプリメント【こころからだあんしん葉酸】,こころからだあんしんラボ株式会社,,,※LPに掲載されている商品のみが成果対象となります ※成果対象外の商品を購入しても成果発生致しますが0円で発生いたします 初回購入 ┗都度購入：25.52％（税込）┗定期初回半額コース：50.93％（税込）,,afb
夏の素肌を守り抜く！100%自然素材の【VINTORTE(ヴァントルテ)ミネラルUVファンデーションシリーズ】新規商品購入,株式会社Oz link,8885,メイク 株式会社Oz link 夏の素肌を守り抜く！100%自然素材の【VINTORTE(ヴァントルテ)ミネラルUVファンデーションシリーズ】新規商品購入,新規商品購入 下記以外の購入 5.5％（税込） ミネラルUVクリーム：726円(税込)【定期コース】ミネラルUVクリーム：726円(税込)ミネラルCCクリーム：726円(税込)【定期コース】ミネラルCCクリーム：726円(税込)ミネラルUV,未提携,afb
目元・口元の、気になるサインへの集中ケア美容液【ナールスネオ】 初回購入,株式会社ディープインパクト,,,"初回購入 2,961円（税込）",,afb
ニキビケアに【メディユース アクネル ローション&美容液】新規商品購入,株式会社美健コーポレーション,,,"新規商品購入 ※2019/06/14 0時～、「ポイント付与上限：商品購入金額×15％」です。 [28日定期プラン]アクネル アクネクリアローション+AZセラム 初回石鹸付き：2,115円(税込)アクネルAZセラム1本：16.5％（税込）ア",,afb
エイジングケア世代専用クレンジングジェル【ナールスエークレンズ】初回商品購入,株式会社ディープインパクト,,,"初回商品購入 1,375円（税込）",,afb
まつ毛を保護し、栄養を与えるまつ毛美容液【ミセルアイラッシュ】新規商品購入,株式会社美健コーポレーション,,,新規商品購入 ミセル アイラッシュ：22％（税込）ミセル アイラッシュ 2本セット：22％（税込）ミセル アイラッシュ 3本セット：22％（税込）,,afb
お肌をケアする美白化粧品　医薬部外品【メディユース ホワイトフレッシュ ピーリングジェル】新規商品購入プロモーション,株式会社美健コーポレーション,,,"新規商品購入 メディユース ホワイトフレッシュ ピーリングジェル 1個：16.5％（税込）[2ヶ月定期プラン]メディユース ホワイトフレッシュ ピーリングジェル：1,268円(税込)メディユース ホワイトフレッシュ ピーリングジェル 2個セ",,afb
プラセンタ液にビタミンCを溶かし込んだ美溶液【メディユース薬用Cプラホワイトニング】新規商品購入プロモーション,株式会社美健コーポレーション,,,"新規商品購入 メディユース 薬用Cプラ ホワイトニング 1本：1,650円(税込)メディユース 薬用Cプラ ホワイトニング 2本セット：2,750円(税込)メディユース 薬用Cプラ ホワイトニング 3本セット：3,850円(税込)[28日定",,afb
20代・第二新卒専門の転職エージェント【マイナビジョブ20's（マイナビジョブトゥエンティーズ）】 会員登録,株式会社マイナビ,,,"会員登録 3,383円（税込）",,afb
FX初心者でも乗り換えの方でも満足のスワップポイント【アイネットFX】取引完了,株式会社アイネット証券,,,"※アイネットFXでのお取引は成果対象外になります ▼ポイント媒体様 ループイフダンで新規100万通貨以上の取引完了(60日以内) 11,000円(税込) ※メキシコペソ/円、南アフリカランド/円は10万通貨＝1万通貨としてカウントします。 ",,afb
鍵を開けたい！鍵を替えたい！鍵のトラブルスピード解決　【鍵の救急サポートセンター】問合せ,SLS株式会社,9075,その他 SLS株式会社 鍵を開けたい！鍵を替えたい！鍵のトラブルスピード解決 【鍵の救急サポートセンター】問合せ,"問い合わせ 550円（税込） 作業完了 2,200円(税込) ※管理画面上の発生成果は、すべて”問い合わせ”の報酬で発生しますが 月末に作業完了確認をした成果は金額変更させていただきます。",未提携,afb
資格試験のオンライン学習サービス【資格スクエア】,株式会社資格スクエア,,,"講座申込 11％（税込） 新規弁理士オンライン無料受講相談参加完了：1,437円(税込)新規弁理士講座説明会参加完了：1,437円(税込)弁理士 無料講義体験：1,437円(税込)弁理士 資料請求：1,437円(税込)行政書士説明会参加：1",,afb
バイク買取・中古バイク・バイク売るなら【バイク王】 無料査定,株式会社バイク王&カンパニー,,,"WEBからの無料出張買取申込 3,300円（税込） 無料WEB査定申込 3,300円（税込）",,afb
乳首・脇・VIO含むデリケートゾーンの黒ずみ対策には【FeMish CLEAR（フェミッシュクリア）】商品購入,ホーイズム株式会社,8780,ボディケア ホーイズム株式会社 乳首・脇・VIO含むデリケートゾーンの黒ずみ対策には【FeMish CLEAR（フェミッシュクリア）】商品購入,"商品購入 3,300円（税込）",未提携,afb
カニなど北海道の特産品の通信販売なら【北海道網走水産】 商品購入,網走水産株式会社,8779,食品・産直品 網走水産株式会社 カニなど北海道の特産品の通信販売なら【北海道網走水産】 商品購入,商品購入 10％（税込） ※リピート購入も成果対象,未提携,afb
高額報酬【電話占い「絆」】無料会員登録プロモーション,ビットアップ株式会社,,,"無料会員登録 5,922円（税込） ★期間限定で通常報酬アップ中★ 11月30日まで",,afb
薄毛・抜け毛対策の育毛剤【CA101スカルプエッセンス　ヘアケアセット】新規商品購入,株式会社エル・ド・ボーテ,,,"新規商品購入 3,190円（税込）",,afb
薄毛・抜け毛対策の育毛剤【CA101スカルプエッセンス】新規商品購入,株式会社エル・ド・ボーテ,,,"新規商品購入 2,343円（税込）",,afb
「肝斑」「しみ」は美容皮膚科の赤坂メディカルMクリニック 来院施術プロモーション,赤坂メディカルMクリニック,,,"来院後施術完了 15,230円（税込）",,afb
家計の不安をスッキリ解決！【保険見直しラボ】 保険相談,株式会社Jリスクマネージメント,,,"保険相談の完了 11,000円（税込）",,afb
テレビ・通販サイトで人気の「王様の夢枕・王様の抱き枕」公式通販サイト 新規商品購入,株式会社UNIWORX,8731,家具・インテリア 株式会社UNIWORX テレビ・通販サイトで人気の「王様の夢枕・王様の抱き枕」公式通販サイト 新規商品購入,新規商品購入 8.36％（税込） ポイント上限：購入額の5％,未提携,afb
【モグニャンキャットフード】香りと味わいを追求したキャットフード,株式会社レティシアン,8729,動物・ペット 株式会社レティシアン 【モグニャンキャットフード】香りと味わいを追求したキャットフード,"（レティシアン）新規顧客からの商品購入 4,356円（税込）",未提携,afb
100000本以上の映画・ドラマ・アニメ・バラエティが見放題！【Hulu（フールー）】 月額有料会員登録,HJホールディングス株式会社,,,"有料会員登録登録 2,368円（税込）",,afb
国内最大級の電子書籍サイト【DMMブックス】 初回購入,合同会社DMM.com,,,"初回利用のユーザーからの注文後決済完了 1,320円（税込）",,afb
【モグニャンキャットフード ライト】健康と食いつきを叶える低カロリーキャットフード,株式会社レティシアン,16293,動物・ペット 株式会社レティシアン 【モグニャンキャットフード ライト】健康と食いつきを叶える低カロリーキャットフード,"新規顧客からの商品購入 5,456円（税込）",未提携,afb
大豆イソフラボンサプリ【キレイ・デ・ゲニステイン】新規商品購入,株式会社ウエルネス・ラボ,,,"新規商品購入 2,961円（税込）",,afb
更年期・お悩み世代女性が選ぶ「エクオールサプリメント」3冠達成。【キレイ・デ・エクオール　サプリメント】特別定期コース 初回申込,株式会社ウエルネス・ラボ,,,"定期コース初回申込 4,052円（税込）",,afb
頭皮のフケ・かゆみ・脂漏性に【すっぴん地肌 ナチュラルスカルプシャンプー】初回購入,株式会社プロモートアクト,10387,シャンプー 株式会社プロモートアクト 頭皮のフケ・かゆみ・脂漏性に【すっぴん地肌 ナチュラルスカルプシャンプー】初回購入,"初回購入1,650円（税込）",未提携,afb
心理統計学分析で自分の特性に合う求人が探せる【Future Finder（フューチャーファインダー）】,株式会社ジェイック,,,無料会員登録完了 591円（税込）,,afb
医療脱毛プロモーション【レジーナクリニック】,レジーナクリニック,8551,医療脱毛 レジーナクリニック 医療脱毛プロモーション【レジーナクリニック】,"来院完了 11,000円（税込） ※ポイントサイト様は205,000円（税込）以上の契約完了で27,500円(税込)",未提携,afb
首や顔、デコルテなどのイボ・角質のポロリケア♪【クリアポロン】 初回購入,株式会社ファーストフレンズ,8623,ボディケア 株式会社ファーストフレンズ 首や顔、デコルテなどのイボ・角質のポロリケア♪【クリアポロン】 初回購入,"新規商品購入 2,200円（税込） ▼承認テーブル制 下記の通り、承認件数毎に報酬を変動する設定を致します。 ○ 3件 ⇒ 3,300円(税込)/件 ○ 5件 ⇒ 3,850円(税込)/件 ○ 10件 ⇒ 4,730円(税込)/件 ■条件 ",未提携,afb
驚異のダイエット空間【ホットヨガ・ヨガのカルド　-CALDO-】 体験予約・入会予約,株式会社INSPA,,,"・新規体験受講3,850円（税込） ・入会予約後の来店入会（オープン後店舗に限る）3,850円（税込）",,afb
【厚生労働省認可】デオシークシリーズ（デオドラントクリーム・サプリ・ボディーソープ ｜ わきが・足臭・体臭・加齢臭対策）,株式会社キーリー,,,"●クリームを含む新規商品購入：2,750円(税込) ●その他（ボディソープ・サプリ）：2,200円(税込) ※アウトレット品の購入は成果が発生いたしません。ご了承の程よろしくお願いいたします。 【×３セット】デオシーククリーム＋サプリメント",,afb
ジェイックの就職支援【就職カレッジ】新規無料会員登録,株式会社ジェイック,,,"登録から30日以内に来社（来社にはWEB面談も含む）：16,922円(税込)",,afb
結婚式パーティードレス/ワンピース/ダウンコート/毛皮/スーツの通販【RUIRUE BOUTIQUE（ルイルエブティック）】 商品購入,株式会社アスナロ,,,商品購入 8.8％（税込） ※リピート購入も成果対象となります,,afb
フリーター、既卒、第二新卒求人「ハタラクティブ」　新規カウンセリング登録,レバレジーズ株式会社,,,"成果発生後、1日以内の本人確認完了 3,300円（税込）",,afb
球界のレジェンド山本昌さん愛用！高反発まくら【モットン】,株式会社グリボー,,,初回購入後、商品到着 11％（税込） =============== ★新規掲載特単キャンペーン★ キャンペーン期間：2020年1月～ 新規提携頂いたパートナー様が 提携日より翌月からの3ヶ月間の特別単価が適用できます。 【特別単価：初回購,,afb
球界のレジェンド山本昌さん愛用！自然な寝返りをサポートする【高反発マットレス_モットン】,株式会社グリボー,8638,家具・インテリア 株式会社グリボー 球界のレジェンド山本昌さん愛用！自然な寝返りをサポートする【高反発マットレス_モットン】,初回購入後、商品到着 16.5％（税込） =============== ★新規掲載特単キャンペーン★ キャンペーン期間：2020年1月～ 新規提携頂いたパートナー様が 提携日より翌月からの3ヶ月間の特別単価が適用できます。 【特別単価：初,未提携,afb
球界のレジェンド山本昌さん愛用！冷え対策に【ママウォーム】掛布団,株式会社グリボー,8639,家具・インテリア 株式会社グリボー 球界のレジェンド山本昌さん愛用！冷え対策に【ママウォーム】掛布団,初回購入後、商品到着 16.5％（税込） =============== ★新規掲載特単キャンペーン★ キャンペーン期間：2020年1月～ 新規提携頂いたパートナー様が 提携日より翌月からの3ヶ月間の特別単価が適用できます。 【特別単価：初,未提携,afb
【afb限定】東京23区エリアの家事代行サービス【myエプロン】 初回お試し,株式会社トラストスピード,,,"初回お試しサービスのお申し込み後、サービス完了 3,300円（税込）",,afb
大人世代の婚活・恋活・友活マッチング【シンシアリーユアーズ】,株式会社オープンサイト,8653,出会い 株式会社オープンサイト 大人世代の婚活・恋活・友活マッチング【シンシアリーユアーズ】,"会員登録 ┗新規男性の有料会員登録 3,300円（税込） ┗新規女性会員登録（年齢認証完了）：1,870円(税込)",未提携,afb
＜全国9拠点＞浮気調査は安心の【東京探偵社ALG】,株式会社アヴァンセ・インテリジェンス,,,"不倫・浮気調査のメール相談申込 18,615円（税込）",,afb
妊活中の男の子が欲しい・女の子が欲しいを応援【ベイビーサポート】,株式会社アイテック,8526,マタニティー・ベビー 株式会社アイテック 妊活中の男の子が欲しい・女の子が欲しいを応援【ベイビーサポート】,新規商品購入 22％（税込） ※ポイント付与上限 20% （ポイントサイト掲載は2026年6月末をもって終了となります※7/1～ポイントサイト掲載NG） 男の子セット1001：22％（税込）男の子セット2001：22％（税込）男の子セット3,未提携,afb
アニメ見放題サービス ｄアニメストア！31日間無料・月額660円（税込）！,株式会社ドコモ・アニメストア,,,無料会員登録後の初月有料会員登録 676円（税込）,,afb
価値観でマッチするスカウトサービス【キャリアチケットスカウト】,レバレジーズ株式会社,,,"成果発生後、1日以内の本人確認完了 1,100円（税込） 承認対象卒年↓ 2024年2月(※)：25卒のみ 2024年3月：25卒のみ 2024年4月~12月：25卒・26卒 2025年1月~3月：26卒のみ",,afb
フワッと弾むツヤ髪へ【haru kurokamiスカルプ ラベンダーブレンド】,株式会社nijito,,,"初回購入 1,650円（税込）",,afb
デジタル時代のヒトミに！子どもの見る力を守るサプリ【ノビルンC】,高光製薬株式会社,,,"定期コース初回購入 2,420円（税込）",,afb
20代30代“初心者女子”のための東京ダンスヴィレッジ,株式会社スプリックス,,,"体験レッスン申込 6,600円（税込）",,afb
【モグワンドッグフード】手作りレシピを実現した愛情たっぷりドッグフード,株式会社レティシアン,8342,動物・ペット 株式会社レティシアン 【モグワンドッグフード】手作りレシピを実現した愛情たっぷりドッグフード,"（レティシアン）新規顧客からの商品購入 4,356円（税込） チキン＆サーモン 5kg：4,356円(税込)マグロ&白身魚：4,356円(税込)",未提携,afb
「住宅用・法人・産業用」太陽光発電のNo.1見積りサイト【ソーラーパートナーズ】,株式会社ソーラーパートナーズ,,,"【2023年10月末まで】 web見積もり申し込み後、1週間以内の本人確認 8,800円（税込） ※ポイントサイト専用条件※ 紹介業者とお客様の契約完了 25,383円(税込) 【2023年11月1日より】 太陽光発電（蓄電池セット含）we",,afb
一括査定はもう古い！より高く愛車を売却できる新サービス！【ユーカーパック】,UcarPAC株式会社,8352,車検・車買取査定・購入 UcarPAC株式会社 一括査定はもう古い！より高く愛車を売却できる新サービス！【ユーカーパック】,"【成果時点】 1.WEBでの査定依頼後の通話完了 2.WEB申込後、60日以内車両価格30万円以上の売却成立・代金受取完了 ※WEB申込後、60日以内に通話完了1,100円（税込） ※WEB申込後、60日以内に車両価格30万円以上の売却成立",未提携,afb
WordPressにおすすめ！成功のための高速サーバー【mixhost(ミックスホスト)】,アズポケット株式会社,8305,レンタルサーバ アズポケット株式会社 WordPressにおすすめ！成功のための高速サーバー【mixhost(ミックスホスト)】,"WEB申込後、30日以内の入金確認、及び30日間返金保証が適用されなかった場合 【レンタルサーバー】 ライトプラン：1,650円(税込) スタンダードプラン：3,300円(税込) プレミアムプラン：5,500円(税込) ビジネスプラン：8,",未提携,afb
恋活・婚活・再婚活マッチング「マリッシュ（marrish）」男女会員募集,株式会社マリッシュ,,,"■無料会員登録後、7日以内の年齢確認 ┗女性無料会員登録：1,980円(税込)┗男性無料会員登録：2,979円(税込)",,afb
100％天然由来のエイジングケアシャンプー haru「kurokamiスカルプ」,株式会社nijito,,,"新規商品購入 1,650円（税込）",,afb
【予算上限あり】32万店以上が利用中！店舗の宣伝・集客強化【0円】！店舗情報サイト【エキテン byGMO】,GMOデザインワン株式会社,,,新規無料店舗会員登録後、15日以内での店舗情報の掲載開始 770円（税込）,,afb
「モンドセレクション金賞」連続受賞！子供の成長応援サプリ【ノビルン】,高光製薬株式会社,,,"初回購入 2,420円（税込）",,afb
太るサプリ（太る専用プロテイン）【Dr.FutoreMax（ドクター・フトレマックス）】,ふるさと和漢堂株式会社,,,"初回購入 3,575円(税込)",,afb
【カナガンキャットフード チキン】愛猫の健康を第一に考えたキャットフード,株式会社レティシアン,8337,動物・ペット 株式会社レティシアン 【カナガンキャットフード チキン】愛猫の健康を第一に考えたキャットフード,"（レティシアン）新規顧客からの商品購入 チキン：4,356円(税込)デンタル：5,456円(税込)サーモン：4,356円(税込)ウェット：3,300円(税込)",未提携,afb
【カナガンドッグフード チキン・サーモン】愛犬の健康を第一に考えたドッグフード,株式会社レティシアン,8338,動物・ペット 株式会社レティシアン 【カナガンドッグフード チキン・サーモン】愛犬の健康を第一に考えたドッグフード,"（レティシアン）新規顧客からの商品購入 ドライフード：4,356円(税込)ウェットフード：2,640円(税込)デンタルフード：3,300円(税込)サーモンフード：4,356円(税込)",未提携,afb
【エッセンシャル】“最上の人生を彩る一皿”を届けるラグジュアリーペットフードブランド,株式会社レティシアン,8339,動物・ペット 株式会社レティシアン 【エッセンシャル】“最上の人生を彩る一皿”を届けるラグジュアリーペットフードブランド,"（レティシアン）新規顧客からの商品購入 4,356円（税込） ※ドライフードのみ",未提携,afb
【ネルソンズドッグフード】中～大型犬にオススメ!大容量＆高品質ドッグフード,株式会社レティシアン,8341,動物・ペット 株式会社レティシアン 【ネルソンズドッグフード】中～大型犬にオススメ!大容量＆高品質ドッグフード,"（レティシアン）新規顧客からの商品購入 6,600円（税込） ネルソンズドッグフード 大型犬用：8,800円(税込)",未提携,afb
今、美容業界で注目の資格【スキンケアアドバイザー資格】通信講座,一般社団法人日本スキンケア協会,8356,資格・通信講座 一般社団法人日本スキンケア協会 今、美容業界で注目の資格【スキンケアアドバイザー資格】通信講座,"新規講座申込 入金完了6,600円（税込）",未提携,afb
【afb限定】遺伝子検査でお子様の才能を開花【GIQ子ども能力遺伝子検査】,株式会社ショウイン,8273,医療 株式会社ショウイン 【afb限定】遺伝子検査でお子様の才能を開花【GIQ子ども能力遺伝子検査】,"商品購入 学習能力遺伝子鑑定：1,100円(税込)フルバージョン鑑定：3,300円(税込)身体能力遺伝子鑑定：1,100円(税込)感性能力遺伝子鑑定：1,100円(税込)",未提携,afb
【afb限定】旺文社の英検対策問題集とＣＤがひとつに！【旺文社英検ネットドリル】 新規申込,株式会社ショウイン,8272,語学・留学 株式会社ショウイン 【afb限定】旺文社の英検対策問題集とＣＤがひとつに！【旺文社英検ネットドリル】 新規申込,"新規申込 1,320円（税込）",未提携,afb
キャピキシル7％配合の育毛剤！【バイタルウェーブ】新規商品購入プロモーション,株式会社セラピュア,,,"新規商品購入（商品新規） 4,400円（税込）",,afb
ワンランク上のマッチングサービス【SugarDaddy(シュガーダディ)】 新規会員登録,株式会社SYNAPS,,,"新規会員登録 ┗男性（有料会員登録）：3,383円(税込)┗女性（登録後の年齢確認）：1,691円(税込)",,afb
なめらかな動きを徹底サポート！関節痛・リウマチに『ニコラプロ』 定期コース申込,株式会社しらゆき,8361,その他健康食品 株式会社しらゆき なめらかな動きを徹底サポート！関節痛・リウマチに『ニコラプロ』 定期コース申込,"定期コースにて2回目の購入 4,224円（税込）",未提携,afb
100%オーガニック美容オイル【VIRCHE　マルラオイル】,株式会社ヴァーチェ,,,その他商品の新規購入 商品購入額 5.5％（税込） VIRCHE マルラオイル新規購入：770円(税込)M35 / 【WEB初回送料無料】マルラオイル：770円(税込),,afb
ゲームソフト・本体の買取なら【ゲーム買取ブラザーズ】 初回買取完了,株式会社GlobalArrows,8379,買取 株式会社GlobalArrows ゲームソフト・本体の買取なら【ゲーム買取ブラザーズ】 初回買取完了,"初回買取完了 1,100円（税込）",未提携,afb
一眼レフ、レンズ、カメラ付属品なら【カメラ買取アローズ】 初回買取完了,株式会社GlobalArrows,8380,買取 株式会社GlobalArrows 一眼レフ、レンズ、カメラ付属品なら【カメラ買取アローズ】 初回買取完了,"初回買取完了 1,268円（税込）",未提携,afb
フィギュア買取なら【フィギュア買取アローズ】 初回買取完了,株式会社GlobalArrows,8381,買取 株式会社GlobalArrows フィギュア買取なら【フィギュア買取アローズ】 初回買取完了,"初回買取完了 1,691円（税込）",未提携,afb
「国産オーガニックスキンケア」【NICOLA organics】（ニコラオーガニクス）定期コース初回購入,NICOLA organics株式会社,8427,スキンケア NICOLA organics株式会社 「国産オーガニックスキンケア」【NICOLA organics】（ニコラオーガニクス）定期コース初回購入,"定期コース初回購入 3,034円（税込）",未提携,afb
「国産オーガニックスキンケア」【NICOLA organics】（ニコラオーガニクス）お試し10日間モニターセット 初回購入,NICOLA organics株式会社,8428,スキンケア NICOLA organics株式会社 「国産オーガニックスキンケア」【NICOLA organics】（ニコラオーガニクス）お試し10日間モニターセット 初回購入,モニターセット 初回購入 702円（税込）,未提携,afb
“紫外線対策”太陽に負けないサプリ 【WHITE VEIL～ホワイトヴェール～】 商品購入,株式会社ZERO PLUS,8437,その他健康食品 株式会社ZERO PLUS “紫外線対策”太陽に負けないサプリ 【WHITE VEIL～ホワイトヴェール～】 商品購入,定期注文 330円（税込）,未提携,afb
医薬部外品育毛剤【ケフトル　ローションEX】新規商品購入プロモーション,株式会社セラピュア,,,"新規商品購入 4,400円（税込）",,afb
THE・ボリュームアップシャンプー【ケフトル アミノシャンプーEX】新規商品購入プロモーション,株式会社セラピュア,,,新規商品購入 845円（税込）,,afb
【カナガンデンタルドッグフード】特許取得成分配合ドッグフード,株式会社レティシアン,11305,動物・ペット 株式会社レティシアン 【カナガンデンタルドッグフード】特許取得成分配合ドッグフード,"新規顧客様からの初回購入 3,300円（税込）",未提携,afb
小魚カルシウムサプリ【いりこ核酸】（はるみばあちゃんのいりこ核酸）,ふるさと和漢堂株式会社,,,"初回購入 1,320円（税込）",,afb
国産藍をつかった日本初の青汁【藍の青汁】 初回購入,純藍株式会社,7541,青汁 純藍株式会社 国産藍をつかった日本初の青汁【藍の青汁】 初回購入,"初回購入 1,980円（税込）",未提携,afb
【カナガン】生涯に渡って犬猫本来の最適な食生活へ導くペットフードブランド,株式会社レティシアン,15964,動物・ペット 株式会社レティシアン 【カナガン】生涯に渡って犬猫本来の最適な食生活へ導くペットフードブランド,"新規顧客からの商品購入 4,356円（税込） 対象商品は以下 カナガンドッグフード チキン カナガンドッグフード チキン 大型犬用（2kg） カナガンドッグフード チキン 大型犬用（12kg） カナガンドッグフード ラム カナガンドッグフー",未提携,afb
【カナガンデンタルキャットフード】特許取得成分配合キャットフード,株式会社レティシアン,11731,動物・ペット 株式会社レティシアン 【カナガンデンタルキャットフード】特許取得成分配合キャットフード,"新規顧客からの初回購入 5,456円（税込）",未提携,afb
ヒト幹細胞高配合肌育セラム【セルラッシュプレミアム】,株式会社ブレーンコスモス,,,"初回購入 1,268円（税込）",,afb
肌トラブルから守る。トータルベビースキンケア【anone baby ファーストスキンケアセット】,株式会社はぐくみプラス,,,初回購入 845円（税込）,,afb
あなたを守る栄養素！！【プロポリス100】,株式会社ブレーンコスモス,12325,その他健康食品 株式会社ブレーンコスモス あなたを守る栄養素！！【プロポリス100】,"初回購入 2,491円（税込）",未提携,afb
ぺえプロデュース制汗クリーム【Asettenai?（アセッテナイ）】,株式会社ビズキ,12202,ボディケア 株式会社ビズキ ぺえプロデュース制汗クリーム【Asettenai?（アセッテナイ）】,初回購入 337円（税込）,未提携,afb
赤ちゃん専用の保湿UVケアクリーム【anone baby】,株式会社はぐくみプラス,,,初回購入 845円（税込）,,afb
【afb限定】ウィルス・花粉対策に！不織布三層構造マスク,株式会社ビズキ,,,新規商品購入 3.3％（税込）,,afb
トップサロン ACQUA・ZAZA監修 ウォータートリートメント【/me.（シェイクミー）】,株式会社ビズキ,13882,その他ヘアケア 株式会社ビズキ トップサロン ACQUA・ZAZA監修 ウォータートリートメント【/me.（シェイクミー）】,商品購入(リピート購入もOK) 422円（税込）,未提携,afb
コンドロイチン・グルコサミンを超える特許成分サプリ【深潤EX】 定期コース申込,株式会社ブレーンコスモス,,,"定期コース申込 3,278円（税込）",,afb
アダルトグッズと大人のおもちゃ、玩具の通販ショップ【NLS】 商品購入,株式会社ニジューヨン・ビムーンズ,,,商品購入 11％（税込） ※リピート購入も成果対象,,afb
電話占いデスティニー 無料会員登録,有限会社アイティル,,,"無料会員登録 8,461円（税込）",,afb
保湿効果で評判が高い保湿クリームの【シアバター】新規商品購入プロモーション,株式会社グラウンドキャッスル,8094,ボディケア 株式会社グラウンドキャッスル 保湿効果で評判が高い保湿クリームの【シアバター】新規商品購入プロモーション,商品購入 591円（税込） ※リピート購入も成果対象です※,未提携,afb
オーガニックの天然成分でつくられたキャリアオイル【アルガンオイル】新規商品購入プロモーション,株式会社グラウンドキャッスル,8095,ボディケア 株式会社グラウンドキャッスル オーガニックの天然成分でつくられたキャリアオイル【アルガンオイル】新規商品購入プロモーション,商品購入 591円（税込） ※リピート購入も成果対象です※,未提携,afb
肌にハリ・潤い・艶を補ってくれる保湿美容液　【ホホバオイル】　新規商品購入プロモーション,株式会社グラウンドキャッスル,8096,ボディケア 株式会社グラウンドキャッスル 肌にハリ・潤い・艶を補ってくれる保湿美容液 【ホホバオイル】 新規商品購入プロモーション,商品購入 591円（税込） ※リピート購入も成果対象です※,未提携,afb
ホテル・宿予約サイトなら【じゃらんnet】WEB予約,株式会社リクルート,8097,旅行 株式会社リクルート ホテル・宿予約サイトなら【じゃらんnet】WEB予約,ＷＥＢ予約後のチェックアウト確認 1.1％（税込） ※デイユース（日帰り）は成果対象外です。,未提携,afb
酵素ドリンクを超える澱(おり)から生まれた濃縮練り酵素【houbi(宝美)】 初回購入,株式会社バイオ・コーポレーション,,,"初回購入 1,691円（税込）",,afb
ハリ、しわに♪ヒト幹細胞、卵殻膜を高配合！【ハニプラ美容液】,株式会社ファーストフレンズ,8126,スキンケア 株式会社ファーストフレンズ ハリ、しわに♪ヒト幹細胞、卵殻膜を高配合！【ハニプラ美容液】,"■通常報酬 新規商品購入 2,200円（税込）",未提携,afb
健康的な体づくりに【プルエル】 初回購入,インプレイション株式会社,8129,その他健康食品 インプレイション株式会社 健康的な体づくりに【プルエル】 初回購入,"初回購入 2,200円（税込） ※ユーザーの購入商品によって報酬金額が変更となります。 ※同ユーザー様が同じ商品を複数購入した場合、1件分の 報酬金額に修正させていただきます。 ◇デフォルト単価の場合 ーーーーーーーーーーーーーーーーーーー",未提携,afb
＜医薬部外品＞シワ改善ファンデーション【Be bouncy.（ビーバウンシー）】,株式会社ビズキ,14928,メイク 株式会社ビズキ ＜医薬部外品＞シワ改善ファンデーション【Be bouncy.（ビーバウンシー）】,初回注文完了 422円（税込）,未提携,afb
【メルミー葉酸サプリ】産婦人科医と管理栄養士のW監修,株式会社ニューアクション,,,"新規商品購入 1,691円（税込）",,afb
デリケートゾーン用ミスト【Herbal Raccoon Natural Mist（ハーバルラクーンナチュラルミスト）】,株式会社ビズキ,11287,ボディケア 株式会社ビズキ デリケートゾーン用ミスト【Herbal Raccoon Natural Mist（ハーバルラクーンナチュラルミスト）】,初回購入 550円（税込）,未提携,afb
結婚相談所をもっと始めやすく、もっと便利に。結婚相談所なら【エン婚活エージェント】,エン婚活エージェント株式会社,10379,結婚相談・婚活 エン婚活エージェント株式会社 結婚相談所をもっと始めやすく、もっと便利に。結婚相談所なら【エン婚活エージェント】,"▼ポイントサイト様報酬 会員登録（有料） 16,500円(税込) ▼通常メディア様報酬 資料請求（WEBカタログ：PDFダウンロード） 2,200円（税込） 会員登録（有料） 16,500円(税込) 無料体験：2,200円(税込)会員登録（",未提携,afb
ハイクラス・エグゼクティブ限定の会員制転職サイト【リクルートダイレクトスカウト】,株式会社リクルートキャリア,,,"・広告主新規（当広告主を初めて利用する方） ・WEB申込後のレジュメ登録 ・レジュメ登録にて以下の登録完了 氏名、性別、年齢、業種登録、直近年収（600万円以上） 3,905円（税込）",,afb
もう悩まない！口周りの黒ずみにはハーバルラビットナチュラルゲルクリーム,株式会社ビズキ,8544,ボディケア 株式会社ビズキ もう悩まない！口周りの黒ずみにはハーバルラビットナチュラルゲルクリーム,"定期コース初回申込 1,268円（税込）",未提携,afb
赤ちゃん・女性の為の新しいDHAサプリ【ハグラビ（Hug Lavie）】,株式会社はぐくみプラス,,,"初回購入 1,100円（税込）",,afb
会員1500万人突破！【イククル】 無料会員登録,プロスゲイト株式会社,,,"無料会員登録 2,750円（税込）",,afb
もう悩まない！デリケートゾーンの黒ずみにはハーバルラビットナチュラルゲルクリーム商品購入プロモーション,株式会社ビズキ,8210,ボディケア 株式会社ビズキ もう悩まない！デリケートゾーンの黒ずみにはハーバルラビットナチュラルゲルクリーム商品購入プロモーション,"通常報酬 新規商品購入 1,268円（税込）",未提携,afb
【高額謝礼】実績多数！副業・お小遣い稼ぎに最適　治験モニター募集 治験参加プロモーション,株式会社テミスゲート,8204,医療 株式会社テミスゲート 【高額謝礼】実績多数！副業・お小遣い稼ぎに最適 治験モニター募集 治験参加プロモーション,"医療機関への治験参加完了 6,768円（税込） (治験参加の初日目で成果地点となります。) ※ポイント上限：なし",未提携,afb
保育士の求人サイト【ほいく畑】 人材サービス登録募集,株式会社ニッソーネット,,,"WEB応募後の来社登録、もしくは電話登録 5,500円（税込）",,afb
介護の求人サイト【かいご畑】 人材サービス登録募集,株式会社ニッソーネット,,,"WEB応募後の来社登録、もしくは電話登録 6,600円（税込）",,afb
焼けたくない貴方に。飲む日傘サプリメント「インナーパラソル16200」販売促進,株式会社ECスタジオ,,,"商品新規購入 インナーパラソル16200|1個|定期|WEB：3,960円(税込)通常商品購入：1,650円(税込)インナーパラソル16200|2個単価|定期|WEB：3,960円(税込)インナーパラソル16200|2個まとめ|定期|WEB",,afb
「フィオーレパーティー」パーティー申込プロモーション,株式会社トータルマリアージュサポート,,,"パーティー申し込み 予約申込後、60日以内のパーティー参加 1,691円（税込） ※リピートOK",,afb
結婚相談所なら【フィオーレ】無料相談プロモーション,株式会社トータルマリアージュサポート,,,"無料相談申込 6,514円（税込）",,afb
製菓・スイーツの材料に人気沸騰【創業８0余年】 茜丸あんこ販売プロモーション,株式会社大納言,8186,ダイエット食品 株式会社大納言 製菓・スイーツの材料に人気沸騰【創業８0余年】 茜丸あんこ販売プロモーション,商品購入 16.94％（税込） ※リピート購入も成果対象となります,未提携,afb
【創業80余年の銘菓】 茜丸本舗　どら焼き・和菓子オンラインショップ,株式会社大納言,8185,食品・産直品 株式会社大納言 【創業80余年の銘菓】 茜丸本舗 どら焼き・和菓子オンラインショップ,商品購入 8.47％（税込） ※リピート購入も成果対象となります,未提携,afb
妊活8大成分をはじめ、90種類以上の栄養成分配合！オールインワン妊活サプリ【makana（マカナ）】 初回購入,株式会社ニューアクション,,,"初回購入 3,410円（税込）",,afb
もう悩まない！首の黒ずみにはハーバルラビットナチュラルゲルクリーム,株式会社ビズキ,8560,ボディケア 株式会社ビズキ もう悩まない！首の黒ずみにはハーバルラビットナチュラルゲルクリーム,"「通常報酬」 定期コース初回申込1,268円（税込）",未提携,afb
幻の聖草「冬虫夏草」をたっぷり1200mg配合【冬虫夏草1200】 定期コース初回申込,株式会社ブレーンコスモス,,,"定期コース初回申込 5,346円（税込）",,afb
美容成分80％以上配合！の石鹸で落ちるリキッドファンデ【VINTORTE （ヴァントルテ）】,株式会社Oz link,,,その他商品の新規購入 商品購入額の 5.5％（税込） 美容液ミネラルリキッドファンデーション（ハイライトベージュ）：770円(税込)美容液ミネラルリキッドファンデーション（ライトベージュ）：770円(税込)【定期コース】美容液ミネラルリキッ,,afb
赤ちゃんの成長に必要な栄養たっぷり【アロベビー 葉酸サプリ】定期コース初回購入プロモーション,株式会社SOLIA,9870,葉酸・妊活 株式会社SOLIA 赤ちゃんの成長に必要な栄養たっぷり【アロベビー 葉酸サプリ】定期コース初回購入プロモーション,"ブランド新規顧客の商品購入後、30日以内の入金確認完了 2,200円（税込）",未提携,afb
着るだけで簡単バストケア【Viage ナイトブラAir(ヴィアージュナイトブラエアー)】新規商品購入,株式会社laugh.,,,"新規商品購入 1,650円（税込）",,afb
【ハピすむ】リフォーム見積もり比較サイト,株式会社エス・エム・エス,,,"新規見積り依頼完了 11,000円（税込） ※リフォーム会社紹介後の現地調査日程の確定（新規見積り依頼の確定）",,afb
【南青山矯正歯科クリニック】来院プロモーション,南青山矯正歯科クリニック,,,"無料カウンセリング予約 5,500円（税込）",,afb
VINTORTE　（ヴァントルテ）　シルクパウダー　ミネラルファンデーション,株式会社Oz link,7968,メイク 株式会社Oz link VINTORTE （ヴァントルテ） シルクパウダー ミネラルファンデーション,その他商品の新規購入 商品購入額の726円（税込） シルクパウダーミネラルファンデーション：726円(税込),未提携,afb
公式サイト『Mignon～ミニョン～』新感覚！頭皮のフレグランス　商品購入プロモーション,株式会社ネクストラウンド,7969,その他ヘアケア 株式会社ネクストラウンド 公式サイト『Mignon～ミニョン～』新感覚！頭皮のフレグランス 商品購入プロモーション,新規商品購入 16.5％（税込） ※ミニョン以外の商品を購入した場合は、成果対象外になります。,未提携,afb
【クローズド】,医療法人二昌会,,,"成果地点：59,000円(税抜き)以上のメニューで契約 10,153円（税込） 10,153円（税込）",,afb
着るだけで簡単バストケア【Viage（ヴィアージュ）ビューティーアップナイトブラ】新規商品購入,株式会社laugh.,,,"新規商品購入 1,650円（税込）",,afb
足の毛穴の赤み・黒ずみ・埋没毛対策専用ミルクローション【シルキークイーン】,株式会社カルナベイル,,,"新規商品購入 2,200円（税込）",,afb
女性専用の闇金・ヤミ金相談なら【ヤミ金レスキュー】WEB相談申込,ウイズユー司法書士事務所,,,"WEB相談申込 6,600円（税込）",,afb
商品券をクレジットカードで購入！ - 金券ねっと プロモーション,有限会社ファンネットワークジャパン,,,新規購入後、本人確認完了 845円（税込）,,afb
高報酬　電話占いヴェルニ　無料会員登録,株式会社ファンフィール,,,"新規無料会員登録 8,800円（税込）",,afb
全身脱毛専門店STLASSH（ストラッシュ）無料カウンセリング来店プロモーション,株式会社インターレイズ,7719,脱毛エステ（レディース） 株式会社インターレイズ 全身脱毛専門店STLASSH（ストラッシュ）無料カウンセリング来店プロモーション,"無料カウンセリング来店 14,300円(税込) ▼ポイントサイト条件 報酬：25,300円（税込）＠契約 付与上限 ：10,000P ※180,000円以上の契約が対象 ※クーリングオフ期間内の解約は却下対象 ※初回カウンセリング時から1か",未提携,afb
自毛植毛界のレジェンドが率いる【アスク井上クリニック】 来院,一般社団法人アスクラボ,,,"WEBからのカウンセリング予約後、来院 23,100円（税込）",,afb
【ピリピリ、チクチク トラブル専用　りぷさぷり】新規獲得プロモーション,よかった株式会社,8118,その他健康食品 よかった株式会社 【ピリピリ、チクチク トラブル専用 りぷさぷり】新規獲得プロモーション,商品購入 990円（税込）,未提携,afb
1番安いガス料金を比較し、お得に乗り換えよう！【エネピ】契約完了,株式会社じげん,7741,その他 株式会社じげん 1番安いガス料金を比較し、お得に乗り換えよう！【エネピ】契約完了,"契約完了 16,922円(税込)",未提携,afb
驚きの現金還元！「ケータイ乗り換え.com」ソフトバンク携帯電話契約（問い合わせペース）,株式会社ライト通信,,,"WEB問い合わせ 2,115円（税込）",,afb
【AILE（エール）】レディースエステサロン 新規来店,株式会社AILE,,,"WEB申込みからの新規来店 7,920円（税込） ■ポイントサイト条件 ・ポイントサイトのみ提携要相談、モニターサイトは完全NG ・千葉店、横浜店、川越店は成果対象外 ポイント付与上限：1000円まで",,afb
驚きの現金還元！「ケータイ乗り換え.com」ソフトバンク携帯電話契約（開通ペース）,株式会社ライト通信,,,"問い合わせ後、スマホMNP申し込みの契約 12,691円(税込) 問い合わせ後、ガラケーMNP申し込みの契約 4,230円（税込） 問い合わせ後、スマホ、ガラケー新規申し込みの契約 4,230円（税込） ※スマホMNP申し込み契約が出来た場",,afb
婚活・お見合い結婚なら結婚相談所【クラブ・マリッジ】資料請求・来店,株式会社ギブエイチ,,,"資料請求：2,200円(税込)来店：27,500円(税込)",,afb
美背中ケアゲルSARASUBE　新規獲得プロモーション,よかった株式会社,7787,ボディケア よかった株式会社 美背中ケアゲルSARASUBE 新規獲得プロモーション,"新規定期購入 3,300円（税込）",未提携,afb
女性専用パーソナルトレーニングジム（プライベートトレーニングジム『Reborn myself（リボーンマイセルフ）』新規来店,エクササイズコーチジャパン株式会社,7798,趣味・スポーツ エクササイズコーチジャパン株式会社 女性専用パーソナルトレーニングジム（プライベートトレーニングジム『Reborn myself（リボーンマイセルフ）』新規来店,"新規来店（WEB新規予約後30日以内の無料カウセリング来店）8,250円（税込）",未提携,afb
【よりそうお坊さん便】僧侶手配プロモーション,株式会社よりそう,,,"手配完了 3,300円（税込）",,afb
妊活～妊娠15w、妊娠16w~出産、産後～授乳期までの時期別に 分けて特化した葉酸サプリメント【プレミンシリーズ】,ゲンナイ製薬株式会社,,,"初回購入 2,157円（税込）",,afb
メンズスキンケアは男性専門美容の【ゴリラクリニック】 初回来院,医療法人社団十二会,,,"初回来院 14,300円（税込）",,afb
高速インターネット NURO 光（公式）,ソニーネットワークコミュニケーションズ株式会社,9347,プロバイダ ソニーネットワークコミュニケーションズ株式会社 高速インターネット NURO 光（公式）,"WEBからの回線申込み後、100日以内の開通 新規回線開通（一戸建て）10ギガ3年：9,900円(税込)新規回線開通（一戸建て）2ギガ3年：9,900円(税込)新規回線開通（アパート・マンション）大規模（Lプラン）10ギガ契約期間なし：7,",未提携,afb
「桑の葉の糖煎坊（とうせんぼう）」定期コース 初回申込,株式会社ソシア,,,"通常報酬：1,650円(税込)",,afb
男のブースター香水【ボディセンス】初回定期申込,株式会社ソシア,,,"初回定期申込 4,950円（税込）",,afb
全国のＴＶ・ラジオ・新聞ショッピングでもおなじみ！総合通販「快適生活」の販促,株式会社快適生活,7513,ショッピングモール 株式会社快適生活 全国のＴＶ・ラジオ・新聞ショッピングでもおなじみ！総合通販「快適生活」の販促,商品購入後配達完了(キャンセル含まず) 5.5％（税込）,未提携,afb
【RIZAP（ライザップ）】入会プロモーション,RIZAP株式会社,7514,フィットネス RIZAP株式会社 【RIZAP（ライザップ）】入会プロモーション,"来店完了 7,700円（税込）",未提携,afb
発毛促進剤「薬用グローリン・ギガ」 商品購入,株式会社ソシア,,,"商品購入 2,530円（税込）",,afb
【1935年創業】老舗チョコレートとスイーツブランド＜サロンドロワイヤル＞ 商品購入,株式会社サロンドロワイヤル,7654,食品・産直品 株式会社サロンドロワイヤル 【1935年創業】老舗チョコレートとスイーツブランド＜サロンドロワイヤル＞ 商品購入,商品購入完了時点 7.7％（税込） ※リピート購入も成果対象！,未提携,afb
浮気・不倫調査【響（ひびき）・Agent】 無料相談申し込み,株式会社響・コンサルティング,,,"相談申し込み 15,400円（税込）",,afb
【東京プラチナムクリニック】ミラドライ 施術完了,東京プラチナムクリニック,,,"WEB予約後の施術完了 16,923円（税込）",,afb
IP分散サーバー【IQサーバー】申込,株式会社エムフロ,7580,レンタルサーバ 株式会社エムフロ IP分散サーバー【IQサーバー】申込,申込み額の25.3％（税込） (対象: 新規登録後180日以内),未提携,afb
ゴリラクリニック【医療レーザー・男のゴリラ脱毛】新規来院,医療法人社団十二会,,,"脱毛の初回来院 11,000円（税込）",,afb
馬肉専門店【菅乃屋】通販公式サイト 初回購入,株式会社千興ファーム,,,初回購入者限定購入 12.65％（税込）,,afb
【バスのる】夜行バス・高速バスブルーライナーの予約プロモーション（一部バスツアーあり）,株式会社ブルーストーク,7481,高速バス 株式会社ブルーストーク 【バスのる】夜行バス・高速バスブルーライナーの予約プロモーション（一部バスツアーあり）,WEB予約後、乗車完了 5.5％（税込） ※バスツアーは成果対象外,未提携,afb
【afb限定】PMSサプリ　生理前のお腹のハリ・眠気に【めぐルナ】初回購入,COCORO株式会社,,,"新規定期コース申込 ※2回目までの受け取り必須 3,807円（税込）",,afb
脱メタボ肌【夜だけ美容断食】kooミニボトル初回商品購入,株式会社イーズ・インターナショナル,7454,スキンケア 株式会社イーズ・インターナショナル 脱メタボ肌【夜だけ美容断食】kooミニボトル初回商品購入,"商品購入 1,100円（税込）",未提携,afb
AGA治療の【ゴリラクリニック】 来院,医療法人社団十二会,,,"新規来院 14,300円（税込）",,afb
保湿を超える！？自活保水力を育てるオールインワンゲル【リ・ダーマラボ】 初回購入,株式会社リ・ダーマラボ,,,"ブランド新規顧客の商品購入 2,530円（税込）",,afb
浮気調査・不倫調査【探偵さがしのタントくん】無料相談申込,,,,"無料相談申込み 15,400円（税込）",,afb
車のケア用品なら【ソフト99公式オンラインショップ】 初回購入,株式会社ソフト99コーポレーション,7262,雑貨・家庭用品 株式会社ソフト99コーポレーション 車のケア用品なら【ソフト99公式オンラインショップ】 初回購入,顧客様からの購入 購入額の8.47％（税込） ※リピート購入も対象となります。,未提携,afb
美容室専売ヘアケア用品の【ハホニコ・ハッピーライフ】新規商品購入,,7280,その他ヘアケア 美容室専売ヘアケア用品の【ハホニコ・ハッピーライフ】新規商品購入,新規商品購入 11％（税込） ※初回のみ対象,未提携,afb
「zen place pilates」体験予約の申込,株式会社ZEN PLACE,,,"体験レッスンお申込み後の来店確認 3,465円（税込）",,afb
「zen place yoga」体験予約の申込,株式会社ZEN PLACE,,,"体験レッスンお申込み後の来店確認 3,465円（税込）",,afb
美容クリーム生まれのクレンジング？！【ラミナーゼ クレンジングバーム】 新規顧客初回購入,皮膚臨床薬理研究所株式会社,,,"新規顧客様の初回購入 2,750円（税込）",,afb
創業享保二年【三輪山本】の涼を感じる贈り物 商品購入,株式会社三輪山本,,,商品購入 購入額の8.8％（税込） ※リピート購入も成果対象！,,afb
美容液クレンジングでエイジングケア【リ・ダーマラボ】 初回購入,株式会社リ・ダーマラボ,,,"ブランド新規顧客の商品購入 1,595円（税込）",,afb
モテる男のシャンプー「LUXE ラグゼ」,株式会社プラスリンク,7369,シャンプー 株式会社プラスリンク モテる男のシャンプー「LUXE ラグゼ」,"新規商品購入 2,200円（税込）",未提携,afb
各種国家資格受験の対策なら【LECオンライン（東京リーガルマインド）】 商品購入,株式会社東京リーガルマインド,,,※注意点 無料セミナーやカタログ等の成果対象外の成果につきましては、 0円にて成果が上がる場合がございます。 初回申込 S式合格講座＋S式記述対策講座セット：1.1％（税込）S式合格講座：1.1％（税込）資料請求：110円(税込),,afb
ディズニー英語システム（幼児向け英語教材） 無料サンプル応募,ワールドファミリー株式会社,,,"無料サンプル応募（資料請求）1,522円（税込）",,afb
【STUDYing（スタディング）】スマホで学べる人気のオンライン資格講座,KIYOラーニング株式会社,7404,資格・通信講座 KIYOラーニング株式会社 【STUDYing（スタディング）】スマホで学べる人気のオンライン資格講座,有料購入16.5％（税込） ※報酬アップキャンペーン実施中 通常報酬 11%（税込）,未提携,afb
きっちり効く勉強方法！受験生を応援するサービス【スタディサプリ高校・大学受験講座】会員登録,株式会社リクルートマーケティングパートナーズ,,,"★決済方法により成果対象外となる場合があるのでご注意ください ★無料会員登録があった場合、0円で成果が上がりますのでご了承ください。 【有料会員登録】 ベーシックコース 1,052円（税込）",,afb
通信教材！リクルートが提案する新しい勉強法【スタディサプリ小学・中学講座】有料会員登録,株式会社リクルートマーケティングパートナーズ,,,"有料会員登録 2,283円（税込） ■キャンペーン実施中！詳細はPR文にてお願いします！ ベーシックコース ：2,283円(税込)個別指導コース：4,568円(税込)",,afb
お子様からシニアまで家族みんなで安心して使えるやさしいスマホ【トーンモバイル】,株式会社ドリーム・トレイン・インターネット,6197,SIM 株式会社ドリーム・トレイン・インターネット お子様からシニアまで家族みんなで安心して使えるやさしいスマホ【トーンモバイル】,＜web契約＞ ・webフォームからの申込完了(決済完了) ＜店舗契約＞ ・webサイトより動画チケット10GB増量クーポンを取得し、14日以内に来店&申込完了(決済完了) （※クーポン取得日含め14日以内の来店&申込完了） ＜TONEアプ,未提携,afb
特別構造で徹底ケア【LUNAナチュラルアップナイトブラ】,株式会社HRC,,,"初回購入 1,650円（税込）",,afb
多種多様なパソコン、周辺機器を絶賛買取しています！【パソコン買取アローズ】 初回買取完了,株式会社GlobalArrows,8689,買取 株式会社GlobalArrows 多種多様なパソコン、周辺機器を絶賛買取しています！【パソコン買取アローズ】 初回買取完了,"初回買取完了 1,650円（税込）",未提携,afb
かわいいカー雑貨のお店【ココトリコ】公式ショップ,株式会社ソフト99コーポレーション,9726,雑貨・家庭用品 株式会社ソフト99コーポレーション かわいいカー雑貨のお店【ココトリコ】公式ショップ,商品購入 4.18％（税込）,未提携,afb
成長期の子どもに必要な栄養素をぐーっんとサポート！栄養機能性おやつサプリ【セノビルプラス】,株式会社エメトレ,9793,キッズサプリ 株式会社エメトレ 成長期の子どもに必要な栄養素をぐーっんとサポート！栄養機能性おやつサプリ【セノビルプラス】,"新規商品注文後、30日以内の入金確認 2,200円（税込）",未提携,afb
イビサビューティー累計80万本突破！デリケートゾーンの悩みに【イビサソープ】,株式会社ウィルミナ,,,"新規商品購入 1,100円（税込） イビサデオドラント 単品：2,200円(税込)イビサデオドラント 定期（コンビニ）：2,200円(税込)イビサソープ 単品：2,200円(税込)ソープ・デオ 単品：2,200円(税込)イビサソープ 定期（",,afb
高濃度ビタミンC誘導体配合！デリケートゾーン専用美白美容液【イビサセラムpro】,株式会社ウィルミナ,,,"初回購入 4,125円（税込）",,afb
デリケートゾーンにも使える脱毛サロン発のボディスクラブ【薬用イビサボディスクラブ】,株式会社ウィルミナ,,,"初回購入 2,200円（税込）",,afb
包茎のことなら【上野クリニック】（全国対応）施術促進キャンペーン,ファンネルアド株式会社,,,"初回来院 16,500円（税込）",,afb
成長期応援サプリメント「DR.SENOBIRU（ドクターセノビル）」 定期コース新規申込,株式会社エメトレ,,,"定期コース新規申込 3,300円（税込）",,afb
こども達の免疫力を高めるカラダ作りに【こどもバナナ青汁】元気モニターコース 商品購入,株式会社エメトレ,7451,青汁 株式会社エメトレ こども達の免疫力を高めるカラダ作りに【こどもバナナ青汁】元気モニターコース 商品購入,"モニター商品購入 2,200円（税込）",未提携,afb
全身美容アプローチ【KIREI SALONE -キレイサローネ-】,株式会社キレイサローネ,,,"新規来店 8,461円（税込）",,afb
【クローズド】,株式会社リンクスホールディングス,,,"期間延長中！！ ☆男の脱毛キャンペーン実施中☆ 通常報酬金額11,000円(税込) が期間中は。。。 来院 18,700円(税込)",,afb
【新宿御苑美容クリニック】 施術,新宿御苑美容外科美容皮膚科クリニック,,,"施術完了 15,230円（税込） ┗ワキガ・多汗症 ┗目頭切開 ┗鼻プロテーゼ ┗男性器（亀頭・陰茎）増大術【男性向け】 ┗切らない長茎術【男性向け】 ※上記以外の施術は成果対象外※",,afb
イオン導入美顔器【ブロードイオン】トライアルセット商品購入プロモーション,株式会社ソフィア,7002,スキンケア 株式会社ソフィア イオン導入美顔器【ブロードイオン】トライアルセット商品購入プロモーション,商品購入 11％（税込） ブロードイオン：11％（税込）,未提携,afb
楽天1位獲得！【メンズ専用 NULLリムーバークリーム】除毛・脱毛クリーム 新規商品購入,株式会社G.Oホールディングス,6855,ボディケア 株式会社G.Oホールディングス 楽天1位獲得！【メンズ専用 NULLリムーバークリーム】除毛・脱毛クリーム 新規商品購入,"除毛クリーム新規商品購入 1,485円（税込）",未提携,afb
転職なら【リクルートエージェント】 初回無料エントリー,株式会社リクルートキャリア,,,"Webエントリー後、初回受付完了 2,200円（税込） ・WEBエントリー後、キャリアアドバイザーが仕事の紹介を可能だと判断した場合 ・新規申込みのみ対象となります。",,afb
社会人のための転職サイト【リクナビNEXT】 無料会員登録,株式会社リクルート,,,"・広告主新規（当広告主を初めて利用する方） ・WEBより会員登録完了後の職務経歴書登録完了 1,870円（税込）",,afb
オルニチン高配合サプリ「リボディ34000」 新規顧客初回購入,株式会社ECスタジオ,,,"新規顧客様による初回購入 定期コース：3,960円(税込)通常購入商品：1,100円(税込)",,afb
★期間限定報酬アップキャンペーン実施中！！★ビデオオンデマンドで動画を見るなら【U-NEXT(ユーネクスト)】31日間無料トライアルお申込み,株式会社U-NEXT,,,"通常報酬：31日間無料トライアル登録完了 1,650円（税込）",,afb
【高承認・高報酬】国内最大級出会い・恋愛マッチングサービス【ハッピーメール】WEB会員登録,株式会社アイベック,,,"WEBからの無料会員登録 3,300円（税込）",,afb
【厚生労働省認可】ヘアケアブランドアルガスシリーズ（育毛剤・サプリメント・シャンプー）,株式会社キーリー,,,"●集中ケアセット(薬用育毛剤アルガス+アルガスサプリEX) 単品:999円(税込) 毎月お届けコース、3セット、3ヶ月おまとめ定期コース:1,999円(税込) ●育毛剤のみ(薬用育毛剤アルガス) 単品:999円(税込) 毎月お届けコース、3",,afb
高含有サプリメント「マカ＆クラチャイダム20000プラス」販売促進キャンペーン！,株式会社ECスタジオ,,,"新規顧客様による 定期コース：3,960円(税込)通常購入商品：1,650円(税込)",,afb
高品質コスプレキャラウィッグ専門店【Cospedia Wig】-コスぺディアウィッグ- 新規顧客商品購入,株式会社　じゃねっと,,,"新規顧客の初回購入1,100円（税込）",,afb
ベッド通販店 THE BED ROOM 販売促進プロモーション,ビーナスベッド株式会社,,,商品購入 11％（税込） 購入商品に変更があった場合、金額変更を行います。,,afb
【Sow Experience(ソウエクスペリエンス)】 体験ギフト購入プロモーション,ソウ・エクスペリエンス株式会社,6782,ショッピングモール ソウ・エクスペリエンス株式会社 【Sow Experience(ソウエクスペリエンス)】 体験ギフト購入プロモーション,カタログ購入完了 7.7％（税込）,未提携,afb
体臭消臭サプリメント「メンズデオ8400（MENSDEO8400）」 初回購入,株式会社ECスタジオ,,,"新規顧客様の初回購入 定期コース：3,300円(税込)通常購入商品：1,100円(税込)",,afb
【メンズ専用 NULLパヒュームクリーム】香水クリーム 新規商品購入,株式会社G.Oホールディングス,7565,スキンケア 株式会社G.Oホールディングス 【メンズ専用 NULLパヒュームクリーム】香水クリーム 新規商品購入,"新規商品購入 1,320円（税込）",未提携,afb
楽天1位獲得【メンズ専用 NULLフェイスウォッシュ】洗顔フォーム 新規商品購入,株式会社G.Oホールディングス,7560,ボディケア 株式会社G.Oホールディングス 楽天1位獲得【メンズ専用 NULLフェイスウォッシュ】洗顔フォーム 新規商品購入,"新規商品購入 1,100円（税込）",未提携,afb
【メンズ専用 NULLブラジリアンワックス】除毛/脱毛ワックス,株式会社G.Oホールディングス,7561,ボディケア 株式会社G.Oホールディングス 【メンズ専用 NULLブラジリアンワックス】除毛/脱毛ワックス,"新規商品購入 1,320円（税込）",未提携,afb
【メンズ専用 NULLオールインワンジェル】 新規商品購入,株式会社G.Oホールディングス,7562,スキンケア 株式会社G.Oホールディングス 【メンズ専用 NULLオールインワンジェル】 新規商品購入,"新規商品購入 1,100円（税込）",未提携,afb
【メンズ専用 NULLBBクリーム】 新規商品購入,株式会社G.Oホールディングス,,,"新規商品購入 1,100円（税込）",,afb
睡眠の質に悩む方の急速サポートサプリメント「グッドナイト27000プラス」 初回購入,株式会社ECスタジオ,,,"初回購入 定期コース：4,950円(税込)通常購入商品：1,650円(税込)",,afb
《定期》飲む太陽ケア【マスターホワイト】商品購入プロモーション,株式会社ヴィジョンステイト,,,"新規定期購入、2回目の納入確認後 5,500円（税込） ※本人申込みはセルフBからの申込みに限ります。",,afb
親に飲ませたい機能性表示食品【プラズマローゲン18000＋(プラス)】,株式会社ECスタジオ,,,"初回購入 通常購入商品：1,650円(税込)定期コース：4,950円(税込)",,afb
香りにこだわったボディウォッシュ【メンズ専用 NULLボディウォッシュ】新規商品購入,株式会社G.Oホールディングス,10297,ボディケア 株式会社G.Oホールディングス 香りにこだわったボディウォッシュ【メンズ専用 NULLボディウォッシュ】新規商品購入,"新規商品購入 1,100円（税込）",未提携,afb
海でも焼けない【メンズ専用 NULLウォータープルーフ日焼け止め】新規商品購入,株式会社G.Oホールディングス,10296,ボディケア 株式会社G.Oホールディングス 海でも焼けない【メンズ専用 NULLウォータープルーフ日焼け止め】新規商品購入,"新規商品購入 1,100円（税込）",未提携,afb
毛穴もくすみも！洗顔で輝き素肌へ！【マスターホワイトフェイスソープ】新規商品購入プロモーション,株式会社ヴィジョンステイト,,,"新規定期購入、2回目の納入確認後 3,300円（税込） ※本人申込みはセルフBからの申込みに限ります。",,afb
厳選素材を特許比率で配合！活力サプリメント【金の極マカ】,株式会社すこやか工房,,,"初回購入 2,138円（税込）",,afb
小鼻のざらつきにも。3Wayクレンジング【NULL クレンジングリキッド】,株式会社G.Oホールディングス,13158,洗顔・クレンジング 株式会社G.Oホールディングス 小鼻のざらつきにも。3Wayクレンジング【NULL クレンジングリキッド】,"初回購入 1,100円（税込）",未提携,afb
見られる手から「魅せる手」へ【NULL薬用ハンドクリーム】,株式会社G.Oホールディングス,12442,ボディケア 株式会社G.Oホールディングス 見られる手から「魅せる手」へ【NULL薬用ハンドクリーム】,初回購入 880円（税込）,未提携,afb
エイジングケア化粧水【NULLフェイスローション-FACE LOTION FOR MEN-】,株式会社G.Oホールディングス,11487,スキンケア 株式会社G.Oホールディングス エイジングケア化粧水【NULLフェイスローション-FACE LOTION FOR MEN-】,"新規商品購入 1,100円（税込） ポイント付与上限：商品単価の30％まで",未提携,afb
＜機能性表示食品＞目のピント調節＋お肌の潤いに【ピントモイスト5500（Pint-Moist 5500）】,株式会社ECスタジオ,,,"初回購入 ┗都度購入：1,650円(税込)┗定期コース：3,960円(税込)",,afb
＜医薬部外品＞ピーリング【WEEEDクリアジェル】,株式会社ECスタジオ,,,"初回購入 ※WEEEDクリアジェル定期コースのみ成果対象 （対象型番以外の成果の際は0円で成果発生いたします） ┗（定期）WEEEDクリアジェル：1,320円(税込)",,afb
＜医薬部外品＞ボディスクラブ&ボディソープ【WEEEDブリススクラブ】,株式会社ECスタジオ,,,"初回購入 ※複数購入の場合1個分の金額へ変更させていただきますのでご了承くださいませ！ ┗（トライアル）WEEEDブリススクラブ 120g：330円(税込)┗（単品）WEEEDブリススクラブ 360g：1,650円(税込)┗（定期）WEEE",,afb
《定期》馬プラセンタ原液美容液【プラセンタファインエクストレム】商品購入プロモーション,株式会社ヴィジョンステイト,,,"新規定期購入、2回目の納入確認後 5,500円（税込） ※本人申込みはセルフBからの申込みに限ります。",,afb
《定期》天然植物ハーブの快眠サプリメント【ネムリス-nemlis-】商品購入プロモーション,株式会社ヴィジョンステイト,,,"新規定期購入、2回目の納入確認後 5,500円（税込） ※本人申込みはセルフBからの申込みに限ります。",,afb
安心の出会い【YYC（ワイワイシー）】 無料会員登録,株式会社Diverse,,,"会員登録後の年齢認証完了 2,200円（税込）",,afb
人気レンタルドレス！【おしゃれコンシャス】 レンタル申込,株式会社ミスコンシャス,6758,レディースファッション 株式会社ミスコンシャス 人気レンタルドレス！【おしゃれコンシャス】 レンタル申込,レンタル申込 8.8％（税込）,未提携,afb
【afb限定】毎月300名様 初回3000円！北海道の水産卸元からお魚のサブスク開始♪【水産卸元直営店 ウオス】,進風株式会社,7491,食品・産直品 進風株式会社 【afb限定】毎月300名様 初回3000円！北海道の水産卸元からお魚のサブスク開始♪【水産卸元直営店 ウオス】,"初回商品購入 海鮮BOX宅配ウオス 1,100円(税込) その他の商品 商品購入額の6.6％（税込） ※【業務用】と明記されている商品の購入は成果対象外とさせていただきます。 ※代金引換の際にはご本人様確認のお電話連絡がございます。お電話を",未提携,afb
ペットの匂いを消臭！カンファペット,株式会社ワンダードリーム,,,"商品新規購入完了後、入金確認時 初回購入 1,100円（税込）",,afb
恋愛・不倫・浮気相談の【電話占い】ロバミミ　鑑定後の入金確認,株式会社cocoloni,,,"鑑定後の入金確認 5,076円（税込） ※鑑定時間は30分以上の利用が成果対象となります。",,afb
女性誌多数掲載！！出会い応援コミュニティ【ワクワクメール】 無料会員登録,株式会社ワクワクコミュニケーションズ,,,"無料会員登録 3,300円（税込）",,afb
男性医療レーザー脱毛【メンズリゼ】来院促進プロモーション,医療法人社団風林会,,,"【基本報酬】 来院 13,200円（税込）",,afb
【税理士探しの強い味方　税理士紹介エージェント】お問い合わせプロモーション,パスクリエイト株式会社,,,"税理士紹介を前提とした有効お問い合わせ 顧問契約・相続税：21,153円(税込)確定申告・年一決算・その他：3,807円(税込)",,afb
法律系資格取得のための講座・書籍・教材ショップ東京法経学院　プロモーション,株式会社東京法経学院,6614,資格・通信講座 株式会社東京法経学院 法律系資格取得のための講座・書籍・教材ショップ東京法経学院 プロモーション,※報酬アップ中※ 商品購入 11％（税込） ※通常は5.5％（税込）となります。 下記資格種については報酬単価が異なっております。 ・司法書士：22％（税込） ・行政書士：22％（税込） ※すべての成果が 11％（税込）で反映されますが、 ,未提携,afb
ワキ・二の腕の黒ずみ対策に「薬用アットベリー」 商品購入,株式会社ファーストフレンズ,6548,ボディケア 株式会社ファーストフレンズ ワキ・二の腕の黒ずみ対策に「薬用アットベリー」 商品購入,"新規商品購入 2,200円（税込） ▼承認テーブル制 下記の通り、承認件数毎に報酬を変動する設定を致します。 ○ 3件 ⇒ 3,300円(税込)/件 ○ 5件 ⇒ 3,850円(税込)/件 ○ 10件 ⇒ 4,730円(税込)/件 ■条件 ",未提携,afb
酵素とプロバイオティクスのペット(犬・猫)用サプリメント【プロキュア】 新規購入,株式会社ワンダードリーム,,,新規顧客からの商品購入後、 30日以内の入金確認 550円（税込）,,afb
"3つの人気成分をギュッと凝縮！1,000万本突破！【トリプルワン 青汁畑】新規商品購入プロモーション",進風株式会社,,,"新規 商品購入 1,907円（税込） ※ 成果対象はPC・スマホに関わらず、新規の御購入者様を対象とさせて頂きます。",,afb
国内最大級マッチングサービス【PCMAX】無料会員募集プログラム,株式会社マックス,6719,出会い 株式会社マックス 国内最大級マッチングサービス【PCMAX】無料会員募集プログラム,"通常報酬： 会員登録 3,300円（税込）",未提携,afb
会員1000万人以上！【ミントＣ！Ｊメール】無料会員登録プログラム,有限会社エムアイシー総合企画,,,"無料会員登録 2,200円（税込）",,afb
電話占い ピュアリ　新規無料会員獲得,株式会社ピュアリ,,,"無料会員登録 1,353円（税込）",,afb
【女性用　育毛剤】薬用ハリモア　販売促進プロモーション,レバンテ株式会社,,,"新規商品購入 3,300円（税込）",,afb
全国に手作り惣菜をお届け「わんまいる」一品おかずからディナーセットまで 初回購入プロモーション,株式会社ファミリーネットワークシステムズ,,,◆ポイントサイト（インセンティブ媒体向け） 初回限定お試しコース 135円(税込) 定期お届けコース（毎週お届け）155円(税込) 定期お届けコース（2週に1度）311円（税込） ----------------------- （ご留意事項,,afb
AGAスキンクリニック 来院,株式会社IDEA,,,"来院14,300円（税込）",,afb
【闇金相談】ウイズユー司法書士事務所　Web相談申込プロモーション,ウイズユー司法書士事務所,,,"闇金の相談申し込み(本人確認まで) 6,600円（税込）",,afb
国内最大級のリフォームの一括見積もりサイト【リショップナビ】,株式会社じげん,6349,リフォーム・引越し 株式会社じげん 国内最大級のリフォームの一括見積もりサイト【リショップナビ】,"一括見積もり取得完了 10,153円（税込） ※ポイント付与上限：3,500円（税抜）",未提携,afb
【クローズド】転職サイトの【BIZREACH（ビズリーチ）】 無料会員登録（レジュメ登録完了）,株式会社ビズリーチ,,,"無料会員登録（レジュメ登録完了） 5,922円（税込）",,afb
有料老人ホームの無料相談・見学は【シニアのあんしん相談室 老人ホーム案内】 資料請求・見学予約,株式会社ウェブクルー,,,"資料請求・見学予約 2,200円（税込） ※資料請求の場合は電話で確認ができない場合は却下とさせていただきます。",,afb
女性の薄毛治療なら【AGAスキンクリニック　レディース院】来院,株式会社IDEA,,,"来院 14,300円（税込）",,afb
【時効援用】ウイズユー司法書士事務所　Web相談申込プロモーション,ウイズユー司法書士事務所,,,"時効援用のWEB相談申込 2,750円（税込）",,afb
衣類＆寝具の加齢臭がスッキリ！洗濯補助洗浄剤【魔女っ粉】商品購入プロモーション,株式会社みつばちロード,,,・初回限定お試しセット（150g＠1780円） ・初回限定お試しセット（5g＠100円） ⇒購入額の22％（税込） ※成果報酬対象はお試しセット初回購入者（一個分）となります。,,afb
中年男性に人気爆発の柿渋石鹸！【男のたしなみ】商品購入プロモーション,株式会社みつばちロード,6243,ボディケア 株式会社みつばちロード 中年男性に人気爆発の柿渋石鹸！【男のたしなみ】商品購入プロモーション,お試しセット初回購入者 購入額の413円（税込） ※成果報酬対象はお試しセット初回購入者（一個分）となります。,未提携,afb
＜みつばちロード＞健康・美容に！【伝承ローヤルゼリー】 お試し商品購入プロモーション,株式会社みつばちロード,,,商品購入 購入額の22％（税込） ※成果報酬対象はお試しセット初回購入者（一個分）となります。,,afb
【CONCENT コンセント】カタログギフト購入プロモーション,コンセント株式会社,,,"※CVすると成果が２つ発生します。 成果承認の際に、ユーザーが既存顧客様か新規顧客様かにより 下記単価へ変更して確定させていただきます。 カタログギフト購入 ┗新規顧客様 1,100円（税込） ┗既存顧客様：880円(税込)",,afb
結婚相談所比較【婚活・結婚おうえんネット】 初回一括資料請求,パスクリエイト株式会社,,,"初回一括資料請求 4,950円（税込）",,afb
ダブルスタンダードクロージング直営公式オンライン【Night STORE】販促プロモーション,メディエア株式会社,,,"商品購入額の3.3％（税込） 福袋：845円(税込)特設福袋：1,100円(税込)",,afb
【THE CLINIC】顔の脂肪注入・マイクロCRFプレミアムモニター 来店・施術,THE CLINIC,6113,その他美容外科 THE CLINIC 【THE CLINIC】顔の脂肪注入・マイクロCRFプレミアムモニター 来店・施術,"WEBからのモニター申込後、電話での本人確認 12,691円（税込）",未提携,afb
ズバット車販売 中古車お探しサービス 申込,株式会社ウェブクルー,,,"中古車お探しサービス 申込 2,200円（税込）",,afb
【パーフェクトスペースカーテン館 / パーフェクトスペースラグ・カーペット館】 商品購入,通販ドットTOKYO株式会社,6064,家具・インテリア 通販ドットTOKYO株式会社 【パーフェクトスペースカーテン館 / パーフェクトスペースラグ・カーペット館】 商品購入,商品購入 購入額の4.18％（税込）,未提携,afb
本格派ミリタリーセレクトショップ《WIP》 - メンズファッション、インテリア・家具、雑貨,有限会社WAIPER,6054,メンズファッション 有限会社WAIPER 本格派ミリタリーセレクトショップ《WIP》 - メンズファッション、インテリア・家具、雑貨,新規顧客さまの購入 商品購入額の8.36％（税込）,未提携,afb
世界が認めたオーガニックコスメ　「琉白～るはく～」トライアルセットプロモーション,株式会社ケアリングジャパン,,,"新規商品購入：1,100円（税込）",,afb
おトクなインクカートリッジの激安販売【インクナビ】 商品購入,株式会社ジーストリーム,6021,AV・家電 株式会社ジーストリーム おトクなインクカートリッジの激安販売【インクナビ】 商品購入,商品購入 購入額の20.68％（税込）,未提携,afb
スチールラック専門店 ルミナス エレクター のラック・パーツ通販【フロアーズ本店】,通販ドットTOKYO株式会社,12626,家具・インテリア 通販ドットTOKYO株式会社 スチールラック専門店 ルミナス エレクター のラック・パーツ通販【フロアーズ本店】,商品購入 4.18％（税込） ※リピート購入も成果対象,未提携,afb
【ゼクシィ 式場見学／ブライダルフェア見学】ウェブ予約プロモーション,株式会社リクルートマーケティングパートナーズ,,,"結婚式場見学予約申込 2,200円（税込） ※結婚式場見学とブライダルフェアの両方を申し込まれた場合は、片方のみ成果対象 ※1人1回の申込のみ成果対象",,afb
毛髪診断士監修 育毛サプリ「チャップアップ(CHAPUP)サプリ」 商品購入,株式会社ソーシャルテック,,,"商品購入 2,750円（税込） ※リピート購入OK",,afb
クロムハーツ通販サイト【Jewelry Connection -ジュエリーコネクション-】,株式会社ビヨンクール,6001,メンズファッション 株式会社ビヨンクール クロムハーツ通販サイト【Jewelry Connection -ジュエリーコネクション-】,商品購入額の5.5％（税込） ※リピート顧客も成果対象,未提携,afb
【リペアジェル】（しみ/しわ/乾燥/ハリ）美容液　初回トライアルセット商品購入プロモーション,株式会社リソウ,5985,スキンケア 株式会社リソウ 【リペアジェル】（しみ/しわ/乾燥/ハリ）美容液 初回トライアルセット商品購入プロモーション,初回トライアル購入 550円（税込）,未提携,afb
男のスキンケアはこれ1本！高保湿なのにみずみずしい【ZIGEN オールインワンフェイスジェル】,ZIGEN株式会社,5975,スキンケア ZIGEN株式会社 男のスキンケアはこれ1本！高保湿なのにみずみずしい【ZIGEN オールインワンフェイスジェル】,"※ポイント付与上限：200円 初回限定 ジェル 100g：1,100円(税込)",未提携,afb
全身脱毛なら【リゼクリニック】医療脱毛新規来院プロモーション,医療法人社団風林会,,,"新規来院 8,250円（税込）",,afb
無添加無香料・厚生労働省認可の育毛剤【チャップアップ(CHAPUP)】,株式会社ソーシャルテック,,,"新規商品購入 5,500円（税込）",,afb
自然の恵みを凝縮！ノンシリコンシャンプー【ポッシュ　ヘアケアシャンプーNS】販促プロモーション,株式会社パンベシュ,5953,シャンプー 株式会社パンベシュ 自然の恵みを凝縮！ノンシリコンシャンプー【ポッシュ ヘアケアシャンプーNS】販促プロモーション,▼報酬アップキャンペーン実施中▼（終了日：未定） 【通常報酬】 初回商品購入 商品購入額の25％(税込) ↓↓↓ 【キャンペーン単価】 初回商品購入 商品購入額の75.9％（税込）,未提携,afb
【レディースアデランス】増毛体験申込みAFプロモーション,株式会社アデランス,,,"来店確認 7,920円（税込）",,afb
モダンデコ|インテリア・家具・家電の激安総合通販サイト,モダンデコ株式会社,5929,家具・インテリア モダンデコ株式会社 モダンデコ|インテリア・家具・家電の激安総合通販サイト,商品購入 購入額の2.53％（税込）,未提携,afb
【クローズド】,アイフル株式会社,,,"成約 8,461円（税込）",,afb
リクルートカード 発行,株式会社リクルート,,,"カード発行(リクルートカード(JCB)のみ対象）1,268円（税込） ※モバ即の申込も成果対象となります。※お申込みから60日以内の発券が承認対象となります。",,afb
MICHILUNO-PRO VII(ミチルノプロ)　シャンプー・トリートメント定期購入プロモーション,株式会社デジサーチアンドアドバタイジング,,,"新規定期購入2,037円（税込） ※ギフトセットは成果対象外",,afb
【JAF】-ジャフ- 新規入会,一般社団法人日本自動車連盟,5862,その他保険 一般社団法人日本自動車連盟 【JAF】-ジャフ- 新規入会,JAF会員入会 770円（税込） ※いずれのコースも成果対象,未提携,afb
東進ハイスクール・東進衛星予備校,株式会社ナガセ,,,"1日体験・資料請求・個別相談 1,100円（税込）",,afb
カミソリ負けから肌を守る【ZIGENパーフェクトスムースシェービングジェル】,ZIGEN株式会社,14957,スキンケア ZIGEN株式会社 カミソリ負けから肌を守る【ZIGENパーフェクトスムースシェービングジェル】,"初回購入 1,100円（税込） ※ポイント付与上限：200円まで",未提携,afb
【リゼクリニック・メンズリゼ】肌治療,医療法人社団風林会,,,"WEBからの新規申込後、来院 11,000円（税込）",,afb
まるで洗う美容液、あらゆる男の肌悩みを解決するメンズスクラブ洗顔【ZIGENフェイスウォッシュ】,ZIGEN株式会社,14488,洗顔・クレンジング ZIGEN株式会社 まるで洗う美容液、あらゆる男の肌悩みを解決するメンズスクラブ洗顔【ZIGENフェイスウォッシュ】,"初回購入 ※ポイント付与上限：200円 ┗初回限定 ジェル＋洗顔：各100g セット：2,200円(税込)┗初回限定 フェイスウォッシュ 100g：1,100円(税込)",未提携,afb
メンズシャンプー業界初！純石けん100%の頭皮ケア【ZIGEN オールインワン スカルプシャンプー】,ZIGEN株式会社,14436,シャンプー ZIGEN株式会社 メンズシャンプー業界初！純石けん100%の頭皮ケア【ZIGEN オールインワン スカルプシャンプー】,"初回購入 1,100円（税込） ※ポイント付与上限：200円",未提携,afb
インナーケアGABA×酵母タンパク質の《夜プロテイン》【THE PROTEIN】,株式会社バルクオム,15013,筋肉サプリ・プロテイン 株式会社バルクオム インナーケアGABA×酵母タンパク質の《夜プロテイン》【THE PROTEIN】,"定期コース初回購入 7,191円（税込）",未提携,afb
温浴効果を高めて肩こり・腰痛・冷え・疲労回復【ベルタきざみ本薬湯】定期コース,株式会社BELTA,,,"初回購入 2,537円（税込）",,afb
男性妊活応援サプリ【ベルタランシード】,株式会社BELTA,,,"定期コース初回購入 2,115円（税込）",,afb
更年期のお悩みに着目して誕生・日本初機能性サプリ【ベルタエクリズム】,株式会社BELTA,,,"ベルタエクリズム初回定期購入 ポイントサイト条件：ベルタエクリズム初回定期購入 ポイント付与上限：1,100円（税込） 3,383円（税込）",,afb
断食の専門家が開発！原液100％の酵素ドリンク【優光泉（ゆうこうせん）】,株式会社エリカ健康道場,5803,酵素 株式会社エリカ健康道場 断食の専門家が開発！原液100％の酵素ドリンク【優光泉（ゆうこうせん）】,"【基本報酬】 新規商品購入 4,400円(税込) リピートユーザーの購入は1,100円(税込) ※発生は新規商品購入の金額で発生いたしますが、月末にリピート成果は金額変更が行われます",未提携,afb
【ベルタ酵素】大人気165種類の酵素数＋美肌成分配合の話題の「酵素ドリンク」新規購入促進プログラム,株式会社BELTA,,,"商品購入 1,100円（税込）",,afb
高単価・高CVRのメンズコスメBULK HOMME(バルクオム)販促プロモーション,株式会社バルクオム,,,"BULK HOMME 新規申込完了 4,230円（税込）",,afb
【afb限定】北海道産純度100%　馬プラセンタサプリメント【COCOROプラセンタ】初回購入プロモーション,COCORO株式会社,,,"初回商品購入 3,300円（税込）",,afb
妊活・妊娠中のママに必要な栄養がたっぷり【ベルタ葉酸サプリ】商品購入♪,株式会社BELTA,6189,葉酸・妊活 株式会社BELTA 妊活・妊娠中のママに必要な栄養がたっぷり【ベルタ葉酸サプリ】商品購入♪,"商品購入 2,200円（税込）",未提携,afb
【BULK HOMME(バルクオム) 】待望のヘアケアライン定期コース新規購入,株式会社バルクオム,,,"定期コース新規購入 (HAIR CARE 2STEP COURSEまたはHAIR CARE 3STEP COURSE) の初回申し込みかつ初回商品お受け取り 4,230円（税込）",,afb
妊活は夫婦で取り組みたい！【ベルタプレリズム】,株式会社BELTA,10943,葉酸・妊活 株式会社BELTA 妊活は夫婦で取り組みたい！【ベルタプレリズム】,"初回購入 2,200円（税込）",未提携,afb
【afb限定】フラーレン配合のオールインワン化粧品【COCOROオールインワン】,COCORO株式会社,,,"新規商品購入 2,537円（税込）",,afb
肥満気味の方へ3つの機能性成分配合サプリ【ベルタスリムトリプル】,株式会社BELTA,,,"初回購入 1,100円（税込）",,afb
【afb限定】『秋川牧園』ウェブショップ商品購入,株式会社秋川牧園,,,商品購入3.3％（税込）,,afb
ショップカートシステム【クラフトカート】新規サービス申込プロモーション,有限会社クロフトクラフト,5592,ショッピングカート 有限会社クロフトクラフト ショップカートシステム【クラフトカート】新規サービス申込プロモーション,"新規サービス申込 7,700円（税込）",未提携,afb
派遣なび 無料会員登録,株式会社シーエーエフケーション,,,"無料会員登録 3,300円（税込）",,afb
『秋川牧園』食材宅配の資料請求・お試しセット,株式会社秋川牧園,,,"【通常報酬】 資料請求（全国） 200円（税別） お試しセット申込 1,000円（税別） ※200円にて発生致しますが、承認時にそれぞれの単価へ変更させて頂きます。 ※お試しセットは、いずれの金額のものでも、1,000円（税別）の報酬となり",,afb
激安☆かわいいインナーウエア、下着通販サイト【三恵】※リピートも可　商品購入プロモーション,株式会社三恵,5567,レディースファッション 株式会社三恵 激安☆かわいいインナーウエア、下着通販サイト【三恵】※リピートも可 商品購入プロモーション,商品購入額の8.8％（税込） ※既存顧客様の購入や、リピート購入も成果対象 ※ユーザーのポイント使用やセール品購入により 成果売上が変更になる場合があります。 ユーザーが複数商品を購入した場合、同じ識別番号で 複数成果があがりますがその場合,未提携,afb
【渋谷美容外科クリニック】 医療レーザー脱毛　来院,ロハスカーボンCo2研究所株式会社,5530,医療脱毛 ロハスカーボンCo2研究所株式会社 【渋谷美容外科クリニック】 医療レーザー脱毛 来院,"新規来院【報酬】13,200円（税込）",未提携,afb
ロリポップ！レンタルサーバー サービス申込,GMOペパボ株式会社,5463,レンタルサーバ GMOペパボ株式会社 ロリポップ！レンタルサーバー サービス申込,"【成果地点】 各プラン契約完了 【成果報酬】 ※2024年1月4日より各プラン12ヶ月以上の契約成果が対象となります※ ※各プラン12ヶ月未満での契約に関しては0円で成果があがります※ エコノミープラン 110円(税込) ライトプラン3,3",未提携,afb
FP紹介サイト【みんなの生命保険アドバイザー】無料相談申込プロモーション,パワープランニング株式会社,,,"無料相談申込からの面談 10,450円（税込）",,afb
【アランズナチュラルドッグフード】原材料こだわった自然派ドッグフード,株式会社レティシアン,5459,動物・ペット 株式会社レティシアン 【アランズナチュラルドッグフード】原材料こだわった自然派ドッグフード,"（レティシアン）新規顧客の商品購入 4,356円（税込）",未提携,afb
ニキビ痕に悩む人に大反響のニキビ痕用導入型柔軟化粧水「リプロスキン」-Reproskin-,株式会社ピカイチ,5450,スキンケア 株式会社ピカイチ ニキビ痕に悩む人に大反響のニキビ痕用導入型柔軟化粧水「リプロスキン」-Reproskin-,"商品購入3,300円（税込）",未提携,afb
【ネットオフ】 「本＆DVD」買取完了プロモーション,リネットジャパングループ株式会社,5402,買取 リネットジャパングループ株式会社 【ネットオフ】 「本＆DVD」買取完了プロモーション,本＆DVD 商品購入額の0.51％（税込） 本＆DVD 買取完了：440円(税込),未提携,afb
【ネットオフ】「本＆DVD」商品購入プロモーション,リネットジャパングループ株式会社,5401,買取 リネットジャパングループ株式会社 【ネットオフ】「本＆DVD」商品購入プロモーション,本＆DVD 商品購入額の0.51％（税込） 本＆DVD 買取完了：440円(税込),未提携,afb
カーセンサー.net 初回申込,株式会社リクルート,,,"愛車買取査定：2,200円(税込)愛車買取査定（スマートフォン）：2,200円(税込)",,afb
アイリスオーヤマ公式通販サイト【アイリスプラザ】　商品購入プロモーション,株式会社アイリスプラザ,5292,家具・インテリア 株式会社アイリスプラザ アイリスオーヤマ公式通販サイト【アイリスプラザ】 商品購入プロモーション,商品購入額の3.3％（税込） ※備蓄米の購入は成果対象外です。,未提携,afb
auひかり 新規お申込み,株式会社25,5276,プロバイダ 株式会社25 auひかり 新規お申込み,"WEB申込で新規成約完了（開通完了） 22,999円（税込）",未提携,afb
Broad wimax -ブロードワイマックス- 新規お申込み,株式会社Link Life,5275,プロバイダ 株式会社Link Life Broad wimax -ブロードワイマックス- 新規お申込み,"WEB申込で新規成約完了（開通完了） 5,500円(税込)",未提携,afb
カラコン通販専門店【BLコンタクト】商品購入プロモーション,株式会社ジー・ムーブ,5235,コンタクトレンズ 株式会社ジー・ムーブ カラコン通販専門店【BLコンタクト】商品購入プロモーション,商品購入額の9.24％（税込）,未提携,afb
はんこプレミアム販売促進プロモーション,はんこプレミアム株式会社,5234,雑貨・家庭用品 はんこプレミアム株式会社 はんこプレミアム販売促進プロモーション,新規顧客様による商品購入 購入額の33％（税込）,未提携,afb
【マキアレイベル】薬用クリアエステヴェール美容液ファンデーション購入プロモーション,株式会社JIMOS,,,"ブランド新規顧客からの商品購入（マキアレイベルを初めて利用する方） 2,200円（税込）",,afb
乗り換えKING [SoftBank] 新規回線開通,株式会社オフィスソリューション,,,"新規回線開通 ┗【ナンバーポータビリティ】携帯回線開通 10,153円（税込） 月末にユーザー様のアクションに応じ成果承認を行います。 新規契約＆機種変更：4,400円(税込)",,afb
アートネイチャー メンズ来店申込プロモーション,株式会社アートネイチャー,,,"来店 12,691円（税込）",,afb
通信教育【フォーサイト】の通信講座受講申し込みプロモーション,株式会社フォーサイト,,,受講金額の5.5％（税込）,,afb
アデランス増毛お試し体験来店プロモーション,株式会社アデランス,,,"増毛お試し体験お申し込み（来店後の承認）7,920円（税込）",,afb
レイチェルワイン ミネラルメイクアップ「トライアルセット」 初回購入,株式会社ウィンフィールド・ライフリサーチ,,,初回購入825円(税込),,afb
ROOPTOKYO（ループトウキョウ）商品購入プロモーション,株式会社absolute,5054,メンズファッション 株式会社absolute ROOPTOKYO（ループトウキョウ）商品購入プロモーション,商品購入額22％（税込）,未提携,afb
頭皮にまじめなスカルプケア＆ヘアアイテム「メソケアプラス」販売プロモーション,株式会社メソケアプラス,,,●新規購入 275円(税込) ●リピート購入 275円(税込),,afb
たかの友梨ビューティクリニック　エステ申込,株式会社不二ビューティ,,,"申込後、電話での本人確認 6,160円（税込）",,afb
男性の悩みに！ABCクリニック美容外科 来院予約プロモーション,ABCクリニック美容外科,5227,美容外科（メンズ） ABCクリニック美容外科 男性の悩みに！ABCクリニック美容外科 来院予約プロモーション,"■オンライン予約後の来店 17,600円（税込） その他院の予約：17,600円(税込)上野・立川：17,600円(税込)高松・博多・天神：17,600円(税込)",未提携,afb
たかの友梨 ブライダルホワイトコース お試しキャンペーン,株式会社不二ビューティ,,,"申込後、電話での本人確認 9,307円（税込）",,afb
【マキアレイベル】オールインワン　「プロテクトバリアリッチc」,株式会社JIMOS,12672,スキンケア 株式会社JIMOS 【マキアレイベル】オールインワン 「プロテクトバリアリッチc」,"ブランド新規顧客からの商品購入（マキアレイベルを初めて利用する方） 2,200円（税込）",未提携,afb
★今なら入会金0円/体験1000円★ホットヨガスタジオ【LAVA】 WEB申込後 来店,株式会社LAVA International,,,"WEB申込後 来店 8,461円（税込）",,afb
パソコン教室【AVIVA-アビバ-】資料請求プロモーション,株式会社リンクアカデミー,,,"資料請求1,353円（税込） ※初回のみ",,afb
パートナーエージェントがプロデュースする 婚活・お見合いパーティー【OTOCON（おとコン）】,タメニー株式会社,4921,結婚相談・婚活 タメニー株式会社 パートナーエージェントがプロデュースする 婚活・お見合いパーティー【OTOCON（おとコン）】,"イベント・パーティ申込後参加完了 1,100円（税込）",未提携,afb
タイナビ　太陽光発電導入費用無料一括見積り,株式会社グッドフェローズ,,,"＜住宅用＞ 無料一括見積り 7,700円（税込） ＜産業用＞ 無料一括見積り ：12,100円(税込)＜太陽光発電所＞ 無料会員申込：7,700円(税込)",,afb
【かに本舗／匠本舗】商品購入プロモーション,スカイネット株式会社,4766,食品・産直品 スカイネット株式会社 【かに本舗／匠本舗】商品購入プロモーション,商品購入金額の8.8％（税込） 京都祇園 料亭「岩元」監修おせち 匠：8.8％（税込）北海道函館「花びし」監修和洋三段重 絢華：8.8％（税込）北海道函館「花びし」監修和洋二段重 絢珠：8.8％（税込）野村佃煮 昔ながらの京おせち：8.8％,未提携,afb
【ジェイエステティック】脱毛・美顔　申込みプロモーション,株式会社ザ・フォウルビ,,,"申込み 4,400円（税込）",,afb
「レバウェル看護（旧:看護のお仕事）」 無料会員登録,レバレジーズ株式会社,,,"成果発生後、1日以内の本人確認完了 17,600円（税込）",,afb
【ヘルシーバンク】ダイエットシェイク 新規顧客商品購入,株式会社アドバン,,,"新規顧客様のダイエットシェイク購入 6,345円（税込）",,afb
レディースヨガ・ランニング・ゴルフ・スウィムウェア【LITHEE（リジー）】商品購入,メディエア株式会社,4836,レディースファッション メディエア株式会社 レディースヨガ・ランニング・ゴルフ・スウィムウェア【LITHEE（リジー）】商品購入,商品購入額の11％（税込）,未提携,afb
婚活パーティー・お見合いパーティーの【TMSイベントポータル】 お見合いパーティー初回参加,株式会社トータルマリアージュサポート,,,"パーティー参加 ┗初回参加 1,320円(税込) ┗既存男性ユーザー 330円(税込) ┗既存女性ユーザー 165円(税込) ※発生成果はすべて女性のリピート成果で上がりますが、 月末月初にて対象成果の報酬変更を行います。",,afb
ノンシリコン・無添加アミノ酸系シャンプー【HARICOC】商品購入プロモーション,株式会社サナレ,4850,シャンプー 株式会社サナレ ノンシリコン・無添加アミノ酸系シャンプー【HARICOC】商品購入プロモーション,商品購入額の22％（税込） ※初回購入のみ,未提携,afb
美容歯科の自宅で始める本格ホームホワイトニング！＜パールホワイトPROEX プラス＞,株式会社美健コーポレーション,,,"定期購入 3,300円（税込） ※単品購入は成果対象外となります。",,afb
土地付き太陽光発電物件サイト無料会員登録「タイナビ発電所」,株式会社グッドフェローズ,,,"無料会員登録 7,700円（税込） 【産業用】無料一括見積もり：12,100円(税込)【蓄電池】無料⼀括⾒積：3,300円(税込)【一般用】無料一括見積り：7,700円(税込)",,afb
蓄電池の一括見積比較サイト【タイナビ蓄電池】,株式会社グッドフェローズ,,,"無料一括見積 3,300円（税込） 【⼀般⽤】無料⼀括⾒積り：7,700円(税込)【産業⽤】無料⼀括⾒積り：12,100円(税込)【太陽光発電所】無料会員申込：7,700円(税込)",,afb
看護師“派遣”の求人・転職・募集なら【レバウェル看護派遣（旧:看護のお仕事派遣）】 無料会員登録,レバレジーズ株式会社,,,"成果発生後、1日以内の本人確認完了 7,150円（税込）",,afb
ホットヨガスタジオ「LAVA」が提供するマシンピラティススタジオ【Rintosull（リントスル）】,株式会社LAVA International,15379,フィットネス 株式会社LAVA International ホットヨガスタジオ「LAVA」が提供するマシンピラティススタジオ【Rintosull（リントスル）】,"WEBからの新規予約後、来店 2,537円（税込）",未提携,afb
【ネットオフ】ゲームソフト買取プロモーション,リネットジャパングループ株式会社,14549,買取 リネットジャパングループ株式会社 【ネットオフ】ゲームソフト買取プロモーション,"ゲームソフト 買取完了 419円（税込） ※リピート申込OK ※成果条件※ ・ゲームソフトの該当商品の買取申込後の買取成立。 ・買取金額が1,000円以上の場合（ただし、ゲーム機単体申込みの場合は3,000円以上の場合） ※キャンペーン中の",未提携,afb
【ネットオフ】ゲーム機器買取プロモーション,リネットジャパングループ株式会社,14550,買取 リネットジャパングループ株式会社 【ネットオフ】ゲーム機器買取プロモーション,ゲーム機器 買取完了 845円（税込） ※5回/ユーザまではリピート申込OK,未提携,afb
【ネットオフ】 家電買取プロモーション,リネットジャパングループ株式会社,11922,買取 リネットジャパングループ株式会社 【ネットオフ】 家電買取プロモーション,買取成約(リピートユーザーOK) 845円（税込）,未提携,afb
【ネットオフ】ポケモンカード・遊戯王カード等などトレカ買取「もえたく」,リネットジャパングループ株式会社,13977,買取 リネットジャパングループ株式会社 【ネットオフ】ポケモンカード・遊戯王カード等などトレカ買取「もえたく」,宅配買取WEB申込後、3000円以上の買取成立 845円（税込） ※リピート申込OK,未提携,afb
【ネットオフ】 ガンプラ買取なら「ガンたく！」買取完了プロモーション,リネットジャパングループ株式会社,12790,買取 リネットジャパングループ株式会社 【ネットオフ】 ガンプラ買取なら「ガンたく！」買取完了プロモーション,宅配買取WEB申込後、買取成約 845円（税込） ※リピート成果（同一ユーザ5回まで）,未提携,afb
【ネットオフ】 「もえたく！」フィギュア・ドール・抱き枕カバー買取完了プロモーション,リネットジャパングループ株式会社,4790,買取 リネットジャパングループ株式会社 【ネットオフ】 「もえたく！」フィギュア・ドール・抱き枕カバー買取完了プロモーション,"宅配買取ＷＥＢ申込後、買取成約 1,500円（税込）",未提携,afb
≪大人ニキビ、ニキビ跡化粧品≫プリモディーネ 商品購入,株式会社フレア,4733,スキンケア 株式会社フレア ≪大人ニキビ、ニキビ跡化粧品≫プリモディーネ 商品購入,"通常：商品購入 1,320円(税込) 対象商品 ・VCローションお試しサイズ ・全部揃ったスターターセット ・VCローション100mL本品",未提携,afb
花菜（はんな）三黒の美酢（さんごくのみず） 新規商品購入,株式会社花菜,,,"新規商品購入 1,078円（税込）",,afb
【かにまみれ】商品購入プロモーション,株式会社インテンス,4720,食品・産直品 株式会社インテンス 【かにまみれ】商品購入プロモーション,商品購入金額の8.8％（税込）,未提携,afb
【ネットオフ】 「ブランド＆総合」買取完了,リネットジャパングループ株式会社,4702,買取 リネットジャパングループ株式会社 【ネットオフ】 「ブランド＆総合」買取完了,ブランド・総合買取コース 宅配買取ＷＥＢ申込後、買取成約 999円（税込）,未提携,afb
【afb限定】完全無添加のエッセンシア酵素ドリンク 商品購入,エッセンシアライズ株式会社,,,新規商品購入 購入額の8.47％（税込） ※エッセンシア酵素ドリンク以外の商品購入でも成果対象となりますが下記商品は対象外です。 おかゆ2種類 http://www.essenciarise.com/fs/koso/c/okayu,,afb
脱毛サロンRiNRiN(リンリン),株式会社リンリン,,,"契約 11,845円（税込） 初めて【RinRin】をご利用になる方のみ対象 Webから予約、来店し、契約すること",,afb
【ネットオフ】 「ブランド＆総合」指輪買取完了プロモーション,リネットジャパングループ株式会社,5336,買取 リネットジャパングループ株式会社 【ネットオフ】 「ブランド＆総合」指輪買取完了プロモーション,買取成約 999円（税込） （WEB申込⇒荷着⇒査定⇒買取成立⇒金額振込）,未提携,afb
【ネットオフ】 「ブランド＆総合」スマホ買取完了プロモーション,リネットジャパングループ株式会社,5225,買取 リネットジャパングループ株式会社 【ネットオフ】 「ブランド＆総合」スマホ買取完了プロモーション,買取成約 999円（税込） （WEB申込⇒荷着⇒査定⇒買取成立⇒金額振込）,未提携,afb
腰のサポートをさらに追求した【雲のやすらぎプレミアムマットレス モデル3R】,株式会社ロッピングライフ,,,初回購入後、2週間以内での入金完了 13.31％（税込）,,afb
腰に優しい三つ折りマットレス　極厚13cm【雲のやすらぎプレミアム】三つ折りマ ットレス,株式会社ロッピングライフ,,,初回購入後、2週間以内での入金完了 13.31％（税込）,,afb
【ネットオフ】ブランド服買取プロモーション,リネットジャパングループ株式会社,,,買取完了 952円（税込） ※5回/ユーザまではリピート申込OK,,afb
京都の定期食材個配サービス【べじべじ倶楽部】,エフワークス株式会社,,,"資料請求完了：1,100円(税込)入会（定期コースへの申し込み）：6,600円(税込)",,afb
【afb限定】蓄電池をお得に導入するなら【グリエネ】無料比較見積もり取得完了,株式会社じげん,,,"見積もり完了後、販売施工会社への紹介完了 3,300円（税込）",,afb
国産トリプトファンサプリメント【トリプトリズム】 初回購入,株式会社カイミン,,,初回購入 990円（税込）,,afb
オール電化をお得に導入するなら【グリエネ】無料比較見積もり取得完了,株式会社じげん,,,"見積もり完了後、販売施工会社への紹介完了 3,300円（税込）",,afb
【全国】おいしい水の贈りもの　うるのん申込みプロモーション,株式会社TOKAI,4590,ウォーターサーバー 株式会社TOKAI 【全国】おいしい水の贈りもの うるのん申込みプロモーション,"成約（サーバー設置） 12,650円（税込） ※本人申込は初回のみ承認対象 ※サイトや集客キーワードによっては特別単価も適用可能です。 ※ユーザーへのポイント付与上限は、2,000円相当までとなります。",未提携,afb
【VIPライナー】格安高速バスお申込プロモーション,株式会社平成エンタープライズ,4555,高速バス 株式会社平成エンタープライズ 【VIPライナー】格安高速バスお申込プロモーション,予約金額の5.5％（税込） ※Web予約後、ご乗車確認後の承認 ※ツアーは対象外です。,未提携,afb
太陽光発電をお得に導入するなら【グリエネ】無料比較見積もり取得完了,株式会社じげん,4493,太陽光発電 株式会社じげん 太陽光発電をお得に導入するなら【グリエネ】無料比較見積もり取得完了,"見積もり完了後、販売施工会社への紹介完了 一般用 5,500円（税込） 産業用：10,153円(税込)",未提携,afb
国内スチールラックシェアNo1公式直販【ルミナスクラブショップ】商品購入プロモーション,株式会社ドウシシャ,4460,家具・インテリア 株式会社ドウシシャ 国内スチールラックシェアNo1公式直販【ルミナスクラブショップ】商品購入プロモーション,商品購入額（全商品対象）の3.3％（税込） ※リピート購入も成果対象になります！,未提携,afb
【東京ノーストクリニック】包茎治療　WEB予約・施術完了プロモーション,東京ノーストクリニック,4457,美容外科（メンズ） 東京ノーストクリニック 【東京ノーストクリニック】包茎治療 WEB予約・施術完了プロモーション,"WEB予約後来院完了 16,500円（税込）",未提携,afb
FXトレーディングシステムズの外為口座開設（くりっく365）,株式会社ＦＸブロードネット,,,"口座開設完了 1,650円（税込）",,afb
SPUTNICKS スプートニクス 商品購入,株式会社SEETHELIGHT,4153,メンズファッション 株式会社SEETHELIGHT SPUTNICKS スプートニクス 商品購入,商品購入額の18.7％（税込）,未提携,afb
【JTB】国内旅行,株式会社JTB,,,旅行出発 （国内宿泊（募集型：宿泊＋現地素材）、国内宿泊（手配型）、国内ツアー（航空付き）、国内ツアー（JR付き））,,afb
スザンヌ愛用中の「たった10秒のエイジングケア」【エレクトーレ2週間トライアルセット】,エルビュー株式会社,4230,スキンケア エルビュー株式会社 スザンヌ愛用中の「たった10秒のエイジングケア」【エレクトーレ2週間トライアルセット】,"新規商品購入 1,100円（税込）",未提携,afb
ウォーターサーバーFrecious(フレシャス)新規獲得プロモーション,富士山GXホールディングス株式会社,4333,ウォーターサーバー 富士山GXホールディングス株式会社 ウォーターサーバーFrecious(フレシャス)新規獲得プロモーション,"【通常報酬】申込後ウォーターサーバー設置完了 5,500円（税込）",未提携,afb
【JTB】海外ツアー予約申込みプロモーション,株式会社JTB,,,"旅行出発 商品単価￥100,000未満 ：1,100円（税込） 商品単価￥100,000以上 ：3,300円（税込）",,afb
バイオテック　育毛専門　体験予約・入会促進プロモーション,株式会社バイオテック,,,"WEB予約後の来店完了時 5,922円（税込）",,afb
「ミルキーウェイエクスプレス」高速バス予約プロモーション,株式会社旅クラブジャパン,,,高速バス予約後、サービスの完了後 サービス額の 4.4％（税込）,,afb
【セコム・ホームセキュリティ】資料請求プロモーション,セコム株式会社,,,"資料請求・見積もり依頼 2,200円（税込）",,afb
格安高速バス・夜行バスなら　バス市場　申し込みプロモーション,株式会社トラベルマルシェ,4383,高速バス 株式会社トラベルマルシェ 格安高速バス・夜行バスなら バス市場 申し込みプロモーション,都市間バス・パッケージツアー商品予約 1.1％（税込）,未提携,afb
縛りなしの格安SIM！2GB 660円(税込)/月～【DTI SIM】新規申込,株式会社ドリーム・トレイン・インターネット,7506,SIM 株式会社ドリーム・トレイン・インターネット 縛りなしの格安SIM！2GB 660円(税込)/月～【DTI SIM】新規申込,初回申込み後、開通完了 ■データ・データSMS・音声SIM ○コンテンツパック（5G）・ノーカウント・・・761円(税込) ○コンテンツパック（使い放題）・・・803円(税込) ○半年無料／でんわ定額・・・880円(税込) ○15GB・20,未提携,afb
ウォーターサーバーFrecious(フレシャス) ONEPIECEモデル 申込,富士山GXホールディングス株式会社,5911,ウォーターサーバー 富士山GXホールディングス株式会社 ウォーターサーバーFrecious(フレシャス) ONEPIECEモデル 申込,"申込後ウォーターサーバー設置完了 3,300円（税込） ※ワンピースモデル以外でのお申し込みですと成果は発生しませんのでご注意下さい。",未提携,afb
家でも外でも気軽に使えるWi-Fiルーター【DTI WiMAX 2+】新規申込,株式会社ドリーム・トレイン・インターネット,7207,プロバイダ 株式会社ドリーム・トレイン・インターネット 家でも外でも気軽に使えるWi-Fiルーター【DTI WiMAX 2+】新規申込,"新規申込 5,500円（税込）",未提携,afb
浄水型ウォーターサーバーevery frecious(エブリィフレシャス),富士山GXホールディングス株式会社,13383,ウォーターサーバー 富士山GXホールディングス株式会社 浄水型ウォーターサーバーevery frecious(エブリィフレシャス),"申込後ウォーターサーバー設置完了 5,500円（税込）",未提携,afb
SPUTNICKSスプートニクス スタイリスト厳選コーデが毎月届く【SPU スタイルアップ便】,株式会社SEETHELIGHT,11452,メンズファッション 株式会社SEETHELIGHT SPUTNICKSスプートニクス スタイリスト厳選コーデが毎月届く【SPU スタイルアップ便】,"初回申込 4,229円（税込）",未提携,afb
光回線のインターネット接続サービス【DTI 光】新規申込,株式会社ドリーム・トレイン・インターネット,8324,プロバイダ 株式会社ドリーム・トレイン・インターネット 光回線のインターネット接続サービス【DTI 光】新規申込,"新規申込後、開通完了 12,691円（税込） ※ポイント付与上限：上記の金額まで付与上限なし",未提携,afb
【目周りの小じわに最終手段】ヒアルロン酸の針が直接潤いを届ける【ヒアロディープパッチ】,株式会社北の達人コーポレーション,,,"新規商品購入 4,864円（税込）",,afb
塗るだけなのに、即パッチリ目！上まぶた専用商品【リッドキララ】新規商品購入,株式会社北の達人コーポレーション,,,"新規商品購入 4,864円（税込）",,afb
男性用目の下特化型アイショットクリーム【メンズアイキララ】,株式会社北の達人コーポレーション,,,"新規商品購入 4,864円（税込）",,afb
ペットの抜け毛対策用洗濯洗剤【リモサボン】,株式会社北の達人コーポレーション,,,"商品購入 3,630円（税込）",,afb
しみ込む豆乳飲料販売プロモーション,マルサンアイ株式会社,,,しみこむ豆乳飲料新規商品購入 商品購入額の44％（税込） ※豆乳のキャンペーン中は以下商品が成果対象となります。 コンプリートセット：422円(税込)しみ込む12本+そいっち12本：422円(税込)しみ込む12本+しみ込む12本：422円(,,afb
【お子様にもオススメの豆乳飲料】そいっち販売プロモーション,マルサンアイ株式会社,4784,食品・産直品 マルサンアイ株式会社 【お子様にもオススメの豆乳飲料】そいっち販売プロモーション,そいっち新規商品購入 商品購入額の44％（税込） ※豆乳のキャンペーン中は以下商品が成果対象となります。 コンプリートセット：422円(税込)しみ込む12本+そいっち12本：422円(税込)そいっち12本+そいっち12本：422円(税込)そ,未提携,afb
【機能性表示食品】日本一売れてるオリゴ糖【カイテキオリゴ】定期コース初回購入プロモーション,株式会社北の達人コーポレーション,,,"本品の商品購入 2,970円（税込）",,afb
13年連続！お客様満足度No.1【クリクラ】ウォーターサーバー,株式会社ナック,4076,ウォーターサーバー 株式会社ナック 13年連続！お客様満足度No.1【クリクラ】ウォーターサーバー,"お申込み後の設置完了 通常サーバー 2,115円（税込） クリクラママになろうキャンペーンからの設置：2,115円(税込)本契約：4,145円(税込)",未提携,afb
【報酬率500％!!】ポリフェノールサプリ『紅珠漢』100円モニターセット 新規商品購入,株式会社北の達人コーポレーション,,,「紅珠漢」100円モニターセット新規商品購入 509円（税込）,,afb
【にごり爪に最終手段】爪周りを殺菌・消毒できる薬用『クリアストロングショット アルファ』,株式会社北の達人コーポレーション,,,"新規商品購入 3,630円（税込）",,afb
男性用フェイスピーリングジェル薬用【ピールショット】,株式会社北の達人コーポレーション,,,"新規商品購入 4,864円（税込）",,afb
男性用たるみ引き上げミスト【ハリシュ】,株式会社北の達人コーポレーション,,,"新規商品購入 4,864円（税込）",,afb
薬用 発毛促進剤【モウダス】,株式会社北の達人コーポレーション,,,"WEB初回注文後、30日以内の入金確認 4,378円（税込） ※初回商品購入者のみ成果対象 ※いくつ購入しても、1注文につき1個分のみ対象",,afb
＜医薬部外品＞真皮ケアオールインワンジェル【シンピスト】,株式会社北の達人コーポレーション,,,"新規商品購入 4,378円（税込） ※WEB注文後、30日以内の入金確認",,afb
頭皮から健やかにツヤ髪へ【ラサーナ (La Sana) プレミオール 21日間 スターターセット】,株式会社ヤマサキ,,,新規商品購入 990円（税込）,,afb
100%天然の植物から抽出【ラサーナ (La Sana) アロマディフューザー】,株式会社ヤマサキ,5802,雑貨・家庭用品 株式会社ヤマサキ 100%天然の植物から抽出【ラサーナ (La Sana) アロマディフューザー】,新規顧客さまによるアロマディフューザー購入 商品購入額の16.5％（税込）,未提携,afb
楽天ヘアケア部門１位獲得！頭皮が目覚めるプレミアムブラックシャンプープロモーション,株式会社アールスタイル,,,商品購入後、入金確認16.5％（税込）,,afb
楽天ボディケア部門１位獲得！加齢臭・体臭対策プレミアムボディーソープ　デオラ,株式会社アールスタイル,,,商品購入後、入金確認 16.5％（税込） ※ユーザーの購入数量変更に伴い、報酬金額も発生後変更になる可能性もございますので ご了承くださいませ。,,afb
楽天で２冠達成！モテる香りプレミアムパヒューム　ストーリア,株式会社アールスタイル,,,商品購入後、入金確認 商品額の16.5％（税込）,,afb
楽天シェービング部門１位獲得！ひげの悩みにプレミアムアフターシェイブローション,株式会社アールスタイル,,,商品購入後、入金確認16.5％（税込）,,afb
1年で結果を出すなら、成婚率No.1の結婚相談所「パートナーエージェント」無料婚活EQ診断テスト,タメニー株式会社,,,"資料請求（EQ診断） 1,100円（税込）",,afb
【afb限定】イーペックスルームランナーズ 商品購入,アローエイト株式会社,3927,ダイエットグッズ（衣料含む） アローエイト株式会社 【afb限定】イーペックスルームランナーズ 商品購入,"商品購入（下記以外の商品はゼロ円で発生し、対象外となります） シリウストレッド8：12,691円(税込)",未提携,afb
手作り時計の専門店【JHA　online　store】商品購入プロモーション,ジェー・エイチ・エイ有限会社,,,商品購入額の11％（税込）,,afb
JFX「マトリックストレーダー」新規獲得プロモーション,JFX株式会社,,,"口座開設後、新規約定の合計30万通貨以上の取引 8,800円（税込）",,afb
【電話成果対応】24時間365日全国対応の『原一探偵事務所』,株式会社原一,,,"有効な無料相談申込後の電話確認11,000円（税込） ※電話からの問い合わせ成果も同じ条件となります。 ⇒電話成果については月間5件以上発生目安にて、 個別番号発行の交渉が可能です。",,afb
Ruam Ruam（ルアン ルアン） コスメ 販売プロモーション,株式会社ボックスグループ,,,"【インセンティブサイト】 ポイント付与上限：定期トライアルコース 400円程度まで ＝＝＝＝＝＝＝＝＝＝＝＝＝ 【ノンインセンティブサイト・インセンティブサイト共通】 定期トライアル初回購入2,537円（税込）",,afb
【SBC】湘南美容クリニック　レディース根こそぎレーザー脱毛 来院,SBCメディカルグループ株式会社,3520,医療脱毛 SBCメディカルグループ株式会社 【SBC】湘南美容クリニック レディース根こそぎレーザー脱毛 来院,"1月1日～検査予約後 来院 5,500円 検査予約後 来院：5,500円(税込)",未提携,afb
【SBC】湘南美容クリニック（AGA治療、自毛植毛）,SBCメディカルグループ株式会社,,,"予約後、来院：9,166円（税込） 薄毛治療：9,166円(税込)検査予約：9,166円(税込)施術完了：0％（税込）予約：9,166円(税込)",,afb
【エステティックTBC】 来店獲得プロモーション,TBC グループ株式会社,,,"以下詳細をご確認くださいませ。 その他：4,939円(税込)TBCスーパー脱毛：7,062円(税込)TBCライト脱毛：4,939円(税込)TBC痩身：4,939円(税込)TBCフェイシャル：4,939円(税込)MENSヒゲ脱毛：9,284円",,afb
【メンズエステ】 MEN'S TBC 来店獲得プロモーション,TBC グループ株式会社,,,"エステティックTBCのプログラム ・お申し込み後来店7,061円(税込)（TBCスーパー脱毛） ・お申し込み後来店4,938円(税込)（TBCライト脱毛） ・お申し込み後来店4,938円(税込)（TBCフェイシャル） ・お申し込み後来店4,",,afb
【ズバット通信制高校比較】資料一括請求申込プロモーション,株式会社ウェブクルー,,,"資料請求 1,100円（税込）",,afb
【エステティックTBC】ライト脱毛コース 来店獲得プロモーション,TBC グループ株式会社,,,"以下詳細をご確認くださいませ。 その他：4,939円(税込)TBCスーパー脱毛：7,062円(税込)TBCライト脱毛：4,939円(税込)TBC痩身：4,939円(税込)TBCフェイシャル：4,939円(税込)MENSヒゲ脱毛：9,284円",,afb
【SBC】湘南美容クリニック　美容整形 来院・施術,SBCメディカルグループ株式会社,,,"美容整形 新規来院 5,500円（税込） 二重整形：5,500円(税込)豊胸・脂肪吸引 手術完了：5,500円(税込)検査予約後、来院：5,500円(税込)",,afb
【SBC】湘南美容クリニック：オトコの根こそぎレーザー脱毛 来院・施術,SBCメディカルグループ株式会社,6654,医療脱毛（メンズ） SBCメディカルグループ株式会社 【SBC】湘南美容クリニック：オトコの根こそぎレーザー脱毛 来院・施術,"検査予約後、来院：5,500円(税込)",未提携,afb
【U-MA】馬油で頭皮環境を正常化「ウーマシャンプー プレミアム」,株式会社ZERO PLUS,,,"単品注文：1,100円(税込)定期：1,100円(税込)3本セット：3,300円(税込)",,afb
レディースゴルフウェア、アクセサリー通販 vivid golf（ビビゴルフ）販促プロモーション,株式会社ヒューテックジャパン,3216,レディースファッション 株式会社ヒューテックジャパン レディースゴルフウェア、アクセサリー通販 vivid golf（ビビゴルフ）販促プロモーション,商品購入額の3.3％（税込）,未提携,afb
カーライフを快適サポート【デッドニング・防音工房】商品購入プロモーション,ウェブシステムズ株式会社,,,商品購入額の5.5％（税込）,,afb
高性能脱毛器・美顔器【ケノン】販売促進プロモーション,アローエイト株式会社,,,"商品購入 ケノン：13,200円(税込)",,afb
痩身エステサロンBTB　体験トライアルキャンペーン,株式会社バイオテクノロジービューティー,,,"【通常報酬】 体験予約後来店：11,537円（税込） ポイント付与上限：1,250円分まで",,afb
［@THE CLINIC（ザクリニック）］【コンデンスリッチ豊胸】来店プロモーション,THE CLINIC,3156,美容整形 THE CLINIC ［@THE CLINIC（ザクリニック）］【コンデンスリッチ豊胸】来店プロモーション,"新規カウンセリング来院 8,800円（税込） ▼ポイントサイト条件 報酬：ネット42,307円（税込） 成果地点：220,000円(税込)以上の新規契約完了 ポイント付与上限：11,000円",未提携,afb
【ふじメディカル】性病検査キット応募プロモーション,株式会社ふじメディカル,,,商品購入額の22.99％（税込）,,afb
暖房器具【ケノンヒーター スグダン】販売促進プロモーション,アローエイト株式会社,,,"初回購入 13,200円（税込）",,afb
家庭用酸素発生器【ケノンオーツ】,アローエイト株式会社,,,"初回購入完了 17,171円（税込）",,afb
カービュー事故車査定（全国対応）,株式会社カービュー,,,"査定申込 2,200円（税込）",,afb
【afb限定】［@THE CLINIC（ザクリニック）］【Body Design for MEN　脂肪吸引】来店プロモーション,THE CLINIC,2417,美容外科（メンズ） THE CLINIC 【afb限定】［@THE CLINIC（ザクリニック）］【Body Design for MEN 脂肪吸引】来店プロモーション,"施術完了 33,845円（税込）",未提携,afb
スリムビューティハウス エステ体験　来店プロモーション,株式会社スリムビューティハウス,,,"申込後、来店 8,800円（税込）",,afb
【BELIVA（ビライバ）】　ラクトフェリンサプリ【濃純ラクトフェリン100　美肌ＭＡＸ】販売プロモーション,株式会社インキュベーションファクトリー,2321,その他健康食品 株式会社インキュベーションファクトリー 【BELIVA（ビライバ）】 ラクトフェリンサプリ【濃純ラクトフェリン100 美肌ＭＡＸ】販売プロモーション,"商品購入 1,650円（税込）",未提携,afb
【聖心美容クリニック】美容整形・来院・施術プロモーション,聖心美容クリニック,,,"新規顧客による来院 15,284円（税込） ＜成果対象外の院＞ 渋谷院（S-Labo）",,afb
エンジニア専門の転職支援【メイテックネクスト】新規登録プロモーション,株式会社メイテックネクスト,,,"登録＆来社面談 （報酬金額3,384円（税込）×2 6,768円（税込））",,afb
【afb限定】お茶石鹸【茶吉】商品購入プロモーション,株式会社園田茶舗,,,商品購入 ※リピート成果OK ┗《茶吉1個》購入⇒254円（税込） ┗《茶吉2個セット》購入⇒508円(税込) ※上記以外の商品は成果対象外となります。,,afb
新宿近視クリニック　無料検査来院予約,SBCメディカルグループ株式会社,,,"検査予約後の来院：16,500円(税込)説明会検査：11,000円(税込)説明会：5,500円(税込)",,afb
【シーボディ】供給型ビタミンC誘導体や2種類のビタミンC誘導体でニキビケア予防【VCスターターセット】商品購入プロモーション,株式会社シーボディ,,,"【通常】 クライアント新規顧客購入 VCスターターセット 購入 1,100円（税込） 薬用VC泡フォーマーセット 購入 1,100円（税込） ※対象商品以外は0円であがりますのでご了承くださいませ。",,afb
イデアアクト プラチナVCトライアル,株式会社シーボディ,,,"クライアント新規顧客購入 1,100円（税込） ※LP内に掲載している商品のみ成果商品です。",,afb
【シーボディ】お風呂で簡単！ワンランク上のボディスクラブでつるすべ肌＆くびれ出現！？＜ミネラルフィットスムーサー＞商品購入プロモーション,株式会社シーボディ,,,クライアント新規顧客購入 550円（税込）,,afb
【シーボディ】お風呂で簡単マッサージ！セルライト除去ができる脚専用スクラブ＜ミネラルレッグスムーサー＞商品購入プロモーション,株式会社シーボディ,,,"クライアント新規顧客購入 1,100円（税込）",,afb
【シーボディ】宮古島の雪塩配合♪おうちでととのう体験＜ミネラルバスパウダー＞商品購入プロモーション,株式会社シーボディ,,,"新規顧客購入 1,100円（税込） ※LP内掲載商品のみ成果対象",,afb
【キャレント】キャッシングローン申込プロモーション,株式会社IPGファイナンシャルソリューションズ,,,"スーパーローンの申込完了 2,200円（税込） ※電話連絡での本人確認必須",,afb
メンズスタイル 商品購入プロモーション,株式会社メンズスタイル,,,新規ユーザー商品購入額の16.94％（税込）,,afb
ダイエットのサポートに【カメヤマ酵母】商品購入プロモーション,株式会社　健やか総本舗亀山堂,2164,酵素 株式会社 健やか総本舗亀山堂 ダイエットのサポートに【カメヤマ酵母】商品購入プロモーション,"カメヤマ酵母新規商品購入 3,300円（税込）",未提携,afb
日本最大級のショッピング・オークション情報サイト【オークファン】会員登録促進,株式会社オークファン,2179,ショッピングモール 株式会社オークファン 日本最大級のショッピング・オークション情報サイト【オークファン】会員登録促進,"【報酬条件】 無料会員登録：152円(税込)プレミアム会員登録：1,691円(税込)オークファンプロPlus登録：12,691円(税込)",未提携,afb
【シーボディ】＜イルコルポ　ミネラルボディシャインジェル＞商品購入プロモーション,株式会社シーボディ,,,"商品購入 1,650円（税込）",,afb
CFDを始めるなら！DMM.com証券【DMM CFD】,株式会社DMM.com証券,,,"WEBよりアカウント登録お申込み後、60日以内に５万円以上の入金＋１回取引 16,689円（税込）",,afb
DMM.com証券【DMM FX】,株式会社DMM.com証券,,,"口座開設後5万円以上入金および1回取引 33,000円（税込）",,afb
透明感実感！スキンケア美容液【プラチナVCセラム】新規商品購入,株式会社シーボディ,,,"新規商品購入 1,100円（税込）",,afb
【afb限定】ウェディングブーケ保存加工専門店【Fatina Fiore】商品購入プロモーション,有限会社マルチメディア・デジタルコンテンツ・システムズ,1653,ウェディング 有限会社マルチメディア・デジタルコンテンツ・システムズ 【afb限定】ウェディングブーケ保存加工専門店【Fatina Fiore】商品購入プロモーション,商品購入額の5.5％（税込）,未提携,afb
【彩菓庵おおき】オンラインショッピング限定商品購入プロモーション,有限会社マルチメディア・デジタルコンテンツ・システムズ,2008,食品・産直品 有限会社マルチメディア・デジタルコンテンツ・システムズ 【彩菓庵おおき】オンラインショッピング限定商品購入プロモーション,商品購入額の4.4％（税込）,未提携,afb
【銀座総合美容クリニック（銀クリ）】年間数万人以上の患者様が通院する「日本最大級のAGAクリニック」予約獲得プロモーション,銀座総合美容クリニック,,,"無料カウンセリング予約 5,500円（税込）",,afb
脂肪吸引の指導機関【THE CLINIC（ザクリニック）】限定割引モニター,THE CLINIC,,,"来院完了 8,461円（税込）",,afb
FXTF 口座開設申込プロモーション,ゴールデンウェイ・ジャパン株式会社,1940,外国為替（ＦＸ） ゴールデンウェイ・ジャパン株式会社 FXTF 口座開設申込プロモーション,"口座開設完了 14,102円（税込）",未提携,afb
三井のカーシェアーズ　入会プロモーション,三井不動産リアルティ株式会社,,,"オンライン申し込み後 ご入会 ベーシックプラン：1,100円(税込)平日プラン3：1,100円(税込)平日プラン2：1,100円(税込)月会費無料プラン：550円(税込)ベーシックプランの学生割引：1,100円(税込)ベーシックプランの年会",,afb
美容内科医/毛髪診療医が監修した白髪・薄毛サプリメント【ブラックサプリEX】商品購入プロモーション,ECH株式会社,,,"新規定期商品購入2,200円（税込）",,afb
脚やせ専門エステ『リフィート』脚やせ体験コース予約プロモーション,株式会社ビューティーコンシャス,7628,その他エステサロン 株式会社ビューティーコンシャス 脚やせ専門エステ『リフィート』脚やせ体験コース予約プロモーション,"体験コース予約後来店 5,060円（税込） ※2018年9月15日から ポイント付与上限 1,000円 ※ポイントサイト新規提携は不可",未提携,afb
＜SEO用＞１本でうねりケア！美容液クリームシャンプー【KAMIKA】新規購入,ECH株式会社,,,"新規商品購入 1,760円（税込）",,afb
10秒で毛先までちゅるん！ヘッドスパもできる《温感》生トリートメント【Tricore(トリコレ)】,ECH株式会社,,,"新規商品購入 単品：1,760円(税込)2本セット：1,760円(税込)4本セット：2,750円(税込)定期コース：1,760円(税込)",,afb
エステティック　ミスパリ　本物のエステ　体験キャンペーン,株式会社シェイプアップハウス,,,"体験(来店ベース) 9,638円（税込）",,afb
葉巻の通販・販売サイト「シガーコネクション(cigar-connection)」,株式会社ヒルズインターナショナル,,,購入額の5.5％（税込）,,afb
インターネット自宅学習システム【ｅ点ネット塾】申込プロモーション,株式会社日本学術講師会,,,"各コースお申し込み 1,980円（税込）",,afb
IBJメンバーズ　無料カウンセリング予約・資料請求プロモーション,株式会社IBJ,,,"成果報酬：7,615円(税込) ※「個別相談」の報酬で成果が発生いたしますが、オンライン面談に至った成果は承認時にオンライン面談報酬4,230円(税込)へ変更いたします。 ※2025年7月1日より 資料請求の場合は承認時に1,269円(税込",,afb
やせる専門店　ミスパリ　ダイエットセンター,株式会社シェイプアップハウス,,,"体験(来店ベース)9,638円（税込）",,afb
男のエステ　ダンディハウス　来店キャンペーン,株式会社シェイプアップハウス,,,"WEB申込後の来店・施術完了 9,638円（税込）",,afb
大人の男女へのライフスタイル提案型セレクトショップ・【TOKYO LIFE】　商品購入プロモーション,株式会社東京ライフ,1296,メンズファッション 株式会社東京ライフ 大人の男女へのライフスタイル提案型セレクトショップ・【TOKYO LIFE】 商品購入プロモーション,商品購入 2.2％（税込）,未提携,afb
FXブロードネットの外為口座開設プロモーション,株式会社ＦＸブロードネット,1297,外国為替（ＦＸ） 株式会社ＦＸブロードネット FXブロードネットの外為口座開設プロモーション,新規申し込み後60日以内に、一つの設定で下記1.2.の両方を達成された方：15000円(税抜) 1.トラッキングトレードの運用時間が120時間以上 2.トラッキングトレードでの新規約定合計が60万通貨以上 【注意事項】 ※複数のトラッキング,未提携,afb
たった５分のスピード除毛！【パイナップル豆乳除毛クリーム】販促プロモーション,株式会社鈴木ハーブ研究所,,,"新規購入 1,650円（税込）",,afb
【テンマフィッツ】収納用品　商品購入プロモーション,天馬株式会社,1320,家具・インテリア 天馬株式会社 【テンマフィッツ】収納用品 商品購入プロモーション,商品購入 13.2％（税込） ポイントサイト報酬：4.2％（税込） --------------------------------------------- 複数商品購入の場合は、１成果・合計金額にて反映されます。 クーポン利用の場合は、,未提携,afb
【afb限定】日本最大級のTシャツショップ　ClubT　アフィリエイトプロモーション,株式会社ClubT,1337,メンズファッション 株式会社ClubT 【afb限定】日本最大級のTシャツショップ ClubT アフィリエイトプロモーション,１回購入あたり 165円（税込）,未提携,afb
鴨鍋専門店カナール　販促プロモーション,有限会社カナール,,,商品購入 4.4％（税込）,,afb
【afb限定】犬の服【full of vigor（フル　オブ　ビガー）】商品購入プロモーション,株式会社すとろーはうす,,,商品購入額の7.7％（税込）,,afb
ショパールや皇室御用達ブランドを始めとした、このサイトにしかない限定バッグの販売プロモーション,株式会社デジサーチアンドアドバタイジング,,,商品購入額の1.1％（税込）,,afb
クリスタルクリアウォーターズ新規獲得プロモーション,有限会社麻水,1398,ウォーターサーバー 有限会社麻水 クリスタルクリアウォーターズ新規獲得プロモーション,"契約申込み後、ウォーターサーバー設置完了 5,500円（税込）",未提携,afb
【漫画全巻ドットコム】　まんが全巻．COM　購入プロモーション,株式会社TORICO,1151,本・雑誌 株式会社TORICO 【漫画全巻ドットコム】 まんが全巻．COM 購入プロモーション,商品購入金額 5.5％（税込） 電子書籍購入：5％,未提携,afb
保険クリニック　プロモーション,株式会社アイリックコーポレーション,,,"相談予約後来店 11,000円（税込）",,afb
【afb限定】【温泉ミスト（スパミスト）】オンセンキレイ　商品購入プロモーション,リプラス株式会社,,,商品購入額の11％（税込） ※リピート購入も成果対象となります。,,afb
ヒロセ通商　外国為替証拠金取引・FX取引新規口座開設キャンペーン,ヒロセ通商株式会社,,,"口座開設完了後、新規ポジション１万通貨以上取引／ 2,200円（税込） ※通貨ペアによっては、１Lotが１万通貨の通貨ペアは１０万通貨、 １Lotが１０万通貨の通貨ペアは１００万通貨で対象となります。 ※ポイントサイトの場合、「新規10万通",,afb
オンライン学習塾【ショウイン】入塾申込プロモーション,株式会社ショウイン,,,"入塾申込 6,600円（税込）",,afb
1年で結果を出すなら、成婚率No.1の結婚相談所「パートナーエージェント」来店・資料請求プロモーション,タメニー株式会社,,,"資料請求 7,150円（税込） 来店予約から1ヵ月後までに来店完了 27,500円(税込)",,afb
【afb限定】豆乳成分100％の生湯葉で出来た天然無添加フェイスパック【雛（ひいな）】　商品購入プロモーション,株式会社i-on,,,商品購入額の16.5％（税込）,,afb
【afb限定】afb　クライアント募集プロモーション,株式会社フォーイット,,,"有料プラン成約 21,600円（税込）/件",,afb
お部屋探しはレオパレス21,株式会社レオパレス21,,,"WEB成約 8,037円（税込） ※物件【問い合わせ】は成果対象外となります。",,afb
マイクロダイエット定率報酬プロモーション,サニーヘルス株式会社,816,ダイエット食品 サニーヘルス株式会社 マイクロダイエット定率報酬プロモーション,【キャンペーン報酬 継続中！】 購入金額の33％（税込） 【通常報酬】 購入金額の23.1％(税込),未提携,afb
オフィスに家庭にご利用いただけるハワイ産ピュアウォーターのレンタルサービス,株式会社楽楽エージェント,804,ウォーターサーバー 株式会社楽楽エージェント オフィスに家庭にご利用いただけるハワイ産ピュアウォーターのレンタルサービス,"ウォーターサーバー申込、設置完了 4,400円（税込）",未提携,afb
エイジングケア基礎化粧品【EGF Style】商品購入プロモーション,有限会社テイクイット,,,商品購入額の11％（税込）,,afb
日本北アルプスの天然水ウォーターサーバー【信濃湧水】,株式会社楽楽エージェント,10295,ウォーターサーバー 株式会社楽楽エージェント 日本北アルプスの天然水ウォーターサーバー【信濃湧水】,"WEBからのウォーターサーバー申込後、設置完了 6,600円（税込）",未提携,afb
ネットショップ作成サービス「カラーミーショップ」,カラーミーショップ,,,"◆一般媒体 新規無料登録完了 800円（税込） ◆インセンティブ媒体 新規有料登録完了（※入金確認できた場合） 3,300円(税込) ※ユーザーへのポイント付与に関して上限の指定はございませんが、いたずら集客が多発しないようにご配慮ください",,afb
【ジェイトリップツアー】沖縄・北海道・九州・東京・スキーの国内旅行申込プロモーション,株式会社ジェイトリップ,526,旅行 株式会社ジェイトリップ 【ジェイトリップツアー】沖縄・北海道・九州・東京・スキーの国内旅行申込プロモーション,"申込成約 1,100円（税込）",未提携,afb
高速バス・夜行バス予約はオリオンツアー　高速バス、夜行バス　オンライン予約プロモーション,株式会社オリオンツアー,472,高速バス 株式会社オリオンツアー 高速バス・夜行バス予約はオリオンツアー 高速バス、夜行バス オンライン予約プロモーション,都市間バス・パッケージツアー商品予約 275円（税込）,未提携,afb
【予算上限あり】商工ローン、手形割引、不動産担保ローンなら【三鷹産業株式会社】各種ローン申込プロモーション,三鷹産業株式会社,,,"フリーキャッシング以外の各種ローンの申込 2,750円（税込）",,afb
可愛いブランドベビー服・子供服の【キムラタンオンラインストア】商品購入プロモーション,株式会社キムラタン,,,商品購入額の1.1％（税込）,,afb
アルピナウォーターがお届けする、安心・安全なミネラルウォーター宅配サービス,株式会社楽楽エージェント,287,ウォーターサーバー 株式会社楽楽エージェント アルピナウォーターがお届けする、安心・安全なミネラルウォーター宅配サービス,"ウォーターサーバー申込、設置完了 6,600円（税込） ポイント付与上限 3,000円分まで",未提携,afb
良い印鑑をより安く！【はんこdeハンコ】 初回購入,株式会社ウィズアス,148,雑貨・家庭用品 株式会社ウィズアス 良い印鑑をより安く！【はんこdeハンコ】 初回購入,初回購入 購入金額の11％（税込）,未提携,afb
生協の宅配パルシステムのご案内【資料請求】プロモーション,株式会社パルシステム・リレーションズ,191,食材宅配 株式会社パルシステム・リレーションズ 生協の宅配パルシステムのご案内【資料請求】プロモーション,・資料請求（広告主新規） ・WEB申込後、14日以内の電話確認 990円（税込） ※「電話確認」とは広告主からのご連絡を指します。お客様から広告主への問い合わせ等は電話確認ができたとみなせません。 ※お申込み後5か月以内の成果が対象,未提携,afb
【保険スクエアbang！】自動車保険一括無料見積もりプロモーション,株式会社ウェブクルー,,,"一括見積り 1,100円（税込） 「法人契約」⇒一括見積り 550円(税込) ※「法人契約」の場合、月末に正しい金額へ変更させて頂きます。",,afb
【ズバット車買取比較Powered byナビクル】中古車の無料一括査定依頼,株式会社ウェブクルー,,,"一括査定 1,100円（税込）",,afb
品川近視クリニック　来院,医療法人社団 翔友会,,,"来院：16,500円(税込)説明会：5,500円(税込)説明会来院：11,000円(税込)",,afb
保険の無料相談なら【保険マンモス】,保険マンモス株式会社,,,"WEB申し込み後、60日以内にFPと面談完了後、アンケート回答 11,000円（税込）/件",,afb
【エアトリ】国内航空券予約プロモーション,株式会社エボラブルアジア,289,旅行 株式会社エボラブルアジア 【エアトリ】国内航空券予約プロモーション,"国内航空券成約 1,547円（税込）",未提携,afb
ラ・パルレ レディース体験予約,株式会社ニューアート・ヘルス＆ビューティー,,,"WEB予約後、電話確認8,800円（税込）",,afb
ラ・パルレ　メンズ体験エステ集客プロモーション,株式会社ニューアート・ヘルス＆ビューティー,,,"WEB予約後、電話確認8,800円（税込）",,afb
生協の宅配パルシステム おためしセット 新規顧客商品購入,株式会社パルシステム・リレーションズ,6828,食材宅配 株式会社パルシステム・リレーションズ 生協の宅配パルシステム おためしセット 新規顧客商品購入,"【通常報酬】 新規顧客様からの商品購入 1,017円（税込）",未提携,afb
指名型保険相談サービス【FPのチカラ】,保険マンモス株式会社,,,"保険相談完了 12,937円（税込）",,afb
高額報酬!!　自宅で簡単おうち美容！今すぐはじめるムダ毛ケア！ 【パイナップル豆乳ローションプレミアム】定期購入販促プロモーション,株式会社鈴木ハーブ研究所,,,"パイナップル豆乳ローション1本定期LPのアップセル3本定期：0円(税込)パイナップル豆乳ローション1本定期：0円(税込)パイナップル豆乳ローションプレミアム １本定期：2,200円(税込)<リップケースLP離脱POP>パイナップル豆乳ローシ",,afb
失敗しない保険ショップ選びなら！【保険ショップマンモス】 面談完了,保険マンモス株式会社,,,"WEBからの来店予約後、面談完了 11,000円（税込）",,afb
【afb限定】【afb】パートナー募集プロモーション,株式会社フォーイット afb（アフィb）,,,【通常報酬】 パートナー登録完了660円（税込）,,afb
【インズウェブ】自動車保険一括見積もり,SBIホールディングス株式会社,,,"一括見積もり 1,980円（税込）",,afb
結婚相談所　「ZWEI」　ツヴァイ,株式会社ツヴァイ,,,"来店予約：5,500円(税込)パーソナル結婚診断：5,500円(税込)",,afb
【高報酬】Ｏｉｓｉｘ(オイシックス)食材宅配おためしセットプロモーション,オイシックス・ラ・大地株式会社,103,食材宅配 オイシックス・ラ・大地株式会社 【高報酬】Ｏｉｓｉｘ(オイシックス)食材宅配おためしセットプロモーション,"おためしセット購入 1,100円（税込） ※一部セットは対象外となります。",未提携,afb
空港民間駐車場　楽楽パーキングシステム予約プロモーション,株式会社楽楽エージェント,,,申込金額の3.3％（税込）,,afb
婚活サイト「ブライダルネット」の会員募集,株式会社IBJ,,,"有料会員登録：5,076円（税込） 有料登録（月会員プラン）：5,076円(税込)有料登録（年会員プラン）：5,076円(税込)無料登録（トライアルプラン）：1,268円(税込)",,afb
※おせちもあります※　Oisix（オイシックス）【産直おとりよせ市場】 商品購入,オイシックス・ラ・大地株式会社,6899,食材宅配 オイシックス・ラ・大地株式会社 ※おせちもあります※ Oisix（オイシックス）【産直おとりよせ市場】 商品購入,商品購入 6.6％（税込） ※ポイント付与上限：報酬金額の80％ ※リピート成果も対象,未提携,afb
高級ワイン専門通販【ELEVIN（エレヴァン）】,株式会社ベルーナ,16749,食品・産直品 株式会社ベルーナ 高級ワイン専門通販【ELEVIN（エレヴァン）】,商品購入後、入金確認 1.65％（税込） ※リピート購入OK,未提携,afb
完全無添加ドッグフード＜定期便＞【ドッグフード工房】,ペットフード工房株式会社,,,"定期便 初回購入 4,230円（税込） ポイントサイト上限：300円",,afb
ワンタッチでラクしてふわふわ！小型衣類乾燥機【Biny（ビニ―）】,株式会社Welle,16641,雑貨・家庭用品 株式会社Welle ワンタッチでラクしてふわふわ！小型衣類乾燥機【Biny（ビニ―）】,"初回購入 11,000円（税込） ポイント上限：10,000円",未提携,afb
家庭教師・個別指導の【合格王】,株式会社合格王システムズ,,,"資料請求 8,461円（税込）",,afb
企業とフリーランスエンジニアを繋ぐエージェントサービス【Relance（リランス）】,株式会社スリーシェイク,,,"新規会員登録 8,461円（税込）",,afb
業界最安級 1平方メートル880円（税込）～で施工可能です【シロアリ駆除のキャッツ】,株式会社キャッツ,,,"新規見積作成完了 4,822円（税込）",,afb
浮気の証拠を掴みたいなら【CORE探偵事務所】,株式会社CORE,,,"WEBからの初回申込後、30日以内の本人確認完了 28,768円（税込） ※浮気・不倫調査のみ対象",,afb
＜施術＞低価格・高密度の自毛植毛なら【東京植毛クリニック】,一般社団法人家本会,,,"LINE友だち登録からの新規予約後、施術完了 169,230円（税込）",,afb
ボイトレ・ダンスのマンツーマンレッスンならNAYUTAS【ナユタス】,株式会社K Village,,,"新規入会 7,191円（税込）",,afb
即戦力のエンジニアを目指すエンジニア育成スクール【techmeets（テックミーツ）】,株式会社PROGRESS,,,"無料カウンセリング予約完了 1,268円（税込） ポイントサイト 報酬条件：エキスパートプランの契約のみ ポイント付与上限：付与上限なし",,afb
野上養鶏場-高級卵の味宝卵・野菜・果物のお取り寄せ通販,株式会社野上養鶏場,,,新規商品購入 11％（税込）,,afb
海外・国内留学なら【U-GAKU（ユーガク）】,株式会社Crepity,,,"WEBからの無料個別相談会の初回申込 5,060円（税込） ※LINE導線の成果は対象外となりますので予めご了承ください",,afb
関東専門の害獣駆除なら【ハウスガード24】,株式会社SAKI-X,,,"初回問合せ完了 21,153円（税込） ※電話申込は2026/1/23より適用 WEB申込：21,153円(税込)電話申込：8,758円(税込)",,afb
【クローズド】,株式会社WithFitness,16197,フィットネス 株式会社WithFitness 【クローズド】 パーソナルジム【MY BODY LABO（マイボディーラボ）】YouTubeで話題のパーソナルジムをあなたにも,"WEBからの無料カウンセリング申込後、初回参加完了 16,922円（税込）",未提携,afb
【出張買取ウリエル】ブランドジュエリー・宝石買取,株式会社クオーレ,16235,買取 株式会社クオーレ 【出張買取ウリエル】ブランドジュエリー・宝石買取,"WEBからの新規無料査定依頼 4,230円（税込） ポイントサイト 買取金額10,000円以上の成約／WEBより無料査定依頼後、30日以内の出張買取完了時点",未提携,afb
2日間だけでOK！ファスティング専用ドリンク【lim：it 48PLUS（リムイット）】,株式会社ウィンウィンウィン,16340,酵素 株式会社ウィンウィンウィン 2日間だけでOK！ファスティング専用ドリンク【lim：it 48PLUS（リムイット）】,"初回購入 1,691円（税込）",未提携,afb
コールドクター　GLP1の【医療ダイエット】　新規予約,株式会社コールドクター,,,"新規診察完了 8,461円（税込）",,afb
犬用肌ケアメディカルスティック【hadamo（ハダモ）】,株式会社未来,,,"初回購入 2,530円（税込）",,afb
IT・WEBエンジニア専門の就活支援サービス【ユニゾンキャリア就活】,株式会社ユニゾン・テクノロジー,,,"WEBからの初回相談申込後、面談完了 4,907円（税込）",,afb
大人同様に楽器がもらえる【EYS-Kids音楽教室】,2nd Community株式会社,15538,専門・各種学校 2nd Community株式会社 大人同様に楽器がもらえる【EYS-Kids音楽教室】,"WEBからの体験レッスン申込後、新規入会 8,360円（税込）",未提携,afb
【バッグ買取】ブランドバッグを高く買い取ります！バッグ買取なら｢なんぼや｣,バリュエンスジャパン株式会社,,,"買取完了 2,961円（税込）",,afb
選ばれ続けて30年の実績【宝石広場の宅配買取】,株式会社ユーズカンパニー,,,"WEBからの新規買取申込後、5,000円以上の買取成立 3,300円（税込）",,afb
選ばれ続けて30年の実績【宝石広場の時計買取診断】,株式会社ユーズカンパニー,,,"新規ユーザーの査定完了 1,650円（税込）",,afb
選ばれ続けて30年の実績【宝石広場のジュエリー買取診断】,株式会社ユーズカンパニー,,,"新規ユーザーの査定完了 1,650円（税込）",,afb
保育のお仕事探しなら【せんとなび保育】,セントスタッフ株式会社,,,"新規登録完了 10,153円（税込）",,afb
トレカのオンラインオリパサイト【TORIPA】,株式会社ネクステージ,,,課金完了で成果(リピートも成果対象) 660円（税込）,,afb
一人ひとりに最適な食事を届けるカスタムミールデリバリー【YOUR MEAL（ユアミール）】,株式会社Muscle Deli,14076,食材宅配 株式会社Muscle Deli 一人ひとりに最適な食事を届けるカスタムミールデリバリー【YOUR MEAL（ユアミール）】,"初回購入 1,691円（税込）",未提携,afb
ペット医療現場でも使われているペット用水素結合水【獣医さんの水素水】,株式会社エスフルージュ,13885,動物・ペット 株式会社エスフルージュ ペット医療現場でも使われているペット用水素結合水【獣医さんの水素水】,"初回購入 3,076円（税込）",未提携,afb
【afb限定】大阪のホワイトニング専門歯科クリニック【パールホワイトニング】,パールホワイトニング肥後橋デンタルクリニック,14008,医療 パールホワイトニング肥後橋デンタルクリニック 【afb限定】大阪のホワイトニング専門歯科クリニック【パールホワイトニング】,"WEB申込後、初回来院 5,500円（税込）",未提携,afb
セルフで簡単！【MLEN まつエクパーフェクトキット】,INTERMIX株式会社,13984,メイク INTERMIX株式会社 セルフで簡単！【MLEN まつエクパーフェクトキット】,商品購入 845円（税込） ※リピート購入OK,未提携,afb
恋愛・婚活マッチングサイト【直感】,株式会社Linkbank,,,"有料会員登録後、決済完了 5,922円（税込）",,afb
恋愛・婚活マッチングサイト【ニャン活】,株式会社Linkbank,,,"有料会員登録後、決済完了 5,922円（税込）",,afb
お肌に優しくピーリング♪とろ～んと馴染んでくるくるポロン！【ナノポロン】,株式会社ファーストフレンズ,,,"初回購入 1,691円（税込）",,afb
いつものごはんに混ぜるだけ！わんちゃんの簡単お口ケア【このこのふりかけ】,株式会社ゆずず,,,"初回購入 1,527円（税込）",,afb
大型犬の健康にこだわった国産ドッグフード【大型犬のための このこのごはん】,株式会社ゆずず,,,"初回購入 1,527円（税込）",,afb
【JETBOY(ジェットボーイ)】月額500円から使える次世代クラウド型SSDレンタルサーバー,株式会社ライムテック,11620,プロバイダ 株式会社ライムテック 【JETBOY(ジェットボーイ)】月額500円から使える次世代クラウド型SSDレンタルサーバー,"※スマートフォン・タブレットからのお申込は出来ません。 ※無料トライアルのみでご解約は成果対象外です。 ┗ビジネスSSD：16,500円(税込)┗ビジネスプロSSD：33,000円(税込)┗ファーストSSD：8,800円(税込)┗ミニSSD",未提携,afb
メンズ専用・薬用除毛クリーム【プレミアムリムーバー グート】,株式会社アールスタイル,,,初回購入 16.5％（税込）,,afb
【afb限定】【ミルポッシェオーガニクス】ボディケアクリーム（妊娠線ケアクリーム）使い放題プラン,株式会社メリックス,11372,ボディケア 株式会社メリックス 【afb限定】【ミルポッシェオーガニクス】ボディケアクリーム（妊娠線ケアクリーム）使い放題プラン,"新規ボディケアクリーム使い放題プラン申込完了 3,300円（税込） ポイント付与上限：商品単価の3000円まで",未提携,afb
製造・軽作業派遣なら【ランスタッド】,ランスタッド株式会社,,,"新規会員様の派遣面談予約 4,568円（税込）",,afb
フリーランス・個人事業主向けWi-Fiルーター【フリーランスWiFi】,ディーエックスハブ株式会社,,,"初回申込 2,999円（税込）",,afb
【選べる脱毛キャンペーンDioneディオーネ】敏感肌専門脱毛サロン,ドクターサポート株式会社,,,"来店後、体験完了(キャンペーン) 10,153円（税込）",,afb
【キッズ脱毛Dioneディオーネ】敏感肌専門脱毛サロン,ドクターサポート株式会社,,,"来店後、体験完了（子ども） 7,700円（税込）",,afb
小学生のための英会話【Gaba kids（ガバキッズ）】,株式会社GABA,,,"新規ユーザーの入会完了 27,076円（税込）",,afb
【SocialDog】SNS アカウント運用ツール,株式会社SocialDog,,,※無料トライアル申し込み時点の商品金額で反映されますが 有料決済タイミングで異なるプランになる場合は、 承認月の翌月月初3営業日までに報酬金額を変更いたします。 （通常時） 新規web会員登録後、有料決済完了 金額変更にて対応 Person,,afb
宝くじ購入代行【吉宝】大阪で最も当選実績のある「大阪駅前第4ビル特設売り場」 新規申込,株式会社吉宝,10090,ギャンブル 株式会社吉宝 宝くじ購入代行【吉宝】大阪で最も当選実績のある「大阪駅前第4ビル特設売り場」 新規申込,新規代行申込完了 49.5％（税込）,未提携,afb
【超伸縮素材使用】加圧式トレーニングインナー　SIX-CHANGE,株式会社UNITED,,,"新規商品購入 3,850円（税込）",,afb
【マックスノビール】成長期のお子様をのび～るサポート！ 定期コース初回申込,株式会社オーバーテイク,8888,キッズサプリ 株式会社オーバーテイク 【マックスノビール】成長期のお子様をのび～るサポート！ 定期コース初回申込,"定期コース 初回申込後、30日以内の入金確認及び商品受取 3,383円（税込）",未提携,afb
簡単予約で優先的にご案内【KOMEHYO】店頭買取予約プロモーション,株式会社コメ兵,,,"WEBからお申込みの店頭買取予約 4,230円（税込）",,afb
小型犬用スキンケアサプリ【ビオワンファイン】 新規商品購入,株式会社バウムクーヘン,8607,動物・ペット 株式会社バウムクーヘン 小型犬用スキンケアサプリ【ビオワンファイン】 新規商品購入,"新規商品購入 1,268円（税込）",未提携,afb
サイズUPを実現する！男性向けサプリメント【BLAZAR-α】 初回購入,株式会社ネクストラウンド,7057,精力剤・精力サプリ 株式会社ネクストラウンド サイズUPを実現する！男性向けサプリメント【BLAZAR-α】 初回購入,新規顧客様の初回購入 購入額の38.06％（税込）,未提携,afb
楽天1位獲得【メンズ専用 NULLデオドラントジェル】 新規商品購入,株式会社G.Oホールディングス,7563,スキンケア 株式会社G.Oホールディングス 楽天1位獲得【メンズ専用 NULLデオドラントジェル】 新規商品購入,"新規商品購入 1,100円（税込）",未提携,afb
プッシュするだけ3秒スキンケア【NULL オールインワンミスト】,株式会社G.Oホールディングス,11262,スキンケア 株式会社G.Oホールディングス プッシュするだけ3秒スキンケア【NULL オールインワンミスト】,"新規商品購入 1,100円（税込） ポイント付与上限：商品単価の20％まで",未提携,afb
もう足の匂いに悩まない【NULLシューパウダー】,株式会社G.Oホールディングス,,,"初回購入 1,100円（税込） ※ポイント付与上限：商品単価の10％まで",,afb
《定期》北海道産サラブレッド100％馬プラセンタ【プラセンタファイン】商品購入プロモーション,株式会社ヴィジョンステイト,,,"新規定期購入、2回目の納入確認後 5,500円（税込） ※本人申込みはセルフBからの申込みに限ります。",,afb
ダイビングＣカード（ライセンス）取得なら【ダイビングクラブ アクアギフト】 講習申込,株式会社LiveSympathy,6599,趣味・スポーツ 株式会社LiveSympathy ダイビングＣカード（ライセンス）取得なら【ダイビングクラブ アクアギフト】 講習申込,"国際ライセンス取得４日間講習の申し込み 9,900円（税込）",未提携,afb
【ズバット引越し比較】無料一括見積もり,株式会社ウェブクルー,208,リフォーム・引越し 株式会社ウェブクルー 【ズバット引越し比較】無料一括見積もり,一括見積り 770円（税込）,未提携,afb
デザイナー・クリエイター育成の専門校【東京デザインプレックス研究所】 資料請求,株式会社東京ストリート学舎,,,"資料請求 1,650円（税込）",,afb
【afb限定】【包茎治療 （静岡中央クリニック）】 来院,医療法人社団　誠真中央会（旧：静岡中央クリニック）,,,"来院 5,500円（税込）",,afb
【シーボディ】気になる年齢肌にハリ・潤い実感【プロジェマックススターターセット】商品購入プロモーション,株式会社シーボディ,,,"※クライアント新規顧客購入のみ リンクルボトセラム購入：2,200円(税込)ファーミングクリーム（オールインワン）購入：990円(税込)",,afb
[スマートフォン専用]自由に選べる新月額制フィットネスマーケット【FitFits（フィットフィッツ）】,株式会社hacomono,,,"インストール後、14日間の無料利用開始 1,015円（税込）",,afb
ITエンジニアの転職なら【TechGo（テックゴー）】,株式会社MyVision,,,"WEBからの新規申込後、無料面談完了 19,800円（税込）",,afb
中古車の自社ローン専門店【カーリバ】,リバイブ株式会社,,,"新規申込後の審査通過完了 11,000円（税込）",,afb
美容外科・皮膚科の専門医が在籍する【あいちビューティークリニック】,あいちビューティークリニック,,,"WEBからの初回予約後、来院 11,000円（税込） ※ポイントサイト様については以下条件となります。 WEBからの初回予約後、契約完了 11,000円（税込）",,afb
[スマートフォン専用]【就活会議】 ES・面接・口コミ体験談で選考対策できる就活アプリ＜会員登録完了＞,就活会議株式会社,,,"初回インストール後、会員登録完了 1,015円（税込）",,afb
TVで話題のかけるだけの万能調味料【サクサクしょうゆアーモンド】,株式会社キッコーマン,,,"新規商品購入完了 1,268円（税込）",,afb
レジン液の激安通販サイト【YOBTOP（ヨブトップ）】,深&#22323;市&#20248;必特科技有限公司,15710,ショッピングモール 深&#22323;市&#20248;必特科技有限公司 レジン液の激安通販サイト【YOBTOP（ヨブトップ）】,商品購入 2.53％（税込） ※リピート購入OK ※ポイント付与上限：購入額の10％まで,未提携,afb
人気商品のため購入困難なサロン限定販売の美容液【LINE REPAIR　テラスキン】,株式会社CHRISTINA JAPAN,,,"新規定期購入完了 5,076円（税込）",,afb
【マックアダムズドッグフード チキン】本気で偏食克服を目指すプレミアムドッグフード,株式会社レティシアン,14781,動物・ペット 株式会社レティシアン 【マックアダムズドッグフード チキン】本気で偏食克服を目指すプレミアムドッグフード,"新規顧客の商品購入 3,300円（税込）",未提携,afb
＜ニキビ治療＞24時間予約受付可【東京オンラインクリニック】,東京オンラインクリニック,,,"WEBからの新規予約完了 2,537円（税込）",,afb
TOEFL目標スコアをサポート 【バークレーハウス語学センター】,株式会社バークレーハウス,,,"無料体験レッスンの申込完了 550円（税込） 無料体験後、新規入会まで至ったら下記報酬へ変更いたします。 ■成果地点：新規入会／プライベートレッスン 20レッスン以上 稼働から3ヶ月間 8,800円(税込) 稼働4ヶ月目 5,500円(税込",,afb
アスリート中高生の成長期を応援！成長期応援サプリ【フィジカルメンテPRO】,KENSHOU株式会社,,,"新規商品購入 1,650円（税込）",,afb
恋愛・婚活マッチングサイト【Live婚活】,株式会社Linkbank,,,"有料会員登録後、決済完了 5,922円（税込）",,afb
恋愛・婚活マッチングサイト【ワン活】,株式会社Linkbank,,,"有料会員登録後、決済完了 5,922円（税込）",,afb
恋愛・婚活マッチングサイト【移住SNS】,株式会社Linkbank,,,"有料会員登録後、決済完了 5,922円（税込）",,afb
【b.ris larich scalp】美容のプロが勧める髪と頭皮のスカルプケア,tellas株式会社,,,"初回購入 1,100円（税込）",,afb
お引越しが決まったら【ライフラインの窓口】,レプリス株式会社,,,"初回問合せ完了 1,100円（税込）",,afb
《天然由来成分100％/タルクフリー》家族で使える靴用除菌・消臭パウダー【fafra(ファフラ) シューパウダー】,株式会社G.Oホールディングス,11734,雑貨・家庭用品 株式会社G.Oホールディングス 《天然由来成分100％/タルクフリー》家族で使える靴用除菌・消臭パウダー【fafra(ファフラ) シューパウダー】,新規商品購入 550円（税込） ポイント付与上限：商品単価の30％,未提携,afb
JCBカード S,株式会社ジェーシービー,,,"新規カード発行 5,330円（税込）",,afb
高濃度炭酸×ビタミンCで毛穴レス美肌！プリモディーネ【なごみ炭酸スパウォッシュ】,株式会社フレア,10603,スキンケア 株式会社フレア 高濃度炭酸×ビタミンCで毛穴レス美肌！プリモディーネ【なごみ炭酸スパウォッシュ】,"なごみ炭酸スパウォッシュ200ｇ本品 新規購入 1,100円（税込）",未提携,afb
薬用オールインワン【NALC薬用スリープロテクトジェル】,株式会社G.Oホールディングス,11488,スキンケア 株式会社G.Oホールディングス 薬用オールインワン【NALC薬用スリープロテクトジェル】,"新規商品購入 1,100円（税込） ポイント付与上限：商品単価の30％まで",未提携,afb
ニオイをOFFしてほのかに香らせる！衣類用消臭ミストスプレー。【プレミアムスーツリセッター】,株式会社アールスタイル,,,新規商品購入完了 16.5％（税込）,,afb
セントラル短資FX＜FXダイレクトプラス＞,セントラル短資FX株式会社,,,"新規口座開設申込から60日以内に新規5万通貨取引（ダイレクトプラスのみ） ※FXダイレクトプラスでの「新規取引」のみが対象です（決済や約定（成立）していない指値注文などはカウント対象）6,380円（税込）",,afb
タクシー求人サイトの【転職道.com】 求人応募,株式会社日本総合ビジネス,,,"求人応募 8,461円（税込）",,afb
【モグワンドッグフードチキン＆サーモン シニア用】「美味しく食べる」シニア犬の健康習慣,株式会社レティシアン,16607,動物・ペット 株式会社レティシアン 【モグワンドッグフードチキン＆サーモン シニア用】「美味しく食べる」シニア犬の健康習慣,"新規顧客からの商品購入 4,356円（税込）",未提携,afb
白い歯メイク【パールホワイト トゥースグロス】購入プロモーション,株式会社美健コーポレーション,9474,ボディケア 株式会社美健コーポレーション 白い歯メイク【パールホワイト トゥースグロス】購入プロモーション,※購入分の入金確認後 1本購入：388円(税込)2本セット購入：656円(税込)3本セット購入：984円(税込),未提携,afb
国産なた豆にプロポリス＆柿渋配合！【伝統爽快なたまめ歯磨き粉】商品購入プロモーション,株式会社みつばちロード,,,「伝統爽快なた豆歯磨き粉お試しセット」 初回商品購入金額の319円（税込） ※成果報酬対象はお試しセット初回購入者（一個分）となります。,,afb
製薬会社と共同開発したホワイトニング専用歯みがき【薬用パールホワイトプロシャイン】新規商品購入,株式会社美健コーポレーション,,,初回購入 購入分の入金確認後：19.58％（税込）,,afb
＜完全無添加＞1粒で40種類以上の栄養素【ローヤルゼリー４８クオリティ】,株式会社ヒューテックジャパン,,,初回購入 880円（税込）,,afb
【保険の窓口インズウェブ】 バイク保険一括見積,SBIホールディングス株式会社,,,バイク保険一括見積 423円（税込）,,afb
札幌市の葬儀や家族葬ならコープの家族葬【ウィズハウス】,株式会社ワンウォーク,,,"資料請求・お問合せ 1,691円（税込） ※フォーム／コールともに計測対象です",,afb
【出張買取ウリエル】古銭買取,株式会社クオーレ,16232,買取 株式会社クオーレ 【出張買取ウリエル】古銭買取,"WEBからの新規無料査定依頼 4,230円（税込） ポイントサイト 買取金額10,000円以上の成約／WEBより無料査定依頼後、30日以内の出張買取完了時点",未提携,afb
ロレックスのブランド時計の買取【ブラリバ】,株式会社STAYGOLD,,,"新規無料査定申込 3,383円（税込）",,afb
知的アヴァンギャルドの最高峰ブランド【driade（ドリアデ）】,株式会社グリフ,15117,家具・インテリア 株式会社グリフ 知的アヴァンギャルドの最高峰ブランド【driade（ドリアデ）】,"◆成果は一律で1,650円（税込）の単価で発生しますが、 売上額が確定しましたら下記利率の報酬額へ変更させていただきます。 商品購入 購入額の3.3％(税込) ※リピート購入OK",未提携,afb
有田焼高級ギフト専門店【JTOPIA（ジェイトピア）】,株式会社イード,,,※リピート購入OK ・下記以外の商品購入 6.6％（税込） ・真右衛門窯の商品購入 16.8％(税込) 【有田焼】広口マグカップ 桜花紋：11％（税込）【有田焼ワイングラス】色絵万歴図：6.71％（税込）【有田焼ワイングラス】染錦金彩青濃葡,,afb
JCB ORIGINAL SERIES（プラチナカード）,株式会社ジェーシービー,,,"新規カード発行 5,753円（税込）",,afb
楽天ランキング第1位！【NULL アフターシェーブローション Face&Body】,株式会社G.Oホールディングス,7824,ボディケア 株式会社G.Oホールディングス 楽天ランキング第1位！【NULL アフターシェーブローション Face&Body】,"新規商品購入 1,320円（税込）",未提携,afb
植物のチカラで地肌うるおう【ハイビスカスヘアシャンプー】,ゆめじん有限会社,,,"初回購入 1,691円（税込）",,afb
保育のお仕事探しなら求人サイト【求人あるある保育】,セントスタッフ株式会社,,,"新規会員登録完了 2,537円（税込）",,afb
【BELINDA CLINIC　ベリンダクリニック】,BELINDA CLINIC,,,"WEB申し込み後、来院完了 20,307円（税込） 月末に対象成果を単価変更いたします。",,afb
まずは体験！子供プログラミングスクール【egg】,株式会社ブレイブ,,,"WEB申込後、無料体験授業完了 8,461円（税込）",,afb
中高年男性のあの衰えには専門医監修サプリ『ペプチア』 初回購入,株式会社ゼンケア,,,"初回購入 4,061円（税込）",,afb
【ウリエル】出張買取,株式会社クオーレ,16224,買取 株式会社クオーレ 【ウリエル】出張買取,"WEBからの新規無料査定依頼 4,230円（税込） ポイントサイト 買取金額10,000円以上の成約／WEBより無料査定依頼後、30日以内の出張買取完了時点",未提携,afb
鹿のお肉のドッグフード【きょうもごちそう】,株式会社Fur baby,,,"初回購入 1,691円（税込） ※ポイント付与上限：300円まで",,afb
やさしさ地肌ナチュラルスキン&ヘアソープ,株式会社プロモートアクト,,,"初回購入 1,540円（税込）",,afb
キメ細かく、みずみずしい肌へ！【 ルイボスエキス配合の高保湿クリームRB　モイストリッチクリーム】,SUF株式会社,12089,スキンケア SUF株式会社 キメ細かく、みずみずしい肌へ！【 ルイボスエキス配合の高保湿クリームRB モイストリッチクリーム】,"新規商品購入 ※WEB注文後30日以内の入金確認 1,100円（税込）",未提携,afb
塗って30秒でスマホに触れる、新感覚のハンドクリーム【ZIGEN アクアハンドジェル】,ZIGEN株式会社,14796,ボディケア ZIGEN株式会社 塗って30秒でスマホに触れる、新感覚のハンドクリーム【ZIGEN アクアハンドジェル】,"初回購入 1,100円（税込） ※ポイント付与上限：200円",未提携,afb
apollostation PLATINUM BUSINESS 発券,出光クレジット株式会社,,,"申込みから2か月以内のカード発行 （アフィリエイト経由の成果のみ対象） 22,422円（税込）",,afb
apollostation THE GOLD 発券,出光クレジット株式会社,,,"申込みから2か月以内のカード発行 （アフィリエイト経由の成果のみ対象） 15,230円（税込）",,afb
apollostation card 発券,出光クレジット株式会社,,,"申込みから2か月以内の新規カード発行 （アフィリエイト経由の成果のみ対象） 2,115円（税込）",,afb
超シルクなSDGs石鹸【Soooo Silk Fluffy Soap】,株式会社NEXT NEW WORLD,13674,ボディケア 株式会社NEXT NEW WORLD 超シルクなSDGs石鹸【Soooo Silk Fluffy Soap】,商品購入 21.12％（税込） ※リピート購入OK,未提携,afb
「ビオ・マルシェ」本会員登録,株式会社ビオ・マーケット,,,"新規会員登録 8,800円（税込）",,afb
韓国発のバスグッズ！ビタミンシャワーフィルター【fravita（フラビータ）】,BrozGroup株式会社,14879,雑貨・家庭用品 BrozGroup株式会社 韓国発のバスグッズ！ビタミンシャワーフィルター【fravita（フラビータ）】,商品購入 12.65％（税込） ※リピート購入OK ※ポイント付与上限：購入額の10％まで,未提携,afb
成長期を応援する！【フィジカルB】 初回購入,株式会社ランフォルセ,,,"初回購入 1,100円（税込）",,afb
マニア垂涎のコレクショントレカ専門店【Card Shop ALPHA】,株式会社カモガワ,,,初回購入 716円（税込） ※以下ルートは計測対象外となりますので予めご了承ください。 ・新規会員登録後、ユーザーがデバイス・ブラウザを変えてCV ・銀行振込を選択したCV,,afb
＜CPF＞国産ヒノキ製家庭用サウナ【TOTONOI CUBE（トトノイキューブ）】,株式会社TOVERI,,,LINE友だち登録 83円（税込）,,afb
【出張買取ウリエル】食器買取,株式会社クオーレ,16229,買取 株式会社クオーレ 【出張買取ウリエル】食器買取,"WEBからの新規無料査定依頼 4,230円（税込） ポイントサイト 買取金額10,000円以上の成約／WEBより無料査定依頼後、30日以内の出張買取完了時点",未提携,afb
決済を自由にするスマートなキャッシュレス端末【PayCAS Mobile（ペイキャスモバイル）】,PayPay SC株式会社,,,"本登録完了 38,500円（税込）",,afb
リフォームをお得にするなら【リホチョク】,株式会社Linkbank,,,"有料会員登録後、決済完了 2,283円（税込）",,afb
太陽光発電（投資・売却）売買なら最大手【タイナビ発電所】,株式会社グッドフェローズ,,,"売却依頼後、本人確認及び見積もり完了（14日間） 5,500円（税込）",,afb
メントール配合！爽快に過ごしたい季節に【NULL フレグランス ボディウォッシュ クール】,株式会社G.Oホールディングス,14726,ボディケア 株式会社G.Oホールディングス メントール配合！爽快に過ごしたい季節に【NULL フレグランス ボディウォッシュ クール】,"初回購入 1,100円（税込）",未提携,afb
目元・口元・額などのシワ改善【NULL薬用リンクルクリーム】,株式会社G.Oホールディングス,12443,スキンケア 株式会社G.Oホールディングス 目元・口元・額などのシワ改善【NULL薬用リンクルクリーム】,初回購入 880円（税込）,未提携,afb
スライド作成、もう悩まない【MiriCanvas（ミリキャンバス）】,"MIRI D.I.H Co., Ltd.",,,新規無料会員登録 83円（税込）,,afb
一番高く売れるのギター買取店がすぐ見つかる！【ウェルカム買取査定ナビ】,東晶貿易株式会社,,,"初回査定申込完了 4,230円（税込）",,afb
【warple（ワープル）】オンラインで完結！留学個人手配サイト,株式会社リアブロード,,,見積取得完了 845円（税込）,,afb
「モンドセレクション受賞」目指せ第一志望！受験生応援サプリ【ノビルンS】,高光製薬株式会社,,,"初回購入 2,420円（税込）",,afb
【クローズド】,株式会社令和トラベル,,,インストール後、初回起動 337円（税込）,,afb
家具の大特価セール【横浜グランドインテリアフェア】,株式会社グリフ,,,"WEBからの新規参加申込 1,100円（税込）",,afb
松平健プロデュース！美容整体師YouTuber 井上剛志監修！ワンランク上の寝心地が実現する【健眠枕】,株式会社ロッピングライフ,14573,家具・インテリア 株式会社ロッピングライフ 松平健プロデュース！美容整体師YouTuber 井上剛志監修！ワンランク上の寝心地が実現する【健眠枕】,初回購入 16.5％（税込）,未提携,afb
ネズミ駆除・侵入防止対策の【キャッツ】,株式会社キャッツ,,,"新規見積作成完了 4,822円（税込）",,afb
「節約＆安心」プロパンガスの見直しと親御さんの見守りサービス【おやここ】,Ahead株式会社,,,"WEBからの初回問合せ完了 4,230円（税込） プロパンガスへの切替え完了 25,383円(税込) ※「プロパンガスへの切替え」の成果については、 達成が確認出来ましたら後日成果追加させていただきます。",,afb
【出張買取ウリエル】カメラ買取,株式会社クオーレ,16223,買取 株式会社クオーレ 【出張買取ウリエル】カメラ買取,"WEBからの新規無料査定依頼 4,230円（税込） ポイントサイト 買取金額10,000円以上の成約／WEBより無料査定依頼後、30日以内の出張買取完了時点",未提携,afb
ウォーターサーバー【コスモウォーター】設置促進プロモーション,株式会社コスモライフ,4608,ウォーターサーバー 株式会社コスモライフ ウォーターサーバー【コスモウォーター】設置促進プロモーション,"申込み後設置完了 3,300円（税込）",未提携,afb
法務・コンプライアンス求人専門の転職エージェント【BEET-AGENT（ビートエージェント）】,株式会社アシロ,,,"新規会員登録 5,500円（税込）",,afb
【保険の窓口インズウェブ】積立保険 資料請求,SBIホールディングス株式会社,,,資料請求 845円（税込）,,afb
＜多汗症＞24時間予約受付可【東京オンラインクリニック】,東京オンラインクリニック,,,"WEBからの新規予約後、診療完了 1,522円（税込）",,afb
【出張買取ウリエル】香水・ブランドコスメ買取,株式会社クオーレ,16231,買取 株式会社クオーレ 【出張買取ウリエル】香水・ブランドコスメ買取,"WEBからの新規無料査定依頼 4,230円（税込） ポイントサイト 買取金額10,000円以上の成約／WEBより無料査定依頼後、30日以内の出張買取完了時点",未提携,afb
【出張買取ウリエル】切手買取,株式会社クオーレ,16228,買取 株式会社クオーレ 【出張買取ウリエル】切手買取,"WEBからの新規無料査定依頼 4,230円（税込） ポイントサイト 買取金額10,000円以上の成約／WEBより無料査定依頼後、30日以内の出張買取完了時点",未提携,afb
一生の思い出に。自分が主人公になる世界に一つだけの特別な絵本【えほんインク】,えほんインク株式会社,15223,本・雑誌 えほんインク株式会社 一生の思い出に。自分が主人公になる世界に一つだけの特別な絵本【えほんインク】,購入完了(リピート購入も対象) 8.36％（税込）,未提携,afb
オールジャンルに対応できる東京のタトゥースタジオ【KAGEROU（カゲロウ）】,KAGEROU株式会社,,,"WEB予約後、初回来店 2,537円（税込）",,afb
男性向け活力リキッド【BRAVION Liquid（ブラビオンリキッド）】,株式会社ブラビオン,,,"商品購入 4,568円（税込） ※リピート購入OK",,afb
＜医薬部外品＞ヒップジェル【WEEEDブリスジェル】,株式会社ECスタジオ,,,"初回購入 ┗都度購入：1,100円(税込)┗定期縛りなし：2,970円(税込)",,afb
シワ改善の目元専用薬用ホワイトリンクルクリーム【CIEUX（シウー）】,株式会社ミスミ製薬,,,初回購入 550円（税込）,,afb
【NALC 薬用ホワイトリンクルクリーム】,株式会社G.Oホールディングス,12123,スキンケア 株式会社G.Oホールディングス 【NALC 薬用ホワイトリンクルクリーム】,"新規商品購入 1,100円（税込）",未提携,afb
記事に特化したオウンドメディア構築システム【CREAM（クリーム）】新規申込み,SODA株式会社,9579,BtoB SODA株式会社 記事に特化したオウンドメディア構築システム【CREAM（クリーム）】新規申込み,新規申込み後の成約 8.36％（税込） ※各プランの金額はサイトをご確認ください※ ※管理画面上の発生成果は”プライベートプラン”で発生しますが、 ”スタンダードプラン”での成約になった場合は、 成果変更をさせていただきます。,未提携,afb
もっちり泡ですっきり洗顔　【メディユース パールホワイト スキンソープ】新規商品購入プロモーション,株式会社美健コーポレーション,,,新規商品購入 ※すべて「商品購入金額」に基づく利率で支払われます。2個セット、3個セットも同率の報酬単価になります。 ※2019/06/14 0時～、ポイント付与条件は「商品購入金額×15％」です。 メディユース パールホワイト スキンソー,,afb
≪パンベシュ≫【エターナルプレミアムプラセンタドリンク】商品購入プロモーション,株式会社パンベシュ,,,"初回商品購入 1,395円（税込）",,afb
【出張買取ウリエル】毛皮買取,株式会社クオーレ,16226,買取 株式会社クオーレ 【出張買取ウリエル】毛皮買取,"WEBからの新規無料査定依頼 4,230円（税込） ポイントサイト 買取金額10,000円以上の成約／WEBより無料査定依頼後、30日以内の出張買取完了時点",未提携,afb
【出張買取ウリエル】ブランド時計買取,株式会社クオーレ,16233,買取 株式会社クオーレ 【出張買取ウリエル】ブランド時計買取,"WEBからの新規無料査定依頼 4,230円（税込） ポイントサイト 買取金額10,000円以上の成約／WEBより無料査定依頼後、30日以内の出張買取完了時点",未提携,afb
ヒト幹細胞・ヒト型セラミド・MNM 10年後も美しい肌土台を。【NiLTO（ニルト）】,株式会社Box to Box,14468,スキンケア 株式会社Box to Box ヒト幹細胞・ヒト型セラミド・MNM 10年後も美しい肌土台を。【NiLTO（ニルト）】,定期コース初回購入 845円（税込）,未提携,afb
インスタグラム運用・分析ツール【スナップレイス解析】本契約完了,合同会社SNAPLACE,14663,BtoB 合同会社SNAPLACE インスタグラム運用・分析ツール【スナップレイス解析】本契約完了,"本契約完了 33,845円（税込）",未提携,afb
中古マンション経営なら【ジェイトレック】,株式会社JTREC,,,"WEB申込後、初回面談完了 10,153円（税込） ※オンライン可",,afb
MacPaw（マックパウ）,MACPAW INC.,,,初回購入 38.5％（税込） ※本商品はMacPC向けの商品であるため、 WindowsPC・スマホ・タブレットからの申込は出来ません,,afb
年齢肌をケア オールインワンゲル　【メディユース パワーエッセンスゲル】新規商品購入プロモーション,株式会社美健コーポレーション,,,"新規商品購入 メディユース パワーエッセンスゲル 1個：16.5％（税込）[28日定期プラン]メディユース パワーエッセンスゲル 初回石鹸プレゼント：1,268円(税込)メディユース パワーエッセンスゲル 2個セット：16.5％（税込）メデ",,afb
乾燥知らず・白浮き知らずのUV化粧下地【nahls Veil（ナールスヴェール）】,株式会社ディープインパクト,,,"初回購入 1,522円（税込）",,afb
初期費用無料ホームページ作成サイト - FunMaker［ファンメイカー］ 新規申込,アンドバリュー株式会社,6473,その他 アンドバリュー株式会社 初期費用無料ホームページ作成サイト - FunMaker［ファンメイカー］ 新規申込,"※スマホからのアクセスの場合、カード決済不可となっております 月次課金（カード決済） 4,074円（税込）",未提携,afb
【NHK紹介】全国対応9.68万円からのお葬式【よりそうお葬式】,株式会社よりそう,,,"資料請求 2,200円（税込）",,afb
健康と美味しさを追求した低脂肪ドッグフード【タミーレシピ】,株式会社バウムクーヘン,,,"新規購入 1,691円（税込）",,afb
【おいしい水の宅配便】（静岡限定）リターナブルパワーアップキャンペーン,株式会社TOKAI,10873,ウォーターサーバー 株式会社TOKAI 【おいしい水の宅配便】（静岡限定）リターナブルパワーアップキャンペーン,"静岡限定 成約（サーバー設置） 12,650円（税込）",未提携,afb
子供の成長のプロが共同開発した成長サプリ【mogu-n stick（モグーンスティック）】,株式会社prisma,,,"初回購入 1,100円（税込）",,afb
遺品整理・生前整理買い取り実績で選ぶなら【八光堂 遺品買取】,バリュエンスジャパン株式会社,,,"買取完了 2,537円（税込）",,afb
2019年シリーズ累計売上日本一のムダ毛ケアローション【パイナップル豆乳ローション メンズ用】,株式会社鈴木ハーブ研究所,,,"初回購入 2,200円（税込）",,afb
子供の体内環境の健康をサポート【kids surukkiri powder（キッズスルッキリパウダー）】,株式会社prisma,,,"初回購入 1,100円（税込）",,afb
＜afb特集キャンペーンエントリー用＞TOPを目指せ！アフィリエイター応援キャンペーン ▼期間：2025年5月23日～7月31日,株式会社フォーイット,,,afb特集キャンペーンエントリー用のプロモーションとなります,,afb
