ドメイン,DR,備考
mao-asada.jp,23.0,
presepe.jp,34.0,
wook.jp,49.0,
mhlw-houkatsucare-ikou.jp,34.0,
kyowa-to.jp,12.0,
ebbs.jp,46.0,
izu-kamori.jp,57.0,
kibune.jp,37.0,
b8ta.jp,61.0,
hakkle.jp,18.0,
tkoubaske.jp,20.0,
nierreincarnation.jp,39.0,
fm-watch.jp,34.0,
cocorofilm.jp,0.0,
mokuzai-points.jp,56.0,
ginza-calla.jp,43.0,
hood-movie.jp,10.0,
syoha-senkyo.jp,7.0,
pinafore.jp,25.0,
finalportrait.jp,10.0,
vrai.jp,17.0,
soh-soh.jp,11.0,
yudo-movie.jp,40.0,
noblessejapan.jp,23.0,
aqua-aqua.jp,38.0,
midway-movie.jp,21.0,
dentou-koukai.jp,31.0,
localgood.jp,37.0,
karajishi-kamen.jp,17.0,
apahotel-saiyou.jp,8.0,
ibukinosato.jp,33.0,
editory.jp,29.0,
mujosobyo.jp,6.0,
kobe-center.jp,26.0,
red-joan.jp,11.0,
preciouslife.jp,12.0,
social-lab.jp,4.7,
nagoyanavi.jp,26.0,
anticaosteriadelponte.jp,20.0,
saltcoordinator.jp,29.0,
adgger.jp,4.5,
itrco.jp,27.0,
ninzunomachi.jp,37.0,
napster.jp,33.0,
dqdai-xb.jp,30.0,
hanagesiki.jp,19.0,
la-coldcase.jp,11.0,
yumikonakamura.jp,1.6,
deli-a.jp,36.0,
hanzuiryo.jp,27.0,
muryo-soudan.jp,2.2,
altamira.jp,34.0,
nikkei-techno.jp,22.0,
nadejo.jp,5.0,
ikoma-kankou.jp,38.0,
katsuuraonsen.jp,27.0,
yonesima.jp,27.0,
monsterdragon.jp,33.0,
zenkamono-movie.jp,28.0,
efreedom.jp,4.3,
kitetsu-hotel.jp,19.0,
fetusjapan.jp,23.0,
englishpedia.jp,28.0,
veryberry.jp,3.3,
8-duck.jp,6.0,
atsugiham.jp,20.0,
isbit.jp,15.0,
kamizukan.jp,12.0,
hfj.jp,22.0,
kanakurishiso.jp,29.0,
repairman.jp,15.0,
eikokusotoku.jp,16.0,
tokusuru-bosai.jp,49.0,
midin.jp,24.0,
greenpal.jp,25.0,
shimada-cl.jp,15.0,
relacul.jp,23.0,
ev-owners.jp,11.0,
okakiyoshi-ken.jp,5.0,
um-hum.jp,8.0,
motopower.jp,2.0,
application-kanazawa.jp,6.0,
nikon-lenswear.jp,47.0,
i-wedding.jp,14.0,
takeo-cinema.jp,17.0,
monkeyman.jp,26.0,
syougai.jp,12.0,
michel-herbelin.jp,16.0,
eduview.jp,14.0,
selfless.jp,13.0,
elementcase.jp,7.0,
blogoodies.jp,10.0,
tooyoungtodie.jp,25.0,
marketer.jp,22.0,
ddroom.jp,0.1,
n-ippo.jp,34.0,
playpic.jp,26.0,
nanome.jp,12.0,
maskwear.jp,27.0,
dali-movie.jp,15.0,
eightpark.jp,10.0,
lipton-sweets.jp,8.0,
kyotocity-hs.jp,29.0,
kanclinic.jp,7.0,
siesta-hosp.jp,8.0,
shangrila-drive.jp,10.0,
tabisuma.jp,11.0,
sadotaiken.jp,23.0,
alpoca.jp,12.0,
okada-maternity.jp,6.0,
noumi-dental.jp,10.0,
ishiuchi-clinic.jp,4.6,
tokyo-design-market.jp,17.0,
usjwebphotostore.jp,2.3,
tomita-kan.jp,14.0,
exina.jp,23.0,
cocoro-cafe.jp,4.3,
aeonconnect.jp,36.0,
at-agent.jp,14.0,
restgenol.jp,2.4,
s-hidezo.jp,16.0,
smileship.jp,4.6,
mgdm.jp,9.0,
kiryu-ebisu.jp,25.0,
uminone.jp,20.0,
mmw.jp,14.0,
webdesignday.jp,29.0,
camlens.jp,8.0,
ac-c.jp,25.0,
bright-tokyo.jp,2.3,
kitchenlife.jp,33.0,
heartbeat-movie.jp,4.0,
hinabe-shintenchi.jp,4.1,
give-peace-a-chance.jp,22.0,
standardbookstore.jp,17.0,
chablet.jp,11.0,
kamimoto.jp,2.6,
hiroshima-kansenboushi-shien.jp,10.0,
otoku-line.jp,11.0,
elementalsoft.jp,4.1,
nekonokurachan-ordinarydays.jp,23.0,
shingetsu-school.jp,4.2,
monoeco.jp,2.9,
discover-miyazaki.jp,36.0,
sketch3.jp,7.0,
rusmuseum.jp,6.0,
jscc59atm.jp,14.0,
honshibori-mag.jp,8.0,
goze.jp,0.0,
solistiade.jp,31.0,
adtune.jp,27.0,
s-venture.jp,19.0,
mcity-guide.jp,3.7,
monthly-century.jp,38.0,
katasumi-corner.jp,2.8,
ubeaute.jp,2.6,
trousselier.jp,2.7,
gominara.jp,0.0,
researchtv.jp,11.0,
smartstorecenter.jp,11.0,
machi-neta.jp,44.0,
amazingcircus-estore.jp,10.0,
wwo.jp,25.0,
smahoto.jp,14.0,
bc-style.jp,2.9,
i1color.jp,12.0,
kenzoparfums.jp,28.0,
concerto-lc.jp,5.0,
deepocean.jp,3.6,
luteininfo.jp,10.0,
aokigallery.jp,21.0,
tmrenkei.jp,1.4,
kanoizumi.jp,9.0,
ldsupport.jp,0.6,
drekka.jp,2.3,
redhat-forum.jp,21.0,
mihara-dental.jp,1.6,
jsrm2025.jp,28.0,
nikibit.jp,7.0,
comepri.jp,9.0,
baxtusai-navi.jp,1.6,
matsusakaushi.jp,17.0,
moopa.jp,11.0,
hananoyama.jp,12.0,
kara1.jp,6.0,
tokyo2020shop.jp,40.0,
r-ndental.jp,8.0,
okadashika.jp,1.8,
dreamstore-shinjuku.jp,17.0,
kenko100.jp,41.0,
ichi-you.jp,18.0,
kyushu-j.jp,9.0,
motomachi3.jp,6.0,
hananobo.jp,8.0,
akabou-happy-service.jp,11.0,
tomozuna-beya.jp,15.0,
it-stamp.jp,8.0,
syougeki.jp,7.0,
clickpaint.jp,3.6,
en-core.jp,10.0,
enup2.jp,3.6,
americanvape.jp,6.0,
diamond-big.jp,18.0,
chirin-chirin.jp,14.0,
global-education.jp,0.1,
loveandleaf.jp,3.2,
tokiya363.jp,16.0,
powerx.jp,44.0,
takanonaisou.jp,1.6,
kakian.jp,6.0,
medicodental.jp,19.0,
dental-career.jp,2.5,
eatable.jp,3.9,
uruga.jp,5.0,
pc-ikebukuro.jp,11.0,
jbs-web.jp,19.0,
lilcoco.jp,1.6,
retail-trend-system.jp,44.0,
outspot.jp,18.0,
diamond-m.jp,16.0,
xn--seo-3j4boh8e.jp,2.0,
nagamine-seikei.jp,8.0,
kanazawakojima-dc.jp,1.2,
k-okajima.jp,4.5,
room-s.jp,3.0,
oosumi-museum.jp,6.0,
ueno-hiroshi.jp,8.0,
asian-fellowship.jp,20.0,
youism.jp,16.0,
bhutan-travel.jp,9.0,
silkia.jp,12.0,
mart-jam.jp,11.0,
katuura-umaimono.jp,8.0,
kanabun.jp,7.0,
slappycakes.jp,7.0,
akiyoshi-farmgarden.jp,11.0,
doorwaytosmiles.jp,22.0,
awaji-ebisutei.jp,2.8,
ierum.jp,4.0,
real-fitness.jp,3.8,
tadayobi.jp,11.0,
lets-know-boatrace.jp,11.0,
cbd-online.jp,7.0,
hozenji-wasabi.jp,4.6,
dotori.jp,3.1,
nishikawa-hosp.jp,2.7,
valledaosta.jp,2.8,
j-expert.jp,1.0,
kana-sango.jp,10.0,
kuumaa.jp,6.0,
thefirstpenguin.jp,36.0,
stylestudio.jp,3.5,
angelicakazo.jp,0.0,
hatena.jp,4.8,
danzenyokohama.jp,15.0,
cosplayheaven.jp,8.0,
medical-comm.jp,29.0,
satomihakkenden.jp,7.0,
nagikara.jp,13.0,
adventures.jp,6.0,
1st-tiger.jp,7.0,
kitamura-hp.jp,6.0,
border-tourism.jp,0.3,
meihua.jp,2.1,
eishinjuku.jp,9.0,
kazuma-sone.jp,8.0,
arue.jp,0.5,
sakuradaoffice.jp,4.0,
tokyoshowa.jp,0.0,
fwd.jp,0.4,
skip.jp,4.1,
roseprincess.jp,0.1,
kokone.jp,12.0,
ikedaiinclinic.jp,0.9,
gojiai.jp,1.2,
xn--gmqu33e.jp,0.0,
l-inc.jp,0.0,
natori.jp,0.2,
shiennowa.jp,0.0,
reiki.jp,0.0,
110.jp,0.0,
eduai.jp,2.0,
momiyama.jp,0.3,
tsurai.jp,4.4,
africa.jp,0.0,
sawagroup.jp,6.0,
atelierantibes.jp,0.0,
suv.jp,0.0,
sasaka.jp,4.3,
mhz.jp,0.0,
takehiko.jp,0.0,
webcareer.jp,0.0,
nops.jp,0.0,
962.jp,0.0,
fpga.jp,0.0,
recoverywear.jp,0.1,
interweb.jp,0.0,
everlink.jp,0.0,
finest-print.jp,0.0,
amos.jp,0.0,
liber.jp,0.0,
thirsty.jp,2.7,
taiyaki.jp,0.9,
before-after.jp,0.0,
ballet-seitai.jp,0.0,
waki.jp,0.0,
vrt.jp,0.0,
y-style.jp,0.0,
guda.jp,0.0,
kitazume.jp,0.0,
c-cradle.jp,0.0,
classic-car.jp,0.0,
mot.jp,0.0,
muka.jp,0.0,
tozaki.jp,0.0,
omigiri.jp,0.0,
genai.jp,0.0,
brightive.jp,0.0,
xn--k42a.jp,0.0,
err.jp,0.0,
tokowaka-tsucity.jp,7.0,
kyomaf.jp,42.0,
gi-production.jp,1.1,
bar-evita.jp,4.4,
pap-guide.jp,7.0,
bonsoir.jp,0.4,
p-1gp.jp,3.0,
sicd.jp,6.0,
re-products-project.jp,10.0,
gagaga-lululu.jp,28.0,
igf.jp,31.0,
patrick-cox.jp,2.4,
lounge1908.jp,8.0,
nouveausens.jp,28.0,
mydoc.jp,20.0,
berlibur.jp,1.0,
prime-nakano.jp,0.5,
yoshimoto-sports-fes.jp,24.0,
belpa.jp,8.0,
gladia.jp,6.0,
saga-lab-challenge.jp,25.0,
okweb.jp,27.0,
angrysquad.jp,42.0,
kaoiro.jp,8.0,
appli-world.jp,46.0,
gunmachan-chi.jp,7.0,
bosai-sendai.jp,48.0,
kotteri.jp,11.0,
seventeen-follow-again-thecity.jp,30.0,
welcomekato.jp,14.0,
gtds.jp,12.0,
shukubo.jp,34.0,
crawlers.jp,28.0,
pam.jp,0.3,
showrunner.jp,4.9,
tully.jp,18.0,
allaround.jp,0.6,
sanagi.jp,6.0,
homecourt.jp,4.9,
freebord.jp,1.6,
vid.jp,10.0,
number-one.jp,3.3,
dodo.jp,1.2,
xn--ogtr30bz76a.jp,2.2,
adn.jp,0.0,
859.jp,0.0,
1-8.jp,8.0,
altitude.jp,0.3,
xn--gu1a.jp,0.0,
normal.jp,0.3,
784.jp,0.0,
v-m.jp,0.0,
ber.jp,0.4,
cando.jp,0.0,
kal.jp,0.0,
ati.jp,0.0,
422.jp,0.0,
sometimes.jp,0.3,
423.jp,0.0,
kho.jp,0.0,
797.jp,0.0,
hoe.jp,0.0,
17k.jp,0.0,
xn--48so21d.jp,0.3,
xn--pcka2dvdxb0l.jp,0.0,
xn--qivs4g.jp,0.0,
ive.jp,0.0,
jplayers.jp,32.0,
hanbitstation.jp,27.0,
e-radio.jp,36.0,
brand-x.jp,23.0,
hybridhealth-ikebukuro.jp,5.0,
tabelatte.jp,28.0,
x-tokyo.jp,30.0,
achs.jp,29.0,
bellcor.jp,33.0,
rmtsonic.jp,2.9,
inter7.jp,35.0,
linuxserver.jp,12.0,
himejob.jp,32.0,
web200.jp,4.5,
shichan.jp,38.0,
ero-dx.jp,4.7,
tenkatsu.jp,1.8,
krnews.jp,3.2,
animetas.jp,8.0,
deai-cafe.jp,15.0,
bbo.jp,0.6,
ninjintei.jp,7.0,
earth1999-netshop.jp,8.0,
hiragamasahiko.jp,25.0,
seinen-kyougikai.jp,12.0,
regame.jp,10.0,
waxpoetics.jp,33.0,
kudox.jp,10.0,
atom-solutions.jp,45.0,
bunny-g.jp,4.1,
acupuncture.jp,13.0,
ushigyu.jp,36.0,
tokyoautostyle.jp,9.0,
karabo.jp,1.2,
conejo.jp,9.0,
pepsi-cp.jp,9.0,
fiestasaipan.jp,3.6,
team-kansai.jp,4.0,
nail-care.jp,0.9,
christian-tortu.jp,2.1,
fh-viola.jp,0.4,
uvii.jp,2.1,
nichinou.jp,26.0,
portrait-navi.jp,0.5,
villa-del-sol.jp,3.5,
fusionio.jp,6.0,
lucklaser.jp,20.0,
kaigo-kouhyou-kanagawa.jp,18.0,
2brand.jp,0.1,
skip21.jp,0.1,
itune.jp,0.0,
rbiz.jp,0.5,
kitchen-kitchen.jp,17.0,
a-graph.jp,16.0,
mywiki.jp,20.0,
timekiller.jp,11.0,
yu-yurara.jp,22.0,
megweb.jp,21.0,
re-s.jp,34.0,
itsu-ten.jp,7.0,
ims-tenjin.jp,35.0,
special-actors.jp,27.0,
doops.jp,10.0,
hontai.jp,15.0,
winsta.jp,12.0,
banana-friend.jp,1.6,
tf3-movie.jp,20.0,
mu-tsushin.jp,20.0,
mixart.jp,18.0,
2town.jp,2.6,
sanpo-movie.jp,27.0,
wasan.jp,32.0,
jstc.jp,31.0,
ikastyle.jp,5.0,
atro.jp,13.0,
toshoshimbun.jp,33.0,
willfu.jp,32.0,
hitoyo-movie.jp,29.0,
fmhanako.jp,32.0,
banq.jp,11.0,
gyze.jp,25.0,
syspla.jp,4.8,
zettai.jp,9.0,
syoha.jp,32.0,
mag-system.jp,14.0,
hagaren-movie.jp,10.0,
chintai-management.jp,25.0,
ghost-zyuohger.jp,25.0,
fuzzycontrol.jp,27.0,
shoujo.jp,17.0,
campgoods.jp,26.0,
tamiono.jp,24.0,
lingkaran.jp,13.0,
cocolo-station.jp,30.0,
bld-gallery.jp,16.0,
kyushunoie.jp,1.4,
kask-helmet.jp,13.0,
fmoca.jp,21.0,
uratan.jp,5.0,
sophia-sw.jp,16.0,
ad-toshiba.jp,23.0,
book-navi.jp,0.0,
mangacapsule.jp,10.0,
prosettings.jp,0.4,
mogura-final.jp,27.0,
sslwww.jp,61.0,
field-of-smile.jp,16.0,
69movie.jp,10.0,
takeyakoutu.jp,32.0,
tonari-t.jp,10.0,
iseokagenosato.jp,16.0,
joycasino.jp,2.6,
iekanko.jp,30.0,
musiclauncher.jp,11.0,
kawaue.jp,27.0,
kblovers.jp,5.0,
ordet.jp,25.0,
pb-k.jp,27.0,
ilovemrmen.jp,12.0,
keystudio.jp,26.0,
herointerview.jp,21.0,
basementginza.jp,31.0,
cashbox.jp,35.0,
okaimono-review.jp,6.0,
d-keieikyo.jp,17.0,
winchesterhouse.jp,20.0,
fusazo.jp,23.0,
zakura.jp,7.0,
backfire.jp,6.0,
j-okinawa.jp,25.0,
pc-otasuketai.jp,17.0,
grandplaza.jp,24.0,
cinema-times.jp,0.0,
sugupill.jp,28.0,
mozu-movie.jp,31.0,
randy.jp,25.0,
mmesh.jp,12.0,
kagero.jp,13.0,
jw-open.jp,5.0,
cheese-cw.jp,22.0,
japan-gift-awards.jp,47.0,
maguseonsen.jp,25.0,
after1year.jp,26.0,
tccccc.jp,7.0,
komeda-coffee.jp,40.0,
spanishconnection.jp,20.0,
interior-shop.jp,16.0,
karinmound.jp,17.0,
kenjiworld.jp,8.0,
cyclejam.jp,18.0,
cms-initiative.jp,33.0,
nature-movie.jp,10.0,
fami-web.jp,10.0,
kinsho-netsuper.jp,22.0,
everythingfrom.jp,20.0,
spinet.jp,30.0,
mizunome-ru.jp,10.0,
aquadeo.jp,0.0,
uneven.jp,52.0,
icynene.jp,37.0,
nettyuusyou-lab.jp,17.0,
cochu.jp,8.0,
ooasa.jp,18.0,
cattoco.jp,12.0,
manga-toshi-tokyo.jp,29.0,
artsurf.jp,18.0,
nihonoranda.jp,20.0,
kobe-otona.jp,40.0,
hameln-film.jp,26.0,
dr-maedaclinic.jp,21.0,
covid-19-act.jp,36.0,
africaheritage.jp,28.0,
hacari.jp,22.0,
infopot.jp,11.0,
matsui-kazuyo.jp,4.4,
fig-net.jp,1.5,
pepper-mint.jp,2.7,
nope-movie.jp,25.0,
gainamatsuri.jp,17.0,
rozier.jp,6.0,
hanac200x.jp,13.0,
tairaview.jp,4.2,
nippon-saiko.jp,26.0,
ts-horiuchi.jp,14.0,
kk-online.jp,21.0,
sotec.jp,17.0,
animefes-vs.jp,8.0,
inodaikokusama.jp,21.0,
tech-kawasaki.jp,36.0,
dresswatch.jp,3.4,
texim.jp,14.0,
deny.jp,5.0,
xxoo.jp,0.0,
club-ism.jp,10.0,
tenchu.jp,11.0,
ringdream.jp,10.0,
wegirls.jp,1.0,
nebraska-movie.jp,9.0,
mainichi-style.jp,39.0,
heavenlyblue.jp,2.0,
all-digicam.jp,4.1,
tokyodream.jp,11.0,
miteco.jp,12.0,
yukinohana-movie.jp,6.0,
komakicity-onsuipool.jp,8.0,
moonwalker.jp,6.0,
suzukigun.jp,1.4,
hill-challenge.jp,18.0,
awoi.jp,2.0,
ganshinkei.jp,27.0,
yagi-otoko.jp,8.0,
catalu.jp,17.0,
nukeproof.jp,1.4,
bibalex.jp,11.0,
omokage-movie.jp,9.0,
warp-style.jp,8.0,
jjseisakuken.jp,5.0,
samurep.jp,4.9,
makimakiya.jp,4.2,
c-clef.jp,0.6,
itsuki-onsen.jp,14.0,
curetex.jp,39.0,
tanacafe.jp,14.0,
jmar-llg.jp,40.0,
goldencup.jp,9.0,
kawasaki-tsunenagatai.jp,3.4,
ikesou.jp,20.0,
greenbell.jp,13.0,
vimclip.jp,8.0,
riribbon.jp,9.0,
susono-gyoza.jp,8.0,
salonefontana.jp,27.0,
lucra.jp,11.0,
netgamermt.jp,1.7,
coaki.jp,11.0,
stia.jp,20.0,
twpr.jp,5.0,
100cheergirl.jp,4.0,
aichi-kokubunsai.jp,17.0,
dragonsprophet.jp,11.0,
hearingaids.jp,2.5,
maare.jp,4.0,
oh-yeah.jp,11.0,
e-bauhaus.jp,6.0,
maishi.jp,11.0,
lhbs.jp,0.5,
tongariyama.jp,3.3,
kite-board.jp,5.0,
pinerescue.jp,16.0,
bungee.jp,7.0,
semba-portfolio.jp,8.0,
narikiri-qa.jp,7.0,
kirari-kamagaya.jp,26.0,
treebynaked.jp,16.0,
xn--qckubp0dr1j.jp,8.0,
mumonan.jp,15.0,
gidle.jp,11.0,
ciicz.jp,13.0,
thequietroom.jp,20.0,
lefrancais.jp,10.0,
soka-news.jp,23.0,
koshu-fruit-marathon.jp,17.0,
kyodeki.jp,3.1,
ecosearch.jp,12.0,
gururi.jp,2.5,
hiroshima-oktoberfest.jp,7.0,
youthpark.jp,21.0,
fashion-fashion.jp,14.0,
originaltowel.jp,0.0,
yorimo.jp,27.0,
seasidezombie.jp,14.0,
sakuravillage.jp,0.8,
luxology.jp,15.0,
qoon.jp,6.0,
meguru-kenketsu.jp,21.0,
sy-cure.jp,1.9,
life-changer.jp,0.0,
prpro.jp,5.0,
bewleys.jp,2.4,
intothefire.jp,6.0,
kenary.jp,3.1,
basiclife.jp,2.6,
plant-gift.jp,8.0,
chabatake.jp,2.3,
tipua.jp,6.0,
riversakawa-gc.jp,23.0,
troikadesignstore.jp,6.0,
127movie.jp,6.0,
nagakubo-kouen.jp,20.0,
rausu-daiichi-hotel.jp,13.0,
hot-koshigaya.jp,23.0,
squarestudio.jp,32.0,
androidview.jp,22.0,
jing-tokyo.jp,13.0,
osj-jsap.jp,20.0,
akb48-lifecard.jp,10.0,
garybonnell.jp,14.0,
o-kane.jp,8.0,
kicpac-music.jp,20.0,
hanryu-iace.jp,6.0,
rumbita.jp,13.0,
d-core.jp,20.0,
adshall.jp,20.0,
revua.jp,3.3,
rangdeindia.jp,0.5,
a-wine.jp,3.4,
chambres.jp,4.1,
sakaguchi-takehiro.jp,2.8,
stardance.jp,4.8,
g2q.jp,3.8,
bonbi-pet.jp,15.0,
greenplaza-karuizawa.jp,10.0,
juse-sqip.jp,16.0,
ugearsmodels.jp,6.0,
hologeek.jp,0.1,
sushi-joy.jp,5.0,
tottori-ca.jp,22.0,
sagami-ono.jp,23.0,
pksc.jp,12.0,
sutekinasurprise.jp,8.0,
materia.jp,3.4,
lauramercier.jp,0.6,
unnaturally-natural.jp,12.0,
flagtour.jp,28.0,
impactmeasurement.jp,27.0,
tokyo7s.jp,9.0,
job-support-mhlw.jp,29.0,
shirocolle.jp,8.0,
melshop2.jp,13.0,
bfn.jp,12.0,
wachsen.jp,6.0,
willhearts.jp,3.9,
urayasusc.jp,9.0,
sdgp.jp,0.0,
false.jp,17.0,
hyogo-ikigai.jp,20.0,
aquagreen.jp,1.1,
kanimeshi.jp,1.5,
yurinkan-museum.jp,14.0,
mitoyamane.jp,32.0,
fiotec.jp,23.0,
dwn.jp,0.9,
misu-museum.jp,5.0,
riversidecafe.jp,3.4,
charis-node.jp,19.0,
musicweekend.jp,7.0,
corelady.jp,2.3,
harunaluna-fc.jp,5.0,
fiestaguam.jp,11.0,
racingkartweb.jp,23.0,
iikotomitsuketa.jp,6.0,
satindollkobe.jp,5.0,
realestatematching24.jp,30.0,
tantanburo.jp,12.0,
superstretch.jp,14.0,
sngt.jp,9.0,
eco-link.jp,25.0,
jwalker.jp,2.3,
cheerland.jp,18.0,
indimers.jp,11.0,
shares-market.jp,6.0,
sogyo-tokyo.jp,27.0,
jennifers-body.jp,5.0,
hickies.jp,6.0,
gltokyo.jp,9.0,
i-sight.jp,2.5,
nextweekendstore.jp,16.0,
apfelbaum.jp,3.0,
t-gang.jp,3.1,
nuest.jp,13.0,
logicom.jp,8.0,
haniwadogu-kindai.jp,31.0,
moeru.jp,2.8,
maho-bunko.jp,4.9,
bitela.jp,23.0,
sendaiareapass.jp,4.2,
kazco.jp,4.0,
ca2.jp,1.2,
tosainari.jp,5.0,
rimg.jp,5.0,
33kirara.jp,19.0,
ib-kensetsu.jp,2.1,
kitaca-shop.jp,0.6,
sem-irep.jp,9.0,
ttdd.jp,4.4,
uplex.jp,10.0,
twmu-mcens.jp,6.0,
koutaginza.jp,1.4,
fairynet.jp,0.8,
telemobile.jp,30.0,
aesthology.jp,6.0,
ejc.jp,17.0,
news-trend.jp,1.3,
npo-sunsui.jp,1.0,
soap-saika.jp,4.1,
tokyo-ritti.jp,25.0,
tokyozevaction.jp,27.0,
sagamiharakita-park.jp,23.0,
velotaxi-yokohama.jp,8.0,
sotao.jp,1.5,
milk-co.jp,9.0,
x-lift.jp,7.0,
regold.jp,3.4,
osoushikikensaku.jp,38.0,
share-living.jp,20.0,
nakayamaclinic.jp,16.0,
heaven-inferno.jp,5.0,
ezd1.jp,3.9,
fastplants.jp,1.9,
bull-dvd.jp,12.0,
xn--n8jlg2057dnf8a.jp,4.6,
petbridge.jp,8.0,
shisankanri.jp,5.0,
livejam.jp,3.9,
premirea.jp,3.7,
rupa.jp,8.0,
fukuchiyama-kankyokaigi.jp,13.0,
petitbisou-ashiya.jp,4.0,
swansong-movie.jp,19.0,
sihousyosi-houjyou.jp,2.9,
rokko-maya.jp,1.7,
leclaireur.jp,0.2,
firsttofight.jp,1.1,
koetama.jp,0.5,
alone-movie.jp,7.0,
holybasil.jp,12.0,
footage-movie.jp,2.9,
trendle.jp,1.8,
clos.jp,8.0,
tripsta.jp,1.3,
sukhontha.jp,1.1,
bitstudio.jp,9.0,
timediver.jp,10.0,
ja-yokohama.jp,11.0,
mwave-lab.jp,3.1,
emlife.jp,9.0,
warikini-topic.jp,1.0,
lefils-theatre.jp,13.0,
lumi-tech.jp,0.2,
kadenplus.jp,6.0,
pigry.jp,0.8,
xillia777.jp,15.0,
umedaayaka.jp,3.2,
sfcc.jp,2.6,
sbt-oasis-zett.jp,35.0,
habu-connection.jp,10.0,
yuza-brand.jp,5.0,
kyunano.jp,21.0,
vegetafarm.jp,6.0,
jackreacher.jp,14.0,
smarental.jp,7.0,
shizuoka-dentogeino.jp,7.0,
delist.jp,3.3,
devtalk.jp,1.3,
baut.jp,7.0,
jsot2019.jp,18.0,
stickers-studio.jp,0.3,
hukuokarakuraku.jp,16.0,
cfarm.jp,18.0,
adachi-mineichiro.jp,12.0,
h-m-esthe.jp,3.3,
bijitel.jp,4.5,
kameradi.jp,17.0,
kispr.jp,6.0,
traps.jp,0.0,
tiglily.jp,5.0,
ninibaikyaku-hotline.jp,0.7,
symposion.jp,1.9,
r1997.jp,9.0,
global-adtech.jp,4.5,
aa4.jp,0.3,
hyper-m.jp,9.0,
link-cocokara.jp,8.0,
ideactive.jp,29.0,
ibaraki-campaign.jp,14.0,
cwac.jp,11.0,
tab-guitar-school.jp,7.0,
mistytown.jp,12.0,
girlwish.jp,2.3,
utsuke.jp,1.5,
hotel-raffinato.jp,13.0,
nodojiman.jp,3.2,
headache.jp,6.0,
vegetus.jp,10.0,
fatwrecked25.jp,11.0,
feoh.jp,5.0,
bathtub-movie.jp,2.9,
valueclick.jp,20.0,
kawarashoten.jp,12.0,
missionspeaker.jp,3.4,
moritakagu.jp,7.0,
anykobe.jp,22.0,
jura.jp,9.0,
standupclassic.jp,10.0,
kyoto-monthly.jp,29.0,
gift-store.jp,26.0,
ris-shinri.jp,11.0,
dollynoire.jp,5.0,
amigo50.jp,4.4,
kanko-kagamino.jp,16.0,
aquarela.jp,4.0,
gingin5-hamamatsu.jp,3.7,
asver-service.jp,36.0,
a-office.jp,4.1,
newscred.jp,11.0,
sunrouteplazafukushima.jp,6.0,
wabisuke.jp,8.0,
jiik.jp,13.0,
odd-thomas.jp,6.0,
yuzuai.jp,52.0,
shibuspo.jp,18.0,
max-online.jp,2.1,
ilasik-official.jp,19.0,
aogaki-g.jp,14.0,
rakuraku-adviser.jp,4.6,
pairing-wine.jp,2.6,
myopensystem.jp,2.1,
flatto-nihonbashi.jp,13.0,
hidebo.jp,4.7,
socc.jp,4.0,
lab-question.jp,8.0,
shiroiheya.jp,11.0,
iyashi-kumano.jp,16.0,
anac.jp,2.8,
brats.jp,3.2,
hyoui.jp,11.0,
masteroflife.jp,4.9,
career21.jp,3.3,
goto-koutsu.jp,14.0,
reviewers.jp,2.3,
taikiosen.jp,5.0,
yardage.jp,7.0,
trophymanager.jp,1.0,
hyakunenkai-nerima.jp,8.0,
c-mei.jp,11.0,
chiisanaippo.jp,17.0,
kada-lab.jp,2.2,
hana-kage.jp,5.0,
blcr.jp,10.0,
virtus-im111.jp,14.0,
minami-satelliteoffice.jp,8.0,
minaminagasaki-sp.jp,12.0,
kagino9948.jp,7.0,
hls-j.jp,6.0,
funavi.jp,1.8,
blank2y.jp,7.0,
officialwebsite.jp,35.0,
kyosukehimuro-postscript.jp,5.0,
tomikuji-marathon.jp,7.0,
dx-ticket.jp,31.0,
butudan358.jp,4.0,
honnokimochi.jp,0.0,
ojijinja.jp,2.1,
am02.jp,28.0,
prettydoll758.jp,4.0,
nagoya-asada.jp,12.0,
uf-miyagi.jp,9.0,
ttmoto.jp,8.0,
the-zenith.jp,20.0,
svs-c.jp,3.1,
dr-mag.jp,0.3,
careerlove.jp,3.6,
components-store.jp,17.0,
thaitanaporn.jp,9.0,
sporadi.jp,12.0,
vcookmall.jp,12.0,
premium-miyagi.jp,3.1,
le-sourire.jp,3.3,
suzushin.jp,4.3,
shukatsu-fukuyama.jp,19.0,
gramo.jp,11.0,
fulllifecare.jp,9.0,
ecure.jp,2.1,
danlan.jp,9.0,
wildblueangel.jp,0.2,
xn--re-0z0f.jp,0.2,
e-fuzzy.jp,18.0,
kashimamishima.jp,3.6,
yuuki-nanase.jp,5.0,
studio-park.jp,4.1,
skpic.jp,0.1,
hikarinowa-gaibukansa.jp,1.0,
clipperinc.jp,3.1,
masuhiro.jp,3.1,
fureai-village.jp,11.0,
cloudplay.jp,8.0,
missme.jp,1.3,
l-plus.jp,7.0,
cherrypub-hakuba.jp,7.0,
starjacks.jp,3.4,
theredrock.jp,3.6,
mialaw.jp,19.0,
turl.jp,0.2,
soundbandai.jp,14.0,
s3studio.jp,6.0,
mitchellandness.jp,22.0,
livelog.jp,2.3,
with-money.jp,6.0,
e-tanzawa.jp,12.0,
strk.jp,19.0,
kandoraten.jp,9.0,
5digistar.jp,25.0,
fran.jp,1.0,
anichara-style.jp,2.0,
tokyo-s-clinic.jp,7.0,
makiyamazaki.jp,3.4,
body-brain.jp,25.0,
ethical-payfoward.jp,18.0,
tbsbooks.jp,29.0,
enlacefukuoka.jp,22.0,
mtmidwife.jp,8.0,
yamahiko-farm.jp,4.2,
soba-yoshitomo.jp,2.8,
nankaifd.jp,6.0,
m-blog.jp,1.8,
clear-light.jp,0.7,
kurama.jp,2.3,
e-gotanda.jp,13.0,
tomoshoku.jp,17.0,
pirikara.jp,3.7,
eco-web.jp,0.2,
jukouan.jp,9.0,
shizuoka-techno.jp,28.0,
sanzou.jp,4.4,
nonokanet.jp,10.0,
ibf-kakuseikai.jp,11.0,
ecchu-challenge.jp,11.0,
enchannel.jp,26.0,
zerotoone.jp,3.9,
y-i-groupinc.jp,13.0,
food-communication.jp,9.0,
astrodive.jp,6.0,
mototenchoofficial.jp,0.7,
satsuei.jp,3.1,
one-thing.jp,9.0,
valetudo.jp,4.6,
quizgo.jp,10.0,
nello.jp,12.0,
necoya.jp,1.1,
naarak.jp,1.0,
manela.jp,0.2,
aihotel-nh.jp,2.7,
herowarz.jp,2.1,
hsgi.jp,2.8,
ggot.jp,6.0,
healthcare-expo.jp,3.5,
foodsjapan.jp,0.6,
sblue.jp,3.1,
daiichi-tamaya-sushi.jp,9.0,
matomemo.jp,0.9,
chidorimaru.jp,1.0,
kokoyakyu.jp,1.1,
drfuture.jp,0.6,
xn--vckta6cvfd6b1d8102edgyc.jp,3.5,
tries.jp,14.0,
st-wave.jp,0.2,
moby-dick.jp,12.0,
easyeight.jp,10.0,
dream-marketing.jp,19.0,
saitama-cycle.jp,12.0,
stellanews.jp,0.6,
spicerack.jp,7.0,
iinomob.jp,7.0,
re-generate.jp,10.0,
geeek.jp,1.9,
farmos.jp,9.0,
wcaf.jp,4.7,
melancholic.jp,6.0,
girlsbookstand.jp,17.0,
nihombashimo.jp,3.9,
motown60.jp,10.0,
eis-yokkaichi-u.jp,7.0,
sumiart.jp,15.0,
metasu.jp,8.0,
covid19-gamagori.jp,18.0,
tricking.jp,9.0,
tom-is.jp,11.0,
onomatopedia.jp,9.0,
miyawakiunyu.jp,0.0,
hiyamuta.jp,8.0,
nproject.jp,5.0,
fukukuru.jp,2.2,
re4.jp,14.0,
hojyo-exhibition.jp,17.0,
fit-ieterrace.jp,11.0,
proraso.jp,11.0,
pictureelement.jp,13.0,
tajimi-akiyabank.jp,4.0,
panorama-360.jp,24.0,
narista.jp,0.7,
machgogo.jp,0.9,
itokei.jp,18.0,
hugnet.jp,8.0,
fun2.jp,2.5,
aabc.jp,6.0,
your-research.jp,5.0,
office-rire.jp,10.0,
zic.jp,1.5,
tyg-archives.jp,6.0,
all-saints.jp,21.0,
e-esta.jp,6.0,
premium1.jp,4.2,
autopilot.jp,0.0,
pret.jp,1.4,
chihousouseikaigi.jp,8.0,
blockchain-jobs.jp,0.8,
airista.jp,7.0,
xn--lckjxc4ioa2v6739aco4a.jp,23.0,
tripnavi.jp,7.0,
miura-yahei-marathon.jp,0.7,
itsuki-antique.jp,0.0,
ib-sumai.jp,0.8,
galpara.jp,0.6,
cloveryouth.jp,3.5,
aomori-brand.jp,3.2,
zeirisi-syoukai.jp,8.0,
ion-softener.jp,20.0,
nipponham-lc.jp,19.0,
jissenn-bennkyou.jp,3.9,
pman-hasaki.jp,4.8,
bihoro-duathlon.jp,3.6,
childcall.jp,2.1,
uwakichousa-q.jp,2.1,
kokuyou.jp,7.0,
amasia.jp,10.0,
spool-hs-job.jp,9.0,
lxxe.jp,13.0,
meatcafe.jp,10.0,
kaigan-info.jp,18.0,
geetacurry.jp,10.0,
j-os.jp,25.0,
genji3.jp,11.0,
8-ss.jp,34.0,
wordsandsounds.jp,3.0,
promama.jp,12.0,
katasumi-products.jp,2.8,
iryou-anzen.jp,0.9,
e-newssite.jp,6.0,
cocoalune.jp,2.5,
mononoke-matsuri.jp,13.0,
pythonzen-pep8-exam.jp,19.0,
okuda-t.jp,6.0,
neosilk.jp,6.0,
fleurys.jp,8.0,
enary.jp,0.0,
ask21.jp,7.0,
pochamani-club.jp,2.7,
nakky.jp,11.0,
hito-manabi.jp,6.0,
gainax-marche.jp,0.6,
soumon.jp,1.1,
sbscom.jp,10.0,
sakamoto-recycle.jp,6.0,
routezero.jp,6.0,
hotelthedragon.jp,2.4,
flyingmonk.jp,10.0,
eais.jp,8.0,
diywedding.jp,0.3,
catalpa.jp,12.0,
candle-ships.jp,7.0,
3d-monodukuri.jp,19.0,
ifuki.jp,22.0,
sovereign-house.jp,4.5,
marines-academy.jp,0.2,
dog-art.jp,8.0,
dino-j.jp,3.9,
inz.jp,8.0,
bijinzaifu.jp,8.0,
toptravel.jp,2.3,
kohno-miyoko.jp,1.3,
yukari-tokyo.jp,26.0,
w-angela.jp,6.0,
sm-greenkikaku.jp,1.1,
sakurabashi.jp,6.0,
saisei-navi.jp,3.2,
noriaki01.jp,0.0,
garepo.jp,12.0,
famitree.jp,2.5,
epoca-hair.jp,2.5,
crackup.jp,1.0,
chiikinosoui.jp,22.0,
tuenosho.jp,2.3,
katekyo-step.jp,3.4,
matsuyamacafe.jp,14.0,
mfp.jp,3.4,
scrapper.jp,11.0,
livehayn.jp,8.0,
deapres.jp,3.5,
umebachi.jp,10.0,
hakatahitoduma.jp,0.3,
kesennuma-naiwan.jp,18.0,
seaman.jp,5.0,
twdn.jp,0.7,
takadama.jp,2.9,
sawvi.jp,10.0,
powertree-japan.jp,2.4,
kite-mite-imari.jp,2.4,
keio-kangoganpro.jp,1.1,
gifu-koutairen.jp,11.0,
cotta-marche.jp,16.0,
cluxta.jp,0.8,
pomology.jp,9.0,
eizouken-cafe.jp,3.2,
hankoyahonpo.jp,6.0,
ktz.jp,2.3,
zennosato.jp,4.4,
sidestand.jp,5.0,
lbodys.jp,1.3,
taylorburton.jp,11.0,
hiwamatanoboru.jp,3.2,
pecon.jp,1.7,
style-club.jp,3.4,
satou-cpa.jp,7.0,
itsportsleague.jp,21.0,
housecom-dx-conference.jp,11.0,
hot-heaven.jp,0.3,
harris-english-school.jp,3.6,
epremium.jp,0.1,
101s.jp,0.3,
chariyatokyo.jp,13.0,
sangyo-npo.jp,6.0,
rakuemon.jp,5.0,
crystalline.jp,9.0,
helmihaat-mamehana.jp,5.0,
tayebaenterprise.jp,3.6,
bryan.jp,4.8,
hanamoegi.jp,10.0,
koyumitsuru.jp,2.8,
smile-chintai.jp,7.0,
simulatio.jp,3.4,
seasidebowl.jp,3.8,
huuug.jp,7.0,
greenaddiction.jp,0.0,
gongmyoung.jp,14.0,
flyhightimes.jp,1.0,
daddysgirl.jp,5.0,
clean-room.jp,0.3,
biogas.jp,9.0,
ogrkn.jp,5.0,
nakaharakanpo.jp,6.0,
shmzlab.jp,12.0,
grandnaha.jp,0.7,
aka-studio.jp,1.8,
bonica.jp,1.9,
cafe-macondo.jp,4.3,
battlefitness.jp,4.5,
povr.jp,27.0,
toranosuke3.jp,4.9,
e-sound.jp,0.6,
razu-deli-plus.jp,6.0,
whiteroad.jp,8.0,
robust-life.jp,0.6,
motherearthproject.jp,21.0,
kyotoholic.jp,3.3,
gconference.jp,4.2,
ecospa.jp,16.0,
yourtime.jp,1.9,
club-lupin.jp,0.9,
kawase365.jp,3.9,
atlas-con.jp,2.6,
saisei-kanazawa.jp,12.0,
inet-gr.jp,6.0,
goudo.jp,16.0,
h323.jp,2.5,
umigomi-zero.jp,17.0,
fountainmountain.jp,16.0,
r-chisato.jp,7.0,
networld-event.jp,23.0,
tokutei-kenshin.jp,6.0,
study-news.jp,18.0,
moringa-aojiru.jp,6.0,
kunitaya.jp,12.0,
gadgetters-studio.jp,19.0,
cs-affiliate.jp,1.2,
fukuokacity-ftc.jp,21.0,
sugiyofarm.jp,10.0,
dyslexia-koeda.jp,2.3,
chibaderacatholic.jp,6.0,
savvis.jp,0.8,
hana-clinic.jp,12.0,
okinawa-santos.jp,12.0,
manchan.jp,11.0,
harvestdays.jp,0.9,
ston.jp,0.0,
pcqq.jp,0.0,
5-knot.jp,2.6,
imness.jp,4.0,
jimoto-genki-mazda.jp,36.0,
yomi-bito.jp,0.0,
selfishdiner.jp,1.9,
nazunakougei.jp,5.0,
laughwrinkles.jp,2.0,
invivo.jp,6.0,
h-accounting.jp,12.0,
kks-grp.jp,5.0,
okawarijapan-store.jp,6.0,
carehouse-naruto.jp,7.0,
le-moment.jp,2.8,
tabeyo.jp,19.0,
speaq.jp,4.7,
oeconomicus.jp,2.6,
crowe.jp,1.8,
loqui.jp,22.0,
its-promise.jp,12.0,
b-spot.jp,3.5,
kyushu-turkey.jp,1.8,
ohara-hosp.jp,1.2,
chihiro-mental.jp,3.7,
chubby.jp,3.7,
aeras-akabane.jp,0.5,
kabanclub.jp,8.0,
house-connect.jp,0.4,
custom-design.jp,4.9,
charcuterie-de-france.jp,4.4,
fge2019.jp,4.4,
pandora-ax.jp,6.0,
oki-innovation.jp,4.8,
kitano-tamatebako.jp,0.8,
doku-ten.jp,23.0,
venus-b.jp,0.2,
sqi.jp,4.2,
yamakataya-store-net.jp,22.0,
hanzawa-tax.jp,4.3,
maintex.jp,4.6,
yodokon.jp,2.7,
spainn.jp,2.7,
office-kon.jp,3.5,
ikumouzai.jp,3.2,
kanayamarina.jp,1.3,
theboyz-cafe.jp,6.0,
sunpal-shine.jp,2.3,
rencontre.jp,18.0,
jkk-hokuriku.jp,7.0,
sekisui-eshop.jp,5.0,
ozone-mitaka.jp,3.2,
revi.jp,12.0,
mhelper.jp,3.2,
yamatoyasai-natura.jp,10.0,
tsukuhote.jp,1.0,
paper180.jp,1.9,
landingpad.jp,9.0,
ikcinc.jp,9.0,
freelans.jp,11.0,
ac-akewatashi.jp,0.4,
kawaji-tamio.jp,5.0,
gayvids.jp,0.0,
asked.jp,0.0,
tamuranosakura.jp,20.0,
angsana.jp,2.6,
kitajimatatsuya.jp,7.0,
petsupport.jp,3.6,
barackobama.jp,0.3,
sakizakiteruko.jp,9.0,
shiroiundokoen.jp,3.1,
fuery.jp,0.0,
ueno-farm.jp,10.0,
jackweb.jp,0.3,
aeras-komagome.jp,0.5,
theparade.jp,11.0,
bites-studio.jp,8.0,
skoool.jp,1.5,
scala.jp,6.0,
safari-land.jp,14.0,
m-dash.jp,0.9,
happyhappy-life.jp,4.2,
fortune-21.jp,1.9,
action-camera.jp,0.0,
first-love.jp,0.4,
brixx.jp,6.0,
arc-group.jp,0.5,
kamidakihoikuen.jp,3.6,
tochigi-satellite.jp,8.0,
sparkinglife.jp,15.0,
desknets-hr.jp,7.0,
jamfactory.jp,33.0,
lesdeuxgarcons.jp,1.0,
taqumi.jp,1.2,
dorehal.jp,0.5,
mikandi.jp,1.2,
kyoden-kpi.jp,9.0,
koyuland.jp,19.0,
seminar-lab.jp,9.0,
aikidoyuishinkai.jp,14.0,
tap-net.jp,6.0,
regia-net.jp,2.3,
jay-official.jp,8.0,
thetopland.jp,9.0,
link-garden.jp,0.8,
cigrekyoto2022.jp,12.0,
bizdev-career.jp,9.0,
serrure.jp,4.0,
murakumokai.jp,7.0,
line-net.jp,1.0,
freerom.jp,19.0,
initialbrain.jp,26.0,
mataka.jp,4.6,
bizsmart-hikari.jp,0.0,
trasti.jp,11.0,
maruhachiseika.jp,4.6,
fukui150.jp,11.0,
ucota.jp,1.3,
expensive.jp,0.9,
ultia-beauty.jp,1.1,
anjir.jp,6.0,
homebase01.jp,0.1,
ishr2025nara.jp,29.0,
tottori-impulse.jp,3.8,
hectef.jp,21.0,
dias-records.jp,0.3,
garbera.jp,1.0,
ramutei.jp,0.9,
pan-de-eterna.jp,1.9,
supported.jp,1.2,
shizuoka-news.jp,4.9,
restart-games.jp,13.0,
nakayama-kids.jp,0.1,
mtwoodgee.jp,8.0,
hf-n.jp,7.0,
google-adsense.jp,1.0,
deeplinetrip.jp,4.2,
blackexpress.jp,9.0,
0874music.jp,1.6,
yomiraku.jp,15.0,
taigamap.jp,13.0,
it-ch.jp,1.9,
hananeko.jp,1.1,
m-tp.jp,4.1,
b-black.jp,0.0,
maaru-cafe.jp,9.0,
hikarie-clinic.jp,0.8,
hi-pack.jp,4.8,
oolder.jp,2.0,
kawaguchi-iin.jp,1.1,
tkproducts.jp,4.1,
sanosasou.jp,0.1,
kyujin-door.jp,6.0,
houtoku-tochi.jp,1.9,
ecogate.jp,0.2,
aeras-shinkoiwa.jp,0.5,
advantage-report.jp,6.0,
acbest.jp,18.0,
kjnext.jp,0.4,
hakke.jp,1.6,
coreposition.jp,0.4,
syria-pound.jp,9.0,
shizuokapassport.jp,1.1,
otoginoexpo.jp,12.0,
o-esthe.jp,2.7,
mariwan.jp,0.4,
kumorina.jp,4.6,
ishikawashika.jp,9.0,
gifu-handball.jp,4.1,
dopyu.jp,1.8,
boogiewoogie.jp,0.5,
birdmountain.jp,6.0,
autolink.jp,1.0,
donbei-guzai.jp,2.1,
sakanaya-ebisui.jp,4.3,
terraformars-busters.jp,8.0,
armsgain.jp,0.8,
petitsuza.jp,1.3,
anshin-ohaka.jp,4.5,
a-preschool.jp,18.0,
atelady.jp,3.0,
nagoya-dome-prime-twin.jp,10.0,
aquinas.jp,1.4,
waterrocks.jp,1.1,
ruedor.jp,3.0,
cassiopeia-iwate.jp,1.6,
tango-furusato.jp,2.9,
skymet.jp,6.0,
izunokuni-iju.jp,4.5,
cbdays.jp,4.8,
asianmarche.jp,11.0,
wowow-saiyo.jp,2.5,
gpaint.jp,1.6,
zorion.jp,3.6,
greentechlabs.jp,2.7,
studioaqua-shibuya.jp,4.1,
tanba-kisaku.jp,9.0,
tohkatsu-gyosei.jp,12.0,
scif.jp,7.0,
mihosugata.jp,2.4,
kobac-nara.jp,3.7,
kawahara-izumi.jp,0.0,
ijuteiju-takahagi.jp,1.7,
ibakei.jp,5.0,
hukkatuai.jp,10.0,
earthfudousan.jp,0.8,
fukuyama-chat.jp,6.0,
fm-chubu.jp,2.1,
nlj.jp,0.0,
anime-ff.jp,27.0,
honyakukaisha.jp,0.0,
judo-net.jp,3.5,
licenseworld.jp,1.3,
nicography.jp,4.1,
nishigaki-nobuyasu.jp,0.9,
virtual-tour.jp,2.2,
woodrise2021.jp,27.0,
pro24yg.jp,11.0,
shawcontract.jp,0.0,
meprof.jp,15.0,
iyagarase-tck.jp,6.0,
dr-hosoi.jp,7.0,
internet-tv.jp,1.0,
svba.jp,5.0,
kikikofuku.jp,0.4,
jikei-hospitality.jp,0.2,
fukui-jizokuka.jp,10.0,
bellsique.jp,1.3,
yogadays.jp,9.0,
tamabussan.jp,9.0,
sumi-aroma.jp,0.0,
jra-summercp-2021.jp,18.0,
highflyer.jp,0.1,
heavenly-tokyo.jp,1.1,
1005.jp,0.3,
pivid.jp,0.2,
kenketsu-anime-campaign.jp,10.0,
sanukiudon-kanma.jp,0.7,
bookroad.jp,1.4,
spito-kumamoto.jp,1.7,
y-gasuri.jp,8.0,
penguinsforest.jp,0.2,
genlocme.jp,5.0,
tochigi-rinnavi.jp,7.0,
theofficialbrand.jp,3.3,
outdoornavi.jp,8.0,
forcus.jp,1.0,
film-pro.jp,19.0,
change-your-life-cleanest.jp,12.0,
sirorom-1.jp,0.1,
leeyikyung.jp,6.0,
jfima.jp,17.0,
gin-nagumo.jp,4.9,
fetish-tokyo.jp,0.0,
enfc.jp,2.1,
digital-healthcare.jp,3.0,
biseikatsu.jp,1.6,
dorica.jp,0.8,
itabashi-higashiitabashi-lib.jp,7.0,
tokyo-toden-diary.jp,0.5,
sniperchallenge.jp,6.0,
ujc.jp,1.8,
hakataichibandaiko.jp,4.7,
timejewelry.jp,0.4,
toyohashi-chuo.jp,3.8,
fukuhara-ai.jp,2.8,
abeno-truss.jp,16.0,
goenglishschool.jp,4.5,
emotions.jp,2.3,
raizon.jp,11.0,
jewel-salon.jp,0.1,
sateoku.jp,1.3,
regentediting.jp,7.0,
hokumaru.jp,9.0,
gechou.jp,1.0,
remembrance.jp,2.0,
mylife.jp,1.9,
agribiz-hokkaido.jp,4.1,
fujioil-expo2025.jp,18.0,
wepros.jp,22.0,
thescene.jp,0.0,
shizenbijin.jp,13.0,
shafuku-center.jp,8.0,
nucadoco.jp,7.0,
matsuyama-cl.jp,0.0,
kankyu.jp,0.0,
iwasaki-seikei.jp,1.9,
interarts.jp,1.3,
hikaridensetsu.jp,0.0,
e-sekizai.jp,3.7,
kinokotocafe.jp,11.0,
xn--pcka3dk0a1dn4n2f.jp,0.0,
unwindspinito.jp,6.0,
thepartyshop.jp,6.0,
sotech.jp,2.3,
seikido-butsudan.jp,0.0,
renex-o.jp,0.7,
pickstar.jp,4.3,
legato-studio.jp,2.7,
kubanokokoro.jp,4.2,
k-nagano.jp,3.5,
kawagoeclinic.jp,4.0,
kano-lo.jp,3.0,
jobport.jp,0.0,
jnatural-lab.jp,3.8,
innovasia-mj.jp,1.9,
imkyushu.jp,6.0,
himitukichi.jp,0.1,
hana-matsudo.jp,0.0,
ever-garden.jp,1.0,
enta-nikki.jp,29.0,
comodi-iida-saiyou.jp,10.0,
club-happiness.jp,3.1,
cbd-migoto.jp,12.0,
braveentrepreneur.jp,6.0,
barzer.jp,4.2,
angel-dc.jp,3.9,
allgxxd.jp,4.9,
sumiyaki-oniku.jp,7.0,
nogata-kodomo.jp,9.0,
nakanokoumuten.jp,2.1,
mamacake.jp,0.3,
hibarikotsu.jp,20.0,
csnet-kikaku.jp,10.0,
nijigaokaclinic.jp,2.2,
xxxx88.jp,25.0,
verdy-ttujina.jp,17.0,
vegeloveit.jp,10.0,
utopia2.jp,3.2,
twiyo.jp,10.0,
tsugaru-yawaragi.jp,6.0,
tanpakutoroukai.jp,21.0,
romog.jp,0.2,
ocu-anesth.jp,6.0,
nnk-foundation.jp,24.0,
ninaweb.jp,0.2,
nakamurahospi.jp,1.2,
monchhichi.jp,8.0,
mcrcm.jp,8.0,
matometehp.jp,16.0,
manamiphotograph.jp,1.0,
legran.jp,0.0,
kumazawaya.jp,5.0,
kaminarizushi.jp,2.6,
ivrc.jp,11.0,
inu-yume.jp,4.5,
forest-dental.jp,0.5,
ess-tokyo.jp,8.0,
chicken-dynamite.jp,3.6,
cc-production.jp,3.2,
amediar.jp,6.0,
akybank.jp,4.8,
run-allnight.jp,5.0,
kiritoru.jp,1.2,
icpictokyo.jp,10.0,
gwc-gakushuin.jp,6.0,
grancasa.jp,3.1,
gourmandise-gunma.jp,8.0,
ryokanogawa.jp,9.0,
ichifestival.jp,4.1,
yukawa-act.jp,11.0,
younashi.jp,2.0,
yoibito.jp,3.3,
taifukukai-nishiumeda.jp,7.0,
taekwon-do.jp,7.0,
sunyou-service.jp,1.4,
soleil-yoyogi.jp,0.5,
shige-yoshi.jp,6.0,
shiga-bio.jp,15.0,
sasasado.jp,1.7,
sakunami-sk.jp,13.0,
roopa.jp,5.0,
pianocafe-bechstein.jp,0.6,
m-tea.jp,8.0,
miraifudousan-c.jp,0.0,
marutetsu.jp,6.0,
lumies.jp,10.0,
lancisti.jp,0.5,
laluna-official.jp,0.2,
kzero.jp,4.0,
kthome-estate.jp,4.1,
jin-game.jp,3.0,
jetty.jp,3.9,
japanesesongs.jp,3.8,
japan-ecoleather.jp,7.0,
iwc-japan.jp,14.0,
isaac-tia.jp,0.3,
imaq.jp,0.2,
happy-thaimassage.jp,8.0,
halma.jp,0.0,
gratamacp.jp,0.4,
gmect.jp,21.0,
tenshinopan-uji.jp,0.2,
tamanoya-tamagoya.jp,8.0,
fuku-omotenashitai.jp,4.3,
clovebase.jp,0.2,
bikewiki.jp,0.2,
stateofgreen.jp,1.4,
bestgate.jp,0.2,
pachinow.jp,3.5,
ortizenergyjapan.jp,0.0,
okozukai.jp,11.0,
lankuuno.jp,1.5,
inemu.jp,0.0,
hellhound.jp,0.0,
excel-vba.jp,0.0,
doggle.jp,12.0,
digital-health.jp,0.6,
cubelic.jp,1.9,
colourenergy.jp,4.0,
cocoroiki.jp,0.3,
benihamashop.jp,7.0,
yuminote.jp,0.0,
waiolalife.jp,2.2,
urban-rig.jp,4.6,
uenotouseki.jp,0.3,
trl-shinfukushima.jp,1.5,
totonoucar.jp,3.9,
takimoto-shika.jp,5.0,
st-adwg.jp,16.0,
singularstrategy.jp,0.0,
ryomat.jp,2.4,
orange-heart.jp,0.0,
myspa.jp,4.2,
muuv.jp,9.0,
mpne.jp,0.2,
montecrew.jp,11.0,
megasupple.jp,6.0,
mana-pla.jp,3.0,
lovely.jp,0.0,
lifeis-co.jp,4.6,
kakazu.jp,0.7,
jra-summercp-2022.jp,2.8,
innov-axis.jp,28.0,
iapple.jp,0.0,
hotelpage.jp,0.0,
hosp-ikeda-cms.jp,15.0,
hikaristar.jp,0.0,
gerard.jp,1.6,
funtime-inc.jp,3.2,
eazyfield.jp,0.0,
buds.jp,0.2,
becell.jp,14.0,
bass-tackle.jp,0.1,
aquaseafood.jp,12.0,
aiel.jp,3.2,
abbeys-vines.jp,10.0,
theaterofterror.jp,1.5,
tambamilk-shop.jp,11.0,
omscc.jp,3.0,
miraiyu-esaka.jp,11.0,
kawagoe-hatsukari.jp,3.2,
entre-school.jp,10.0,
dream-power.jp,2.7,
cocopila.jp,9.0,
axia-nagoya.jp,3.1,
91savage.jp,29.0,
karugamo-terrace.jp,2.3,
xn--pss89e4ub.jp,8.0,
zkb.jp,1.9,
ride-life.jp,1.1,
kawasaki-dental.jp,0.0,
koupenchan-chat.jp,4.8,
zen-massage.jp,1.7,
yutacafe.jp,6.0,
uconnect-audition.jp,1.2,
tokyoplusdental-kyoto.jp,0.8,
third-design.jp,3.7,
team-yokohama-ev.jp,9.0,
teamno1.jp,10.0,
sweetsdelivery.jp,0.0,
suusan.jp,1.8,
scoopkids.jp,1.9,
pro-trucks.jp,0.0,
pro-sales.jp,5.0,
popdog.jp,1.1,
ozone-c.jp,0.2,
nukinuki.jp,0.1,
mva2023.jp,6.0,
motsuya-tarafuku.jp,0.2,
koiazami.jp,1.0,
kobe-chouchou.jp,1.3,
junkk.jp,8.0,
jack-rabbits.jp,2.5,
imakano.jp,4.5,
honeycrew.jp,0.8,
fortunestar.jp,6.0,
fbog.jp,8.0,
drheart.jp,4.6,
consul-takahashi.jp,0.2,
bonheurvient.jp,8.0,
bit-bit.jp,3.9,
atamaholiday.jp,2.7,
aeras-oji.jp,0.5,
yomi-toku.jp,11.0,
aeras-jujo.jp,0.5,
pointeshoemeets.jp,3.8,
momiji-hoiku.jp,0.5,
kyoryo-net.jp,7.0,
it-price.jp,1.2,
frontdeal.jp,3.1,
breakers.jp,1.3,
bidnavi.jp,3.6,
bamboocafe-midorino.jp,0.8,
art-style.jp,0.0,
ceu.jp,6.0,
xn--2kr778m.jp,37.0,
loz.jp,2.0,
cc0.jp,0.0,
3de.jp,12.0,
ysjc.jp,2.7,
yaiba-cafe-ltr.jp,4.8,
unmeinoharamaki.jp,0.2,
tsuji-seikei.jp,1.7,
storesearch.jp,1.4,
standalone.jp,0.0,
setsuyaku-channel.jp,1.5,
sbre.jp,7.0,
protch.jp,4.4,
prime-sugamo.jp,0.5,
prime-ikebukuro.jp,0.5,
onlinecasinos.jp,0.3,
okomeya.jp,1.1,
nextory.jp,0.0,
mobaco.jp,2.9,
medicharm.jp,6.0,
mamarcial.jp,3.8,
keipro.jp,0.1,
isle3970.jp,6.0,
ishitas.jp,0.0,
hiro01.jp,0.5,
heart-sewing.jp,3.3,
hana-moji.jp,2.1,
hanamalu.jp,0.0,
grandorie.jp,1.4,
glanta.jp,2.4,
chibikko-ooimachi.jp,2.9,
beancashop.jp,0.0,
asa-st.jp,1.1,
amarantha-i.jp,2.6,
acomo.jp,0.4,
weapp.jp,0.9,
3l-apartment.jp,6.0,
technical-vision.jp,2.0,
sumatyu.jp,0.0,
penguin-studio.jp,0.0,
okuyama.jp,0.5,
matsuyama-mtls.jp,0.0,
keiyu-security.jp,29.0,
kakaseibi.jp,6.0,
hirataseikotuin.jp,0.8,
healthweather.jp,1.9,
esp-astaff.jp,1.0,
criterionsupport.jp,0.3,
bbqace.jp,2.1,
aozora-takamoto.jp,19.0,
xn--ddkucb4e.jp,0.0,
yogasix.jp,13.0,
yamaguchi-gikai.jp,1.9,
willyet.jp,32.0,
vw-watervalley.jp,4.2,
verdy-misasa3.jp,1.6,
uji-yochien.jp,2.9,
tallshipchallenge.jp,3.8,
taifukukai-shinjyuku.jp,7.0,
tabuchi-kobe.jp,0.9,
random-tech-note.jp,1.3,
pro-kaku.jp,2.6,
powerspots.jp,1.0,
poccapoca-grants.jp,2.0,
mono-st.jp,0.1,
masayan.jp,0.9,
lovelightpia.jp,6.0,
kyaffy-moffy.jp,0.0,
kouhoku70th.jp,1.6,
kodomobento.jp,4.2,
kenko-nagasaki.jp,9.0,
keirin70th-cpn.jp,14.0,
kawaharada-k.jp,8.0,
jingisukan.jp,0.5,
ikkisha.jp,18.0,
gifu-suikintei.jp,7.0,
genzeigiren.jp,3.6,
gamap.jp,11.0,
fessel.jp,1.9,
esleepy.jp,10.0,
early-bird.jp,2.0,
donkin.jp,0.4,
cip4.jp,10.0,
cellwell.jp,2.1,
vivos.jp,0.4,
breezy.jp,0.0,
avexlivemag.jp,2.7,
tamag.jp,0.0,
airlines-tickets.jp,3.9,
ace1fitness.jp,1.2,
3d-material.jp,1.7,
studioroots.jp,2.5,
sq-liberty.jp,7.0,
slt-shiga.jp,4.8,
scienceglobe.jp,0.0,
saganoki-ie-machi.jp,5.0,
preme.jp,0.7,
okumura-vet.jp,6.0,
ntech-recruit.jp,8.0,
nosekaraku.jp,9.0,
megshops.jp,0.0,
mber.jp,0.0,
maxpro.jp,2.4,
koizumikaikei.jp,0.0,
isyaryou.jp,0.4,
ishizaki-s.jp,5.0,
ishiju.jp,0.3,
i-k-m.jp,0.0,
hinokinosumi.jp,20.0,
garagem.jp,0.4,
fukuyama-media.jp,1.0,
covez-yokohama-konanhino.jp,0.0,
coinext-ncu.jp,7.0,
chiyuan.jp,0.0,
casino-master.jp,0.0,
avanti-matsusaka.jp,0.3,
advancefunding.jp,7.0,
acquaplus.jp,0.6,
xn--lckh4aa5fxfnd8g.jp,17.0,
wg-salon.jp,0.8,
waterplanet.jp,0.9,
vegepeel.jp,6.0,
tyfarm.jp,2.1,
sura.jp,1.2,
sunny5.jp,8.0,
sugakujuku.jp,5.0,
stella-vega.jp,0.5,
soleil-ochanomizu.jp,1.1,
salon-nico.jp,0.3,
rmproject.jp,4.4,
realestate-counselor.jp,0.9,
otona-juku.jp,2.8,
ori-gin.jp,0.0,
nemukunaru.jp,6.0,
miyazakikaigo-gekkou.jp,5.0,
litecoin-bank.jp,0.0,
lib-auto.jp,2.3,
junclinic-tamaplaza.jp,7.0,
jsmshp35.jp,2.3,
jobnity.jp,1.1,
jc-acg.jp,2.5,
izonma.jp,6.0,
imarigyu.jp,4.1,
hw-izumi.jp,1.5,
hiroshima-ikiru.jp,17.0,
hiroshima-chiritsumokun.jp,1.4,
h-e-c.jp,0.0,
hashishin-lab.jp,2.1,
hair-cherry.jp,0.9,
fukuokasatei.jp,0.0,
umibenoseikatu.jp,0.0,
e-tame.jp,10.0,
eigo-juku.jp,3.8,
cycrew.jp,17.0,
cfcs.jp,0.0,
cc-core.jp,1.8,
boxpark.jp,2.1,
bonsailab.jp,0.0,
soba-minorian.jp,1.0,
agrienv-econ.jp,2.3,
aging-services.jp,0.1,
reg-clinkage.jp,9.0,
nudaikuwatai.jp,2.6,
mry-inc.jp,0.7,
lifeworkbalance.jp,7.0,
ito-michikuni.jp,3.5,
hourglass.jp,0.0,
e-make.jp,0.1,
datalabo.jp,0.0,
broadspectrum.jp,0.5,
athenee-college.jp,1.8,
4seasondiner-shenron.jp,0.0,
xn--t8j4aa4n5fucva02avff8hb3668m23ob.jp,2.9,
wham-o.jp,1.5,
wellbe-toyosu.jp,9.0,
webguy.jp,0.0,
universal-watchfair.jp,3.2,
tripara.jp,6.0,
to-walk.jp,4.2,
tokyoplusdental-harajuku.jp,0.0,
tokyo-bs1.jp,0.1,
teraden.jp,1.4,
stu7.jp,0.7,
store-map.jp,0.5,
shimindaigaku.jp,2.7,
shamisen-school.jp,0.1,
sfo-inc.jp,1.0,
senaka.jp,0.2,
rydlyme.jp,0.7,
power-fes.jp,0.7,
polypheou.jp,7.0,
plusoneinc.jp,3.6,
pikante.jp,8.0,
phasezero.jp,0.0,
oyodo-park.jp,6.0,
owosaka.jp,8.0,
omizudaigaku.jp,3.7,
youkai-mago.jp,7.0,
worldcoach.jp,2.3,
ojizootv.jp,19.0,
ohmydot.jp,1.9,
nichimenji.jp,19.0,
vjct.jp,1.7,
nazona-zo.jp,0.0,
moonliv.jp,1.4,
mbp-cp.jp,9.0,
luckyitem.jp,1.9,
lovers-kiss.jp,0.0,
tokuyama-granode.jp,1.4,
tokusimalacampagne.jp,1.7,
lifeplus.jp,4.7,
studio999.jp,9.0,
lifeishappy.jp,0.6,
lai-lai.jp,0.2,
kumamoto-pt.jp,4.7,
shfw.jp,4.0,
kigakiku.jp,18.0,
kanpyo-kaido.jp,3.7,
kandaminamiguchi-c.jp,0.8,
semui.jp,1.3,
jokin-goods.jp,0.0,
jinta.jp,0.0,
human-art.jp,1.3,
hmsp.jp,0.0,
garp.jp,0.2,
furval.jp,18.0,
pet-farewell.jp,11.0,
fearlessinc.jp,6.0,
energyman.jp,0.6,
okukuji.jp,18.0,
doglifetime.jp,0.2,
coplay.jp,3.0,
comren.jp,2.9,
coffee-kimame.jp,1.7,
miraime.jp,2.2,
canada-forest.jp,0.0,
appli-sc.jp,0.0,
animalist.jp,0.9,
analystnet.jp,0.3,
amioto.jp,3.7,
aktia.jp,4.2,
ajitabi-club.jp,0.0,
ace-pc.jp,0.0,
kirishima-society.jp,14.0,
impact-h-cabic.jp,1.3,
flyat.jp,0.0,
doen-midoribashi.jp,0.0,
deepmaze.jp,0.0,
creative-english.jp,0.4,
chunichi-kyoiku.jp,3.9,
buffett.jp,1.0,
xn--kor04qjzr.jp,0.6,
lwj.jp,0.0,
yokaiacademy.jp,1.1,
wearestar.jp,14.0,
track-nationalchampionships.jp,11.0,
tourisugari.jp,2.5,
tokuhi-kenkou21.jp,3.6,
tinkshop.jp,0.0,
stickers.jp,0.0,
s-tenjinminami.jp,4.5,
soundwavellc.jp,0.0,
smcdesign.jp,1.8,
shimoitozu.jp,7.0,
s-enter.jp,0.1,
regidan.jp,0.4,
pocketclass.jp,2.5,
pegetaful.jp,2.1,
pcit.jp,0.1,
othersidenews.jp,0.0,
openinnovation.jp,2.6,
oboshijinja.jp,1.9,
niots.jp,0.5,
lavie-enrose.jp,2.5,
k-tatumi.jp,0.7,
kenketsu-heroaca.jp,2.4,
kappore.jp,4.6,
yukiphoto.jp,0.0,
ymmd-recruit.jp,5.0,
well-pro.jp,2.3,
kankoku-cosme.jp,0.0,
visatrouble.jp,0.0,
vetements.jp,0.0,
kaigaifx-info.jp,0.0,
julius21.jp,4.6,
tokyopdlec.jp,0.1,
j-shikou.jp,0.0,
i-terrace.jp,0.0,
ishin-home-cms.jp,11.0,
iamu.jp,1.3,
hubflow.jp,8.0,
hiper.jp,12.0,
shokuba.jp,6.0,
heshouse.jp,0.0,
healthcare-professionals.jp,1.1,
hashinc.jp,1.4,
sakana-kashiwa.jp,0.0,
r-miwa.jp,0.9,
haseyama.jp,0.0,
hananogakko.jp,0.7,
gym-map.jp,0.8,
gns96.jp,8.0,
patisserie-piece.jp,2.3,
parking-chibakotsu.jp,2.0,
fujichan.jp,0.4,
encos.jp,10.0,
eclat-tokyo.jp,5.0,
doctors-home.jp,10.0,
mecs.jp,2.1,
das-japan.jp,3.1,
coswell.jp,0.1,
commonz.jp,2.9,
christmas-present.jp,1.0,
chinese-kitchen-doragon.jp,2.0,
childcaresupport-himawari.jp,14.0,
brist-vision.jp,1.7,
bigmarch.jp,0.1,
jeria.jp,0.0,
bankerscircle.jp,1.8,
anapa-ola.jp,6.0,
influencers.jp,0.0,
activ5.jp,2.3,
hoffma.jp,0.2,
goride.jp,1.2,
dolife.jp,0.5,
cosmotechnical.jp,0.6,
chunichi-eventgifu.jp,2.4,
aripa.jp,18.0,
qsn.jp,2.7,
etv.jp,0.0,
xn--pck6akt9npaf0du456k.jp,0.0,
yamako-ob.jp,1.2,
wingrecords.jp,0.2,
waytogo.jp,0.0,
veryvery-kakogawa.jp,2.9,
verdy-kabeminami.jp,10.0,
valuebase.jp,13.0,
unclesams.jp,0.1,
ueno-tohoku.jp,7.0,
trombone-school.jp,0.0,
sonoba-shredder.jp,0.2,
soleil-shinjuku.jp,0.5,
s-kosho.jp,0.0,
sesmedia.jp,1.5,
sendaicityarena-op.jp,14.0,
sakurai-kg.jp,0.0,
richardmille-yonexladeisgolf.jp,7.0,
repfit.jp,2.9,
repeat2003.jp,1.1,
qrcd.jp,0.0,
proxi.jp,0.0,
prime-kinshicho.jp,0.5,
p-premium.jp,1.1,
ysspa.jp,0.0,
y-cs-saiyo.jp,19.0,
niceice.jp,0.7,
yakinikuhanahiro.jp,3.4,
nazotoki-chitose.jp,2.5,
ms-promo.jp,0.0,
moichou.jp,0.2,
miclear.jp,3.6,
m-boseki.jp,4.1,
liiien-fc.jp,3.7,
kikanbou.jp,0.4,
karyo-japan.jp,1.3,
todoya.jp,0.0,
kaido-denki.jp,0.0,
tam2.jp,0.1,
spien.jp,1.4,
kaga-city.jp,7.0,
joint-ventures.jp,2.6,
jigyousyoukei-s.jp,0.9,
shouty.jp,0.0,
itadaki-sushi.jp,6.0,
isisch.jp,0.8,
hymstore.jp,1.6,
himawariraifu.jp,0.0,
hide-koubou.jp,0.1,
questvision.jp,0.2,
grace-azumino.jp,12.0,
got-cha.jp,4.7,
givefirst.jp,0.0,
premium-gift-miyazaki.jp,13.0,
gakuren-dance-obog.jp,4.3,
oniuma.jp,0.0,
fujitanotokoya.jp,1.6,
foron.jp,2.3,
nabeghlavi.jp,6.0,
fermentation-tokyo.jp,0.1,
morinohikari.jp,1.5,
moneygirl-life.jp,0.0,
evepro.jp,0.6,
mm-llc.jp,0.0,
mkanrishi-navi.jp,4.0,
mitakyoka.jp,8.0,
eitai.jp,4.5,
ehime-shop.jp,0.0,
centralhousing.jp,0.3,
mantenestate.jp,0.0,
carls.jp,4.5,
lien-marche.jp,0.0,
bungu-salsa.jp,4.6,
badassvibes.jp,3.1,
asp-techno.jp,7.0,
artwk.jp,0.5,
ant-kouken.jp,0.5,
job083.jp,3.9,
anthurium.jp,0.4,
anshinreform-shizuoka.jp,0.8,
iski.jp,0.0,
andlocal.jp,8.0,
accel-j.jp,0.0,
houther.jp,0.0,
haneda-denki.jp,2.1,
aactokyo.jp,3.5,
g-kirei.jp,8.0,
cbjam.jp,1.4,
business-adviser.jp,0.0,
bugreport.jp,0.0,
bayseas.jp,0.0,
a-carry.jp,0.0,
xn--lt0am23c.jp,8.0,
qht.jp,7.0,
mm3.jp,0.0,
grn.jp,0.0,
xn--pckyeuc8a8890d0dza.jp,0.0,
zuiken.jp,0.7,
zeirishi-box.jp,0.0,
woodbass-school.jp,0.0,
twistore.jp,0.0,
tribemedia.jp,0.1,
tohoku-sb.jp,3.5,
sumai-gakko.jp,2.5,
sukusuku-kodomo.jp,9.0,
soleil-ikebukuro.jp,0.6,
saruyamarikiya.jp,4.1,
saneiko.jp,8.0,
refort-r.jp,0.9,
p-raksasa.jp,6.0,
pleasure2008.jp,4.0,
oudon-hyakushiki.jp,8.0,
otomusic.jp,0.0,
organicjunction.jp,0.2,
ootacar.jp,1.4,
ohmugi-kyusyoku.jp,4.7,
ofuji-kogyo.jp,0.7,
xn--fdkn2gc.jp,0.0,
nissannk.jp,0.0,
nifm.jp,3.3,
newton-web.jp,9.0,
worldacademy.jp,2.8,
netter.jp,0.0,
web-select.jp,4.2,
net-solutions.jp,0.0,
t-us.jp,0.6,
mrstick.jp,0.3,
tooki.jp,18.0,
motherapples.jp,2.3,
the-gates.jp,4.6,
mk1221.jp,0.1,
miu-clinic.jp,0.0,
minamiaichi.jp,0.2,
smart-law.jp,6.0,
libarts.jp,0.0,
la-m.jp,0.0,
kotobuki-s.jp,0.0,
kikoeru-hochouki.jp,1.8,
polaris888.jp,0.0,
kikimaki.jp,0.0,
pearlbeauty.jp,0.0,
kenko-bijin.jp,0.0,
keiji-musashinomori.jp,1.0,
katsunou-lab.jp,13.0,
kakyo.jp,0.0,
o-k-k.jp,1.0,
inzai-kankou.jp,9.0,
infinity-japan.jp,0.6,
inawashiro-hanamaru.jp,1.0,
nimil.jp,0.9,
imleap.jp,0.0,
iconclub.jp,1.8,
hoyasake.jp,4.9,
gospelonline.jp,2.0,
ncda.jp,2.3,
goldenexpo.jp,11.0,
flag-cms.jp,0.0,
mogtas.jp,1.4,
firemon.jp,1.2,
egoffice.jp,1.7,
luvia.jp,1.2,
ediets.jp,0.0,
daigakujukenkan.jp,0.1,
c-liv.jp,7.0,
b-liber.jp,0.7,
bika.jp,0.1,
beauty-amusement.jp,0.3,
artmake-mania.jp,2.2,
aquacom-kyoto.jp,0.0,
katazuke-puro.jp,0.0,
akatsukifes.jp,0.0,
kaitori-fujiichi.jp,0.0,
airconrescue.jp,7.0,
itech-eng.jp,0.9,
aeras-ikebukuronishiguchi.jp,0.0,
7tsuya-ofuna.jp,7.0,
horitada.jp,11.0,
ebrand21.jp,0.0,
dsmjapan.jp,0.0,
cruisetrip.jp,0.3,
asnalcc-recruit.jp,0.0,
arkadiamond.jp,0.1,
ams-koyukai.jp,0.0,
taruishoko.jp,4.4,
xn--68j5ev12p.jp,0.0,
nt7.jp,0.0,
nfb.jp,0.0,
gtq.jp,0.5,
xn--ccka2b0bj4c9h.jp,0.0,
zenryukyo.jp,2.0,
wamingu.jp,8.0,
trust-os.jp,2.5,
tokyo-revival.jp,0.9,
tohoku-koki.jp,0.0,
tints.jp,3.9,
thetime.jp,1.6,
t-daiken.jp,1.4,
tani4.jp,6.0,
taiway.jp,0.2,
sy-k.jp,2.1,
swift-migration-guide.jp,1.6,
support-giving.jp,2.8,
spain-market-festa.jp,22.0,
soloworkout.jp,0.3,
shugo-chara-ltrcafe.jp,2.7,
shop-coupon.jp,0.0,
shoken-kogyo.jp,32.0,
xn--gmq18dnz1b5gap87go5q.jp,0.0,
xn--tckmb9md8h.jp,0.0,
xn--cck6cps2gsd.jp,0.5,
sho-in-webschool.jp,2.0,
shionomori-okinawa.jp,1.8,
worldfactory.jp,0.0,
sela.jp,0.0,
san-wa.jp,0.0,
sakatsunosa.jp,9.0,
saikadesign.jp,0.0,
rubber-boots.jp,17.0,
rebee-flower.jp,4.7,
petsalon-annie.jp,0.1,
nozomi-tosho.jp,0.2,
nouvent.jp,2.6,
nouen-club.jp,1.0,
nittsu-necl-visibility.jp,0.3,
mocha-hair.jp,0.4,
mire.jp,0.0,
minimini-kishibe.jp,0.0,
sidebiz.jp,0.0,
mega-group.jp,0.5,
matsushoen.jp,0.0,
lites.jp,0.0,
kuroda-kazumi.jp,1.1,
knc-umeda.jp,0.2,
serkage1016.jp,0.0,
kimoto-adv.jp,0.0,
keirin-futomomo.jp,13.0,
kattemeal-ueda.jp,2.7,
kasugabaru-t-living.jp,0.0,
ruido.jp,1.2,
kaiyuu.jp,0.0,
kaigun.jp,0.0,
pleasurable.jp,0.0,
jpeople.jp,0.0,
parchmentcraft-w.jp,1.4,
okizero.jp,6.0,
okayamagets.jp,4.2,
office-imai-pp82.jp,0.6,
ococ.jp,0.0,
jitte.jp,0.0,
jimmy-murata.jp,0.1,
ikesuta.jp,2.9,
idpr.jp,8.0,
nishikou.jp,0.1,
motto2tosa.jp,0.9,
hokenjoho.jp,6.0,
mishou.jp,0.3,
higokinko.jp,1.2,
haihai.jp,0.0,
go346.jp,0.8,
mayfactory-recruit.jp,3.7,
gm-project.jp,0.0,
gamalovefes.jp,13.0,
kyoya-estate.jp,0.0,
free-live.jp,0.7,
kurano-s.jp,1.0,
freedim.jp,1.4,
econosystem.jp,19.0,
kikuchi-cosmos-kai.jp,3.0,
earcleaning.jp,4.2,
coinchain.jp,0.0,
cocosauna.jp,4.0,
captain-corsaire.jp,0.0,
bus-tehaiya.jp,0.0,
busne.jp,8.0,
benriyanext.jp,0.0,
ikiikihiroshima.jp,0.0,
bemoti.jp,10.0,
badgemaker.jp,0.0,
automaticmarketing.jp,2.9,
atweb.jp,3.7,
hairdrive-machine.jp,0.0,
antique-kimono.jp,0.0,
annin.jp,0.0,
ai-card.jp,16.0,
27tryangledesign.jp,0.0,
fujisan-farm.jp,0.1,
24ss.jp,0.0,
0120141417.jp,2.9,
easterblue.jp,0.0,
bigparkcow.jp,0.3,
betterbeta.jp,0.0,
awera.jp,0.0,
ateliernest.jp,0.0,
acend.jp,6.0,
haa.jp,0.5,
cb1.jp,0.0,
xn--7orva4gp79abodurv177c7a.jp,4.2,
xn--gckg0b0b8evmbbb4571m14od.jp,0.0,
yutanijuku.jp,0.0,
yurarinoyo.jp,0.0,
yamakawa-co.jp,0.8,
yama-chan.jp,0.6,
worldhouse.jp,2.9,
wakubi.jp,0.0,
tuberan.jp,0.0,
toshioka.jp,0.6,
tools-web.jp,3.2,
t-kato-sumida.jp,1.0,
techgamer.jp,0.0,
tanakadental-numazu.jp,0.0,
taifuku.jp,8.0,
su-ru.jp,12.0,
summersuite.jp,0.0,
suibun.jp,1.7,
xn--m7r030bkof2vqxqf.jp,0.0,
soleil-ueno.jp,0.5,
smartlife-kyoto.jp,1.5,
smart-insurance.jp,0.0,
sizuru.jp,0.0,
sibata.jp,0.0,
serpscope.jp,0.0,
web-taxi.jp,8.0,
sengenbango.jp,1.4,
seihospecial.jp,11.0,
trustone.jp,0.1,
toshu-k.jp,0.0,
sagamionochuo-park.jp,7.0,
rvpa-kuiwatesan.jp,1.9,
room-design.jp,0.0,
rimmir.jp,2.4,
tattoos.jp,0.0,
p-newgin.jp,0.7,
taiyods.jp,4.6,
planethair.jp,3.2,
suzuki-kyousei.jp,0.0,
ph-hakuraku.jp,0.0,
supplin.jp,0.0,
otocoba.jp,7.0,
orlando.jp,0.0,
noris.jp,0.0,
nakagawa-ganka.jp,2.1,
naitokensetsu.jp,3.0,
smarterbeta.jp,0.0,
multilingual.jp,0.1,
morie.jp,0.0,
morideshinai.jp,0.0,
monster-cbd.jp,4.6,
mofu2.jp,0.0,
saneishoji.jp,0.4,
metime.jp,0.0,
matukiyokeori.jp,1.3,
maru-shou.jp,1.0,
rizotaku.jp,1.0,
lychee.jp,0.4,
resiliencyofmind.jp,12.0,
repair-club.jp,0.6,
reacs.jp,6.0,
polysis-rd.jp,0.3,
lullpique.jp,0.0,
linkme.jp,0.0,
la-ebisugg.jp,9.0,
padoma-yoga.jp,0.0,
kotakamori.jp,1.7,
kiyoshi-otakara.jp,2.0,
okinawashiawase.jp,3.0,
oisee.jp,0.0,
ohki-atsushi.jp,1.7,
npo-iso.jp,0.5,
kfarm.jp,0.0,
night3.jp,0.2,
newsfeed.jp,0.0,
kensyuservice.jp,3.1,
kbbf.jp,3.8,
multiwork.jp,0.1,
joblist.jp,0.0,
i-o-i.jp,0.0,
interhigh.jp,8.0,
hokuseirenshop.jp,3.2,
mister-ft.jp,0.9,
minigame.jp,0.0,
mikawa-co.jp,9.0,
hirofumiono.jp,0.1,
megurist.jp,4.2,
mcdonalds.jp,0.0,
himeji-kaitori.jp,0.3,
hansya.jp,3.7,
handmade-parts.jp,0.0,
hami-tech.jp,0.5,
live-art.jp,0.0,
greenlee.jp,0.0,
lildots.jp,0.0,
go-matsuri2022.jp,24.0,
gokids.jp,0.0,
k-sawai.jp,0.0,
gjsd14.jp,3.2,
ginzapet.jp,1.0,
kirara-co.jp,0.0,
kirakirahouse.jp,0.0,
furukawakoumuten.jp,0.1,
frat-web.jp,0.0,
fotobo.jp,0.0,
kankyouken.jp,0.3,
evaluate.jp,0.0,
erilog.jp,0.1,
enokidake.jp,0.0,
ilost.jp,0.0,
housebecome.jp,0.1,
hotakayusei.jp,3.9,
english4kids.jp,0.9,
dx-live.jp,0.1,
dokumo.jp,0.4,
hillsdirect.jp,0.0,
hideo-terada.jp,0.0,
daito-energy.jp,0.0,
cleandiamond.jp,0.0,
chofu-wifi.jp,0.2,
gordes.jp,1.5,
chem-force.jp,0.0,
caucaushop.jp,0.0,
candy-mama.jp,0.1,
bykoransha.jp,0.5,
bottle-keep.jp,0.0,
bito.jp,0.0,
bitinc.jp,0.0,
beauty-skin.jp,0.5,
baten.jp,0.0,
essencebase.jp,4.0,
avexdm475.jp,10.0,
athome-c.jp,0.7,
arc-ocean.jp,0.7,
eguegu.jp,1.2,
anesia-f.jp,1.0,
amo-phys-s-u-tokyo.jp,2.5,
amoon.jp,1.3,
daiichi-exp.jp,0.0,
cleardrum.jp,0.0,
air-international.jp,0.0,
aimode.jp,0.0,
ai-asahi.jp,0.7,
afterrain.jp,0.0,
carac-shiroi.jp,0.0,
actcomputer.jp,0.0,
8promise-shibatarieir.jp,1.3,
3-salon.jp,0.2,
xn--uiq.jp,0.0,
xn--n8jubyab8b8nua1076f0v9de60a.jp,0.0,
xn--0cktc7c2a1450bve5b.jp,0.6,
xn--t8j0ayjlb6gl2vikvc.jp,0.0,
znext.jp,0.0,
yutoku-ph.jp,5.0,
yaizugurumeguri.jp,7.0,
wonder-work.jp,1.2,
winterior.jp,0.0,
we-unite.jp,5.0,
web-int.jp,5.0,
volga.jp,2.1,
vanillacat.jp,0.1,
uracata.jp,0.0,
uechiryu.jp,2.9,
top-roof.jp,0.4,
tenmariha.jp,0.0,
teigeki.jp,0.0,
xn--tckta3d4gp49t3cd8zao40b.jp,0.5,
tack-z.jp,0.0,
tabesapo.jp,0.3,
sunnyshop.jp,18.0,
sunny-marriage.jp,0.7,
strip-chat.jp,0.1,
soleil-kawaguchi.jp,0.5,
well-point.jp,0.0,
shop-r.jp,0.0,
shinshinkyushu64.jp,0.0,
voicenet.jp,0.0,
shine-hop.jp,0.0,
shakainomado.jp,0.0,
romane.jp,0.2,
to-sei.jp,0.0,
reddragon.jp,0.0,
reality-web.jp,0.0,
tokyoonline.jp,0.4,
tokiwakougyou.jp,0.0,
premiumrent-life-agents.jp,0.0,
premium-gourmet.jp,0.0,
tamiflu.jp,0.0,
pracareer.jp,2.0,
photobook-style.jp,0.0,
pagi-cpa.jp,0.4,
orchid01.jp,0.0,
opticalcraft.jp,2.2,
souarch.jp,0.5,
omegapoint.jp,0.7,
ncu-innovation-fellowship.jp,2.6,
nagawood.jp,10.0,
nabako-giftbox.jp,0.0,
mmcweb.jp,0.5,
miyazaki-sss.jp,0.2,
residencecard.jp,4.3,
miki-kanrieiyoushi-mama.jp,0.0,
mahalo168.jp,0.3,
premium-story.jp,0.0,
livegoods.jp,16.0,
linkcup.jp,0.0,
kinki35.jp,0.0,
pokecology-researchcp.jp,10.0,
kanto-k.jp,0.0,
kansai-ecoclearing.jp,0.0,
kaihoudo.jp,2.2,
jukoubou.jp,0.7,
japan-counseling.jp,0.4,
nikai-nobuyasu.jp,1.6,
inadani-tour.jp,9.0,
hotmeme.jp,0.2,
hitogumi.jp,0.0,
murata-seni.jp,18.0,
monoa.jp,0.0,
moji-club.jp,2.1,
hierbasdeibiza.jp,0.0,
harusuta.jp,0.0,
hame.jp,0.0,
maruhori-yasai.jp,6.0,
mantenshop.jp,0.6,
manas-bija.jp,2.3,
hadashi-run.jp,2.5,
golden-balance.jp,0.0,
gasuki.jp,0.3,
koyama-shoukakinaika.jp,0.0,
gaal.jp,7.0,
kidsfab.jp,0.0,
kendaku.jp,0.0,
kattaman.jp,0.0,
fxfx.jp,0.0,
flextime.jp,2.5,
finefoods.jp,6.0,
facloud.jp,0.5,
espstudent-cstaff.jp,3.0,
interior-worker.jp,0.0,
errors.jp,0.0,
hotstension.jp,0.9,
equalcoffeefilter.jp,0.0,
horseracing.jp,0.0,
eplan.jp,2.4,
hiroshi-yakiyama.jp,0.0,
docoreform-west.jp,12.0,
hearts-corp.jp,19.0,
dellforce.jp,0.8,
data-driven.jp,6.0,
daedal.jp,0.0,
great-spirit.jp,1.4,
crystal-camellia.jp,0.4,
gerstein.jp,1.2,
comotech.jp,0.0,
comm-archive.jp,0.0,
cleardome.jp,0.0,
car-syuri.jp,0.0,
cable-athlete.jp,3.0,
businesscoaching.jp,0.0,
bulanmati.jp,0.0,
bizpale.jp,2.1,
amy-amy.jp,0.1,
ecodenki.jp,4.4,
alplaza-korien.jp,1.8,
dicoo.jp,0.0,
ai-srpa.jp,3.2,
add-on.jp,0.0,
3dgold.jp,0.0,
0119.jp,0.0,
culture-japan.jp,0.2,
corazonnail.jp,0.0,
cocolead01.jp,12.0,
club-f.jp,0.0,
c-h-s.jp,0.0,
bookly.jp,0.0,
boatguide.jp,0.0,
bestconsulting.jp,0.0,
atharmony-office.jp,1.3,
animalpost.jp,0.9,
xn--h4tr05e.jp,0.0,
rkn.jp,0.0,
08z.jp,0.0,
xn--71r560dbjec8p.jp,0.0,
xn--dkr60ruvikvbk1f1y5c.jp,0.0,
xn--uor090ip2egkr.jp,21.0,
xn--nbku14ggrhm3h30ar76ice0a.jp,0.0,
xn--ccka2b1bywc.jp,0.0,
zenmoku-data.jp,1.6,
yokabaisatei.jp,10.0,
ydo1997.jp,0.0,
yamayoshi-home.jp,3.5,
w-media.jp,0.0,
wisefinder.jp,3.5,
valuable.jp,4.9,
uoden.jp,0.8,
umechazuke.jp,3.3,
triquetra.jp,0.2,
travisbean.jp,0.0,
tekisho.jp,3.8,
takeout-kobe.jp,3.9,
takami710.jp,0.0,
suzuyogroup.jp,6.0,
yoei-shopping2.jp,5.0,
suitecrm.jp,0.0,
worldnews.jp,0.0,
stopwar.jp,0.0,
soleil-jujo.jp,0.0,
varitone.jp,3.5,
smid2023.jp,11.0,
shuzou.jp,0.0,
shibata-jkigyou.jp,2.5,
shiawase-academy.jp,7.0,
shepherdinc.jp,1.6,
seishin-chikouken.jp,8.0,
travelocity.jp,0.0,
toriishi.jp,5.0,
ron2021.jp,8.0,
tax-watanabe.jp,0.0,
tamatebaco.jp,4.6,
risola.jp,0.0,
puana.jp,11.0,
privee-ange.jp,0.0,
premium-tech.jp,0.0,
p-nuts.jp,0.0,
osaka-shizoukyou.jp,22.0,
okdd.jp,0.0,
office-yell.jp,0.0,
shinonome-ba.jp,0.4,
nzinfo.jp,0.1,
nerikou.jp,0.3,
ncare-workers.jp,2.3,
nagoya-expressway-stamp.jp,13.0,
seiren.jp,14.0,
naebaco.jp,2.2,
my-pan-internship.jp,5.0,
riofamily.jp,2.4,
relaxmeister.jp,1.2,
myozenji.jp,0.0,
promate.jp,0.0,
myfairlife.jp,0.0,
musubi-online.jp,0.0,
mono-connection.jp,2.0,
pirateship.jp,0.0,
molt.jp,0.0,
mkmakane.jp,0.7,
miyatashoyuten.jp,3.6,
mito-yakiniku.jp,6.0,
nishiyama.jp,0.0,
misato-shoukoukai.jp,8.0,
minikorea.jp,0.0,
natamame-daisen.jp,1.8,
medicalaroma.jp,0.0,
luxurylife.jp,0.6,
lifeupdate.jp,0.0,
lifelog-bucket.jp,0.0,
leadeed.jp,6.0,
lamp-online.jp,0.0,
motsunabedining-tsukasa.jp,0.0,
kotosencha.jp,1.3,
ki-withglobal-nagoya.jp,0.0,
kita1010-e-clinic.jp,13.0,
kf-realty.jp,1.0,
k-b-s.jp,0.0,
kasegou.jp,0.0,
mirai-cr8.jp,0.1,
kandamachi-seitai.jp,0.0,
kanatsu.jp,0.0,
maybond.jp,0.0,
jssf2021.jp,5.0,
log25.jp,0.1,
jokinsui.jp,2.0,
jippo.jp,3.9,
issue-management.jp,0.7,
ishikawakensetu.jp,0.4,
ky-housing.jp,0.0,
ishikawa2004.jp,0.0,
inuzukaseimen.jp,1.7,
i-eternal.jp,0.0,
ieap.jp,4.6,
godvalley.jp,0.1,
gerogyokai.jp,3.6,
kanmon-j.jp,0.0,
funcash.jp,0.0,
fukugyo-hikaku.jp,0.0,
kaika-crowdfunding-stage.jp,0.0,
ferment.jp,2.2,
empartners.jp,0.0,
dx-saga.jp,8.0,
drsuisosui.jp,0.0,
dowell-eco.jp,0.0,
discoverycollege.jp,0.0,
iqos-system.jp,0.0,
daiichi-inc.jp,9.0,
ikikiyougashi.jp,0.0,
dahlia-hbs.jp,0.0,
crufter.jp,0.0,
horumonya.jp,0.0,
heartstory.jp,0.5,
hbsalon.jp,0.2,
hauss.jp,6.0,
hankokitaji.jp,7.0,
grow-forward.jp,3.6,
connect-l.jp,4.5,
coffeecarako.jp,4.1,
codingacademy.jp,0.0,
cloudagent.jp,1.7,
foodlearning.jp,9.0,
follow-ltd.jp,1.9,
claret.jp,0.6,
enomoto-farm.jp,0.0,
energy-education.jp,0.0,
ciaful.jp,2.6,
chikiban.jp,0.9,
driving-force.jp,0.0,
chargie.jp,0.0,
carnel.jp,0.0,
care-friends.jp,0.0,
bridge-kyoto.jp,2.3,
bokucho.jp,0.0,
cr-base.jp,0.6,
body-oasis.jp,0.0,
blanding.jp,0.0,
batic.jp,2.1,
baseball-academy.jp,1.2,
aturn.jp,0.0,
atryz-group.jp,0.0,
asia-j.jp,0.0,
chiko-petsalon.jp,0.0,
aqut.jp,0.0,
aok3.jp,0.0,
akiyanokanri.jp,3.1,
ai-am.jp,0.0,
carbonite.jp,0.0,
caffeitalia.jp,0.5,
aga-ranking.jp,0.0,
aeras-yoyogi.jp,0.0,
aeras-meguro.jp,0.0,
7hills.jp,0.0,
529790.jp,0.0,
2525cycle.jp,0.0,
avatalk.jp,1.1,
1122.jp,0.0,
athlete475.jp,0.1,
alsok-nihonguard.jp,0.0,
af-horizons.jp,0.0,
adic.jp,0.0,
xn--0ck9c0c.jp,0.0,
gpc.jp,0.0,
xn--hdkh.jp,0.0,
xn--edk8azcf9629at3rgme9o4a.jp,1.1,
xn--3kqu8hquk93fb2g.jp,0.0,
xn--3kqw43a8o0b0oaq2n.jp,17.0,
xn--t8j0csa6dq7357b174f.jp,0.0,
wpjob.jp,0.0,
webfly.jp,0.0,
usawata.jp,8.0,
ucue.jp,0.0,
uandi-jhb.jp,11.0,
towerticket.jp,0.0,
tosa-ms.jp,3.3,
tokai-gannpro.jp,8.0,
xn--yck7ccu3lc6913c18his4f.jp,0.0,
therapit.jp,0.0,
the-gold-wifi.jp,0.0,
tenishoku.jp,0.0,
xn--tckew0c0bxeth0c.jp,0.6,
tccp.jp,0.0,
yums.jp,0.0,
yokohamatp.jp,0.0,
yogalabo.jp,0.0,
tamazen-midoriku.jp,1.5,
webmap.jp,0.0,
webkuro.jp,0.0,
systemtelescope.jp,0.0,
wakawashikai.jp,0.7,
vr-bitchu-takamatsucastle.jp,6.0,
sun-sea.jp,0.0,
studyfujishima.jp,0.0,
studio11.jp,0.0,
u-community.jp,0.0,
stone-shack.jp,0.0,
standingdesk.jp,0.1,
smedia2.jp,0.0,
top-net.jp,4.5,
shinshuwakamono-miraikaigi-fes2025.jp,3.4,
seby.jp,0.0,
roobal.jp,2.9,
rise-human-resources.jp,0.0,
team-wizard.jp,4.8,
rise-consultant.jp,0.0,
reutterporcelain.jp,0.1,
relationship-india.jp,21.0,
recplus.jp,0.0,
quesera-sera.jp,0.0,
qtrip.jp,0.8,
plugin-inc.jp,0.0,
photographics.jp,0.1,
sojijibase.jp,0.0,
petim.jp,7.0,
sixty82-doughty.jp,9.0,
six-archi.jp,10.0,
pecos.jp,0.0,
shinshimizu-cl.jp,0.0,
shienn.jp,0.0,
serendipitously.jp,0.0,
pecori-five.jp,0.5,
saishoo.jp,1.3,
pagepark.jp,6.0,
oriental-osteopathy.jp,0.0,
nowl.jp,0.0,
riboc.jp,0.0,
noririn.jp,0.0,
re-prost.jp,0.4,
noriblo.jp,0.0,
newton-shop.jp,0.0,
neuralcloud.jp,0.0,
neo-space.jp,0.0,
nanohana-hoiku.jp,0.0,
nakamura-trading.jp,0.0,
nadeshiko-nail.jp,4.5,
mon-yo.jp,0.0,
monument.jp,8.0,
pcjchubu.jp,13.0,
mogumogu-log.jp,0.0,
mgri.jp,1.6,
oceano.jp,0.3,
matchingmarketing.jp,2.9,
matane.jp,0.0,
maruigousen.jp,0.0,
nishinihon-sangyo.jp,0.0,
next-field.jp,0.0,
localfishcan.jp,9.0,
learningcom.jp,0.0,
l-a-p.jp,6.0,
naruto-herbs.jp,5.0,
ksn-inc.jp,0.0,
nanba-clinic.jp,0.6,
keirin-jinsei.jp,13.0,
kaori-honda.jp,0.1,
kaemidotenjin-sha.jp,8.0,
jse2022.jp,7.0,
midorigaoka-s.jp,0.0,
joe3.jp,0.2,
matsuiseikotsuin.jp,0.0,
infra-net.jp,0.0,
influential-persons.jp,0.0,
inbound-madoguchi.jp,2.7,
mantoc.jp,0.0,
immunosupport.jp,0.0,
imageconsulting.jp,0.0,
iki299.jp,10.0,
ikeda-hb.jp,0.0,
kurosima.jp,0.0,
kunsyudou-onlineshop.jp,4.6,
iepika-reform.jp,0.6,
ichiejapan.jp,0.1,
herptile2024.jp,4.0,
health-riza.jp,2.6,
junos.jp,0.0,
gritlink.jp,0.0,
xn--google-gv4euflc0087bs5cirpv48jnoxb.jp,0.0,
japanology.jp,0.0,
irie-inity.jp,8.0,
ion-gas.jp,0.0,
xn--fx-k83arc2ct0co36ns1csx2dda.jp,0.0,
flaps.jp,0.0,
felicita.jp,0.9,
imuzi.jp,0.0,
f1-ic.jp,0.1,
escio.jp,0.3,
emuo.jp,0.0,
e-gotsu.jp,0.0,
egoo.jp,0.0,
ec-next.jp,0.0,
hiratuka.jp,0.0,
doctorsearch.jp,0.4,
daughter.jp,4.6,
hashizume-sake.jp,4.7,
cosmama.jp,0.0,
gospellife.jp,0.0,
coolclever.jp,0.0,
comeca.jp,0.0,
flapup.jp,0.2,
clear-files.jp,0.6,
chat-girls.jp,0.0,
carmaking.jp,0.2,
etosetoland2012.jp,0.0,
canarios.jp,0.0,
bondsfactory.jp,0.0,
bering-watch.jp,0.0,
beauty-health.jp,1.0,
bcm1818.jp,0.6,
dotbee.jp,0.7,
bachiko.jp,0.0,
bac89.jp,0.0,
automationmarketing.jp,2.9,
athletetraining.jp,0.0,
aroq.jp,0.2,
ardercal.jp,6.0,
anthera.jp,0.0,
akira-do.jp,0.0,
agora-souzoku.jp,0.0,
boomnagoya.jp,0.0,
ads-wats.jp,0.0,
bitflake.jp,0.1,
bimakes-furniture.jp,0.6,
bfo-inc.jp,0.0,
aboutart.jp,0.0,
17kaigo.jp,12.0,
arcblock.jp,2.1,
all-hands.jp,0.0,
151-e.jp,0.0,
sanyoju-recruit.jp,2.1,
vnf.jp,0.0,
gjn.jp,0.0,
dlh.jp,0.0,
uiy.jp,0.0,
a2e.jp,0.0,
xn--edk8azcf9629a3nb4z3f97hwk8h3te.jp,3.6,
xn--n9jxke2lnb3c5989f.jp,0.0,
xn--fx-3s9cy42e01bm19f.jp,0.0,
xn--9ckkn2155h3li.jp,23.0,
xn--7cko4frb.jp,0.0,
xn--p8jk6mra9f.jp,0.0,
zontes.jp,1.7,
zendokyo.jp,0.0,
yseleven.jp,0.0,
y-misora.jp,0.4,
yane-110.jp,0.0,
yamato-reform.jp,0.0,
worshipleadershipacademy.jp,3.0,
wiwiw.jp,0.0,
xn--u9jva1a8628g.jp,0.0,
with-ad.jp,0.0,
ueshita.jp,0.0,
tust.jp,0.3,
tsf-chunichi.jp,0.0,
xn--ickn1f2f.jp,0.5,
total-dance-haoli.jp,1.0,
xn--1ckucyc8a.jp,0.0,
xn--icko4a0b0b.jp,0.5,
tonooka.jp,0.0,
theapark.jp,0.0,
tb-otomodachi.jp,1.3,
tayoshi.jp,2.3,
tatewaki.jp,1.4,
sunterrace-kanda.jp,0.0,
steadfast.jp,0.1,
startup-draft.jp,0.0,
stair-kk.jp,0.0,
spat4cp2025-2026.jp,16.0,
walleco.jp,10.0,
viage.jp,7.0,
soleil-shibuya.jp,0.6,
soba-kiharu.jp,0.0,
smilering.jp,0.0,
trust-in.jp,11.0,
townssilk.jp,0.0,
smile-parking.jp,0.0,
smart-store.jp,0.0,
tkso.jp,0.0,
smart-relation.jp,2.6,
s-leap.jp,0.0,
shopagent.jp,8.0,
shoes-ac.jp,11.0,
takakenhome.jp,0.7,
taisei-sangyo58.jp,0.8,
supermarine.jp,0.0,
shinshu-sake.jp,7.0,
seito-souken.jp,0.0,
rzsd.jp,0.0,
ringwell.jp,0.0,
rectro.jp,0.4,
soratokito.jp,0.0,
rankingoo.jp,0.0,
r5kyodoshiryokan.jp,0.8,
projectc.jp,1.1,
pradol.jp,0.0,
ppp999.jp,0.0,
pmjc.jp,0.0,
planetta.jp,0.0,
patina.jp,0.0,
otenki-boy.jp,0.4,
oc-stg.jp,0.0,
shin-osaka-sub.jp,0.0,
shinka.jp,0.0,
shiawase-enmusubi.jp,0.0,
notrynolife.jp,0.1,
saitama-konkatsu.jp,0.0,
saga-arasiyama.jp,6.0,
norikim.jp,0.4,
ruson.jp,3.2,
nibc.jp,1.1,
rinaclinic.jp,1.3,
ridecell.jp,0.0,
nhags.jp,0.0,
newmal.jp,1.2,
neovation.jp,0.0,
pwall.jp,0.0,
nekoze.jp,0.0,
n-air.jp,0.0,
mygreengolf.jp,1.6,
mutaguchi-seikei.jp,0.0,
plus-wan.jp,0.6,
montebootin.jp,0.0,
miyazaki-filmfestival.jp,1.5,
matsumuraiin.jp,1.0,
okitamamed.jp,2.8,
marvoco.jp,2.0,
ntjcc.jp,0.0,
n-pita.jp,5.0,
maru-katsu.jp,0.0,
luckypeople.jp,0.0,
lipid-life-science.jp,5.0,
leu-locati.jp,0.0,
kyoto-comtec.jp,0.0,
kwjsearch.jp,0.0,
kura-ryokan.jp,0.0,
nanairohoiku.jp,0.1,
nakameguro-links.jp,0.0,
kkassist.jp,0.2,
myagg.jp,0.0,
keyaki-sozoku.jp,4.4,
kato-sr.jp,0.9,
kaocara.jp,0.6,
millea-net.jp,0.0,
migi-ude.jp,0.0,
mediap.jp,0.0,
max-group.jp,0.0,
kaikoudo.jp,0.0,
kadai-kango.jp,2.1,
jpallet.jp,3.9,
jewelmiki.jp,9.0,
j1004.jp,0.0,
isigurosyoten.jp,14.0,
linoanela.jp,2.8,
liberte-square.jp,2.1,
hyogo-sea-ranger.jp,1.1,
hoyaboya.jp,0.0,
honey-parasol.jp,0.3,
kuukansetsukei.jp,0.0,
holley.jp,0.0,
healthtech.jp,0.8,
globalsupplychain.jp,12.0,
ketohare.jp,1.2,
fukuoka-takeout.jp,3.2,
fuji-acu.jp,0.6,
free-news.jp,2.5,
formlabs.jp,0.0,
k-2net.jp,1.0,
j-world.jp,1.5,
juncommunity.jp,11.0,
financialworks.jp,0.0,
ferisu.jp,0.4,
jbscompany.jp,0.0,
jaagou.jp,0.0,
exterior-riza.jp,2.6,
elle-est-belle.jp,11.0,
eagerbeaver.jp,3.6,
dream-font.jp,0.3,
dr-blue.jp,0.0,
honda-tile.jp,0.0,
donaru.jp,0.0,
hoken-net.jp,0.0,
dogsalonroukie.jp,9.0,
glotech.jp,5.0,
debon.jp,0.0,
gimin.jp,4.4,
gatherway.jp,2.2,
creative-hill-minamiawaji.jp,8.0,
creana.jp,0.0,
coco-scratch.jp,11.0,
cleanconcierge.jp,0.0,
casion.jp,0.0,
bs-luce.jp,4.3,
browsergame.jp,1.0,
englishschoolonline.jp,0.0,
bluehole-shop.jp,0.0,
binova-ec.jp,0.0,
beauty-web.jp,0.2,
banger-cp.jp,2.5,
axy-group.jp,0.0,
antler.jp,9.0,
denshihyoryu.jp,0.0,
akikuni.jp,0.0,
datajudge.jp,0.0,
ai-protx.jp,0.0,
actic.jp,15.0,
coupos.jp,0.0,
0-net.jp,0.0,
cidwebsys.jp,0.0,
businessnews.jp,2.5,
bstyleboxinggym.jp,2.9,
boniq-map.jp,1.7,
beejob.jp,0.0,
assistbuild.jp,0.0,
ammy-co.jp,0.0,
amazon-co.jp,0.1,
xiz.jp,0.0,
szt.jp,0.0,
rlv.jp,0.0,
ezu.jp,0.0,
s12.jp,0.0,
ewi.jp,0.0,
xn--n5qq90ckokngm.jp,0.0,
xn--lck0cths85s9b2b.jp,0.5,
xn--wbtt9tba62r.jp,0.0,
xn--vckxbq8lvb.jp,0.0,
zohome.jp,0.8,
yuyururu.jp,0.0,
yumiteikokujouhou.jp,0.0,
yodesign.jp,0.0,
yocchi.jp,0.0,
yamasakitoyokomuseum.jp,0.0,
yakiago-dashi.jp,16.0,
xsta.jp,3.8,
woodyandco.jp,0.8,
west-style.jp,0.0,
wanpaku-house.jp,0.1,
waitress.jp,0.0,
v-order.jp,0.0,
xn--ccke7guax.jp,1.1,
zoozoozoo.jp,0.0,
verdy-okayamaekimae.jp,4.5,
valuea.jp,0.0,
unso-design.jp,4.7,
yumin.jp,1.2,
uni-fle.jp,15.0,
trid.jp,0.0,
trg-auto.jp,0.0,
travelalone.jp,0.0,
toyz.jp,0.0,
tojiru.jp,0.0,
winstaff.jp,0.0,
tenderhand.jp,0.0,
tatsuki-scs.jp,0.0,
sun69.jp,0.0,
sugidoco.jp,11.0,
studylab.jp,0.0,
stresscare.jp,2.7,
staygold8.jp,0.0,
union33.jp,0.0,
xn--softbank-h75m.jp,0.0,
twogo.jp,0.0,
tsuratan.jp,14.0,
shokai.jp,1.5,
shin-okinawataisou.jp,0.0,
shinei11.jp,1.6,
shareclothing.jp,0.0,
sepromotion.jp,0.0,
tobucompany-group.jp,0.0,
tmc-factory.jp,0.5,
teramotoshaft.jp,0.1,
seirindo.jp,0.0,
seeding.jp,0.0,
taiyo-homes.jp,0.0,
swelldream.jp,0.0,
salon-may.jp,0.0,
sakura-j.jp,0.0,
sahara-group.jp,6.0,
study4.jp,0.0,
roboadvisor.jp,0.0,
rip-suishohama.jp,0.0,
sisleycosmetics.jp,0.0,
sibu.jp,1.2,
shungite.jp,0.0,
rg194-tower.jp,0.3,
reira.jp,0.0,
shareholder.jp,0.0,
reddishwave.jp,2.4,
princessmarket.jp,0.0,
pravayoga.jp,0.0,
postcode.jp,0.0,
peop.jp,0.4,
onwa.jp,1.0,
sanshin-ba.jp,2.0,
oneworldnetwork.jp,0.0,
no-face.jp,0.3,
namba-hips.jp,0.0,
naebo-riverside.jp,0.0,
my-favorite.jp,0.0,
mukuzaistudio.jp,0.0,
mitsuboshi-fudosan-hiroo.jp,0.5,
mira-cle.jp,0.0,
queenconsort.jp,0.0,
minou.jp,0.3,
mimiraiah.jp,0.0,
milestone-consulting.jp,0.0,
photofes.jp,0.0,
phone-fix.jp,0.2,
mifareclassic.jp,0.0,
ootoriya.jp,0.0,
m-fa.jp,3.2,
onstyle.jp,0.0,
matadorjapan.jp,0.0,
odate-utanohi.jp,10.0,
mamacle.jp,0.0,
noborisamurai.jp,7.0,
nlcweb.jp,0.0,
m2-c.jp,0.0,
lvnw.jp,0.0,
lidia.jp,0.0,
leox8.jp,0.0,
ms-jidosha.jp,3.1,
mr-rental.jp,1.5,
mizusawadk.jp,0.0,
kznr.jp,0.0,
kyuuhen-sos.jp,0.0,
kyoto-umedu.jp,3.4,
kutugatkou92.jp,0.0,
kupon.jp,0.0,
mi-c-center.jp,0.0,
kjc2025-kumamoto.jp,0.8,
kirin-style.jp,1.5,
maruyamakaisan.jp,2.0,
kinnikubento.jp,6.0,
kikuchihiroshi.jp,1.1,
kensaka.jp,0.0,
littlehands.jp,0.0,
kasuga-kanko.jp,0.0,
kamikura.jp,0.0,
jinzaiguide.jp,0.0,
laccord.jp,1.7,
jigemon.jp,0.0,
jcs-entertainment.jp,11.0,
j1j1.jp,0.0,
ippin-sukagawa.jp,6.0,
kusano-ss.jp,0.0,
iphone-docomo.jp,0.0,
kms1.jp,0.0,
invest-index.jp,0.0,
i-mcx.jp,0.0,
imbriz.jp,0.0,
homepc.jp,0.0,
hoiku-sapporo.jp,2.2,
hiroshima-kaigo.jp,6.0,
kashimaes.jp,0.0,
hellorealworld.jp,0.0,
kamikawana.jp,0.0,
jyuujiya-saiyou.jp,0.0,
heating.jp,0.0,
haloconnect.jp,0.0,
hako-niwa.jp,0.0,
gut358.jp,0.0,
gthd.jp,1.3,
growsupport.jp,3.4,
go-forth.jp,0.0,
gitch.jp,0.3,
ginza-gift.jp,0.6,
honshiba.jp,0.0,
gh-le-clos.jp,6.0,
home-code.jp,2.4,
genki-kaz.jp,0.0,
fuugamori.jp,1.2,
herba-tpo.jp,0.0,
fujinumazoen.jp,1.2,
freiheit-web.jp,0.0,
fpk2017.jp,1.4,
fortune-house.jp,6.0,
floating-inc.jp,0.0,
fc-kokonoe-coffee.jp,19.0,
expo2016.jp,7.0,
greatwall.jp,0.0,
greatshaft.jp,0.0,
everydayonce.jp,0.0,
e-setsuzei.jp,0.0,
eosys.jp,0.1,
donut.jp,18.0,
digisite.jp,0.1,
deaikeisagi.jp,0.0,
daijyoubu.jp,0.0,
daifuku-waterjet.jp,2.9,
crystalwave.jp,0.0,
coralfarm.jp,0.0,
coned.jp,1.3,
conceptnet.jp,0.0,
chiyodaopera.jp,7.0,
chamcham.jp,0.0,
etou-design.jp,0.0,
cascade-online.jp,0.0,
callscope.jp,0.0,
eigyo-tatsujin.jp,0.0,
break-point.jp,0.0,
digisol.jp,0.0,
bravoch.jp,0.0,
boardgame.jp,0.0,
benriya-sato.jp,0.0,
asabe-home.jp,0.0,
cydb.jp,0.0,
cyberplus.jp,0.0,
arinc.jp,0.0,
are-matome.jp,0.0,
anaumekun.jp,0.0,
agriworks.jp,0.0,
comuto.jp,0.8,
colorm.jp,0.1,
clear-pos.jp,0.0,
1columbus.jp,0.0,
butaikangeki.jp,0.0,
bookie.jp,0.0,
bht-co.jp,18.0,
atoriesou.jp,2.9,
ariakegrp.jp,0.0,
areademo.jp,0.0,
aptonia.jp,0.0,
anshin7119.jp,0.0,
amanacontents.jp,0.0,
amafacon.jp,0.0,
3concepteyes.jp,0.0,
xwa.jp,0.0,
xn--i6qz82m.jp,0.0,
vvq.jp,0.0,
xn--seo-222eo68m.jp,0.0,
xn--eckya9b6d1hu09uv1hfl0d.jp,0.0,
xn--f9jh5etb.jp,4.5,
xn--x8jud2b2b.jp,0.0,
xn--l8j0arb.jp,0.0,
zing.jp,0.0,
zentoyoyo.jp,0.2,
yourconsult.jp,0.0,
yatsushiro-cashlesscampaign.jp,14.0,
yamazakinorin.jp,0.0,
xracademy.jp,0.0,
xadventures.jp,0.0,
wonderbrain.jp,0.0,
wheretobuy.jp,0.0,
wandai-kougen.jp,4.5,
wakouworld.jp,0.0,
vocation.jp,0.0,
xn--tck5apc2j.jp,0.0,
unsolo.jp,0.6,
union-bright.jp,0.0,
tumupiro.jp,0.0,
toyofarm.jp,0.0,
yogaclub.jp,0.0,
towaz.jp,0.0,
to-bugyo.jp,0.0,
tlcpet.jp,0.0,
tkt-beauty.jp,0.0,
t-angle.jp,0.0,
takamidai.jp,0.0,
weldon.jp,0.0,
tage-skin.jp,4.7,
taan.jp,0.0,
vssw.jp,4.4,
sukeblog.jp,0.0,
vivendigames.jp,0.0,
vashi.jp,0.0,
urerukoukoku.jp,0.0,
starke.jp,0.0,
spidy.jp,0.0,
soleil-takadanobaba.jp,0.5,
tsumugu-inc.jp,0.0,
soarcorp.jp,0.0,
smart-asset.jp,0.0,
tokyohelp.jp,0.0,
shunran.jp,1.4,
shiroyamahoikuen.jp,0.0,
sharoushi-navi.jp,2.3,
tech-swat.jp,6.0,
shachou.jp,0.0,
takamoto-shoji.jp,1.8,
sgraphy.jp,6.0,
sapporo-guesthouse.jp,0.0,
sapporo-bizsupport.jp,0.0,
santosha.jp,0.3,
rise-hr.jp,0.0,
rehasul.jp,0.1,
reborn-m.jp,2.5,
quick-click.jp,0.0,
p-solid.jp,0.0,
s-mail.jp,0.0,
prjapan21.jp,2.9,
previsions.jp,0.0,
portal-web.jp,0.0,
portal-3.jp,0.0,
petatto.jp,0.0,
senryoku.jp,7.0,
seitai-hikari.jp,0.0,
sawadacoffee.jp,0.0,
parkhills-ske.jp,0.0,
os-kashiwa.jp,0.0,
onsite-labo.jp,3.1,
saito-syouji.jp,0.0,
saitama-alltoyota.jp,0.7,
rydk.jp,0.0,
officeaya.jp,0.0,
ripfare.jp,0.0,
relacon.jp,0.4,
o-alpha-rise.jp,0.0,
naviapps.jp,14.0,
rebath.jp,0.0,
quorn.jp,0.0,
naturyplus.jp,0.0,
nami-hs.jp,0.0,
projectx.jp,0.0,
nakatombetsublog.jp,2.5,
nagano-chingin.jp,0.0,
mucher.jp,0.0,
motmotbeauty.jp,0.0,
playfacto.jp,0.0,
pizzeriaicaro.jp,0.0,
pipeman946.jp,13.0,
moteco-co.jp,0.0,
mindful-life.jp,0.0,
micolla.jp,0.0,
ortho-expert.jp,2.0,
metalforest.jp,0.0,
off-line.jp,7.0,
maxim-sp.jp,0.0,
marketing-start.jp,0.0,
nyuuin-passport.jp,0.9,
newisland.jp,1.2,
manaby.jp,0.0,
machida-pcrstation.jp,5.0,
localworker.jp,0.0,
nakagawashoten.jp,0.0,
linkum.jp,0.0,
mugen-gp.jp,10.0,
learningbrain.jp,0.0,
mr-brain.jp,0.0,
leading-with.jp,0.0,
kr-gourmet.jp,0.0,
koto-okaimono-premium2024.jp,8.0,
miramira.jp,0.8,
kogai.jp,0.0,
minamifudosan.jp,0.0,
mikata-juku.jp,0.0,
kodaikoko-enc.jp,0.0,
klavis.jp,2.8,
kitanaka-kazuo.jp,1.6,
kbk-dj.jp,0.1,
maori.jp,0.2,
karimera.jp,0.0,
kangaeru.jp,0.0,
lupinus-salon.jp,0.0,
kamty.jp,1.8,
kamikazari.jp,5.0,
lebanner.jp,0.0,
jschn31.jp,6.0,
intect.jp,0.0,
l14-engineering.jp,0.0,
ing-ctor.jp,0.0,
infinity-k-partners.jp,11.0,
i-kumiai.jp,0.0,
ibc-vip.jp,1.5,
homeys.jp,0.0,
h-kikaku.jp,2.0,
kg-axia-2020.jp,0.0,
kgao.jp,0.0,
keiyakukankei.jp,0.0,
hitosi.jp,0.0,
kayoni.jp,0.0,
hirakawashoji-amuse.jp,0.0,
heiwasyouji.jp,0.0,
hangar.jp,0.0,
haegiwa.jp,0.0,
gomitre.jp,0.0,
jobnet-yokohama.jp,0.1,
jewelrycoupon.jp,0.0,
j-balletworks.jp,0.6,
isokasseika.jp,0.0,
gcscorp.jp,0.0,
garage-car.jp,0.0,
furusato-ako.jp,4.2,
fofortune.jp,0.0,
flavan.jp,0.0,
hunterhunter.jp,0.1,
houseinnovation-recruit.jp,0.0,
fkng.jp,0.0,
finaldeo.jp,7.0,
fgap.jp,0.0,
extrak.jp,0.0,
everyones-home.jp,0.0,
emergencyinc.jp,0.4,
hakatamasala.jp,0.0,
elevenhundred.jp,0.0,
gym-spicy.jp,0.0,
gunma-memory.jp,0.0,
grenzgaenger-shop.jp,0.0,
goroda.jp,0.0,
edo-yoshiwara.jp,0.0,
godokikaku.jp,0.0,
edokomachi.jp,0.0,
e-debit.jp,18.0,
dscom.jp,0.0,
fureai-kan.jp,8.0,
dlcc.jp,0.0,
digging.jp,0.0,
daikou-saiyo.jp,0.0,
coltz.jp,0.0,
cocoron-foulee.jp,0.0,
clearsky-japan.jp,20.0,
cityhotels.jp,0.0,
enjoy-fx.jp,0.7,
cashless-only.jp,0.0,
cashim.jp,0.0,
carsq.jp,0.0,
cannedbeer.jp,0.2,
bons-store.jp,0.4,
ebcbrakesdirect.jp,0.0,
bluebamboo.jp,0.3,
dqcqp589taskyahoo.jp,0.0,
black-moon.jp,0.0,
biohacking.jp,0.0,
difrax.jp,0.0,
dgfami.jp,0.0,
bikesjapan.jp,0.0,
best1.jp,0.0,
baytrans.jp,0.0,
cmcmarket.jp,0.0,
xn--au-173argve0islncshb2h.jp,0.0,
ckt-recruit.jp,1.4,
auriel.jp,0.0,
circleliners.jp,0.0,
cebu-golf.jp,0.0,
atelier-sucre.jp,3.2,
assist-int.jp,11.0,
asnico.jp,0.0,
bxi-cloud.jp,0.0,
bumkitch.jp,0.0,
applipo.jp,0.0,
alfa-romeo.jp,0.0,
aim-office.jp,0.0,
aidea.jp,0.0,
aga-chiryou.jp,0.0,
advancesystem.jp,0.0,
adgraph.jp,0.0,
8hiro.jp,0.0,
3754.jp,0.0,
atopimate.jp,7.0,
areainc.jp,0.0,
anini.jp,0.0,
amisuite.jp,0.0,
amazon-prime.jp,0.0,
alconlabs.jp,0.0,
xn--hbk100l8iw.jp,0.0,
xn--umsu85a.jp,0.0,
xn--68je7l.jp,0.0,
twz.jp,0.0,
rzm.jp,0.0,
rna.jp,0.0,
dct.jp,0.0,
1q3.jp,0.0,
xn--mbt372a51of7m.jp,0.0,
xn--n8j292hjjai65cb33c9ke.jp,0.0,
xn--p8j6bthvjie1dz53ze6l.jp,0.1,
xn--zlr224b47lb3uj0dke.jp,0.0,
xn--qckwdvcl5a4c.jp,0.0,
xn--rck5ahu.jp,0.0,
zakkan.jp,0.0,
yokohama-wine.jp,3.0,
x-shape.jp,0.2,
wineandbeer.jp,0.0,
wecheer.jp,0.0,
wakano.jp,0.0,
urikaku.jp,0.0,
tryon.jp,0.0,
xn--28jvbe3m5a.jp,0.0,
trash2treasure.jp,0.0,
zsenie.jp,0.0,
zokkon.jp,0.0,
tonykartracing.jp,10.0,
tonique.jp,0.3,
yachisinkyuin.jp,0.0,
tirewheel-size.jp,0.0,
wrangler.jp,0.0,
tipani.jp,0.2,
westg-asahihanbai-saiyo.jp,0.0,
theclimb.jp,0.0,
takuhoku.jp,0.0,
studypilot.jp,0.0,
sr-osakaminami.jp,6.0,
urbandecaymakeup.jp,0.0,
unikum.jp,0.0,
sp-shindan.jp,0.0,
sogo-seibu-sks.jp,0.0,
smokeland.jp,7.0,
smartkitchen.jp,0.0,
smallhotel.jp,0.1,
sdjw.jp,0.0,
scop-wakayama.jp,3.1,
schoolgirl.jp,0.0,
taiyo-logi-inc.jp,4.2,
switchekimae.jp,0.0,
superclean-z.jp,0.0,
sunorange.jp,0.0,
runjog.jp,0.0,
ringo0080.jp,3.2,
solesole.jp,0.0,
researchworks.jp,0.0,
rawfooddiet.jp,0.0,
rainorshine.jp,0.4,
quatrefoil.jp,0.2,
sloft.jp,0.0,
prism7.jp,0.0,
silicon-circle.jp,0.0,
siliconcircle.jp,0.0,
prettythings.jp,0.0,
presidente.jp,0.0,
pqmt.jp,0.0,
schooleye.jp,1.5,
schoneseele.jp,0.0,
ppkiwami.jp,0.0,
polychrome.jp,0.0,
plazaeast.jp,0.0,
pikari.jp,0.0,
piashop.jp,1.3,
perco.jp,0.0,
privatestructure.jp,0.0,
peace-tokyo.jp,0.3,
oto-p.jp,0.0,
onopoint.jp,12.0,
oneget.jp,0.0,
office-creation.jp,0.0,
nsc1.jp,1.3,
nightcollection.jp,0.0,
netaba.jp,0.0,
nakayoshizukou.jp,1.6,
nakae-pat.jp,0.0,
paintyourlife.jp,0.2,
our-place.jp,0.0,
mypower.jp,0.0,
osakana-tsudashouten.jp,17.0,
oomaki-housei.jp,0.0,
msk-s.jp,0.0,
movie-lab.jp,0.0,
mono-japan.jp,0.0,
miyage.jp,0.0,
mioto.jp,0.0,
n-koho.jp,0.0,
nikko-shoji.jp,0.0,
microgreen.jp,0.0,
new-nft.jp,0.0,
meilan.jp,0.0,
mandarino.jp,0.9,
malapa.jp,0.0,
maisonboutique.jp,6.0,
my-iqos.jp,0.0,
myflow.jp,1.0,
musashinohouse.jp,0.3,
littlegirl.jp,0.0,
lenovo-evolve.jp,0.0,
kunrencenter.jp,1.6,
kridge.jp,0.0,
koshi-net.jp,0.0,
koenavi.jp,1.8,
kir-event.jp,4.9,
med64.jp,0.0,
maynail.jp,0.0,
key-co.jp,0.0,
kein.jp,0.0,
kamesei-food.jp,0.1,
love4.jp,0.0,
long-hoken.jp,0.0,
jukensei.jp,0.0,
litc.jp,0.0,
link-sp.jp,0.0,
link-foods.jp,0.0,
leone-inc.jp,0.0,
jspen-metro2025.jp,9.0,
izumiotsu-premium.jp,0.0,
iyasian.jp,0.0,
iphonelikers.jp,0.0,
konohamusubi.jp,2.1,
imedic.jp,0.0,
iizura.jp,7.0,
hypelink.jp,0.0,
hospital-inn.jp,0.0,
hospitalinn.jp,0.0,
hooters-wifi.jp,0.0,
hitoeni-beauty.jp,0.9,
isaolink.jp,0.0,
hirumano.jp,0.0,
healme.jp,0.0,
happy-island.jp,15.0,
ilise.jp,0.0,
g-swell.jp,0.0,
godblessyou.jp,0.0,
hsks.jp,0.0,
gochinavi.jp,1.9,
girlspicks.jp,0.0,
gensen-mitsumori.jp,0.0,
foodin.jp,0.0,
flexonline.jp,0.5,
higashioosaka.jp,0.0,
elite-recruit.jp,0.0,
eco-samurai.jp,0.0,
harvestinfo.jp,23.0,
ecolinc.jp,0.0,
hangs.jp,0.0,
hagukumuhouse.jp,2.8,
dclogistics.jp,0.0,
gsjapan.jp,0.0,
davincitokyo.jp,0.2,
csls.jp,0.0,
craft-work.jp,0.4,
cosme-info.jp,0.0,
frezzor.jp,0.0,
con-text.jp,0.0,
consulting-gate.jp,1.3,
fine-therapy.jp,0.0,
este-yim.jp,0.0,
clubwalker.jp,0.0,
circle-coaching.jp,0.0,
californiadown.jp,0.6,
ec-cherry.jp,0.0,
doctorstation.jp,0.4,
designoffice-clip.jp,22.0,
bonheure.jp,0.0,
blueswallow.jp,0.0,
daimler-ag.jp,0.0,
biz-athlete.jp,0.0,
beringwatch.jp,0.0,
asunet.jp,0.0,
assistnet-coop.jp,0.0,
arwork.jp,0.0,
aresore.jp,0.0,
clubalpha.jp,1.5,
clearcrest.jp,0.1,
ajssa.jp,0.0,
ciel-salon.jp,0.0,
chinainspection.jp,0.0,
aikidou.jp,6.0,
aichi-kashigakuen.jp,8.0,
academyonline.jp,0.0,
88style.jp,0.1,
3kurashi.jp,0.0,
argosenergies.jp,0.0,
akiog.jp,0.0,
aixen.jp,0.0,
aiwest.jp,0.1,
dnp-display.jp,0.0,
vfa.jp,0.0,
tuk.jp,0.0,
pqr.jp,0.0,
pna.jp,0.0,
10d.jp,0.1,
xn--hh1a.jp,0.1,
xn--fkqr09a.jp,0.0,
xn--xuu60njodv0u.jp,0.2,
xn--pckyeuc8a2166bof6d.jp,0.0,
zukudas.jp,0.0,
zenshocafe.jp,0.0,
yuuhin.jp,0.0,
ysdiner.jp,0.0,
youtube-curator.jp,0.0,
younggreens.jp,0.0,
yokosuka-paint.jp,0.0,
xn--5ck1b3a1c.jp,0.0,
web-b.jp,0.1,
urusapo.jp,0.0,
uesugi-office.jp,0.7,
traceroute.jp,0.0,
t-omino.jp,0.0,
tm-n.jp,2.4,
thinkoutsidethebox.jp,0.0,
texteq.jp,5.0,
yap-yap.jp,0.0,
worldbeer.jp,0.4,
texas-food.jp,0.0,
tenshineko.jp,0.0,
taiyou.jp,0.0,
u-chuwa.jp,0.0,
tsk-u.jp,0.0,
triconnect.jp,0.0,
taisyoku-daikou.jp,0.0,
toyosumarket.jp,0.0,
torano-clinic.jp,0.0,
tabi-tabi.jp,0.0,
signdesign.jp,0.0,
tokyobreath.jp,0.0,
shizen-juku.jp,0.0,
thoma.jp,0.0,
shin-ko-kyu.jp,4.0,
sedorip.jp,0.0,
sea-watcher.jp,0.0,
salon-hana.jp,0.0,
tdl-inc.jp,0.0,
rs-corporation.jp,0.0,
rewolf.jp,0.0,
resutaurer-kobe.jp,0.0,
studioactive.jp,0.0,
sozaigoya.jp,0.0,
si-solution.jp,2.8,
silence.jp,0.0,
reggaenote.jp,0.0,
purinpic.jp,0.0,
ptube.jp,0.0,
shesps.jp,0.0,
sepmag.jp,1.6,
prohand.jp,0.0,
pennet.jp,0.0,
scahygieneproducts.jp,0.0,
o-rganic.jp,6.0,
omino-lawyer.jp,0.0,
roadandtrip.jp,0.2,
ohsakado.jp,0.0,
nts-msr.jp,6.0,
researcher-life.jp,0.9,
nls-camera.jp,0.0,
nelka.jp,0.0,
neiberu.jp,0.0,
mycm.jp,0.0,
music-universe.jp,0.3,
pendragon.jp,0.0,
pantarhei.jp,0.0,
packsend.jp,0.0,
oxurion.jp,0.0,
movingcms.jp,0.0,
onayami2021.jp,9.0,
mononobe-official.jp,0.0,
mmtrading.jp,0.0,
miyuu.jp,0.0,
medpoint.jp,0.0,
manabito.jp,0.0,
lab-group.jp,0.0,
nara-kiki.jp,0.1,
kolec-nanihaco.jp,0.0,
kitaguchi-jimusho.jp,0.0,
kamuidesign.jp,0.0,
mkelectronics.jp,0.0,
xn--j-0hu4a5d207sft0egnwa.jp,0.0,
jock.jp,0.0,
jin-s.jp,0.0,
mekkie.jp,0.0,
japanresearch.jp,0.0,
mediage-mens.jp,0.0,
maruyamapress.jp,0.0,
maruageha.jp,0.0,
japan-enterprise.jp,1.6,
magnetix.jp,0.0,
lovehachinohe.jp,0.0,
listia.jp,0.0,
ledave.jp,0.0,
i-sekkei.jp,0.3,
kurt.jp,0.0,
kunitachi-ishida.jp,0.0,
kumachikkyo.jp,7.0,
inedge.jp,3.7,
i-iphone.jp,0.0,
kids-hosho.jp,0.0,
kenchikuya.jp,0.0,
hyc-p-cube.jp,0.0,
holair.jp,0.0,
jusuru.jp,0.0,
hashforme.jp,0.0,
grand-delicious.jp,4.7,
jethromobile.jp,1.3,
jet-bi.jp,0.0,
gori-net.jp,0.6,
glazos.jp,0.0,
jantra.jp,0.0,
itadukebankin.jp,0.0,
gantsuke.jp,1.0,
gamegoose.jp,0.0,
gaiheki.jp,0.0,
i-etc.jp,0.0,
houseofmarley.jp,0.0,
home-net.jp,0.0,
hatinosu.jp,1.0,
freepower.jp,0.0,
groundview.jp,4.5,
graphite.jp,0.0,
freejob.jp,0.0,
fattoamanoazumaya.jp,1.3,
ewaf.jp,0.0,
elle-system.jp,0.0,
gingham.jp,1.8,
dh-recruit.jp,0.0,
crie-ikebukuro.jp,5.0,
cresia.jp,1.5,
crearc.jp,0.0,
conosk.jp,0.0,
chibanian.jp,0.0,
flat-good.jp,1.1,
feelsmarket.jp,0.0,
businesschat.jp,0.3,
bridge-p.jp,0.0,
etoffer.jp,0.0,
bonterrain.jp,8.0,
edixnet.jp,12.0,
bones2.jp,7.0,
deliveryhompo.jp,0.0,
biridai.jp,2.2,
bird-rides.jp,6.0,
berufbrot.jp,1.8,
cosabella.jp,0.0,
barrister.jp,2.0,
aventa-est.jp,0.0,
atelier-h.jp,0.0,
asobooo.jp,0.0,
asia-japan.jp,0.0,
amorejapan.jp,0.0,
boardersline.jp,0.0,
bisenob.jp,3.0,
akabane-maria.jp,0.0,
aikennokondate.jp,0.0,
bic-intensity.jp,6.0,
beyond-ibaraki.jp,1.7,
aihospital.jp,0.0,
beautyzoom.jp,0.0,
afsc.jp,0.0,
aboutjapan.jp,0.0,
8corp.jp,0.0,
artico.jp,0.0,
xn--121-bm0e3143a.jp,0.5,
vcc.jp,0.0,
ubn.jp,0.0,
csk.jp,0.0,
a0a.jp,0.0,
piu.jp,0.0,
xn--5ckp3n915pksg.jp,0.0,
zia-air.jp,0.0,
wpdev.jp,0.0,
wonder-box.jp,0.0,
weekender.jp,0.0,
tyubukk.jp,0.0,
treely.jp,10.0,
tokyo-auto.jp,0.0,
tighug.jp,4.3,
yumarketing.jp,0.4,
theha.jp,0.0,
wonderwise.jp,0.5,
terachan.jp,0.0,
wellife.jp,1.2,
tenatch.jp,0.0,
wamachi.jp,0.0,
vintaco.jp,0.2,
telework-support.jp,0.0,
tsuriya.jp,0.0,
technow.jp,0.9,
tokyo-hkensyu.jp,1.8,
team-management.jp,0.0,
tkoki.jp,0.0,
targetinc.jp,0.0,
takada-yawifi.jp,0.0,
tfnetwork.jp,0.6,
sun-ship.jp,0.0,
sun-like.jp,1.2,
startwork.jp,0.0,
sports-movie.jp,1.7,
snows.jp,0.0,
roundroom.jp,0.0,
rokme.jp,0.0,
taiyoriki.jp,0.3,
reyna.jp,0.0,
revelation.jp,0.0,
reha.jp,0.0,
raysspot.jp,0.0,
sola-bito.jp,0.0,
soccerway.jp,0.0,
p-virtual.jp,1.8,
shisen.jp,0.0,
shihoo.jp,0.0,
sasamotokogyo.jp,0.0,
sano-lawoffice.jp,0.8,
royalgram.jp,0.0,
prostar-inc.jp,0.0,
poll-castor.jp,2.6,
point38.jp,0.0,
platinum-mentor.jp,0.0,
pi-tube.jp,0.0,
redcircle.jp,0.3,
p-full.jp,0.0,
osakabanpaku.jp,0.0,
online-backup.jp,0.0,
okinawanewsnet.jp,1.9,
office-haru-akita.jp,0.0,
ninomiya-zouen.jp,0.0,
nextaff.jp,0.0,
philip-morris.jp,0.0,
naraonsen.jp,0.1,
nakagami-tatami.jp,2.3,
nac-act.jp,0.6,
okkawa.jp,0.0,
mstest.jp,0.0,
mrsrv.jp,0.0,
mito-moodle.jp,2.6,
mind-universe.jp,2.1,
mindo.jp,0.0,
m-crew.jp,0.0,
marushin-group.jp,0.0,
manufact.jp,0.0,
makewaves.jp,0.0,
mrmenshow.jp,0.0,
mrmen.jp,0.0,
mori-eye-clinic.jp,0.0,
maebarasunrise.jp,0.2,
long-table.jp,1.8,
lohdap.jp,3.2,
logiomics.jp,9.0,
maxprofitness.jp,0.0,
laurasia.jp,6.0,
lala-dhaga.jp,2.4,
man-tech.jp,0.0,
kumamotofudousanplaza.jp,0.8,
made-in-china.jp,0.0,
macollabo.jp,0.0,
lyman.jp,0.0,
lourdes-bernadette.jp,0.0,
ksi-c.jp,0.0,
koya-riza.jp,0.0,
kia-seminar.jp,0.4,
kan-saibou.jp,0.0,
jouzen.jp,0.0,
job-me.jp,0.0,
j-ffea.jp,1.8,
ktpro.jp,7.0,
iresource.jp,0.0,
incense.jp,0.0,
komemen.jp,0.0,
kinggrill2020.jp,0.0,
imaf.jp,0.0,
keigakukan.jp,0.2,
ikude.jp,1.5,
kangoshi-job.jp,0.0,
kanadete.jp,0.0,
kanabara.jp,0.0,
j-p-m.jp,0.0,
iiito.jp,0.5,
hyuga-eats.jp,3.4,
jitech.jp,0.0,
hyperion-jinzai.jp,2.1,
itplanners.jp,0.0,
hj-p.jp,0.0,
hiyoshijinjya.jp,0.1,
hariti.jp,0.0,
haribin.jp,0.4,
greenshift.jp,0.0,
gomori.jp,3.7,
gen-houraigyu.jp,0.0,
fx-school.jp,0.0,
fujisawa-farm.jp,0.3,
food-navi.jp,0.5,
firlly.jp,0.0,
greenwellfarms.jp,0.0,
fancy-football.jp,0.0,
escobar.jp,0.0,
e-pg.jp,0.0,
ecocan.jp,2.4,
echigo-intl.jp,0.0,
designcamp.jp,0.0,
daito-expo.jp,0.0,
conditioninglabo.jp,0.0,
clarity-salon.jp,0.0,
erichus.jp,0.0,
campnow.jp,0.0,
enmusubicare.jp,10.0,
e-hanna.jp,0.0,
brannon.jp,0.3,
b-art.jp,0.0,
ayanamist.jp,0.0,
avanz.jp,0.0,
crm-implement-test.jp,0.0,
aparts.jp,0.0,
anysite.jp,0.0,
change-pos.jp,0.0,
casinobonus.jp,0.0,
aisuikyo.jp,2.2,
aicredit.jp,0.0,
aichi-gym.jp,4.5,
ah-amagasaki.jp,0.0,
asano-masatomi.jp,0.0,
arrowswamp.jp,0.0,
admill.jp,0.0,
8pass.jp,0.0,
0508.jp,0.0,
altcoin.jp,0.0,
allesu.jp,0.1,
ac-wedding.jp,6.0,
121hoken.jp,0.0,
ticket-log.jp,0.0,
ynh.jp,0.0,
0i0.jp,0.0,
sq1.jp,0.0,
xn--gdus38bstczse.jp,0.0,
xn--u9jt60g57at85bfycutfm22a.jp,0.0,
xn--dckc6a6a3b7e3b9isa8gf5i.jp,21.0,
xn--bck9b7glbb.jp,0.0,
z-ero.jp,0.0,
zenninetyone.jp,2.8,
yumekana.jp,0.2,
youmeishoin.jp,0.0,
yonezawadc.jp,0.8,
underhair.jp,6.0,
ubisoft-osaka.jp,0.0,
tokitsu.jp,0.0,
tjsc.jp,0.1,
t-gift.jp,0.0,
supremetechnology.jp,10.0,
studio-lia.jp,2.2,
wellkin.jp,8.0,
waysas.jp,0.0,
urbandecaycosmetics.jp,0.0,
unicen.jp,8.0,
studio-genyo.jp,0.0,
stellabo.jp,3.0,
southernseto.jp,0.0,
shinyuri.jp,0.0,
t-i-c.jp,0.0,
shinkikou.jp,0.0,
taketou.jp,0.0,
sensyu-shougai.jp,1.7,
suibi.jp,0.9,
seminar-video.jp,11.0,
seeks.jp,0.6,
steramine.jp,0.6,
saia.jp,0.0,
sagyoba.jp,1.1,
roots-works.jp,0.7,
shin-ookubo.jp,0.6,
remoteone.jp,0.0,
relaxjapan.jp,0.0,
prowing.jp,0.0,
profess.jp,0.0,
sakai-saijo.jp,0.0,
proconsulting.jp,1.1,
praying.jp,0.0,
ryubokushi.jp,0.0,
plusvalue.jp,0.0,
pkia.jp,3.8,
nepalquake-aid.jp,4.3,
music-info.jp,0.3,
m-sma.jp,0.0,
ms-hareruya.jp,0.0,
mm-holdings.jp,0.0,
mister-y.jp,0.0,
minatomachi-hic.jp,0.0,
pianoroom.jp,0.0,
onrecord.jp,1.6,
omotenashijozu.jp,4.5,
omizuyasan.jp,15.0,
midorigaoka-angels.jp,0.7,
mysystem1364.jp,8.0,
mgne.jp,0.0,
mangoking.jp,0.0,
makaya.jp,0.0,
lohas-art.jp,9.0,
lifereversal.jp,0.2,
lemone.jp,0.0,
laprovence.jp,0.0,
kodomopro.jp,5.0,
m-dp.jp,0.0,
mbsj2020-login.jp,0.0,
kmknet.jp,6.0,
k-lohaco.jp,0.1,
klao.jp,0.0,
kigyo-house.jp,0.9,
japanesefood.jp,1.8,
latialtd.jp,0.0,
larocheposay.jp,0.0,
investorscircle.jp,0.0,
kyokuden.jp,0.0,
kurashi-tane.jp,0.0,
kunipapa.jp,0.6,
kousyu-chiebukuro.jp,0.0,
imaginationvillage.jp,0.0,
icci-chukatsu.jp,0.0,
ibaraki-zenrosai.jp,0.0,
hunting.jp,0.0,
hotbutter.jp,0.0,
kamei-consulting.jp,0.0,
jcerg2023.jp,2.0,
hironori.jp,0.0,
hasaku.jp,0.0,
hadashika-shinbi.jp,0.0,
grus-hair.jp,3.4,
gmaster.jp,0.0,
gamusyara.jp,0.0,
houseplumbing.jp,0.0,
freeware.jp,0.0,
flymen.jp,0.0,
hilander.jp,0.0,
finance-partner.jp,0.0,
hanaoto.jp,0.7,
f-farm.jp,1.3,
e-okaimono.jp,0.0,
eight-tokyo.jp,0.0,
gkcl.jp,0.0,
geuther.jp,0.0,
egaodo.jp,0.0,
doterralove.jp,0.0,
fortune-teller.jp,0.0,
denshinsha.jp,1.3,
datsutansofair-gunma.jp,4.5,
era-media.jp,0.4,
dancing.jp,0.0,
cryptoranking.jp,0.0,
couragellc.jp,0.0,
couplee.jp,3.1,
domainkun.jp,0.0,
commitments.jp,0.0,
cocorohaku.jp,5.0,
coa-arc.jp,0.3,
clover-refle.jp,0.7,
daigyosei.jp,0.0,
cipsoda.jp,0.0,
creditcardnews.jp,0.0,
brushresa.jp,0.0,
be-pro.jp,0.0,
corsiumsuite.jp,0.0,
corsium.jp,0.0,
attra-uomo.jp,0.0,
atem-quest.jp,0.2,
asado.jp,0.0,
archism.jp,1.9,
anauma.jp,0.0,
careermentor.jp,0.0,
ai-reskilling.jp,0.8,
brion-body.jp,0.2,
aaaaaaa.jp,0.1,
703room.jp,0.0,
3rd-cuncunspa.jp,1.5,
art-revo.jp,0.0,
0729.jp,3.4,
tqp.jp,0.0,
liq.jp,0.0,
fym.jp,0.0,
xn--4gqp65ay1ml97a.jp,0.0,
xn--sbu93ms5msrm.jp,18.0,
xn--eck7atq7ba2hzgta5fye2780ecvqco7zcgyg.jp,0.0,
xn--cck4d8b407u.jp,18.0,
xn--t8j4aa4n689m7xcv28bumy.jp,2.6,
xn--bck1dqb7b7eu88ynentwh.jp,0.5,
yacht-service.jp,0.0,
xn--dck2d4a4d2a.jp,0.0,
wonderwedding.jp,0.0,
vi-vi.jp,0.0,
yoshinokensetsu.jp,0.0,
videoconf.jp,0.0,
vasilisa.jp,0.0,
vmojapan.jp,0.0,
umapoi.jp,6.0,
ultimo.jp,0.0,
trumpsquare.jp,0.0,
torisan.jp,0.1,
tokyo-casino.jp,0.0,
tokumap.jp,0.0,
tk-planning-kawakami.jp,0.0,
tennpoya.jp,0.0,
ten-lesson.jp,0.0,
tanpopo-komaruyama.jp,3.0,
taifukukai-x.jp,0.0,
tabetoku.jp,0.6,
taoyuen.jp,0.0,
sutherland.jp,0.0,
takarakobo.jp,3.3,
subaru-tax.jp,0.0,
style-japon.jp,0.0,
soundscapearchitects.jp,0.0,
soluna-hairsalon.jp,4.8,
s-m-m.jp,0.0,
strasse.jp,0.0,
spfx.jp,0.9,
smilehoney83.jp,9.0,
sinsendow.jp,0.0,
seoto.jp,0.0,
searchjob.jp,0.0,
sakuragi-k.jp,0.0,
serase.jp,3.9,
rrhs.jp,0.0,
robocop.jp,0.0,
sarashufu-kazunori.jp,0.6,
sandbar-zamami.jp,0.0,
rkarchi.jp,2.4,
sakura-f.jp,0.0,
sakoballet.jp,0.0,
raku-es.jp,1.1,
pupil.jp,0.0,
powerscape.jp,0.0,
rioh.jp,0.0,
rands.jp,0.0,
pet-photo.jp,0.0,
onbok.jp,0.1,
pump24.jp,0.0,
okanoyama-golf.jp,0.3,
noviro.jp,4.6,
nobrainer.jp,0.0,
nihondensen.jp,0.0,
odaq.jp,0.0,
newsccia.jp,0.0,
naturall.jp,1.5,
nakaekenchiku.jp,1.7,
ngkntk-technologies.jp,0.0,
ngcsupport.jp,0.0,
newsweb.jp,0.0,
msneeds.jp,0.0,
nekonoyakata.jp,0.0,
morifuji-liquor.jp,0.7,
mobilive.jp,0.0,
midorinomori-kaigo.jp,8.0,
mct-summit.jp,2.4,
machinaka-taberun.jp,0.0,
mldfoundation.jp,0.0,
m28e-tsukuru.jp,0.0,
mediview.jp,0.0,
logosglobal.jp,0.0,
mbsj2021-login.jp,0.9,
mama-touch.jp,0.0,
linkbel.jp,0.0,
laias.jp,0.0,
kylie.jp,0.3,
kuwana-cashless.jp,15.0,
kurumi-makomo.jp,0.1,
kokosaga.jp,7.0,
kn0wh0w.jp,0.0,
kmbis-tsurumai.jp,1.9,
kishida-g.jp,0.1,
kiokunoyukue.jp,3.0,
katesakai.jp,0.0,
kasukabe-fujifes.jp,0.5,
kaburana.jp,0.0,
kinmeido.jp,0.0,
kazuhanakai.jp,0.0,
jojoanime10th-ex-izumi.jp,2.9,
italia-challenge.jp,3.2,
ippaz.jp,0.5,
ikkyoshoji.jp,0.0,
iitate-village.jp,3.1,
hugkumu.jp,0.0,
housedoctor-riza.jp,7.0,
hikoshi.jp,0.0,
hidamari-okinawa.jp,1.7,
hcs-wifi.jp,0.0,
hamburger-master.jp,3.2,
hiiragiya-megane.jp,0.0,
good-sun.jp,0.0,
help-support.jp,0.0,
gblog.jp,3.7,
futai.jp,1.4,
fujishoki.jp,0.0,
frangi.jp,0.0,
elpisschool.jp,0.0,
cre-navi.jp,0.0,
coastguard.jp,0.0,
cafe-s.jp,0.0,
earthquakes.jp,0.0,
duracelldirect.jp,0.0,
bluarte.jp,0.0,
be-mint.jp,14.0,
bells-app.jp,0.0,
brandbuyers.jp,2.2,
beauty-photos.jp,0.0,
best-caddie-saiyou.jp,0.0,
a-zetinc.jp,0.0,
azabusalon.jp,0.0,
app-career.jp,0.0,
anchorstudio-kamiyacho.jp,1.2,
amdere.jp,0.0,
aym-okinawa.jp,18.0,
ashikabi-online.jp,0.0,
altforce.jp,0.4,
akita-ishimaru.jp,0.0,
akamone.jp,5.0,
adplannet.jp,0.0,
onemorevision.jp,0.0,
xn--7orx06cpja.jp,0.0,
xn--kzwx93b.jp,0.0,
xn--mck0a9j.jp,5.0,
xn--u9jy84jnhvm7k.jp,0.0,
xn--pta-kz3b612na096qweaw519a.jp,14.0,
xn--3ckwa2by944a9ebm6gqt5g.jp,0.0,
xn--9ckkn1292ap17e.jp,0.0,
xn--r8j9creo45lmissha35zj4cey2ctu0adfu.jp,23.0,
xn--t8j2av1a7bzgucq70h319tr95h.jp,0.0,
xn--l8jegik.jp,0.0,
zealux.jp,0.0,
xn--icknow9eb8t1c.jp,0.5,
yuiga.jp,0.0,
yubell-f.jp,2.4,
yamacraft.jp,2.3,
yy-world.jp,0.0,
wwwfutaba-k.jp,0.2,
wotome.jp,0.0,
yorozumaster.jp,0.0,
volo.jp,0.0,
yakitori-torishin.jp,0.0,
vividays.jp,0.0,
victoryjewelry.jp,0.0,
unijob.jp,0.0,
u-beauty.jp,0.1,
visual-note.jp,0.0,
t-s-service.jp,0.0,
treten.jp,0.0,
trendscope.jp,0.0,
toyanokeiai.jp,0.0,
tokyobeautyclinic.jp,0.0,
tochigi-saiyoukoujou.jp,0.0,
travelisa.jp,0.0,
transmille.jp,0.0,
tms2000.jp,0.0,
theclub-recruit.jp,0.1,
takun.jp,0.0,
takahamagumi.jp,18.0,
temaribana.jp,0.0,
tabi-frame.jp,0.0,
syan.jp,0.0,
suzukiblog.jp,0.0,
super-health-bh.jp,0.0,
suhaku.jp,0.6,
sugayadenki.jp,4.6,
studytrade.jp,0.0,
station-stating.jp,0.0,
socialcampus.jp,1.3,
sendai-iin-clinic.jp,0.0,
sdcorp.jp,0.0,
sakuramonogatari.jp,0.0,
shinden-baseball.jp,0.0,
sennennoki.jp,0.1,
ryuuken.jp,0.0,
ride-lp.jp,0.0,
sales-power.jp,0.0,
retoro-genki.jp,4.5,
reair.jp,0.0,
que-sera.jp,0.9,
puripuriair.jp,0.0,
pmmt2017.jp,0.0,
piccollo.jp,0.0,
petitmatin.jp,0.0,
prior-rings.jp,4.4,
ots-corporation.jp,9.0,
o-three-o.jp,0.0,
osaka-landworks.jp,1.2,
oneworld-network.jp,0.0,
one-day-tattoo.jp,0.0,
okuaizukikou-tadamiline.jp,0.9,
nyuto.jp,0.0,
nora-studio.jp,16.0,
nitrocoffee.jp,0.0,
odepharma.jp,0.0,
nihongenki.jp,0.0,
nano-tukuru.jp,8.0,
moonmate.jp,0.0,
m-josuikai.jp,0.0,
natural-body.jp,0.1,
m-ji.jp,0.0,
museum-international.jp,0.0,
mored-kids.jp,0.0,
meximan.jp,3.4,
meteorarena.jp,0.0,
meo-expert.jp,0.0,
mint-corp.jp,0.0,
minopharma.jp,0.0,
mcrk.jp,0.0,
maruha-nichiro.jp,0.0,
luxst-recruit.jp,0.0,
ls-fudousan.jp,0.0,
logos-tc.jp,0.0,
marine-snow-diving.jp,0.0,
life4pro.jp,0.9,
libertyjapan.jp,1.8,
kyoushitsukyouzai.jp,0.0,
kouenji-chintai.jp,0.0,
kool-i.jp,0.0,
kyueikai-recruit.jp,0.0,
kolore.jp,0.0,
ko-a.jp,0.0,
kitanagoya-cashless.jp,10.0,
kikuchigroup.jp,0.0,
kidate.jp,0.0,
kk-pmc.jp,0.0,
kitgroup.jp,0.0,
keicomm.jp,0.0,
kinderfeets.jp,0.0,
kch-masui-recruit.jp,1.3,
kazufumi.jp,0.0,
katomika.jp,0.0,
kaminendo.jp,0.0,
k-all.jp,0.0,
kaigo-houmu.jp,1.3,
ito-sya.jp,0.0,
isshikipub.jp,0.0,
house-riza.jp,2.8,
jmpa.jp,0.0,
japancats.jp,0.0,
hiraoji.jp,0.0,
hinokijapan.jp,0.0,
iboga.jp,0.0,
hehein.jp,0.0,
housepro.jp,0.0,
hotzenplotz.jp,0.6,
honestbeauty.jp,0.0,
honda-hc-lp.jp,0.0,
hashika.jp,0.0,
governor.jp,0.0,
hijapan.jp,0.2,
highpower-sales.jp,0.0,
futoukazei.jp,4.4,
fss-kiu-ac.jp,0.5,
hakunofukiage.jp,1.4,
gyneyoga.jp,2.0,
foxjapan.jp,1.3,
gospel-life.jp,0.0,
gloss.jp,0.0,
fc-subway.jp,0.0,
fulltime.jp,0.0,
fukuikyo.jp,0.5,
fancl-calorie-balance.jp,0.0,
experiencein.jp,0.0,
ecomed.jp,0.0,
fangchan.jp,7.0,
e-canon.jp,0.0,
ezdupe.jp,0.0,
drone-drone.jp,2.2,
erogewith.jp,0.0,
elsaspeak.jp,0.0,
dr-coffee.jp,8.0,
daisin-s.jp,0.0,
cons.jp,0.0,
drdador.jp,0.0,
colorer-k.jp,0.0,
careplan-ritz.jp,0.0,
brown-bear.jp,0.0,
botworld.jp,0.0,
bottlehead.jp,0.0,
blor.jp,2.8,
bitcat.jp,0.0,
birthatrigg.jp,0.0,
beetlehelmet.jp,0.0,
ballet-bloom.jp,0.0,
xn--av-yo3c084z.jp,0.0,
besviu.jp,0.0,
autosheet.jp,0.0,
akanebijin-game.jp,2.6,
aihack.jp,0.0,
aicard.jp,0.0,
aicar.jp,0.0,
aibeautyasia.jp,0.0,
5gtv.jp,0.0,
1000kyourock-uwajima.jp,0.9,
xn--cjzo6d.jp,0.0,
xn--mnq351l.jp,0.0,
ss1.jp,0.0,
usw.jp,0.0,
kgx.jp,0.0,
irq.jp,0.0,
clc.jp,0.3,
dj1.jp,0.0,
ahn.jp,0.0,
a3g.jp,0.0,
xn--48sz50aokkppe.jp,0.2,
xn--gckvb2b2a4jra6ib.jp,0.0,
ygsrs.jp,0.0,
yanaka1ldk.jp,0.7,
yquestimageworks.jp,0.0,
worklifehub.jp,0.0,
yes4all.jp,0.0,
wmwm.jp,0.0,
waternavi.jp,0.0,
waf-law.jp,0.0,
webto.jp,0.0,
wacoo.jp,0.0,
urgent.jp,0.0,
virtual-room.jp,0.0,
virtual-cuurrency.jp,0.0,
vimica.jp,0.0,
urban-a.jp,0.0,
ueno-design.jp,0.0,
tretre.jp,0.0,
travel-kyushu.jp,0.0,
ttpgolf.jp,0.0,
toyama-navi.jp,0.0,
totalclean.jp,0.0,
tokyohyakushi.jp,0.1,
tirer.jp,0.0,
timestranger.jp,0.0,
teamskill.jp,0.0,
tamotsu.jp,0.0,
taishokudaiko.jp,0.0,
tagamihisaka.jp,0.0,
sweetjane.jp,0.0,
supplement-training.jp,1.5,
sun-lotus.jp,0.0,
support39.jp,0.0,
sugarandsalt.jp,0.0,
sunsethills.jp,0.0,
sugabluedaisy.jp,0.0,
studioc.jp,0.0,
stresscheckguide.jp,0.0,
stpartners.jp,0.0,
sportsbuzz.jp,0.0,
spayk.jp,0.0,
soupro.jp,0.0,
sm-e.jp,0.0,
siseizan.jp,0.0,
sougi-shaft.jp,0.0,
snjk.jp,0.0,
simiuslabo.jp,0.0,
smartnw.jp,0.0,
shiga-chiro.jp,0.0,
sinulle.jp,0.0,
sentido-architects.jp,2.8,
showin-denbo.jp,0.0,
selfleadership.jp,0.0,
satio-miyagi.jp,0.0,
sakurasalesrep.jp,0.0,
sea-jewelry.jp,2.1,
sabukaru.jp,0.0,
ryourei-sintakuma.jp,0.0,
rose26.jp,0.4,
ritumei.jp,0.0,
risegate.jp,0.0,
rikureco.jp,0.0,
revive-property.jp,0.9,
restaurer-kobe.jp,0.0,
resort-work.jp,0.0,
reibun-jyoho.jp,0.9,
pts-face.jp,0.8,
preciousx2.jp,0.0,
redflagdesign.jp,0.0,
puffin.jp,0.0,
pokidongo.jp,0.0,
promptpedia.jp,3.7,
pilateslife.jp,0.4,
posregister.jp,0.0,
oopstips.jp,2.9,
online-clip.jp,0.0,
pictura.jp,0.0,
pharmiweb.jp,0.0,
okubuka.jp,0.0,
oita-konkatu.jp,0.0,
onesafe.jp,0.0,
omatakankosetubi.jp,1.3,
nippro.jp,0.0,
niiblog.jp,0.0,
norita.jp,0.4,
nicomail.jp,0.0,
nipponmaru-douga.jp,0.0,
ngtv.jp,0.4,
nerori-kobe.jp,0.0,
navi-nex.jp,1.8,
nashioka.jp,0.0,
neo-balance-beauty.jp,0.0,
nanahachika.jp,0.0,
miwi.jp,2.6,
mhbodywork.jp,7.0,
musashi-seitai.jp,0.0,
motoshonin.jp,0.0,
morrel.jp,0.0,
mogumogu-check.jp,9.0,
metrip.jp,0.0,
medival.jp,0.0,
mediaractive.jp,0.0,
matsuo-masahiro.jp,6.0,
masalayoga.jp,0.0,
machiuke.jp,0.2,
lvpt.jp,0.0,
man2man.jp,0.0,
ltr-heroaca-cafe.jp,20.0,
l-ne.jp,0.0,
livinghood.jp,0.0,
lifeadventure.jp,0.3,
lavie-hair.jp,0.0,
litecoin.jp,0.0,
lings.jp,0.0,
larecole.jp,1.1,
lelabo.jp,0.0,
kotobuki-medical.jp,0.4,
kodoku108.jp,0.0,
ks-cube.jp,0.7,
kintech.jp,0.0,
kingan-robot.jp,0.0,
kk-hmt.jp,0.0,
kimthanh.jp,0.0,
kgame.jp,0.0,
kabegami.jp,0.0,
jack-o-lantern.jp,0.0,
indonesiagolf.jp,1.2,
ja-pa-n.jp,0.0,
imeets.jp,0.6,
ima-tabi.jp,0.0,
imrp.jp,0.7,
iglp.jp,0.2,
hotate-shoji.jp,0.0,
hiranoclinic-yamanakako.jp,2.8,
himeda.jp,0.0,
greasetrap.jp,0.0,
grace-salon.jp,0.0,
handsfreetravel.jp,0.0,
gonworks.jp,0.0,
fusafusa.jp,0.0,
foxpoker.jp,0.0,
gold-age.jp,0.0,
flower-chintai.jp,0.0,
fr-office.jp,0.0,
framecad.jp,0.0,
e-tone-ai.jp,11.0,
english-bootcamp.jp,0.0,
festa-salon.jp,0.0,
energy-force.jp,0.0,
elusion.jp,0.0,
ebigan.jp,0.0,
earthaid.jp,0.0,
dpmp.jp,0.0,
dorim.jp,0.0,
e-298.jp,0.0,
doctor-age-office.jp,0.0,
discover99.jp,0.0,
dietcoach.jp,0.0,
delivery-love.jp,0.0,
data-storage.jp,0.0,
d9office.jp,0.0,
cyclect.jp,27.0,
cybersecurity-guide.jp,0.3,
cyberhub.jp,0.1,
creama.jp,1.0,
copyshop.jp,19.0,
cri-websolution.jp,2.8,
copymaster.jp,0.0,
cp-acure.jp,0.0,
cooling.jp,0.7,
consultant-blog.jp,0.0,
cocoontattoo.jp,0.2,
cmlab.jp,0.0,
click-me.jp,0.0,
chibica.jp,0.0,
chalo-pethotel.jp,0.0,
butsudannoharada.jp,0.0,
biyou-geka.jp,0.0,
cfsc.jp,0.0,
c-es.jp,0.0,
catzilla.jp,0.0,
capybarand.jp,0.8,
capewine.jp,0.9,
beecle.jp,0.0,
bokin2020.jp,0.0,
beauty-world.jp,0.0,
beautiful-harmony.jp,0.0,
bazar.jp,0.0,
beautifulnet-shop.jp,0.0,
badgirls.jp,0.0,
asian-world.jp,0.0,
asiabusinessnews.jp,0.0,
augite.jp,0.0,
ashoka.jp,0.0,
arisaka.jp,0.0,
argol.jp,0.0,
aoikuni.jp,0.0,
akibafactory.jp,0.0,
aicasting.jp,0.0,
3baum.jp,0.0,
2mile.jp,0.0,
0--0.jp,0.0,
eheya-job.jp,0.0,
xn--2rq78uzyv.jp,0.0,
xn--ogtz6w.jp,0.0,
xn--tfr529hska.jp,0.0,
xn--1r3aod.jp,0.0,
xn--z3vu3d.jp,0.0,
yjn.jp,0.0,
ttj.jp,0.0,
scm.jp,0.8,
oig.jp,0.0,
go0.jp,0.0,
c53.jp,0.0,
xn--22q884cbxd30qd3l1ohbkc.jp,0.0,
xn--ecka0sb0148aflrwx3f.jp,0.0,
xn--y3qp66am3bw55d.jp,0.0,
xn--110-sh3g47b6y3a3t9af2a.jp,0.0,
xn--wcva32muw2c.jp,0.0,
xn--elq48le3in3l.jp,0.0,
xn--eckwa1h234nep0d.jp,0.0,
xn--cck0d8c5a.jp,0.0,
xn--gcks4azaq9a5fwi1b5e.jp,0.0,
xn--nckya3au5j0a2b.jp,0.0,
xn--eckle6c4f0gtcc3081eyx0g.jp,0.0,
zooproject.jp,0.8,
zuo-shop.jp,7.0,
zt-plasticmolding.jp,4.2,
zeromat.jp,0.6,
z-en.jp,8.0,
yoshidasouken.jp,0.3,
wutheringwaves-cartethyia.jp,1.1,
white-technology.jp,0.0,
yogaorganic.jp,0.0,
ymd-s.jp,2.2,
worldwar.jp,0.8,
worldcoffee.jp,0.0,
wavehome.jp,0.0,
walm.jp,0.0,
well-learning.jp,0.0,
wellcareer.jp,0.0,
web-3.jp,10.0,
vanilla-house.jp,0.1,
washio.jp,0.0,
utilityinc.jp,0.0,
urata-jyuku.jp,0.0,
treeviewer.jp,0.0,
umestudio.jp,0.0,
ubitus.jp,0.0,
torute.jp,0.0,
tsurumaki.jp,0.2,
trk-iwaki.jp,0.0,
tomatsu-bridal.jp,0.0,
toyotomichina.jp,0.0,
threeway.jp,0.0,
toolplus.jp,0.1,
techmake.jp,0.0,
tohkohcare-recruit.jp,4.9,
taura.jp,0.0,
syohisyakinyu.jp,0.0,
sushipon.jp,0.0,
tat-design.jp,0.0,
takarazawa.jp,0.0,
ssi-global.jp,0.0,
sp-ec.jp,0.0,
sugoroku.jp,0.0,
streetfest.jp,0.0,
ssst.jp,0.0,
sooz.jp,0.0,
sokusau.jp,16.0,
smartcard.jp,0.0,
skiresort.jp,0.0,
skcorp.jp,0.0,
smart123.jp,0.0,
slsw.jp,0.0,
shinone.jp,0.0,
samurai-osaka.jp,0.0,
salesdb.jp,0.0,
seeyou.jp,0.0,
sctrc.jp,12.0,
rtree-innovation.jp,0.0,
rtree-i.jp,0.0,
saimon.jp,0.8,
riverfield-shadou-skill.jp,0.8,
recycle123.jp,0.0,
rrec.jp,10.0,
recruiting-support.jp,0.0,
rinotech.jp,0.0,
reuse-life.jp,0.0,
qwenguide.jp,0.0,
qttoslim.jp,0.0,
rebound.jp,0.0,
pink-matome.jp,0.0,
phtp.jp,0.0,
princess-momo.jp,0.2,
ppdesign.jp,0.0,
powerside.jp,0.0,
photodoggie.jp,0.0,
peta-no-niwa.jp,0.0,
pancoat.jp,0.0,
phobos.jp,0.0,
paint-riza.jp,2.6,
xn--pc-4h4a4c2e6h.jp,5.0,
oshimaofficial.jp,0.0,
orgco.jp,0.0,
onlineacademy.jp,0.0,
one-next.jp,0.0,
offisis.jp,0.0,
office-apr.jp,0.0,
ondol.jp,0.0,
okuyan.jp,0.0,
ns-mail.jp,5.0,
notification-sound.jp,0.0,
no-lie.jp,0.0,
nokki.jp,0.0,
nittsuco.jp,0.0,
nihon-bunka.jp,0.0,
n-exus.jp,0.0,
nihongosuki.jp,0.0,
natural-skin.jp,0.0,
nicehat.jp,0.0,
nas-pro.jp,0.0,
nextwoman.jp,0.0,
neotecnos.jp,0.0,
namura-k.jp,0.0,
mysb.jp,0.0,
naoshimajyuku.jp,0.0,
myopinion.jp,0.0,
mystical.jp,0.0,
mysimple.jp,0.0,
myecowrap.jp,0.0,
muramatsu-biken.jp,0.0,
motomatsu.jp,0.0,
money-management.jp,0.0,
monadikos.jp,0.3,
moha.jp,0.0,
misato-shinbi.jp,0.1,
minimalsuzu.jp,0.1,
mlight.jp,0.0,
mitcables.jp,0.0,
mifactory.jp,0.0,
microserver.jp,0.0,
miam.jp,0.0,
mhlove.jp,0.0,
mastercode.jp,0.0,
machpro.jp,0.0,
mentalfitness.jp,0.0,
masuclub.jp,0.0,
luckydip.jp,0.0,
locanet.jp,0.0,
luxenote.jp,0.9,
luth.jp,0.0,
link-jp.jp,1.9,
lorealimode.jp,0.0,
lockers.jp,0.0,
linguahub.jp,0.0,
lightorbit.jp,0.0,
lectin-free.jp,0.0,
limpia-ihin.jp,0.0,
lectinfree.jp,0.0,
lea-lourdes.jp,0.0,
laser-craft.jp,0.0,
kyoto-energy.jp,0.0,
kwks.jp,0.0,
k-maker.jp,0.0,
kryptowire.jp,0.0,
k-kowa.jp,0.0,
k-e-k.jp,0.0,
kebs.jp,0.1,
kionao.jp,0.0,
ki-ds.jp,0.0,
kamihara.jp,0.0,
keijix.jp,0.0,
joyfulmusic.jp,1.9,
jeffu.jp,0.0,
jart2024.jp,1.1,
jiko-naraha-law.jp,0.0,
jict.jp,0.0,
japanesecar.jp,0.0,
japanbusinessforum.jp,0.0,
japansong.jp,0.0,
japanese-whisky.jp,0.0,
istonx2.jp,0.0,
ironie.jp,0.0,
invest-school.jp,0.0,
inunoyado.jp,0.0,
if-else.jp,0.0,
iduru-maikura0821.jp,0.0,
intternesst.jp,0.0,
ifpower.jp,0.0,
huiyou.jp,2.3,
hrscs.jp,0.0,
hypox.jp,0.0,
hokkaidomc.jp,1.1,
hmshop.jp,0.0,
hpplanning.jp,0.0,
hiyochan.jp,0.0,
hiro-d-c.jp,0.0,
herbrity.jp,0.0,
hellfire.jp,0.0,
hiro24.jp,0.0,
hamiltonkojima.jp,25.0,
hakobox.jp,7.0,
happylove.jp,0.0,
gump.jp,0.4,
goodlifedesign.jp,0.0,
haier.jp,0.0,
ginko.jp,0.0,
googleplay.jp,0.0,
gemmyroom.jp,0.4,
giscience.jp,0.0,
gearlytics.jp,4.0,
g-fore.jp,0.0,
gatrial.jp,0.0,
gachimazui.jp,0.1,
fuwarito.jp,0.3,
fukuiou-quiz.jp,1.6,
fujinomachi-mirai.jp,0.0,
exp-mercedes.jp,0.1,
erp-biso.jp,0.0,
fluxfm.jp,0.0,
fineart-studio.jp,0.0,
f5photo.jp,0.0,
e-nikken.jp,0.0,
emil-mana.jp,0.0,
ensellemarcel.jp,0.0,
elephantsoft.jp,0.0,
eigono.jp,0.0,
eatpass.jp,2.5,
earlychance.jp,0.0,
ecbranding.jp,1.6,
earlybirdinc.jp,0.0,
donly.jp,0.0,
digipost.jp,0.0,
dubainews.jp,0.1,
densha-shimbun.jp,0.0,
domehouse.jp,0.7,
digitalsolutions.jp,0.0,
denpita.jp,0.0,
devforce.jp,0.0,
deepseekguide.jp,0.0,
deed.jp,0.0,
davincilive.jp,0.0,
daiji-urata.jp,0.1,
daiendou.jp,0.0,
cwaweb.jp,0.0,
cryptography.jp,0.0,
criceto.jp,0.0,
creative-company.jp,4.4,
cittadesign.jp,0.0,
chmclx.jp,0.0,
coweb.jp,0.0,
cocoona.jp,0.5,
chelsea-marriage.jp,0.0,
catchmo.jp,0.0,
calmee.jp,0.0,
channelthink.jp,0.0,
c-designing.jp,0.0,
byakkotai.jp,0.0,
capcap.jp,1.3,
bridalbase.jp,0.0,
blueswan.jp,0.0,
biz-buddy.jp,0.0,
bcgroup.jp,0.0,
bca-nagoya.jp,2.6,
bi-emedicalaffairs.jp,0.0,
bellaria.jp,0.0,
bc-online-lesson.jp,0.0,
bazaar.jp,0.0,
autoforge-fan.jp,0.0,
aumobile.jp,0.0,
xn--av-xv5cq81k.jp,0.0,
asuka-ind.jp,0.3,
autodiscover.jp,0.0,
aoi-77.jp,0.0,
anypo.jp,0.2,
assemblish.jp,0.0,
aomori-kenminkyosai.jp,0.0,
anjuness.jp,0.0,
angelsliquid.jp,1.2,
angelpeach.jp,0.0,
alliq-solar.jp,0.0,
a-lin4b.jp,0.0,
amana-contents.jp,0.0,
aiscc.jp,1.4,
addaday.jp,0.0,
aceauto.jp,0.0,
a1day1.jp,7.0,
9-design.jp,0.0,
122333.jp,0.0,
xn--tkry91n.jp,0.0,
xn--5rz.jp,0.0,
xn--qoqz12avj0c.jp,0.0,
xn--rovt81g.jp,0.0,
xn--p8j0a9n.jp,0.0,
xn--ick6en31r.jp,0.0,
xn--n8jyc5f.jp,0.0,
zke.jp,0.0,
svo.jp,0.0,
rtl.jp,0.0,
xn--ebkj518x8ci.jp,0.0,
xn--gdkybn5a.jp,0.0,
xn--lck0cvbd9gue.jp,0.0,
xn--n9j5hxbuax2j8h.jp,0.0,
xn--28jj0a3jl3bzd.jp,0.0,
xn--h9j4c0a0b.jp,0.0,
xn--lckya9a0ce.jp,0.0,
pzn.jp,0.0,
pxn.jp,0.0,
nuv.jp,0.0,
xn--ecktb6c4d.jp,0.0,
zylo.jp,0.0,
xn--l8j8avk6o2kyltc3hq947a1svbiy2ineua.jp,0.0,
zirconiaimplant.jp,0.0,
pll.jp,0.0,
z-firm.jp,0.0,
zero1-corp.jp,0.0,
zeroshot.jp,0.0,
z-enter.jp,0.0,
yumelink.jp,0.0,
ytc-corporation.jp,0.0,
youthdesign.jp,0.0,
youlun.jp,0.0,
yorozuya-fukui.jp,0.2,
yolocom.jp,0.0,
yn-lls.jp,0.3,
y-my.jp,0.2,
yarnity.jp,0.0,
yaponsky.jp,0.0,
wls-room-booking.jp,0.0,
yamaguchi-industry.jp,0.0,
x-marketing-job.jp,0.0,
wisdomlab.jp,0.0,
whitrip.jp,0.0,
wexer.jp,0.0,
whitedot.jp,0.0,
weekcomm.jp,0.0,
weddingcollege.jp,0.0,
webmining.jp,0.1,
wanlog.jp,0.0,
walkthrough.jp,0.9,
wa-dining.jp,0.0,
wahta.jp,0.0,
wadajima.jp,0.0,
vntalk.jp,0.0,
vmove.jp,0.0,
viva-work.jp,0.0,
utsukushiimono.jp,0.0,
urban-legend.jp,0.0,
uranaihappy.jp,0.0,
upmost.jp,0.0,
uni-book.jp,7.0,
tutawaru.jp,0.0,
ts-whitening.jp,0.5,
tutankhamun.jp,0.0,
tsumugido.jp,0.0,
tsukuruba.jp,0.0,
tsukino-bag.jp,0.0,
tsucchan.jp,0.0,
trueway.jp,0.0,
tretter.jp,0.0,
trittec.jp,0.0,
trenday.jp,0.0,
trendal.jp,0.0,
tracken.jp,0.0,
travala.jp,0.0,
trappin.jp,0.0,
trade-gate.jp,0.0,
totalhealth.jp,0.0,
townoffice.jp,0.0,
totalcaresalonluana.jp,0.0,
toripowerspot.jp,0.0,
toriita.jp,0.0,
toribird.jp,0.0,
topodisegno.jp,0.0,
topme.jp,0.0,
tomorrowxtogether.jp,0.0,
tiogaholdings.jp,0.0,
tiesind.jp,0.0,
timers.jp,0.0,
the-pro.jp,0.0,
thelib.jp,0.0,
thejunkyard.jp,0.0,
teyea.jp,0.0,
the-cat.jp,0.0,
tetotemusic.jp,0.0,
tenpozan.jp,0.0,
tech-ai.jp,0.2,
teiso.jp,0.0,
talkc.jp,0.0,
tateoka.jp,0.0,
taishokudaikou-navi.jp,0.0,
taguri.jp,0.0,
tabehoudai.jp,0.0,
ns4.jp,0.0,
syouzi.jp,0.0,
suuu0120.jp,0.0,
sunsistemo.jp,0.0,
sunroadishikawa.jp,18.0,
sunlight-tokyo.jp,7.0,
style-z.jp,0.0,
sumibiclub-sakana.jp,0.0,
stretch7.jp,0.0,
studygame.jp,0.0,
stfc.jp,0.0,
stella-tax.jp,0.9,
staas.jp,0.0,
startfx.jp,0.0,
spa-ec.jp,0.0,
spell.jp,0.0,
soric.jp,0.0,
soraburitenshop.jp,18.0,
sokochi-soudan.jp,0.0,
sol-now.jp,0.0,
soldat.jp,0.0,
snape.jp,0.0,
smart-property.jp,0.0,
smartgrants.jp,0.0,
smart-contract.jp,0.0,
skyrocketweb.jp,0.0,
simplevision.jp,0.0,
sisley-cosmetics.jp,0.0,
sircoin.jp,0.0,
simizushop.jp,7.0,
show-bay.jp,0.0,
sifclalis-svc.jp,0.0,
shina-chiro.jp,0.0,
shakaijinkisoryoku.jp,0.0,
shance.jp,0.0,
sewing-plaza.jp,0.0,
seven-corp.jp,0.0,
seikatsukobo.jp,0.0,
semi-suppo.jp,0.0,
selfphoto.jp,0.0,
sd-windenergy.jp,0.0,
seamoney.jp,0.0,
sdgs-taishoku-daikou.jp,0.0,
scm-management.jp,8.0,
salontaf.jp,0.0,
scandit.jp,0.0,
sale-on.jp,0.0,
salmonlife.jp,2.3,
sachiyo.jp,0.0,
jog.jp,0.0,
saaageboutique.jp,0.0,
ryokugen.jp,0.0,
route-lab.jp,0.0,
roomchiba.jp,0.0,
rothys.jp,0.0,
ripple-bank.jp,0.0,
rightclue.jp,0.0,
retailsupport.jp,0.0,
resolutio.jp,0.0,
restandrelax.jp,0.0,
report831epic.jp,0.0,
report782hops.jp,0.0,
report419foam.jp,0.0,
report391goat.jp,0.0,
report202pint.jp,0.0,
renomado.jp,10.0,
refreshing.jp,0.0,
recruit-baciami.jp,0.0,
redkenimode.jp,0.0,
rectus.jp,0.0,
recourse.jp,0.0,
recruit-andtoday.jp,0.0,
realrose.jp,0.0,
quizgpt.jp,0.0,
re-5.jp,0.0,
qbase.jp,0.0,
fwt.jp,0.0,
fqn.jp,0.0,
pullrequest.jp,0.0,
pskiseki.jp,0.0,
proful.jp,0.0,
productjam.jp,0.0,
products-live.jp,0.0,
prisearch.jp,0.0,
p-reserve.jp,0.0,
poslab.jp,0.0,
precioushome.jp,0.0,
pranahealing.jp,0.0,
polijap.jp,0.0,
pn-paradise.jp,0.0,
play-ojo.jp,0.2,
pluswat.jp,0.0,
plusglass.jp,0.0,
a31.jp,0.0,
planlife.jp,0.0,
pinta.jp,0.0,
picme.jp,0.0,
pf-consulting.jp,0.0,
pesitro.jp,0.0,
patapata0831.jp,0.0,
pcsj.jp,0.0,
panzerotti.jp,0.0,
oushouji.jp,0.0,
page-me.jp,0.0,
packandsend.jp,0.0,
oursblanc.jp,0.0,
osaka-yuigon.jp,0.0,
otsuka-kogyo.jp,0.0,
oshinabete.jp,0.0,
osakanakun.jp,0.0,
online-soroban.jp,0.0,
osaka-endoscope.jp,0.0,
optimizedcontent.jp,0.0,
openlane.jp,0.0,
onlinemaster.jp,0.0,
ondmade.jp,0.0,
omcsjapan.jp,0.0,
onclick.jp,0.0,
omaro.jp,0.1,
oki37.jp,0.0,
olio-remix.jp,0.0,
okazou.jp,0.0,
ohbi.jp,0.0,
ogawa-siw-kagoshima.jp,0.0,
odde.jp,0.0,
ogawa-sekkotsuin.jp,0.0,
obent.jp,0.0,
96s.jp,0.0,
numberscafe.jp,0.1,
nsd-inc.jp,0.0,
7sp.jp,0.0,
nowplaying.jp,0.0,
nplex.jp,0.0,
noriko-flower.jp,0.0,
nobuy.jp,0.0,
norikawa.jp,0.0,
nissay-tp.jp,0.0,
nobechoru-media.jp,0.0,
nihonchuoresearch.jp,0.0,
new-jobs.jp,0.0,
next-skill.jp,7.0,
network888.jp,0.0,
netwedding.jp,0.0,
net-concierge.jp,0.0,
nestoria.jp,0.0,
neiro-tokyo.jp,0.0,
nbl-a.jp,0.0,
naemt.jp,0.0,
nabeblo.jp,0.0,
mzinc.jp,0.0,
mukiryoku.jp,0.0,
mugearth.jp,0.0,
muica.jp,0.0,
mride.jp,0.0,
mrsecurity.jp,0.0,
momau.jp,0.0,
mote-men.jp,0.0,
montasoccer.jp,0.0,
mogitori.jp,0.0,
modelbase.jp,0.0,
mjcreation.jp,0.0,
miyavie.jp,0.0,
miyagift.jp,0.0,
miyaji.jp,0.0,
mirai-tsugaru-art.jp,0.0,
mingiga.jp,0.6,
mirai-kyoshitsu.jp,0.0,
mirai-code.jp,0.0,
minarai.jp,0.0,
mifare-ultralight.jp,0.0,
mimistudio.jp,0.0,
m-ideal.jp,0.0,
mewbar.jp,0.0,
merleende.jp,0.0,
metadoll.jp,0.0,
mental-shindan.jp,0.2,
merckgroup.jp,0.0,
merakimotors.jp,0.0,
mens-bild.jp,0.0,
mentalgym.jp,0.0,
memberscareer.jp,0.0,
me-job.jp,0.0,
meisi.jp,0.0,
mayomayo.jp,0.0,
meiji-probio.jp,0.0,
medibox.jp,0.0,
medibook.jp,0.0,
mayumitodance.jp,0.0,
mature-milfy.jp,0.0,
masterai.jp,0.0,
marronpressor.jp,0.0,
marketingtherapy.jp,0.0,
man-up.jp,0.0,
manman.jp,0.0,
manabi-labo.jp,0.0,
mailmatrix.jp,0.0,
majikoi.jp,0.0,
macrotech.jp,0.2,
m1sports-media.jp,0.0,
lu-xu.jp,0.0,
luxo.jp,0.0,
lupis.jp,0.0,
lutgen.jp,0.0,
luckyman.jp,0.0,
lucianoa.jp,0.0,
logshybricks.jp,0.0,
loveselftalk.jp,0.0,
localevent.jp,0.0,
lizimedia.jp,0.0,
loa3.jp,0.0,
livpro.jp,4.4,
linkca.jp,0.0,
lifelogger.jp,0.0,
lindy-japan.jp,0.0,
lideia.jp,0.0,
li-en.jp,0.0,
lavieenrober.jp,0.0,
lemonworld.jp,0.0,
legalfactory.jp,0.0,
lasttangoinparis.jp,0.0,
labridge.jp,0.0,
kwenaproducts.jp,0.0,
kyoto-petsougisha.jp,0.0,
k-trader-fx.jp,0.6,
ktds.jp,0.0,
koutu.jp,0.0,
ksj-net.jp,0.0,
koudaunsou.jp,0.0,
koso-premium.jp,0.0,
kotonohaya.jp,0.0,
kotonoha-ac.jp,0.0,
koomo.jp,0.4,
koryouri-ojiji.jp,0.0,
kobatecheng.jp,0.7,
k-labo.jp,0.0,
kizunawork.jp,0.0,
kinehamonica.jp,0.0,
kimama-travel.jp,2.6,
kimono-terasu.jp,0.0,
kenkoudouseikotsuin.jp,0.0,
k-eta.jp,0.0,
keimino.jp,0.0,
keimen.jp,0.0,
keiei-sanbou-ts.jp,0.0,
kazaraku.jp,0.0,
kawakami-digital.jp,0.0,
karitsuba.jp,0.0,
kamosi.jp,0.0,
kannonyamafusya.jp,0.0,
kana-life.jp,0.0,
kaitori-customa.jp,0.0,
kaigee.jp,0.0,
junux.jp,0.0,
junjun.jp,0.0,
j-spec.jp,0.0,
jpsn.jp,0.0,
jsoftware.jp,0.0,
jrao.jp,1.2,
jokeorjourney.jp,0.0,
2ba.jp,0.0,
jjmall.jp,0.0,
jiojio.jp,0.0,
jimosapo.jp,0.0,
japan-medieval-disaster-events.jp,0.0,
izzy.jp,0.0,
izawanomiya.jp,0.0,
izumi-b.jp,0.0,
itina.jp,0.0,
isomura-web.jp,0.0,
isesaki-sfss.jp,0.0,
island-co.jp,0.0,
isbe-iwnt2025.jp,0.7,
ipsc.jp,0.0,
iqoscience.jp,0.0,
iooi.jp,0.0,
ioyoi.jp,0.0,
internet-tantei.jp,0.0,
inpostassist.jp,0.0,
infomap.jp,0.0,
incruise.jp,0.0,
imine.jp,0.0,
ikukyuproject2025.jp,2.8,
idme.jp,0.0,
ichinohehome.jp,1.1,
hyunhyun.jp,0.0,
humor.jp,0.0,
hschool.jp,0.0,
ht-ama.jp,0.0,
howtoliveinjapan.jp,0.0,
honeydo.jp,0.0,
homekeep.jp,0.0,
hokutoshop.jp,18.0,
hoken-partner.jp,0.0,
hm2k.jp,0.0,
hirevo.jp,0.0,
hifunavi.jp,0.0,
high-style.jp,0.0,
hiai.jp,0.0,
helpfuldark.jp,0.0,
hellowork-navi.jp,0.0,
heidiheidi.jp,0.0,
healthy-honpo.jp,0.0,
hedon.jp,0.0,
hearttoheart.jp,0.0,
hataraku-info.jp,0.0,
hasimotosougyou.jp,0.0,
harumiclinic.jp,0.0,
harukoota.jp,0.0,
handling.jp,0.0,
happynow.jp,0.0,
handpresso.jp,0.0,
haircare-shop.jp,0.0,
haizen.jp,0.0,
guideinpost.jp,0.0,
guestbook.jp,0.0,
grainfree.jp,0.0,
grenzgaenger.jp,0.0,
great-shaft.jp,0.0,
gotrust.jp,0.0,
gotan.jp,0.0,
goromarujun.jp,0.2,
goooal.jp,0.0,
goodlabo.jp,0.0,
golf-junior.jp,0.0,
gokka.jp,0.0,
globalai.jp,0.0,
gam-pc.jp,0.0,
giti.jp,0.0,
gagalin.jp,0.0,
fylo.jp,0.0,
future-soft.jp,0.0,
fukuwake.jp,0.0,
futamataonsen.jp,0.0,
futabahouse.jp,0.0,
fugaku-bfc.jp,0.0,
frontier-m.jp,0.0,
frontier-life.jp,0.0,
frontfirst.jp,0.0,
freelancehub.jp,0.0,
fine-log.jp,0.0,
flexjobs.jp,0.0,
fashion-travel.jp,0.0,
fibrovet.jp,0.0,
express555.jp,0.0,
euphoria-official.jp,0.0,
everframe.jp,0.0,
ev-connect.jp,0.0,
e-training3.jp,0.0,
essweekinse.jp,0.0,
e-spark.jp,0.0,
eshealth.jp,2.9,
equal-love-fan.jp,0.0,
english-guild.jp,0.0,
egsaas.jp,0.0,
elp35.jp,0.0,
e-decision.jp,0.0,
ectact.jp,0.0,
ecodesys.jp,1.8,
easyorder.jp,0.0,
easylifemusic.jp,0.2,
eastwoods.jp,0.0,
dvd-navi.jp,0.0,
dry-headspa.jp,0.0,
dsm-japan.jp,0.0,
d-sherpa.jp,0.0,
drs-net.jp,0.0,
directlyfrom.jp,0.0,
do-jin.jp,0.0,
diet-yossy-yasetai.jp,0.0,
devicetrial.jp,0.0,
dicota.jp,0.0,
design01.jp,0.0,
dentalweb.jp,0.0,
dentalhealthcare.jp,0.0,
deliport.jp,0.0,
delimaru.jp,0.0,
dearnatural.jp,0.0,
dcrr.jp,4.4,
dddlab.jp,2.1,
daiyashop.jp,18.0,
daisy1219.jp,0.0,
daikio.jp,0.0,
daido-bousai-symposium.jp,0.7,
culture-house.jp,0.0,
custom-tool.jp,0.0,
custom-engineered-products.jp,0.2,
c-s-s.jp,0.0,
crist-hd.jp,0.0,
companypoint.jp,0.0,
comedge.jp,0.0,
codestack.jp,0.0,
coco-colors.jp,0.0,
cloud-logger.jp,0.0,
clarityconsulting.jp,0.0,
cj-immigration.jp,0.0,
chuolegal.jp,0.0,
chase-mc.jp,2.1,
champ-de-fleurs.jp,0.0,
carpediemtours.jp,0.0,
centurygroup.jp,0.0,
carouseljapan.jp,0.0,
callbattle.jp,0.8,
captain-design.jp,0.0,
byzoom.jp,0.0,
bukkowasu.jp,0.0,
b-u-gard.jp,0.0,
buildit.jp,0.0,
b-sports.jp,0.0,
brass-connection.jp,0.0,
bridges.jp,0.0,
bluema.jp,0.0,
blogy.jp,0.0,
blog-live.jp,0.9,
black-sun.jp,0.0,
bizworkflow.jp,0.0,
bisaika.jp,0.0,
bfshop.jp,0.0,
bestvisioncare.jp,0.0,
benibara.jp,0.0,
basefashion.jp,0.0,
bayu.jp,0.0,
bardstory.jp,0.0,
babynote.jp,0.0,
baliart.jp,0.0,
babymam.jp,0.0,
ayurjourney.jp,0.0,
a-wash.jp,0.0,
avlive.jp,0.0,
avonlady.jp,0.0,
autumn-tec.jp,0.0,
a-u-gard.jp,0.0,
atsumitakeuchi.jp,2.9,
atsukiblog.jp,0.0,
askq.jp,0.0,
asarisusumu.jp,0.0,
aocolla.jp,0.0,
anytime-driving-service.jp,8.0,
ano-design.jp,0.0,
anshinsakai.jp,0.0,
and-air.jp,0.0,
amberlight.jp,19.0,
amature-av.jp,0.0,
amaray.jp,0.0,
alphamale.jp,0.0,
alche-mist.jp,0.0,
akihiromiyazawa.jp,0.0,
akiex.jp,0.0,
akeshime.jp,0.0,
akachantoissyo.jp,0.0,
ai-persona-marketing.jp,10.0,
aipay.jp,0.0,
aim-saitama.jp,0.0,
aikoshop.jp,18.0,
acceleratorllc.jp,0.0,
aic-tao.jp,0.0,
adatikengo.jp,0.0,
accelerometer.jp,0.0,
a-anchor.jp,0.0,
5and3.jp,0.0,
1dhsokuhou.jp,0.0,
1620.jp,0.0,
xn--l8jvb4aycv631brod094a567d.jp,0.0,
xn--n4to4d9ztp87a.jp,0.0,
xn--hdyuit7kwd.jp,0.0,
xn--6btt47cdjaq0p.jp,0.0,
xn--7-006at1kw1bl3eu1p4hqjt9d.jp,0.0,
xn--r8j8a0gy29meof.jp,0.0,
xn--o1q68od6kv2zz0swlp.jp,0.0,
xn--14u668c4tu.jp,0.0,
xn--s0y55rp2gg3b.jp,0.0,
xn--5z0a25o.jp,0.0,
xn--tkru6rx5brz7gn6c.jp,0.0,
xn--cjrz24bbia68b.jp,0.0,
xn--i8sv41dtht.jp,0.0,
xn--4gqs0ax13c46v.jp,0.0,
xn--4gqs0al2hcw9c.jp,0.0,
xn--7rvw68d.jp,0.0,
xn--28j1b1duia3j6bwp445vouzg.jp,0.0,
xn--nck0a0ar8k5b7444amo2b.jp,0.0,
xn--nbk690kiial22h5ux.jp,0.0,
xn--blqu1xvyj.jp,0.0,
xn--qerx59i.jp,0.0,
xn--4lr901c.jp,0.0,
xn--n8jx07hl1m.jp,0.0,
xn--4gqwb31cw7j7zg2owtqzlrdppf7vmu34e.jp,0.0,
xn--r7vt02a.jp,0.0,
xn--lhr218bots0zizkh.jp,0.0,
xn--fhqw6tt20d.jp,0.0,
xn--i8s32z3dz83q.jp,0.0,
xn--nmqr21d3dr99g.jp,0.0,
xn--i8sz2fz9jef.jp,0.0,
xn--4gqz03d3dl27l.jp,0.0,
xn--pqq22ixvkv87c.jp,0.0,
xn--pqq22irswirb858g.jp,0.0,
xn--pqq22ip9xu79a.jp,0.0,
xn--pqq22iwu1e.jp,0.0,
xn--pqq22irswirb.jp,0.0,
xn--pqq22ip9x.jp,0.0,
xn--xckvb2c6b0eq13tvtg.jp,0.0,
xn--pqqy43n.jp,0.0,
xn--ogtx74j.jp,0.0,
xn--79qp8v6vcnsd5xo.jp,0.0,
xn--est67yjd.jp,0.0,
xn--4b0a26inqt.jp,0.0,
xn--mon-desay-pn4x.jp,0.0,
xn--36q77sjoq.jp,0.0,
xn--2025-4c0gm1tbm7aje2d.jp,0.0,
xn--pck5a2c7g696vcoan455a.jp,0.0,
xn--i6q332a54qr4g652b.jp,0.0,
xn--rss32l.jp,0.0,
xn--lckh2coy2rxa0d9dz877j.jp,0.0,
xn--xyw559e.jp,0.0,
xn--i0t0gn90fnze.jp,0.0,
xn--kzwx31a.jp,0.0,
xn--tiq01fkwac02dv51aupq.jp,0.0,
xn--b6qqyf11chp9a.jp,0.0,
xn--1sq5lh7az3a.jp,0.0,
xn--tlq003c6we3sejsx.jp,0.0,
xn--cckhd4a1c0322a8lxa1hpki0b.jp,0.0,
xn--ogt329cfpv.jp,0.0,
xn--7rs679l.jp,0.0,
xn--r9jv90goqh9x6d.jp,0.0,
xn--18j3fz17u2oqt7a.jp,0.0,
xn--f9je3b0pxhnc5c1hx880a.jp,0.0,
xn--gmqq3iyuvh8n.jp,0.0,
xn--gmqq3ig30atej.jp,0.0,
xn--ekr68an78h.jp,0.0,
xn--db-1o7ct16e.jp,0.0,
xn--lck4bugsc5291a.jp,0.0,
xn--cck5bxhfk4g.jp,0.0,
xn--nbk7g7b764o.jp,0.0,
xn--zckydb.jp,0.0,
xn--cck4b0a4f1b.jp,0.0,
xn--fdkn8byeb.jp,0.0,
xn--6ckzch8723ayn3c.jp,0.0,
xn--n8jl8kxcn7bc94f.jp,0.0,
xn--eckl8kxcn7bc1e.jp,0.0,
xn--eckl8kxcn7bc3di.jp,0.0,
xn--eckl8kxcn7bc3dcg.jp,0.0,
xn--n8jar2podpa5cc.jp,0.0,
xn--eckar2podpa5cc.jp,0.0,
xn--eckar2podpa5cc1e.jp,0.0,
xn--eckar2podpa5cc1ec.jp,0.0,
xn--7ckvc.jp,0.0,
xn--dck9c4bydfe.jp,0.0,
xn--k8jai5f8a2dxdd1r4cr4d.jp,0.0,
xn--bckai5f8a2dxdd1r4cze.jp,0.0,
xn--lckh3dvdxb0lb.jp,0.0,
xn--y9j4axa.jp,0.0,
xn--r8jd9jwdq0ab.jp,0.0,
xn--ccka0el4b4ab2b7czf9a2b9n.jp,0.0,
xn--v9j9byf5co.jp,0.0,
xn--n8jych1c.jp,0.0,
xn--1ckm4b7a7j0b.jp,0.0,
xn--eckxb6bwa1nmb.jp,0.0,
xn--xckr8b5f2b.jp,0.0,
xn--28j8be4712c.jp,0.0,
xn--lck0a5auxk7412dguva68z.jp,0.0,
xn--5ckp3nn28kf7iq5z.jp,0.0,
xn--u8j6bn7h.jp,0.0,
xn--ccks3bfe5cyhsh7bc.jp,0.0,
xn--cck2bsrx6g9lm67u2dl9tbwx63a.jp,0.0,
xn--cck2bsrx6g9lm67u2dly32l.jp,0.0,
xn--ccklu3bxa0ese.jp,0.0,
xn--cckhd4a1c2a1f1e.jp,0.0,
xn--cckhd4a1c.jp,0.0,
xn--eckyb5b5dza9nc.jp,0.0,
xn--cck2bsrx6g9lm67ucb0dot8b.jp,0.0,
xn--qckmb1noc2bzd.jp,0.0,
xn--pckr7auxud7lzfe.jp,0.0,
xn--dckyaybg6f2em2lh4a5i.jp,0.0,
xn--hckqz9b9byk.jp,0.0,
xn--tck2a3kb.jp,0.0,
xn--w8jj4hqfc.jp,0.0,
xn--n8jzab5a.jp,0.0,
xn--cckuan4gd5b8rmcc.jp,0.0,
xn--hck5aza9o8cy236boq6b.jp,0.0,
xn--z8jvbp2ls56ppqzd.jp,0.0,
xn--eckvab3f0606bl3ya.jp,0.0,
xn--w8jye0c.jp,0.0,
xn--t8jk4a2o.jp,0.0,
xn--kckwa3k.jp,0.0,
xn--kck0cva6a0nc.jp,0.0,
xn--r8j8a9d.jp,0.0,
xn--cckdbna5hqc.jp,0.0,
xn--cckdbna5hqc31ad.jp,0.0,
xn--n8jyau7s.jp,0.0,
xn--cckyc5b7j.jp,0.0,
xn--eckyau7s.jp,0.0,
xn--cck5d6b.jp,0.0,
zyndo.jp,0.0,
zwkwhf.jp,0.0,
zumilog.jp,0.0,
zurich-i.jp,0.0,
zonzondon.jp,0.0,
zoiqj-iety.jp,0.0,
zoicon.jp,0.0,
zohdoh.jp,0.0,
zltuar.jp,0.0,
zestengineering.jp,0.0,
zeropixel.jp,0.0,
zeroone-ai.jp,0.0,
zerocero.jp,0.0,
zerobegin.jp,0.0,
zeroall.jp,0.0,
zera-consulting.jp,0.0,
zenoki.jp,0.0,
zenithcore.jp,0.0,
zenthira.jp,0.0,
zdtpvp.jp,0.0,
zawao.jp,0.0,
z-carbon.jp,0.0,
zark.jp,0.0,
zaitaku-form.jp,0.0,
zaccaholic.jp,0.0,
yyuzzuno.jp,0.0,
yykoffice.jp,0.0,
yuzo-ai.jp,0.0,
yuyaportfolio.jp,0.0,
yuukisan.jp,0.0,
yuukido.jp,0.0,
yuu1015.jp,0.0,
yutorislife.jp,0.0,
yushin2020.jp,0.0,
yuruteni.jp,0.0,
yurukatu.jp,0.0,
yurinokitantei.jp,0.0,
yurelia.jp,0.0,
yunproject.jp,0.0,
yunow.jp,0.0,
yumiba-sroffice.jp,0.0,
yumemore.jp,0.0,
yume-kanakana.jp,0.0,
yumehantou.jp,0.0,
yumblog.jp,0.0,
yukitopia.jp,0.0,
yuiitsusei-ma.jp,0.0,
yu-ken2018.jp,0.0,
yuiina.jp,0.0,
yu-igi-systems.jp,0.0,
yu-igi.jp,0.0,
yuhgen.jp,0.0,
yugalabsnews.jp,0.0,
yucons.jp,0.0,
yskoffice.jp,0.0,
yozola2025.jp,0.0,
yoursjapan.jp,0.0,
younow.jp,0.0,
youjitohoiku.jp,0.0,
yotsubasai.jp,0.0,
youngbest.jp,0.0,
yoton.jp,0.0,
yotchi.jp,0.0,
yossysample.jp,0.0,
yoshinari-seika.jp,0.0,
yoshino-practice.jp,0.0,
yoshimura-kuuchou.jp,0.0,
yoshimicraft.jp,0.0,
yosakoi-kochi.jp,0.0,
yorugata.jp,0.0,
yorione.jp,0.0,
yorha2b.jp,0.0,
yomilan-night.jp,0.0,
yokiso-org.jp,0.0,
yoga-place.jp,0.0,
yn-shop.jp,0.0,
ymdemo.jp,0.0,
yln.jp,0.0,
yk2bb4l2ompch3q5qjj3.jp,0.0,
yjpcl-unn.jp,0.0,
yielde.jp,0.0,
yidt.jp,0.0,
yi0317.jp,0.0,
ygtravel.jp,0.0,
yentrosa.jp,0.0,
yellowtokyo.jp,0.0,
yclxio.jp,0.0,
yebistei.jp,0.0,
yasumura2030.jp,0.0,
yasuhiko.jp,0.0,
yasoshina.jp,0.0,
yase-ta.jp,0.0,
y-aoki.jp,0.0,
yasa.jp,0.0,
yamato-taxi.jp,0.0,
yamasite.jp,0.0,
yamashita-office.jp,0.0,
yamart.jp,0.0,
yamaoka-kogyo.jp,0.0,
yamada-network.jp,0.0,
yakult-ymp.jp,0.0,
yakumani.jp,0.0,
yakins.jp,0.0,
yahoo-customer-support.jp,0.0,
yafei.jp,0.0,
yadon.jp,0.0,
yachiyohikarihoikuen.jp,0.0,
y41yoshito.jp,0.0,
y330addw45olj6n7pskj.jp,0.0,
y2priv.jp,0.0,
xworldcompany.jp,0.0,
xs8nd6yqj29s3hvh62fk.jp,0.0,
xprvp-unn.jp,0.0,
xixiaolu.jp,0.0,
x-designer.jp,0.0,
x3accounting.jp,0.0,
x0617.jp,0.0,
wzsn.jp,0.0,
wwmpzo.jp,0.0,
wundelix.jp,0.0,
ws-drive.jp,0.0,
wrpt.jp,0.0,
w-r-d.jp,0.0,
wpvou-iety.jp,0.0,
wowma-shop.jp,0.0,
worldgarage.jp,0.0,
workstamp.jp,0.0,
workers24.jp,0.0,
workcreatefreedom.jp,0.0,
wordpress111.jp,0.0,
woodycat.jp,0.0,
woodbox-kumamoto.jp,0.0,
wonderdrill.jp,0.0,
woltmarket.jp,0.0,
womensparty.jp,0.0,
wndrer.jp,0.0,
wn2a.jp,0.0,
wmwmw.jp,0.0,
wmqkpb.jp,0.0,
wizion.jp,0.0,
wixship.jp,0.0,
wisdom-garden.jp,0.0,
winprokey.jp,0.0,
winepair.jp,0.0,
windowsnews.jp,0.0,
w-in.jp,0.0,
wind-group.jp,0.0,
willstep.jp,0.0,
willburt.jp,0.0,
wifemovie.jp,0.0,
white-rooms.jp,0.0,
white-research-institute.jp,0.0,
whitebeard.jp,0.0,
white-laboratory.jp,0.0,
whispent.jp,0.0,
westvillag-tax.jp,0.0,
wely.jp,0.0,
welmap.jp,0.0,
welstar.jp,0.0,
wellnessc.jp,0.0,
welforest.jp,0.0,
welead.jp,0.0,
wecart.jp,0.0,
webshift.jp,0.0,
webstyles.jp,0.0,
webmotors.jp,0.0,
web-nichiren.jp,0.0,
web-coach.jp,10.0,
web3project.jp,0.0,
web3dot0.jp,0.0,
wearemorethan.jp,0.0,
wearemusic.jp,0.0,
wear-buffer.jp,0.0,
wealth-real-estate.jp,0.0,
weakly-bun.jp,0.0,
wayourflife.jp,0.0,
way-botch.jp,0.0,
wave-thank.jp,0.0,
waterdispenser.jp,0.0,
watercolor-blatant.jp,0.0,
watchrepair-watanabe.jp,0.0,
wataras.jp,0.0,
watanabekazufumi.jp,0.0,
warenhaus.jp,0.0,
wanwan-photo.jp,0.0,
wanpat.jp,0.0,
wanomoridayori.jp,0.0,
wannyankobo.jp,0.0,
wankomap.jp,0.0,
wannumber.jp,0.0,
walnut-bogus.jp,0.0,
walletverse.jp,0.0,
walkingtokyo.jp,0.0,
walletai.jp,0.0,
walipay.jp,0.0,
wakuto.jp,0.0,
wakuwakufudosan.jp,0.0,
wakayama-city-premium2025.jp,0.0,
wakarulog.jp,0.0,
waikikitalkstories.jp,0.0,
wabisabijapan.jp,0.0,
w1jy6o5q50giav4mt0ny.jp,0.0,
vzn.jp,0.0,
vvcjapan.jp,0.0,
vuyvpw.jp,0.0,
vtpyu-atq.jp,0.0,
vt-comp.jp,0.0,
vshome.jp,0.0,
vpasbbcig.jp,0.0,
vork.jp,0.0,
voltinc.jp,0.0,
voidbox.jp,0.0,
voice-training-navi.jp,0.0,
vocolorist-hari.jp,0.0,
vljc6l8zmjmdkno2q9np.jp,0.0,
vixeed.jp,0.0,
vkgxwu.jp,0.0,
vivlos.jp,0.0,
vitamin3.jp,0.0,
visit-desk.jp,0.0,
virtualai.jp,0.0,
viptokyo.jp,0.0,
vionelle.jp,0.0,
vintagetown.jp,0.0,
vilsxu.jp,0.0,
vibez.jp,0.0,
villa-hirabari.jp,0.0,
vhuman.jp,0.0,
vhdl.jp,0.0,
viamotif.jp,0.0,
verilog.jp,0.0,
very-gakusyu.jp,0.0,
venus-game.jp,0.0,
ventra.jp,0.0,
ventduciel.jp,0.0,
velocity-rt.jp,0.0,
vegasvegas-senri.jp,0.0,
vcd.jp,0.0,
veditor.jp,0.0,
varkhent.jp,0.0,
varietybento.jp,0.0,
vapedia.jp,0.0,
valtia.jp,0.0,
valar.jp,0.0,
vantage-official.jp,0.0,
uyoung.jp,0.0,
uyn.jp,0.0,
uwai-shoten.jp,0.0,
ut-products.jp,0.0,
utoto-usasa.jp,0.0,
utayominoniwa.jp,0.0,
utaufarm.jp,0.0,
usui-consulting.jp,0.0,
usuge-chiryou.jp,0.0,
u-soars.jp,0.0,
usagistudio.jp,0.0,
urbanvape.jp,0.0,
urarekishionline.jp,0.0,
uranai-gpt.jp,0.0,
uraakajosi.jp,0.0,
upstreameducation.jp,0.0,
uproach.jp,0.0,
u-placenta.jp,0.0,
unvrs.jp,0.0,
untion.jp,0.0,
unscripted.jp,0.0,
unscript.jp,0.0,
unntokoshow.jp,0.0,
unmeilab.jp,0.0,
united-hoshimi.jp,0.0,
unit-consulting.jp,0.0,
unionmedi.jp,0.0,
uni-fam.jp,0.0,
unidy-irisplaza.jp,0.0,
unidon-chin7.jp,0.0,
unicorn-weld.jp,0.0,
unicornwatch.jp,0.0,
unicone.jp,0.0,
u-n-gle.jp,0.0,
undpkl.jp,0.0,
unaninabeauty.jp,0.0,
unanina.jp,0.0,
u-medi.jp,0.0,
umadoctor-x.jp,0.0,
ultimatravelclub.jp,0.0,
ulthamea.jp,0.0,
ulcas.jp,0.0,
ukasu.jp,0.0,
uit-consulting.jp,0.0,
ugypsophila-inc.jp,0.0,
ugecr-unn.jp,0.0,
uftykb.jp,0.0,
uforward.jp,0.0,
ueden.jp,0.0,
udemytest-ta.jp,0.0,
uchinomanabiya.jp,0.0,
uchunihonkyodo-dailynews.jp,0.0,
uchii.jp,0.0,
uberfreight.jp,0.0,
ucarnext.jp,0.0,
u3q80sm9glrlp9ag6j3c.jp,0.0,
two-wayplayer.jp,0.0,
twothree-23.jp,0.0,
twodash.jp,0.0,
twitterblue.jp,0.0,
twinpeace.jp,0.0,
twinkle-twinkle-family.jp,0.0,
tv-drama.jp,0.0,
tutorials.jp,0.0,
turquoise-travel.jp,0.0,
turn-saiyo.jp,0.0,
turquoisetravel.jp,0.0,
tukurioki.jp,0.0,
tujimurakouzai.jp,0.0,
ttomo.jp,0.0,
tube-hiroko20th.jp,0.0,
ttc0401.jp,0.0,
tsukuoki-planing.jp,0.0,
tsukizuki.jp,0.0,
tsukiakari-story.jp,0.0,
tsukapyongta.jp,0.0,
tsuiki.jp,0.0,
tsugunova.jp,0.0,
tsp3taspo.jp,0.0,
tsp3avvm.jp,0.0,
tsugicho.jp,0.0,
tsl-sparklingwater.jp,0.0,
tryalive.jp,0.0,
t-selectshop.jp,0.0,
trust-law-soudan.jp,0.0,
trust-brick.jp,0.0,
trustas.jp,0.0,
troyounce.jp,0.0,
tropicalnote.jp,0.0,
troap-iety.jp,0.0,
trip-trip.jp,0.0,
triumph24.jp,0.0,
trendymix.jp,0.0,
trendcreator.jp,0.0,
trendcompany.jp,0.0,
tremquor.jp,0.0,
treasure-kaitori.jp,0.0,
travewriter.jp,0.0,
travel-quest.jp,0.0,
travelquest.jp,0.0,
travel-magic.jp,0.0,
trating.jp,0.0,
traten.jp,0.0,
transition4.jp,0.0,
trabalhobom.jp,0.0,
trademedia.jp,0.0,
toyota-kusuri.jp,0.0,
toyo-adtechno.jp,0.0,
toyokey.jp,0.0,
toushika23.jp,0.0,
tour-concierge-japan.jp,0.0,
tourtee.jp,0.0,
tounyou-shimeji.jp,0.0,
toukyu-nasic.jp,0.0,
toukoujitoukoureien-isisapo.jp,0.0,
tougokusansha.jp,0.0,
totonoeterrace.jp,0.0,
tosihiro.jp,0.0,
toshika23.jp,0.0,
toseienge.jp,0.0,
tornado-sponsor.jp,0.0,
toriking.jp,0.0,
toricloud.jp,0.0,
toratora610.jp,0.0,
topstuff1.jp,0.0,
toppan-vexpo.jp,0.0,
topbower.jp,0.0,
tonkastu-sugita.jp,0.0,
tonarino-midwife.jp,0.0,
tommy-house.jp,0.0,
tomiyama-music.jp,0.0,
tomidahama1.jp,0.0,
tomalife.jp,0.0,
tomainc.jp,0.0,
tokyotel.jp,0.0,
toltol.jp,0.0,
tokyotaiyakimania.jp,0.0,
tokyo-shokumou-clinic.jp,0.0,
tokyo-garden-terrace.jp,0.0,
tokyo-gardenterrace.jp,0.0,
tokyojapantravel.jp,0.0,
tokyo-ccil.jp,0.0,
tokyo-biyou-shokumou-clinic.jp,0.0,
tokyo-biyou-clinic.jp,0.0,
tokyo-biyou.jp,0.0,
tokumitai.jp,0.0,
tokuhint.jp,0.0,
tokiwear.jp,0.0,
tokoinc.jp,0.0,
tokikougyou.jp,0.0,
tokachi-kakki.jp,0.0,
t-oka.jp,0.0,
toileo.jp,0.0,
tnuts.jp,0.0,
t-nature.jp,0.0,
toatustu.jp,0.0,
tmks9618.jp,0.0,
tmkoffice.jp,0.0,
tmk1101.jp,0.0,
tlink-fitness.jp,0.0,
tk-studios.jp,0.0,
tk-shop.jp,0.0,
tiriad-office.jp,0.0,
tinkerlink.jp,0.0,
timingtogetcashgncn.jp,0.0,
tiktok-store.jp,0.0,
tiger98.jp,0.0,
ticket-campaign-2507.jp,0.7,
xn--tiktok-ul2mm8f.jp,0.0,
th-service-co.jp,0.0,
thisisnature.jp,0.0,
thinkform.jp,0.0,
the-wedding-photo.jp,0.0,
the-signal.jp,0.0,
thestarclub.jp,0.0,
the-sakaguchi.jp,0.0,
therenow.jp,0.0,
therebrand.jp,0.0,
the-else.jp,0.0,
tgmrihr.jp,0.0,
tgi-ses.jp,0.0,
tftimes.jp,0.0,
t-files.jp,0.0,
tfkmr.jp,0.0,
teyomire.jp,0.0,
tetsutech.jp,0.0,
testsite2030.jp,0.0,
testinnovation.jp,0.0,
testn8nmlp.jp,0.0,
test-20250509-1240.jp,0.0,
tesj.jp,0.0,
tesgroup.jp,0.0,
terrainsight.jp,0.0,
terakoyado.jp,0.0,
tereagogo.jp,0.0,
teqward.jp,0.0,
tentokyo.jp,0.0,
tenq-official.jp,0.0,
tenpo-now.jp,0.0,
tenpokeiei.jp,0.0,
tenkihibi.jp,0.0,
tempris.jp,0.0,
tempalayhouse.jp,0.0,
telx.jp,0.0,
telfwyn.jp,0.0,
teke2.jp,0.0,
teibicosme.jp,0.0,
teikokudream.jp,0.0,
teenager-bombardment.jp,0.0,
techtomo.jp,0.0,
techpick.jp,0.0,
techgraf.jp,0.0,
tech-future-craft.jp,0.0,
techdocpro.jp,0.0,
tech-comms.jp,0.0,
tech-clean.jp,0.0,
techboard.jp,0.0,
tea-tree-co.jp,0.0,
teamvanguard.jp,1.2,
tdnrn-ngs.jp,0.0,
tchlt.jp,0.0,
tcgjoy.jp,0.0,
tcc-sec-hennge.jp,0.0,
tayxcb.jp,0.0,
taxul.jp,0.0,
tax-enet.jp,0.0,
tax-okazaki.jp,0.0,
tawaman.jp,0.0,
tasqueue.jp,0.0,
taskloop.jp,0.0,
tarsylva.jp,0.0,
tarira-plus.jp,0.0,
tarosho.jp,0.0,
taoworld.jp,0.0,
tanzania-consulate.jp,0.0,
tanakanao.jp,0.0,
tamada-gr-jp.jp,0.0,
talkhub.jp,0.0,
t-ala.jp,0.0,
takuyakawase.jp,0.0,
taku-team.jp,0.0,
takumi-tosou.jp,0.0,
takinosho-pta.jp,0.0,
takimotojuku.jp,0.0,
takeshi-naito.jp,0.0,
takeioffice.jp,0.0,
takedashop.jp,0.0,
takashounyu.jp,0.0,
takaquragumi.jp,0.0,
takao-connect.jp,0.0,
takanokyoko.jp,0.0,
takamoto-law.jp,0.0,
takahashihikaru.jp,0.0,
taishoku-fuhyou-soudan.jp,0.0,
taiki-wakimura.jp,0.1,
taientai.jp,0.0,
taichikitamura.jp,0.0,
tageskin.jp,0.0,
tagengoka.jp,0.0,
tacmo.jp,0.0,
tabimachi.jp,0.0,
tabiyadesign.jp,0.0,
tabikime.jp,0.0,
t4en-bmyc.jp,0.0,
t2-c.jp,0.0,
syukyakushien.jp,0.0,
syukatsu-note.jp,0.0,
syokumukijyutusho.jp,0.0,
syokumukijyutsusyo.jp,0.0,
syokumukijyutsusho.jp,0.0,
syokumukijyujusyo.jp,0.0,
syokumukijutusyo.jp,0.0,
syokumukijutusho.jp,0.0,
syokumukijutsusyo.jp,0.0,
syncdesk.jp,0.0,
syokumukijutsusho.jp,0.0,
sympafit.jp,0.0,
symfony-users.jp,0.0,
syddy.jp,0.0,
s-worker.jp,0.0,
swissperfect.jp,0.0,
sweets-log.jp,0.0,
sweetcozyhome.jp,0.0,
swa-club.jp,0.0,
swedenhouse.jp,0.0,
suzumepalette.jp,0.0,
suteki-h.jp,0.0,
susumotoya.jp,0.0,
sus-work-tokyo.jp,0.0,
surugawansc.jp,0.0,
surf-tourism-minamisoma.jp,0.0,
support-eo.jp,0.0,
suppro.jp,0.0,
super-tobiq.jp,0.0,
superteam.jp,0.0,
superiority.jp,0.0,
super-easy.jp,0.0,
super-hamster.jp,0.0,
sunrise-odate.jp,0.0,
sunrise-hosho.jp,0.0,
sunrise-checker.jp,0.0,
sunnyscream.jp,0.0,
sunail.jp,0.0,
sun333.jp,0.0,
sumo-sachio.jp,0.0,
sumimoji.jp,0.0,
sumaho365.jp,0.0,
sumagame.jp,0.0,
suku-salon.jp,0.0,
sukima-cp.jp,0.0,
suimin-shingushi.jp,0.0,
sugukaketsuke.jp,0.0,
sugarcanefiberstraw.jp,0.0,
sudaaya.jp,0.0,
succubusfender.jp,0.0,
success-mindset.jp,0.0,
succession-buttress.jp,0.0,
success-ful.jp,0.0,
subaru-capital.jp,0.0,
stylish-fashion.jp,0.0,
studyway.jp,0.0,
studytrack.jp,0.0,
stuffservice.jp,0.0,
studyfellow.jp,0.0,
study-cafeteria.jp,0.0,
studio-links.jp,0.0,
studentplus.jp,0.0,
student-one.jp,0.0,
stratoxafe.jp,0.0,
strengthen-blight.jp,0.0,
straight6.jp,0.0,
stellarprincess.jp,0.0,
stayahead.jp,0.0,
stay-cloud.jp,0.0,
staut.jp,0.0,
startup-kougaku.jp,0.0,
starseed-job.jp,0.0,
start-booty.jp,0.0,
starni.jp,0.0,
stargazing.jp,0.0,
standup-comedy.jp,0.0,
stablediffusion.jp,0.0,
sss-hiroshima.jp,0.0,
squaresoft.jp,0.0,
srep1.jp,0.0,
spsh.jp,0.0,
springmihara.jp,0.0,
spring-biz.jp,0.0,
s-portfolio.jp,0.0,
sports-shicho.jp,0.0,
splatoon-matcher.jp,0.0,
spheroid.jp,0.0,
sphereworks.jp,0.0,
spica-racing-factory.jp,0.0,
speed-blister.jp,0.0,
speap-atq.jp,0.0,
sparkup.jp,0.0,
spatial-anime.jp,0.0,
spacehowling.jp,0.0,
sou3700.jp,0.0,
soto19970116.jp,0.0,
sops.jp,0.0,
soogi-kakaku.jp,0.0,
sonnie-eigo.jp,0.0,
sone-zouen.jp,0.0,
sompo-japan-pdf.jp,0.0,
solvetokyo.jp,0.0,
solris.jp,0.0,
solre.jp,0.0,
solo-training.jp,0.0,
solotraining.jp,0.0,
solo-preneurs.jp,0.0,
solo-holic.jp,0.0,
solama.jp,0.0,
solfolio.jp,0.0,
soka-shinsei.jp,0.1,
sogototravel.jp,1.1,
softwareai.jp,0.0,
softcactus.jp,0.0,
soba-syouzou.jp,0.0,
snowy-heart.jp,0.0,
sng-test.jp,0.0,
sms-now.jp,0.0,
smoking-alliance.jp,0.0,
smile-wave.jp,0.0,
sm-fukuoka.jp,0.0,
smbcadrio.jp,0.0,
smaview.jp,0.0,
smart-resume.jp,0.0,
smart-legal.jp,0.0,
smartdance.jp,0.0,
smartcookie.jp,0.0,
smallup.jp,0.0,
smappli.jp,0.0,
sloy.jp,0.0,
slowtiger.jp,0.0,
slowspoon.jp,0.0,
slowaging.jp,0.0,
sloopentra.jp,0.0,
slogan-burgeon.jp,0.0,
slightly.jp,0.0,
slidegenerator.jp,0.0,
slash-card.jp,0.0,
sleepfreaks-dev.jp,0.0,
sl-art.jp,0.0,
slao.jp,0.0,
skysherbet.jp,0.0,
skylove.jp,0.0,
skypay.jp,0.0,
sko12kimu.jp,0.0,
skiphouse.jp,0.0,
skmecha-co.jp,0.0,
skinbooster.jp,0.0,
sk-angel.jp,0.0,
sjcovh.jp,0.0,
sizy.jp,0.0,
sivo.jp,0.0,
sixsense.jp,0.0,
site-pack.jp,0.0,
siropython.jp,0.0,
sirenpjw.jp,0.0,
simplebizcard.jp,0.0,
silverhill.jp,0.0,
silk-b.jp,0.0,
siliconsensing.jp,0.0,
silika.jp,0.0,
silent-worker.jp,0.0,
s-i-law.jp,0.0,
sign-tokyo.jp,0.0,
signizr.jp,0.0,
sigmaportal.jp,0.0,
signal-tg.jp,0.0,
sightkitchen.jp,0.0,
shuyaoanuo.jp,0.0,
shu-shi.jp,0.0,
shufutoshufu.jp,0.0,
shufulife.jp,0.0,
shpd.jp,0.0,
shubaba.jp,0.0,
showa-tyo.jp,0.0,
showdesk.jp,0.0,
shouroom.jp,0.0,
shortcuthub.jp,0.0,
shosuke.jp,0.0,
shopshopwalker.jp,0.0,
shopgem.jp,0.0,
shopchat.jp,0.0,
shop-boo.jp,0.0,
shonaitire.jp,0.0,
sho-mei.jp,0.0,
shokumukijyutusyo.jp,0.0,
shokumukijyutusho.jp,0.0,
shokumukijyutsusyo.jp,0.0,
shokumukijyutsusho.jp,0.0,
shokumukijutusyo.jp,0.0,
shokumukijutusho.jp,0.0,
shokumukijutsusyo.jp,0.0,
shokumukijutsusho.jp,0.0,
shokumou-hiyou.jp,0.0,
shokumou-clinic.jp,0.0,
shken-plus.jp,0.0,
shizuka-kenkyujo.jp,0.0,
shitsugyo-anshinmadoguchi.jp,0.0,
shiro-kuro-border.jp,0.0,
shinsei-re.jp,0.0,
shinrin-kaiwai.jp,0.0,
shinpai.jp,0.0,
shinmirai7.jp,0.0,
shinmeidaijingu.jp,0.0,
shinmei-system.jp,0.0,
shinetsukaiteki.jp,0.0,
shinfile.jp,0.0,
shimoda-distillery.jp,0.0,
shimamura-shop.jp,0.0,
shimadaya-cp.jp,0.0,
shikigaku-pup-neo.jp,0.0,
shiki-banno.jp,0.0,
shiftperspective.jp,0.0,
shichuusuimei.jp,0.0,
shikaku-note.jp,0.0,
shibata-d.jp,0.0,
shibaba.jp,0.0,
shhom-jp.jp,0.0,
shhom-japan.jp,0.0,
shhomjapan.jp,0.0,
shhom.jp,0.0,
shgoffice.jp,0.0,
shelport.jp,0.0,
shdice8.jp,0.0,
sharoaid.jp,0.0,
shareholders.jp,0.0,
sharma.jp,0.0,
shadowxafe.jp,0.0,
shampoo-beacon.jp,0.0,
shadow-sun.jp,0.0,
shachuhacker.jp,0.0,
sexwork.jp,0.0,
sevenbox.jp,0.0,
seu1ement2.jp,0.0,
s-esu.jp,0.0,
setugo.jp,0.0,
sessyu-nakamizu.jp,0.0,
serving-robot.jp,0.0,
seruna.jp,0.0,
serviceai.jp,0.0,
serialtvdrama2025.jp,0.0,
serendip-is.jp,0.0,
ser016seirin.jp,0.0,
sentei-tokyo.jp,0.0,
senior-career-kari.jp,0.0,
sentakusuisen.jp,0.0,
senhaku.jp,0.0,
select-labo.jp,0.0,
sembabuilding.jp,0.0,
seizoo.jp,0.0,
seisa-soyokaze.jp,0.0,
seijininja.jp,0.0,
see-the-star.jp,0.0,
seekest.jp,0.0,
security-horse.jp,0.0,
seculearn.jp,0.0,
securityhorse.jp,0.0,
seasirmamayakko.jp,0.0,
search-ai.jp,0.0,
seakers.jp,0.0,
sd-wind.jp,0.0,
scroll-shop.jp,0.0,
sdemo.jp,0.0,
scky.jp,0.0,
scintiller93.jp,0.0,
schoolir.jp,0.0,
scantalk.jp,0.0,
scareddebt.jp,0.0,
scala-guide.jp,0.0,
sb-partner.jp,0.0,
sbicesce.jp,0.0,
sbicesc.jp,0.0,
sb-b.jp,0.0,
sb-alumni.jp,0.0,
saveclub.jp,0.0,
saveur-hokkaido.jp,0.0,
sauna-newland.jp,0.0,
sauna-car.jp,0.0,
satomasaki.jp,0.0,
satta.jp,0.0,
sato0519.jp,0.0,
sarupedia.jp,0.0,
sarge.jp,0.0,
sanwasys.jp,0.0,
sanwa-drivers-recruit.jp,0.0,
sapporo-fm.jp,0.0,
sannji.jp,0.0,
sanko-kenki.jp,0.0,
sankisekkei.jp,0.0,
sanguruzu.jp,0.0,
sandwichlab.jp,0.0,
sandaboring.jp,0.0,
sandance.jp,0.0,
sananga.jp,0.0,
samurising.jp,0.0,
samurai-signature.jp,0.0,
samurai-marketing.jp,0.0,
salon-vi-tree.jp,0.0,
sales-ma.jp,0.0,
salesma.jp,0.0,
saleshopwalker.jp,0.0,
sakurastitch.jp,0.0,
sales-db.jp,0.0,
sakura-mgmt.jp,0.0,
sakura-life.jp,0.0,
sakurakankyou.jp,0.0,
sakura-dance.jp,0.0,
sakanokenchiku.jp,0.0,
sakairoastery.jp,0.0,
saisondusoleil.jp,0.0,
sagichecksupport.jp,0.0,
safety-decision.jp,0.0,
safaritechgiraffe.jp,0.0,
sachiou.jp,0.0,
saagasu.jp,0.0,
s40-blog.jp,0.0,
ryu29.jp,0.0,
rust-lang.jp,0.0,
ryoqqi.jp,0.0,
rurishop.jp,0.0,
runwayradar.jp,0.0,
runmania.jp,0.0,
rudystore.jp,0.0,
rubystar.jp,0.0,
rubito.jp,0.0,
rtunjihg.jp,0.0,
rtujdrtjhrtjyt.jp,0.0,
rt-kataoka.jp,0.0,
rs-law.jp,0.0,
rsyncsil.jp,0.0,
rr-rerise.jp,0.0,
rrjbosai.jp,0.0,
rqn.jp,0.0,
rpzf.jp,0.0,
routine7.jp,0.2,
roundnumber.jp,0.0,
rooooooooom206.jp,0.0,
room313.jp,0.0,
roof-works.jp,0.0,
rooftool.jp,0.0,
ronsakwc.jp,0.0,
romuhack.jp,0.0,
romapink-salon.jp,0.0,
rokah.jp,0.0,
rocketnow-sales.jp,0.0,
robotto.jp,0.0,
robot-platform.jp,0.0,
robou.jp,0.0,
robotcleaner.jp,0.0,
robot-actuator.jp,0.0,
robostyle.jp,0.0,
rkmrpress.jp,0.0,
rkcorporation.jp,0.0,
xn--rizotobaito-xu5j.jp,0.0,
risonabank-co.jp,0.0,
rirraku.jp,0.0,
ririhonika.jp,0.0,
riobeautysalon.jp,0.0,
rinrei-service.jp,0.0,
rinkaneshima.jp,0.0,
ringoworks.jp,0.0,
rimytestapps.jp,0.0,
rilakkuma3xjapan.jp,0.0,
ri-ichi.jp,0.0,
rightos.jp,0.0,
ridersmeetingkitatouhoku.jp,0.0,
riddle-boisterous.jp,0.0,
richness-partner.jp,0.0,
riarurose.jp,0.0,
rhizome-llc.jp,0.0,
rgylr-unn.jp,0.0,
rgordf.jp,0.0,
retrovoyz.jp,0.0,
re-towas.jp,0.0,
retinify.jp,0.0,
resortworker.jp,0.0,
re-start-life.jp,0.0,
reproko.jp,0.0,
repirica.jp,0.0,
re-path.jp,0.0,
repairthreebrothers.jp,1.6,
rentalmacho.jp,0.0,
renocier.jp,0.0,
renewedge.jp,0.0,
renconsult.jp,0.0,
renai-dousenlab.jp,0.0,
remumiocel.jp,0.0,
remo-work.jp,0.0,
remotew.jp,0.0,
relayz.jp,0.0,
reminde.jp,0.0,
relatyd1sk.jp,0.0,
rekimee.jp,0.0,
rei-okinawa.jp,0.0,
regt.jp,0.0,
reghairplus.jp,0.0,
regamey.jp,0.0,
ref-s.jp,0.0,
reflera.jp,0.0,
redspallow.jp,0.0,
recruit-hub.jp,0.0,
recordi.jp,0.0,
reco-app.jp,0.0,
recful.jp,0.0,
recflu.jp,0.0,
reception-bower.jp,0.0,
recare-japan.jp,0.0,
realityscience.jp,0.0,
real-life-coaching.jp,0.0,
realcommercial.jp,0.0,
realdual-wieldingstyle.jp,0.0,
reacland.jp,0.0,
rdkyft.jp,0.0,
razzw30-2025.jp,0.0,
ray-ai.jp,0.0,
rawdays.jp,0.0,
rankseeker.jp,0.0,
rakus-hrtech.jp,0.0,
rakuearn.jp,0.0,
rai-invest.jp,0.0,
radix-capital.jp,0.0,
rad-tea.jp,0.0,
radgen.jp,0.0,
rabitomi.jp,0.0,
r7kokusei.jp,0.0,
qwerty123.jp,0.0,
quorinest.jp,0.0,
qvn.jp,0.0,
quiz-learning.jp,0.0,
quizlearning.jp,0.0,
quinten-md.jp,0.0,
quivm-iety.jp,0.0,
quietforest.jp,0.0,
quick-restart.jp,0.0,
questnavi.jp,0.0,
quantumaielite.jp,0.0,
questalle.jp,0.0,
quantuam.jp,0.0,
quanfu.jp,0.0,
quality-career.jp,1.3,
qparik.jp,0.0,
q-rashi.jp,0.0,
qfeb6mfitmxncakx12g0.jp,0.0,
qaiwdh.jp,0.0,
putone.jp,0.0,
purrpalace.jp,0.0,
purrnpose.jp,0.0,
pure-soy-protein.jp,0.0,
pureplanthemp.jp,0.0,
pure-aseet-management.jp,0.0,
pureaseetmanagement.jp,0.0,
pupitto.jp,0.0,
pullulant-esthe.jp,0.0,
puchisup.jp,0.0,
ps-company.jp,0.0,
prsnap.jp,0.0,
prospeced.jp,0.0,
propadeljapan.jp,0.0,
prompt-school.jp,0.0,
proluxeprint.jp,0.0,
proluxe.jp,0.0,
projets.jp,0.0,
project-ichi.jp,0.0,
prognavi.jp,0.0,
profits-cp.jp,0.0,
probiteki.jp,0.0,
primxpreux.jp,0.0,
private-case.jp,0.0,
prestraceink.jp,0.0,
pre-stay.jp,0.0,
prempara.jp,0.0,
premier-services.jp,0.0,
practiceprimitive.jp,0.0,
ppftest.jp,0.0,
powerfactory.jp,0.0,
povhcq.jp,0.0,
postprime.jp,0.0,
pottery2411.jp,0.0,
postify.jp,0.0,
positivekarma-aisign.jp,0.0,
pos-center.jp,0.0,
portrait-rights.jp,0.0,
portpor.jp,0.0,
popupp.jp,0.0,
popularsaleshopwalker.jp,0.0,
popout.jp,0.0,
poppo-otsu.jp,0.0,
poolearnings.jp,0.0,
ponylife.jp,0.0,
pomuserver.jp,0.0,
pomum.jp,0.0,
poker-love.jp,0.0,
points-transfer.jp,0.0,
poinity.jp,0.0,
poetme.jp,0.0,
pocket-cargo.jp,0.0,
pmlsound.jp,0.0,
pocha-fan.jp,0.0,
pmgroup.jp,0.0,
pmlset.jp,0.0,
plyme.jp,0.0,
plus-shop.jp,0.0,
plus-color.jp,0.0,
plusedge.jp,0.0,
plurality.jp,0.0,
plugh.jp,0.0,
plicr-atq.jp,0.0,
pletch.jp,0.0,
playbpsr.jp,0.0,
plant-medicine.jp,0.0,
plandish.jp,0.0,
planet101.jp,0.0,
pkusom.jp,0.0,
pj-works.jp,0.0,
pjds.jp,0.0,
pjamxyz.jp,0.0,
pix4team.jp,0.0,
piqo.jp,0.0,
pingan.jp,0.0,
pinternet.jp,0.0,
pilotfire.jp,0.0,
pikona.jp,0.0,
picsmart.jp,0.0,
pickmap.jp,0.0,
photrust.jp,0.0,
phototone.jp,0.0,
photoasama.jp,0.0,
photoboss.jp,0.0,
phongpham.jp,0.0,
phoenix638.jp,0.0,
phis.jp,0.0,
phasedance.jp,0.0,
pharmit.jp,0.0,
pgut.jp,0.0,
phantombirds.jp,0.0,
pettail.jp,0.0,
pet-st.jp,0.0,
petsleep-uji.jp,0.0,
petsitterwelina.jp,0.0,
petit-maro.jp,0.0,
petit-atti.jp,11.0,
pet-campaign.jp,0.0,
peterauto.jp,0.0,
petartlab.jp,0.0,
permanentoui.jp,0.0,
perlemare.jp,0.0,
percential-design.jp,0.0,
pengames.jp,0.0,
pedagogyschool.jp,0.0,
peaceness.jp,0.0,
passkuru.jp,0.0,
pbijapan.jp,0.0,
passiondance.jp,0.0,
pasebike.jp,0.0,
pasrelle.jp,0.0,
parts-search.jp,0.0,
partsjapan.jp,0.0,
paranote.jp,0.0,
paranoiac.jp,0.0,
parkswood.jp,0.0,
parafun.jp,0.0,
paradeee.jp,0.0,
paqt.jp,0.0,
paprika-orange.jp,0.0,
paopaopao.jp,0.0,
panna11.jp,0.0,
pandish.jp,0.0,
pandafoods.jp,0.0,
pandafood.jp,0.0,
pandacode.jp,0.0,
palley.jp,0.0,
paleopress.jp,0.0,
paka2teikoku.jp,0.0,
pad-recruit.jp,0.0,
pagency.jp,0.0,
p5yheimu.jp,0.0,
p3ly.jp,0.0,
ozaki-sr.jp,0.0,
oyama-kamiya.jp,0.0,
oyako-denwa.jp,0.0,
oxalate.jp,0.0,
oxytron.jp,0.0,
out-plus.jp,0.0,
ovcrvr.jp,0.0,
outact.jp,0.0,
ouchi-log.jp,0.0,
ouchi-consal.jp,0.0,
otokomode.jp,0.0,
othmere.jp,0.0,
osumedia.jp,0.0,
osidorihonpo.jp,0.0,
oshun.jp,0.0,
osasset.jp,0.0,
osaka-nigiwai.jp,0.0,
osaka-cm-rsc.jp,0.0,
osaka2133.jp,0.0,
osakamatubo.jp,0.0,
orjnvf.jp,0.0,
ori-teach.jp,0.0,
origami-ai.jp,0.0,
organicfoodindenmark.jp,0.0,
oraran.jp,0.0,
optimizedcontents.jp,0.0,
optirate.jp,0.0,
open-talk.jp,0.0,
operate-shoulder.jp,0.0,
opencircle.jp,0.0,
opablo.jp,0.0,
oosimanosio.jp,0.0,
oosaka3haitatsu.jp,0.0,
oomikuji.jp,0.0,
ooi-g.jp,0.0,
onzoh.jp,0.0,
onsenfudosan.jp,0.0,
on-project.jp,0.0,
onosato.jp,0.0,
onmart.jp,0.0,
onodera-koumuten.jp,0.0,
onexafe.jp,0.0,
onjnfkgre.jp,0.0,
oneteamacademy.jp,0.0,
onestop-sos.jp,0.0,
one-minute.jp,0.0,
one-industries.jp,0.0,
oneroom-online.jp,0.0,
oneday-tattoo.jp,0.0,
onecuptea.jp,0.0,
oneandi.jp,0.0,
omstudio.jp,0.0,
o-mother.jp,0.0,
omnega9ejkkt5ro97vke.jp,0.0,
omiyapon.jp,0.0,
olive-green.jp,0.0,
olivia-tokyo.jp,0.0,
oldlily.jp,0.0,
xn--ok-ug4arbzb6iok.jp,0.0,
okome-shop.jp,0.0,
okomellc.jp,0.0,
okinawa-ai.jp,0.0,
okinawaai.jp,0.0,
okb-yaoya.jp,0.0,
okayama-footballstadium.jp,0.0,
oka8822.jp,0.0,
oitajidoushahan.jp,0.6,
oi11qa9sy9r1oh7cc6eg.jp,0.0,
ohisama-haruko.jp,0.0,
ohakakirei-honpo.jp,0.0,
ogw-industry24.jp,0.0,
ogikiyo.jp,0.0,
offthecharts.jp,0.0,
offisapo.jp,0.0,
officevoice.jp,0.0,
office-triad.jp,0.0,
officepams.jp,0.0,
office-irukadori.jp,0.0,
officedan.jp,0.0,
office-ihara.jp,0.0,
officeada.jp,0.0,
offeasy.jp,0.0,
oeiujfkg.jp,0.0,
odin7.jp,0.0,
odekake-zukan.jp,0.0,
odaka-inc.jp,0.0,
oda-inc-2020.jp,0.0,
octtie.jp,0.0,
octobit.jp,0.0,
o-b-o.jp,0.0,
obento-keikaku.jp,0.0,
obaskelune.jp,0.0,
oasis-clinic.jp,0.0,
xn--n--ig4arf2d.jp,0.0,
nyux.jp,0.0,
nymoriel.jp,0.0,
nymi.jp,0.0,
nusign.jp,0.0,
nursingsurvey.jp,0.0,
n-up-nakano.jp,0.0,
nugroup.jp,0.0,
nugemaruworld.jp,0.0,
ntory.jp,0.0,
ntgt.jp,0.0,
nsv-next.jp,0.0,
nssol-mail.jp,0.0,
n-sln.jp,0.0,
nozomixlab.jp,0.0,
nowhappy.jp,0.0,
nozomilab.jp,0.0,
nov-egnr.jp,0.0,
novamedia.jp,0.0,
nounsdao.jp,0.0,
nouns.jp,0.0,
north-forest.jp,0.0,
northernlights-kamui.jp,0.0,
norimoblog.jp,0.0,
norikaegx.jp,0.0,
nonfungibletoken.jp,0.0,
nomoreinc.jp,0.0,
nomikatsulab.jp,0.0,
nomad-tech.jp,0.0,
noltera.jp,0.0,
no-harm.jp,0.0,
nolalley.jp,0.0,
nohara-jimusho.jp,0.0,
noevidence.jp,0.0,
nocom.jp,0.0,
noemie-photo.jp,0.0,
nobukitaoka.jp,0.0,
nlj-neloss.jp,0.0,
nkc-osuzu.jp,0.0,
niyu521.jp,0.0,
nitsm-mt2.jp,0.0,
nitsm-mt1.jp,0.0,
nith.jp,0.0,
nissei-create.jp,0.0,
nishiyamaganka.jp,0.0,
nishitomi-s.jp,0.0,
nishikawa-juryo-kisetu.jp,0.0,
nishikara.jp,0.0,
nirthtydw.jp,0.0,
niptnavi.jp,0.0,
nipponbox.jp,0.0,
nipponaxis.jp,0.0,
nippon3a.jp,0.0,
ninterog.jp,0.0,
ninkiaitemshopwalker.jp,0.0,
ninkatsu-note.jp,0.0,
ninana27.jp,0.0,
nikoshi.jp,0.0,
niki-niki-futaki.jp,0.0,
nijiu.jp,0.0,
nihotabi.jp,0.0,
nihon-youjyu-recruit.jp,0.0,
nihonkai-ongakusai.jp,0.0,
nihongojin.jp,0.0,
nihonfintech.jp,0.0,
nidfjhrtg.jp,0.0,
nico2525.jp,0.0,
nhatlinh.jp,0.0,
nh3-engine.jp,0.0,
nguyenthiphuong.jp,0.0,
nft-meishi.jp,0.0,
nfdpikhanjj0t0gbuxxo.jp,0.0,
nfc-shop.jp,0.0,
nfcshop.jp,0.0,
nfc-sdk.jp,0.0,
nexus-gate.jp,0.0,
nexus-cp.jp,0.0,
nextunion.jp,0.0,
nextation.jp,0.0,
nex-studio.jp,0.0,
nexleague.jp,0.0,
nexai.jp,0.0,
newtrall.jp,0.0,
newrock-shoes.jp,0.0,
newgenkinnchancegncn.jp,0.0,
newfounddh.jp,0.0,
new-fly.jp,0.0,
newch.jp,0.0,
neuron-art.jp,0.0,
networldwiz2025.jp,0.0,
networkpro.jp,0.0,
netalarts.jp,0.0,
neostars.jp,0.0,
neopiece.jp,0.6,
neoboy.jp,0.0,
nemoris.jp,0.0,
nekoshi.jp,0.0,
nekono-shippo.jp,0.0,
nehorihahori.jp,0.0,
negorokogyo.jp,0.0,
ndrc.jp,0.0,
ndope.jp,0.0,
ncisotaritec.jp,0.0,
nb-housing.jp,0.0,
nbascope.jp,0.0,
naviseven.jp,0.0,
naviai.jp,0.0,
naturelab-aso.jp,0.0,
natural-japan.jp,0.0,
natsuu.jp,0.0,
nation-wear.jp,0.0,
nasync.jp,0.0,
nashio.jp,0.0,
narsha.jp,0.0,
narohjtest.jp,0.0,
narita-sleep-survey-2025.jp,0.0,
narikun.jp,0.0,
narasystem.jp,0.0,
naokobayashi.jp,0.0,
nanoka-shop.jp,0.0,
nano-agent.jp,0.0,
nanbo-jungle-farm.jp,0.0,
nalajapan.jp,0.0,
nakayukui.jp,0.0,
nakahiro.jp,0.0,
nagoyaheraldry.jp,0.0,
nagomi-mori.jp,0.0,
naenoya.jp,0.0,
naemi.jp,0.0,
naabiiofwater.jp,0.0,
n8n-rtar0development.jp,0.0,
myuseum.jp,0.0,
myshore.jp,0.0,
myquietportfolio.jp,0.0,
mypeak.jp,0.0,
mykurashi.jp,0.0,
mykamon.jp,0.0,
myhub.jp,0.0,
my-healthy.jp,0.0,
my-factoring.jp,0.0,
my-education.jp,0.0,
mydd.jp,0.0,
mycargo-center.jp,0.0,
mw-trainee.jp,0.0,
mwknfk.jp,0.0,
muteki-nosuppinkoubou.jp,0.0,
musubicreations.jp,0.0,
musubi-creaciones.jp,0.0,
muscadey.jp,0.0,
musabi-shintai.jp,0.0,
muroo-recruit.jp,0.0,
murayotaisu.jp,0.0,
murakami-sangyo.jp,0.0,
murakamikogyo.jp,0.0,
m-up-mikata.jp,0.0,
munimuniseijin.jp,0.0,
mugitani.jp,0.0,
mugen-inc-a.jp,0.0,
mtronix.jp,0.0,
mtjw.jp,0.0,
xn--ms-yh4a7b2nb.jp,0.0,
ms-sl.jp,0.0,
msff-bpm.jp,0.0,
msdlab.jp,0.0,
ms-demo.jp,0.0,
mscolor.jp,0.0,
mrhomegear.jp,0.0,
m-pronet.jp,0.0,
moyameta.jp,0.0,
moya-lab.jp,0.0,
movrezma.jp,0.0,
movingforlifejapan.jp,0.0,
movify.jp,0.0,
mourla.jp,0.0,
motikomiok.jp,0.0,
mote-mens.jp,0.0,
moshikoi.jp,0.0,
moritowa.jp,0.0,
morino-shared.jp,0.0,
morimotojuku.jp,0.0,
moosan.jp,0.0,
moon-jewels.jp,0.0,
monpetit-lapin.jp,0.0,
monodukuri-hojokin.jp,0.0,
mondplus-a.jp,0.0,
moncadeaux.jp,0.0,
monaha.jp,0.0,
momonyan.jp,0.0,
momoirotsuki.jp,0.0,
momail.jp,0.0,
molve.jp,0.0,
molnagoya.jp,0.0,
mokureco.jp,0.0,
moiutdeyu.jp,0.0,
mogup.jp,0.0,
moev.jp,0.0,
moena-project.jp,0.0,
modern-gain.jp,0.0,
mochikomiok.jp,0.0,
mochiben.jp,0.0,
mobara-turuth.jp,0.0,
mobaratruth.jp,0.0,
mobahe.jp,0.0,
moav.jp,3.3,
mmtrademm.jp,0.0,
mmm-shop.jp,0.0,
xn--mholdings-ll5h.jp,0.0,
mmdk.jp,0.0,
mlink-job.jp,0.0,
mk-shinjuku.jp,0.0,
mkkobe.jp,0.0,
m-keisan.jp,0.0,
mizunomiyako-law.jp,0.0,
mizuhoshuzo.jp,0.0,
mizuhosake.jp,0.0,
miyazaki-itpcsupport.jp,0.0,
miyazaki-itpc.jp,8.0,
miyawaki-kairi.jp,0.0,
mixnuts092.jp,0.0,
missthai.jp,0.0,
xn--missav-1p4euti55v94ud.jp,0.0,
missav-pretty.jp,0.0,
missav-porn.jp,0.0,
missavjav.jp,0.0,
missav-ero.jp,0.0,
misoyaki.jp,0.0,
misesta.jp,0.0,
miryka.jp,0.0,
mirrorless.jp,0.0,
mirima.jp,0.0,
miraicm.jp,0.0,
mintvalley.jp,0.0,
minorca.jp,0.0,
minomura-naoya.jp,0.0,
minna-de-bonsai.jp,0.0,
minkabu-web3wallet.jp,0.0,
minimumcms.jp,0.0,
min-giga.jp,0.0,
mingal.jp,0.0,
minera21.jp,0.0,
minekikai.jp,0.0,
mind-their.jp,0.0,
mindfoot.jp,0.0,
mind2d.jp,0.0,
minatoehon.jp,0.0,
minash.jp,0.0,
minahack.jp,0.0,
mimoli.jp,0.0,
mimiy-sweets.jp,0.0,
mimi-c.jp,0.0,
mimeikou-official.jp,0.0,
milyyy.jp,0.0,
millionaire-tv.jp,0.0,
millennium-automotive.jp,0.0,
milktown.jp,0.0,
milkmaker.jp,0.0,
mikuscope.jp,0.0,
mikurube.jp,0.0,
mikuren.jp,0.0,
mikoe.jp,0.0,
mikitonoto.jp,0.0,
mikekanda.jp,0.0,
miiist.jp,0.0,
miicode.jp,0.0,
migtest.jp,0.0,
midor1.jp,0.0,
microoffice.jp,0.0,
microcorp.jp,0.0,
micro-community.jp,0.0,
microcommunity.jp,0.0,
mg-satei.jp,0.0,
m-fence.jp,0.0,
mezuras.jp,0.0,
mew-velda.jp,0.0,
methodfurniture.jp,0.0,
metaversetech.jp,0.0,
metaversesearch.jp,0.0,
metaverseai.jp,0.0,
metaplayer1.jp,0.0,
metalarts.jp,0.0,
metabazz-search.jp,0.0,
meta-bazz.jp,0.0,
metabazz.jp,0.0,
mester.jp,0.0,
meshdish.jp,0.0,
merudy.jp,0.0,
merlueze.jp,0.0,
merchandisemickey2.jp,0.0,
menuk.jp,0.0,
mens-este-nakameguro-nynph.jp,0.0,
mementocruxis.jp,0.0,
memall.jp,0.0,
meltypop.jp,0.0,
melgeek.jp,0.0,
meiwakonpo.jp,0.0,
meiikukai.jp,0.0,
meifujisakura.jp,0.0,
meguricircle.jp,0.0,
megami-fes.jp,0.0,
meetoo.jp,0.0,
meeps.jp,0.0,
medistation.jp,0.0,
mediclub.jp,0.0,
medicalseo.jp,0.0,
medicalai.jp,0.0,
media-risk.jp,0.0,
medamadou.jp,0.0,
medair.jp,0.0,
meccle.jp,0.0,
mealmiru.jp,0.0,
mcdk.jp,0.0,
mb-bookmate.jp,0.0,
mayuge-shokumou.jp,0.0,
mayoi-cat.jp,0.0,
mawari-meech.jp,0.0,
mawarimeech.jp,0.0,
mavepo.jp,0.0,
matsuri-cycle.jp,0.0,
matsuo-syoji.jp,0.0,
matsuoka-clinic1967.jp,0.0,
matsumoto-trd.jp,0.0,
matajiro-rice.jp,0.0,
matajiro.jp,0.0,
master-moral.jp,0.0,
masterluvlabo.jp,0.0,
mashiblog.jp,0.0,
masayuki-matsuo.jp,0.0,
masaharukurino.jp,0.0,
marutokusangyo.jp,0.0,
marunagekun.jp,0.0,
marumu-upstart.jp,0.0,
maruichishouten.jp,0.0,
marufukukogyo.jp,0.0,
marriage-one.jp,0.0,
maroyaka-daily.jp,0.0,
maromar0526.jp,0.0,
marketwhy.jp,0.0,
marine-v.jp,0.0,
mareshio.jp,0.0,
mapnext.jp,0.0,
manontokyo.jp,0.0,
manga-dl.jp,0.0,
manabu-guide.jp,0.0,
manabodo.jp,0.0,
mamoriai.jp,0.0,
mamapopo.jp,0.0,
mama-match.jp,0.0,
mama-fukugyou.jp,0.0,
malchance.jp,0.0,
maison-koto.jp,0.0,
maisonkoto.jp,0.0,
maisondebeaute.jp,0.0,
main-te.jp,0.0,
mail-lotus.jp,0.0,
mailg.jp,0.0,
maileyparlor.jp,0.0,
mahjongrule.jp,0.0,
magus-art.jp,0.0,
magication.jp,0.0,
maeno-world.jp,0.0,
maehama-giken.jp,0.0,
madoyaka.jp,0.0,
madjoe.jp,0.0,
madamumii.jp,0.0,
macomall.jp,0.0,
machinooto.jp,0.0,
macatub.jp,0.0,
lyria-co.jp,0.0,
lyria.jp,0.0,
lyceum-data.jp,0.0,
luxwork.jp,0.0,
luxe-limo.jp,0.0,
lux-date.jp,0.0,
luvreparis.jp,0.0,
lustlabel.jp,0.0,
lunacare.jp,0.0,
luminousstudio.jp,0.0,
luminous-personal.jp,0.0,
lullpiquemens.jp,0.0,
lulia.jp,0.0,
lucky-shoji.jp,0.0,
luckyshadow.jp,0.0,
lplife.jp,0.0,
low-inc.jp,0.0,
lovepanda.jp,0.0,
lovegent.jp,0.0,
lovari.jp,0.0,
lo-ud.jp,0.0,
lonoa.jp,0.0,
lonet.jp,0.0,
logistics-robot.jp,0.0,
logicallife.jp,0.0,
logicalbloom.jp,0.0,
local-marketing-ibaraki.jp,0.0,
localie.jp,0.0,
localfoodchain.jp,0.0,
llc-peace.jp,0.0,
lizignls.jp,0.0,
live-tour.jp,0.0,
liver-hikari.jp,0.0,
live-corolla.jp,0.0,
live-commerce.jp,0.0,
litgroup.jp,0.0,
listentoyourheart.jp,0.0,
liqueuring.jp,0.0,
lion-kumamoto.jp,0.0,
linkth0117.jp,0.0,
linema.jp,0.0,
line-kit.jp,0.0,
linehart.jp,0.0,
linec.jp,0.0,
limmuvek.jp,0.0,
lily-jelly.jp,0.0,
l-ifix.jp,0.0,
lifeisart2023.jp,0.0,
life-asterisk.jp,0.0,
lien-asd.jp,0.0,
licaut.jp,0.0,
libra-skincare.jp,0.0,
libernature.jp,0.0,
liberix.jp,0.0,
lgov.jp,0.0,
lexoar.jp,0.0,
lets-estate.jp,0.0,
less-company.jp,0.7,
less-away.jp,0.0,
leomillion.jp,0.0,
lei-maile.jp,0.0,
leimaile.jp,0.0,
lei-genkidama.jp,0.0,
legozuki.jp,0.0,
legendaryalchemist.jp,0.0,
lefl-english.jp,0.0,
learnsecurity.jp,0.0,
leadsia.jp,0.0,
leadbase.jp,0.0,
lctjapan.jp,0.0,
law-navigator-app.jp,0.0,
laudy.jp,0.0,
xn--latel-614d.jp,0.0,
larkmusic.jp,0.0,
large-dog-cafe.jp,0.0,
lanikai-village.jp,0.0,
lamicall-all-lock.jp,0.0,
laetus-plan.jp,0.0,
ladies-watches.jp,0.0,
lacts.jp,0.0,
labubu.jp,0.0,
kz2-nets.jp,0.0,
kyouseikk.jp,0.0,
kyouiku-salon-anuenue.jp,0.0,
kyoto-musubi-sr.jp,1.3,
kyoto-coffee.jp,0.0,
kyotoartbeats.jp,0.0,
kyotan-ed.jp,0.0,
kyome.jp,0.0,
kyokuseitr.jp,0.0,
kyokuei-kensetsu.jp,0.0,
kyokuei-dengyo.jp,0.0,
kylora.jp,0.0,
kygros.jp,0.0,
kyariaggakusyu.jp,0.0,
kusuri110.jp,0.0,
kusuhara-clinic.jp,0.0,
kuru-site.jp,0.0,
kurusite.jp,0.0,
kuruma-labo.jp,0.0,
kurumaiku.jp,0.0,
kurokopt.jp,0.0,
kurokopartners.jp,0.0,
kuroki-kogyo.jp,0.0,
kurohana.jp,0.0,
kurinko-miuah.jp,0.0,
kurihara-interior.jp,0.0,
kuratuku.jp,0.0,
kurashi-to-hana.jp,0.0,
kurapoke.jp,0.0,
kurageu-roa.jp,0.0,
kumokumo.jp,0.0,
kumaritopia.jp,0.0,
kumamemo.jp,0.0,
kukubooks.jp,1.9,
kukirin.jp,0.0,
kuchioyadosokai.jp,0.0,
ksfglobal.jp,0.0,
krok.jp,0.0,
krispy.jp,0.0,
krexia.jp,0.0,
kr-delivery.jp,0.0,
kp-design.jp,0.0,
kozucoffee.jp,0.0,
ko-yo-sangyo.jp,0.0,
kousenchi.jp,0.0,
koukokukan.jp,0.0,
kouki-okinawa.jp,0.0,
koudo-bouhan.jp,0.0,
koubukk.jp,0.0,
kotoprojects.jp,0.0,
kotohogumori.jp,0.0,
kotobukibiso.jp,0.0,
kotoba-note.jp,0.0,
kotaeru-station.jp,0.0,
kosherfoodsjapan.jp,0.0,
kosdiuig.jp,0.0,
korrab.jp,0.0,
korisu-children.jp,0.0,
konzern.jp,0.0,
konnojyuku.jp,0.0,
konishidental.jp,0.0,
komugiha.jp,0.0,
komsa.jp,0.0,
komikku.jp,0.0,
kokutai-stay.jp,0.0,
kokuspo.jp,0.0,
kokusei2025.jp,0.0,
kokoro-no-hako.jp,0.0,
koki-blog.jp,0.0,
kojo-kanri.jp,0.0,
koiunmei.jp,0.0,
koinou.jp,0.0,
koichi0213.jp,0.0,
kobeto-hotenantcross.jp,0.0,
kobe-pz.jp,0.0,
kobe-kaigo-taxi.jp,0.0,
kobain.jp,0.0,
kntk.jp,0.0,
knst-rr.jp,0.0,
knightpay.jp,0.0,
k-nagase-bisshop.jp,0.0,
knaa.jp,0.0,
kn0.jp,0.0,
kmb369leatherworks.jp,0.0,
kkxx.jp,0.0,
kjts.jp,0.0,
kitsukeosaka0395.jp,0.0,
kitss.jp,0.0,
kitokurasumirai.jp,0.0,
kit-gak.jp,0.0,
kitazonoyoshiki.jp,0.0,
kitareki.jp,0.0,
kitami-reizo.jp,0.0,
kitagurashi.jp,0.0,
kisaragi1132.jp,0.0,
kirin-seitai.jp,0.0,
kiokunohako.jp,0.0,
kioicho-med.jp,0.0,
kintaihisyo.jp,0.0,
kinoko1943.jp,0.0,
kinofaction.jp,0.0,
kinkosya.jp,0.0,
kingsnail.jp,0.0,
kin-cho-fun.jp,0.0,
kinaricatering.jp,0.0,
kimuragikenco.jp,0.0,
kilopost.jp,0.0,
kikuchi888.jp,0.0,
kikm.jp,0.0,
kikkake-link.jp,0.0,
kigawa-ironworks.jp,0.0,
kicrew.jp,0.3,
kickk.jp,0.0,
kichijoji-craftbeer.jp,0.0,
kic-2.jp,0.0,
kgjhwddjs0cwloajxr0q.jp,0.0,
keshouhin-seizou.jp,0.0,
kenyorkenterprise.jp,0.0,
kensushi.jp,0.0,
kenso-seiyaku.jp,0.0,
kenlis.jp,0.0,
kenko-narita-2025.jp,0.0,
ken-doctor.jp,0.0,
kendoc2025.jp,0.0,
keiricareer.jp,0.0,
keinoda.jp,0.0,
keemart.jp,0.0,
kazufumiwatanabe.jp,0.0,
kaziru.jp,0.0,
kazamatoshihiro.jp,0.0,
kayui.jp,0.0,
kawatsu-k.jp,0.0,
kawasedoboku.jp,0.0,
kawamotoshop.jp,3.7,
kawaiiai.jp,0.0,
katsuhito.jp,0.0,
kateikeieijuku.jp,0.0,
kasukabe-com.jp,0.0,
karugaru-seitai.jp,0.0,
kartech.jp,38.0,
karatepedia.jp,0.0,
karateclub.jp,0.0,
kappo-sanoya.jp,0.0,
kanz-lab.jp,0.0,
kanyoulab.jp,0.0,
kanto-jyuutakuservice.jp,0.0,
kantodaiichi.jp,0.0,
kanshiken2023.jp,0.0,
kanontekuno.jp,0.0,
kanofficial.jp,0.0,
kannalabo.jp,0.0,
kankyo-tanso.jp,0.0,
kankoku-shokumou.jp,0.0,
kankoku-biyou.jp,0.0,
kan2o.jp,0.0,
kami-llc.jp,0.0,
kameido-re.jp,0.0,
kamata-urology.jp,0.0,
kakwby.jp,0.0,
kaku-sin.jp,0.0,
kaju-fudosan.jp,0.0,
kaiun888.jp,0.0,
kaito129.jp,0.0,
kaitai-ganca.jp,0.0,
kaisuzuki.jp,0.0,
kaisora.jp,0.0,
k-aiken.jp,0.0,
kaikatsu-club.jp,0.0,
kaigokyujin-labo.jp,0.0,
kaigo-izumi.jp,0.0,
kaigo-assist.jp,0.0,
kaibai.jp,0.0,
kaguten.jp,0.0,
kagoshimahand.jp,0.0,
kagohand.jp,0.0,
kagiaka.jp,0.0,
kagayakikodomoen.jp,0.0,
kaem.jp,0.0,
kachipaka.jp,0.0,
kabu-data-lab.jp,0.0,
kaatsu-bodyhouse.jp,0.0,
jvma-jns.jp,0.0,
jutenshien-benefits.jp,0.0,
juri-portforio.jp,0.0,
junsin.jp,0.0,
junesis.jp,0.0,
judaijunsho-official.jp,0.0,
jucrj.jp,0.0,
jthink.jp,0.0,
jssdemo.jp,0.0,
jsonfeed.jp,0.0,
jsk-net.jp,0.0,
jr-nav.jp,0.0,
jptraclub.jp,0.0,
jpage.jp,0.0,
jozynter.jp,0.0,
journal-fish.jp,0.0,
josei-hairline.jp,0.0,
jongga-cp.jp,0.0,
johnsonfitness.jp,0.0,
johnnie-walker.jp,0.0,
job-int2025.jp,0.0,
job-compass.jp,0.0,
job25safe.jp,0.0,
jnto2025nftcpn.jp,0.0,
j-mcn.jp,0.0,
jlsxip.jp,0.0,
jlsweb.jp,0.0,
jks-watanabe-dojo.jp,0.0,
jiudsnrk.jp,0.0,
jirosaburo.jp,0.0,
jirokichi-net.jp,0.0,
jinyalab.jp,0.0,
jinshiba.jp,0.0,
jimou-shokumou.jp,0.0,
jiman.jp,0.0,
jima-llc.jp,0.0,
jikini.jp,0.0,
jikani.jp,0.0,
jie519.jp,0.0,
jichigraph.jp,0.0,
jfgjyufjf.jp,0.0,
jerry-lee.jp,0.0,
jemtc-bimi.jp,0.0,
jemharmony.jp,0.0,
jcieca.jp,0.0,
jbmwcq.jp,0.0,
jb-enterprisellc.jp,0.0,
jaypatel.jp,0.0,
jayde.jp,0.0,
javjav.jp,0.0,
jarnithis.jp,0.0,
jarn.jp,0.0,
japan-trip-guide.jp,0.0,
japanlimited.jp,0.0,
japanesesong.jp,0.0,
japandays.jp,0.0,
janimo.jp,0.0,
ja-kyosai-nagasaki.jp,0.0,
j-acs.jp,0.0,
izyukibousya.jp,0.0,
izumihp.jp,0.0,
izoomi.jp,0.0,
iyceoa.jp,0.0,
ixf.jp,0.0,
iwana-reel.jp,0.0,
iwaki-kensetsu.jp,0.0,
iv-group.jp,0.0,
iurenbh.jp,0.0,
itzyritzy.jp,0.0,
itwonder.jp,0.0,
itw-gia.jp,0.0,
ituka-ec.jp,0.0,
itsurouhoshida.jp,0.0,
it-siken.jp,0.0,
itsedu.jp,0.0,
i-trade.jp,0.0,
itnghtrw.jp,0.0,
itmx.jp,0.0,
itinoya.jp,0.0,
iteh.jp,0.0,
itech-inc.jp,0.0,
itad-holdings.jp,0.0,
itad-hd.jp,0.0,
itad-grp.jp,0.0,
itad-group.jp,0.0,
isuta2.jp,0.0,
isotope-inc.jp,0.0,
iso-container.jp,0.0,
ismx.jp,0.0,
ismake.jp,0.0,
islandsupport.jp,0.0,
ishio-mfg.jp,0.0,
ishimuraakihiko-nittofc.jp,0.0,
ise-kumiko.jp,0.2,
isaoo.jp,0.0,
irohajapan.jp,0.0,
irodoru-ibd.jp,0.0,
iriyacoffee.jp,0.0,
ireugftnt.jp,0.0,
ip2cc.jp,0.0,
iot-sign.jp,0.0,
iomskampolab.jp,15.0,
iomega.jp,0.0,
invisible-2nd.jp,0.0,
investimento.jp,0.0,
inumeshi.jp,0.0,
instawalk.jp,0.0,
instantnail.jp,0.0,
instagram-accounts.jp,0.0,
inspirem.jp,0.0,
inspirationeone.jp,0.0,
insightful.jp,0.0,
insidestudio.jp,0.0,
inreck.jp,0.0,
innotecgroup.jp,0.0,
innobeauty.jp,0.0,
ininc.jp,0.0,
inhuman.jp,0.0,
infra-lab.jp,0.0,
info-yokkaichi.jp,0.0,
info-nsplus.jp,0.0,
influencer-partners.jp,0.0,
inbound-college.jp,0.0,
impression-llc.jp,0.0,
importfrom.jp,0.0,
imnfbrh.jp,0.0,
imari-wakamatsuya.jp,0.0,
imadokidoki.jp,0.0,
ilovepdf.jp,0.0,
ilinkservice.jp,0.0,
ilgroup.jp,0.0,
ikotan.jp,0.0,
iknowiknow.jp,0.0,
ikiyafoods.jp,0.0,
ikite.jp,0.0,
ikigaix.jp,0.0,
ikgi.jp,0.0,
ikaw.jp,0.0,
ijin-shindan.jp,0.0,
iiit.jp,0.0,
i-hiromu-portforio.jp,0.0,
igumi-saiyou.jp,0.0,
igarsi-nashien.jp,0.0,
ifnot.jp,0.0,
ieurusatei.jp,0.0,
ie-camp.jp,0.0,
icxt.jp,0.0,
icsocket.jp,0.0,
i-connect-ito.jp,0.0,
ichipstore.jp,0.0,
ichioshi-docomo.jp,0.0,
ichigoiro.jp,0.0,
ichibanshibori-cp.jp,0.0,
ices-i.jp,0.0,
ibukitrain.jp,0.0,
ib-k.jp,0.0,
ibeo55bcrs96c71hp9ds.jp,0.0,
ianfukuoka.jp,0.0,
i-am-d.jp,0.0,
ialimalik.jp,0.0,
iadpbx.jp,0.0,
i7f8i4x3zyve9qqo46bt.jp,0.0,
i3t.jp,0.0,
hyyrma.jp,0.0,
hyper-sound-works.jp,0.0,
hyggedag.jp,0.0,
hydepco.jp,0.0,
hyama1st.jp,0.0,
hyakuirosample.jp,0.0,
hyakka-esports.jp,0.0,
hxximo.jp,0.0,
hvrflu.jp,0.0,
hutechnorin-saiyo.jp,0.0,
humanorganic.jp,0.0,
human-fuji.jp,0.0,
humabe-kenta.jp,0.0,
hughmorgan.jp,0.0,
hufdiyg.jp,0.0,
hubverse.jp,0.0,
h-sushiacademy.jp,0.0,
hrc-parts-system.jp,0.0,
hpsltd.jp,0.0,
hp-shuei.jp,0.4,
hpc-svc.jp,0.0,
how-to-choose-the-right-credit-card.jp,0.0,
househub.jp,0.0,
hotyoki.jp,0.0,
hossi-blog.jp,0.0,
hosofami.jp,0.0,
hoshi-uranai.jp,0.0,
hoshimusubi-tei.jp,0.0,
hope-ltd.jp,0.0,
honeykid.jp,0.0,
homeverse.jp,0.0,
homestaytokyo.jp,0.0,
homestayjp.jp,0.0,
home-karte.jp,0.0,
homebattery.jp,0.0,
holdup-pay.jp,0.0,
holdonaiglasses.jp,0.0,
hokkuru.jp,0.0,
hokkaido-lab.jp,0.0,
hokenpartner.jp,0.0,
hoiku-root.jp,0.1,
hoikukyujin.jp,0.0,
hoikukeiei.jp,0.0,
hnkmm.jp,0.0,
hnjd.jp,0.0,
hiveandco.jp,0.0,
hitsuji-music.jp,0.0,
hitouch-official.jp,0.0,
hitorigoto-bus.jp,0.0,
hitomoshi.jp,0.0,
hitomi-manga.jp,0.0,
hitai.jp,0.0,
hista.jp,0.0,
hishitomo.jp,1.1,
hishi-do.jp,0.0,
his-art.jp,0.0,
hirosumi.jp,0.0,
hiroshigeru.jp,0.0,
hironobu2025.jp,0.0,
hiregasaki.jp,0.0,
hiratashunsuke.jp,0.0,
hirakawashoji-arrow.jp,0.1,
hinode-job.jp,0.0,
hi-nendo.jp,0.0,
hinata-neko.jp,0.0,
himawari-family.jp,0.0,
hilead.jp,0.0,
hikkoshi-premier.jp,0.0,
hikidashinet.jp,0.0,
hikarusanpi.jp,0.0,
hikakuweb.jp,9.0,
hikaku-sfida.jp,0.0,
hidetaurus.jp,0.0,
hidamaridotcom.jp,0.0,
hidajinzai.jp,0.0,
hexacodex.jp,0.0,
herta.jp,0.0,
heroes-next.jp,0.0,
heroaca-ex-cafe.jp,0.0,
help-riza.jp,0.0,
hellens.jp,0.0,
heitan.jp,0.0,
heartpanda.jp,0.0,
healthpartner.jp,0.0,
healthfocus.jp,0.0,
health-blog.jp,0.0,
healthai.jp,0.0,
healingbird.jp,0.0,
hdk-denkihoan.jp,0.0,
hdayanss.jp,0.0,
hcwh.jp,0.0,
hcamfg.jp,0.0,
hbyvzu.jp,0.0,
hbbz.jp,0.0,
hazy-rabbit.jp,0.0,
hayashi-kougyo.jp,0.0,
hayashibara-purchase.jp,0.0,
hateno.jp,0.0,
hatchlab.jp,0.0,
hatazawaken-tax.jp,0.0,
hasuifund.jp,0.0,
hashizaka.jp,0.0,
harmonia-community.jp,0.0,
harmoblissbyx.jp,0.0,
harley-girl.jp,0.0,
hardog.jp,0.0,
happyshopwalker.jp,0.0,
happy-petdays.jp,0.0,
happiness-equation.jp,0.0,
hanntyaikanetwork.jp,0.0,
hands-free-travel.jp,0.0,
hand7kagoshima.jp,0.0,
hanataba-s.jp,0.0,
hanakaelu.jp,0.0,
hanaka2023.jp,0.0,
hamhousegrimm.jp,0.0,
hamabi-bbq.jp,0.1,
hamaarchi.jp,0.0,
haleth.jp,0.0,
halelumo.jp,0.0,
hakatafukumusubi.jp,0.0,
hajimee.jp,0.0,
haisuikanosoji.jp,1.6,
hairmakestudio-velvet-takasaki.jp,0.0,
hairmaisonkirari.jp,0.0,
hairline-shokumou.jp,0.0,
hairline-kyousei.jp,0.0,
hairline-clinic.jp,0.0,
hairbooster.jp,0.0,
haima-tonosato.jp,0.0,
haikougakkai.jp,0.0,
hahanana-seminar.jp,0.0,
hagihara-syouten.jp,0.0,
haegiwa-shokumou.jp,0.0,
hackllc.jp,0.0,
hachinohe-redevelopment.jp,0.0,
hachinohe-development.jp,0.0,
h8photo.jp,0.0,
gy398.jp,0.0,
gxsupport-itoshima.jp,0.0,
gxgo.jp,0.0,
gurume-go.jp,0.0,
gundam01.jp,0.0,
guildgroup.jp,0.0,
guidehub.jp,0.0,
guforo.jp,0.0,
guesthouse-ureshino.jp,0.0,
guayu.jp,0.0,
guangye.jp,0.0,
gsyuetai.jp,0.0,
gsctp.jp,0.0,
gruh.jp,0.0,
grto.jp,0.0,
growthboost.jp,0.0,
grow3284.jp,0.0,
grot.jp,0.0,
groovly.jp,0.0,
groovecast.jp,0.0,
gritful.jp,0.0,
grid-plus.jp,0.0,
green-work-ogawa.jp,0.0,
greenroom-inc.jp,0.0,
greenpoint-market.jp,0.0,
green-ltd.jp,0.0,
greatlove.jp,0.0,
gravencia.jp,0.0,
granseeds-saiyo.jp,0.0,
gransamble.jp,0.0,
grandbuddy.jp,0.0,
grafy.jp,0.0,
gra-bu.jp,0.0,
gqgpartners.jp,0.0,
gpt-works.jp,0.0,
gptwork.jp,0.0,
gpt-agent.jp,0.0,
gptagent.jp,0.0,
gpt-5.jp,0.0,
gpt-4o.jp,0.0,
gpskodomo.jp,0.0,
g-path.jp,0.0,
gove.jp,0.0,
gourmee.jp,0.0,
gotowork.jp,0.0,
go-shuin.jp,0.0,
goroshouten.jp,0.0,
gorito.jp,0.0,
g-opus.jp,0.0,
goosflex.jp,0.0,
goodsalontokyo.jp,0.0,
goodresult.jp,0.0,
goodpay.jp,0.0,
goodlifedesignstudio.jp,0.0,
goodfoot.jp,0.0,
goodd.jp,0.0,
goodappeal.jp,0.0,
gontarosushi-wifi.jp,0.0,
gomiro.jp,0.0,
gomastore.jp,0.0,
golemraiders.jp,0.0,
goldenyearslink.jp,0.0,
golden-fx.jp,0.0,
gojisha.jp,0.0,
gohan-supple.jp,0.0,
goggles-penguin.jp,0.0,
gms-eq.jp,0.0,
gmsales-willof.jp,0.0,
g-mix.jp,0.0,
gluten-monster.jp,0.0,
glowrie.jp,0.0,
gloworks.jp,0.0,
gloria-vision.jp,0.0,
gloria-fortune.jp,0.0,
glonetix.jp,0.0,
globaltradejapan.jp,0.0,
global-liberty.jp,0.0,
global-ks.jp,0.0,
global-asphalt.jp,0.0,
gleanai.jp,0.0,
glassgrasswedding.jp,0.0,
glarc.jp,0.0,
glamify.jp,0.0,
gladzeal.jp,0.0,
gjsr.jp,0.0,
gizmosphere.jp,0.0,
gizin.jp,0.0,
girls-jobcare.jp,0.0,
ginza-p.jp,0.0,
ginzabijinjuku.jp,0.0,
gifukensaiji.jp,0.0,
giftake.jp,0.0,
gidnzv.jp,0.0,
gibs.jp,0.0,
gibbous.jp,0.0,
ghostwrider.jp,0.0,
ghostman.jp,0.0,
gh-limousine.jp,0.0,
ghirataoffice.jp,0.0,
gflr.jp,0.0,
geyshio.jp,0.0,
getreview.jp,0.0,
ge-research-info.jp,0.0,
ge-research.jp,0.0,
gentra.jp,0.0,
genki-english.jp,0.0,
general-kashimajingu.jp,0.0,
generalbeautician.jp,0.0,
genbakara.jp,18.0,
ge-mubu.jp,0.0,
geezersm-email.jp,0.0,
geek-ers.jp,0.0,
gear-motor.jp,0.0,
gdhfis.jp,0.0,
gd-consulting.jp,0.0,
gdc21.jp,0.0,
gcycle.jp,0.0,
gazomoji.jp,0.0,
gaw-luxuryestate.jp,0.0,
gavemdm.jp,0.0,
gasheru.jp,0.0,
gardenland.jp,0.0,
gardenkagu.jp,0.0,
g-arashi.jp,0.0,
ganbarujapan.jp,0.0,
gamecatalogue.jp,0.0,
gallery54.jp,0.0,
galleriastudio.jp,0.0,
gakuyuu.jp,0.0,
gaio.jp,0.0,
gaikokujinroumu.jp,0.0,
gaijibu.jp,0.0,
gadget-navi.jp,0.0,
gadgetflash.jp,0.0,
gadget4gift.jp,0.0,
gabupeko.jp,0.0,
g6dtb1g70k3o8rtwjnxl.jp,0.0,
g0r.jp,0.0,
fyuse.jp,0.0,
fwdata.jp,0.0,
futuregateway.jp,0.0,
future-avenue.jp,0.0,
future2025.jp,0.0,
futagoroof.jp,0.0,
furehakotakumi.jp,0.0,
function-fiesta.jp,0.0,
funayama.jp,0.0,
funada3537.jp,0.0,
fulatto.jp,0.0,
fukunin.jp,0.0,
fuku-mansai.jp,0.0,
fukui-zeimukaikei.jp,0.0,
fuku-afureru.jp,0.0,
fujiseikokk.jp,0.0,
fujiseaonebite.jp,0.0,
fujisawa-rinri.jp,0.0,
fujioka45.jp,0.0,
fujioka-3.jp,0.0,
fujinomori-shinyaku.jp,0.0,
fuji-label.jp,0.0,
fujii-meat.jp,0.0,
fujiharu-butter.jp,0.0,
fujiharubutter.jp,0.0,
fuhakudo.jp,0.0,
fuer.jp,0.0,
fudosan-navi.jp,0.0,
ftxveb.jp,0.0,
ftdrone.jp,0.0,
fsastech.jp,0.0,
friend-teach.jp,0.0,
friend-career.jp,0.0,
friee.jp,0.0,
freshtest.jp,0.0,
free-sample.jp,0.0,
freedom-transport.jp,0.0,
freedam-toransport.jp,0.0,
fpec2.jp,0.0,
fourllc.jp,0.0,
four-link.jp,0.0,
forus-forcus.jp,0.0,
fortune-ryuko.jp,0.0,
fortek.jp,0.0,
forone-tech.jp,0.0,
forme-c.jp,0.0,
forever-life.jp,0.0,
footreins.jp,0.0,
footpillow.jp,0.0,
footballteamtraining.jp,0.0,
footagesearch.jp,0.0,
food-health.jp,0.0,
foodfamily.jp,0.0,
folsupport.jp,0.0,
followties.jp,0.0,
followerboost.jp,0.0,
folequinx.jp,0.0,
foever-life.jp,0.0,
fnuahs.jp,0.0,
fmes.jp,0.0,
fly-zone.jp,0.0,
flyks.jp,0.0,
flowtalk.jp,0.0,
flowside.jp,0.0,
flowbank.jp,0.0,
flotterlcc.jp,0.0,
flatsix.jp,0.0,
flatout-llc.jp,0.0,
flamengo-glass.jp,0.0,
fkhomes.jp,0.0,
fitnetworks.jp,0.0,
firstriver.jp,0.0,
firstprince-tokyoroyal.jp,0.0,
fire-club.jp,0.0,
finzure.jp,0.0,
fine-auto.jp,0.0,
find-bar.jp,0.0,
find-ai.jp,0.0,
financialadviser.jp,0.0,
fimspeedway.jp,0.0,
fimii.jp,0.0,
fguezckfwdckp.jp,0.0,
ffj0502.jp,0.0,
fevertree-cp.jp,0.0,
festride.jp,0.0,
ferretel.jp,0.0,
ferrariblog.jp,0.0,
feremo.jp,0.0,
femininedangerousfun.jp,0.0,
felica-lite.jp,0.0,
feiyang.jp,0.0,
feelcomfee.jp,0.0,
fdfraceshopjapan.jp,0.0,
fbs-corp.jp,0.0,
fatetech.jp,0.0,
fatefullife.jp,0.0,
fasystems.jp,0.0,
fanweek.jp,0.0,
fansmatch.jp,0.0,
fancer.jp,0.0,
famousnovel.jp,0.0,
famibank.jp,0.0,
famcreative.jp,0.0,
facefitness.jp,0.0,
fabbro.jp,0.0,
ez-inker.jp,0.0,
exposition-jewelry.jp,0.0,
expenglish.jp,0.0,
exitclub.jp,0.0,
executiveagent.jp,0.0,
exchanging.jp,0.0,
exa-mple-2025.jp,0.0,
evpay.jp,0.0,
ev-land-west.jp,0.0,
ev-land-east.jp,0.0,
ev-land-central.jp,0.0,
everwild.jp,0.0,
evertrail.jp,0.0,
ever777.jp,0.0,
evening-shoulder.jp,0.0,
evaporation.jp,0.0,
etowa-takamatsu.jp,0.0,
ethical-homes.jp,0.0,
e-ta.jp,0.0,
es-tensaku-pro.jp,0.0,
esteem-japan.jp,0.0,
essencesystems.jp,0.0,
eshop-hirakata.jp,0.0,
e-sco.jp,0.0,
esc-m.jp,0.0,
esamidjg.jp,0.0,
erunativitas.jp,0.0,
ero-shiroto.jp,0.0,
eromoviehub.jp,0.0,
eroi-manga.jp,0.0,
eroai.jp,0.0,
ermfihl.jp,0.0,
ergocare.jp,0.0,
epgp-hldgs.jp,0.0,
entowa-ec.jp,0.0,
ensukeya.jp,0.0,
enrichup.jp,0.0,
enpawa.jp,0.0,
enpachi.jp,0.0,
enline.jp,0.0,
english-literature.jp,0.0,
englishdemath.jp,0.0,
enformdesign.jp,0.0,
emuka.jp,0.0,
emsinc.jp,0.0,
emria.jp,0.0,
employmentsplendid.jp,0.0,
emotional-path.jp,0.0,
emokey.jp,0.0,
emoh.jp,0.0,
emnvi.jp,0.0,
emno.jp,0.0,
emial.jp,0.1,
emfam.jp,0.0,
embroia.jp,0.0,
em-b.jp,0.0,
elvastra.jp,0.0,
elsig.jp,0.0,
elphadeal.jp,0.0,
elogi-service.jp,0.0,
elitia.jp,0.0,
elbex.jp,0.0,
elangarage.jp,0.0,
ekusuri.jp,0.0,
ekuskuiz.jp,0.0,
eko-dx.jp,0.0,
ekimae-kinyu.jp,0.0,
ejruihod.jp,0.0,
eitoshop.jp,10.0,
eight-agency.jp,0.0,
ehime-inryou.jp,0.0,
eghdzz.jp,0.0,
egdixv.jp,0.0,
eeoiruk.jp,0.0,
edutain.jp,0.0,
edoweek.jp,0.0,
edit-master.jp,0.0,
ec-school.jp,0.0,
economical-life.jp,0.0,
eco-bond.jp,0.0,
eclipsemilk.jp,0.0,
ebisu-fridaynight.jp,0.0,
ebimeshi.jp,0.0,
easy-prompts.jp,0.0,
easy-clear.jp,0.0,
eastsidegolf.jp,0.0,
east-pole.jp,0.0,
easemusic.jp,0.0,
earthrich.jp,0.0,
earth-mc.jp,0.0,
eanhbofg.jp,0.0,
ea-jw.jp,0.0,
e-aisekiyu-recruit.jp,0.0,
e7n67sru78sv8shf6eof.jp,0.0,
dynamicsoftware.jp,0.0,
d-w-inc.jp,0.0,
dstor.jp,0.0,
ds-takumi.jp,0.0,
drsjapan.jp,0.0,
drkurenai.jp,0.0,
dreamy-uranaiabc.jp,0.0,
dreamy-uramaiabc.jp,0.0,
draftsensible.jp,0.0,
dqrivals.jp,0.0,
dqdai-souls.jp,0.0,
dprunner.jp,0.0,
doyoclothe.jp,0.0,
dounoson.jp,0.0,
doublejumpfrog.jp,0.0,
dotacan-rescue.jp,0.0,
dooot.jp,0.0,
domono.jp,0.0,
domain-test-kk.jp,0.0,
doi-ryota-tennis.jp,0.0,
dog-life527.jp,0.0,
doctor-child.jp,0.0,
docomodenki.jp,0.0,
dlpartners.jp,0.0,
divingspots.jp,0.0,
diver-gate.jp,0.0,
disxron.jp,0.0,
disneyfantasy.jp,0.0,
directdrive.jp,0.0,
dinnerbegood.jp,1.9,
dinkum-life-lab.jp,0.0,
digital-spark.jp,0.0,
digitalkidsacademy.jp,0.0,
digitalfinance.jp,0.0,
digicart.jp,0.0,
dify-koukun.jp,0.0,
difath.jp,0.0,
dietitian-online.jp,0.0,
dhyj.jp,0.0,
dhyana-consulting.jp,0.0,
dhrm.jp,0.0,
d-green-saiyo.jp,0.0,
dfun10.jp,0.0,
dfast.jp,0.0,
deyonda.jp,0.0,
dewars-kanpaicp.jp,0.0,
devcraft.jp,0.0,
deustore.jp,0.0,
deupdn.jp,0.0,
desksetup.jp,0.0,
design-press.jp,0.0,
designesse.jp,0.0,
desiggn.jp,0.0,
dental-yoyaku.jp,0.0,
dental-x.jp,0.0,
dental-review.jp,0.0,
dentalister.jp,0.0,
dental-cpa.jp,0.0,
demonia-shoes.jp,0.0,
deltaviewer.jp,0.0,
dekitabi.jp,0.0,
defragcapital.jp,0.0,
deepvo.jp,0.0,
deeprivertokyo.jp,0.0,
deepr.jp,0.0,
decora-bridal.jp,0.0,
deadliestcancers.jp,0.0,
dcanproject.jp,0.0,
dbiodigital.jp,0.0,
dbf2025.jp,0.0,
day-yuu.jp,0.0,
days-web.jp,0.0,
daystarttravel.jp,0.0,
daucii.jp,0.0,
data-reads.jp,0.0,
datag2025-shareholders-meeting.jp,0.0,
dataai.jp,0.0,
darkknight.jp,0.0,
darenimoienai.jp,1.6,
dapstyles.jp,0.0,
dappsai.jp,0.0,
dao-inc.jp,0.0,
daoco.jp,0.0,
daoai.jp,0.0,
danran-chips.jp,0.0,
dandace.jp,0.0,
danceand.jp,0.0,
daiwajinji-co.jp,0.0,
daiwa--co.jp,0.0,
daitai-cosme.jp,0.0,
daisyoya1995.jp,0.0,
daisen-060508.jp,0.0,
daio-package.jp,0.0,
daikensetsu.jp,0.0,
daikanyama-toyohide.jp,0.0,
daiichi-seisaku.jp,0.0,
daihatsu-move.jp,0.0,
daifuku-hoshi.jp,0.0,
dadakidz.jp,0.0,
d1skrelaty.jp,0.0,
d1sk-apex.jp,0.0,
d1skapex.jp,0.0,
cybira.jp,0.0,
cyber-heart.jp,0.0,
cybeer.jp,0.0,
cvd19.jp,0.0,
cvc-consuiting.jp,0.0,
cuteai.jp,0.0,
curry-jinja.jp,0.0,
culcham.jp,0.0,
cuffs.jp,0.1,
cufflink.jp,0.0,
cuckoopalace.jp,0.0,
csakita.jp,0.0,
cryptofrontier.jp,0.0,
cryptai.jp,0.0,
crux-studio.jp,0.0,
crookie.jp,0.0,
crest-eight.jp,0.0,
creatingcomfortablehome.jp,0.0,
create-nova.jp,0.0,
create-apps.jp,0.0,
crearte-ec.jp,0.0,
creampied.jp,0.0,
crealife-rewalk.jp,0.0,
creaitive.jp,0.0,
cravolex.jp,0.0,
craftre.jp,0.0,
cpluss.jp,0.0,
coveted.jp,0.0,
cotton-matsumoto.jp,0.0,
cosmo-planning.jp,0.0,
cosmake.jp,0.0,
coshine.jp,0.0,
correct-estate.jp,0.0,
core-go.jp,0.0,
coreestate.jp,0.0,
coolcraft.jp,0.0,
contoso-local.jp,0.0,
contactcloud.jp,0.0,
consultingai.jp,0.0,
xn--conoha-7-iu4g4kzb9m8eok.jp,0.0,
concert-pianoforte.jp,0.0,
conahamro.jp,0.0,
completescq0l.jp,0.0,
companya-001.jp,0.0,
comodo-group.jp,0.0,
community-res.jp,0.0,
commastore.jp,0.0,
comicaljapan.jp,0.0,
comeprima.jp,0.0,
come-district.jp,0.0,
colvii.jp,0.0,
color4u.jp,0.0,
coelum.jp,0.0,
codeshop.jp,0.0,
coco-rally.jp,0.0,
cocomic.jp,0.0,
cocoja.jp,0.0,
club-pay.jp,0.0,
clublinkup-reserve.jp,0.0,
clown1001.jp,0.0,
cloudcollege.jp,0.0,
clos-inc.jp,0.0,
clonex.jp,0.0,
clip-pix.jp,0.0,
clinicwork.jp,0.0,
clinic-hikaku.jp,0.0,
clickstorm.jp,0.0,
cleva.jp,0.0,
cleartax.jp,0.0,
clearskies.jp,0.0,
clay-mam.jp,0.0,
class-n.jp,0.0,
civiltech.jp,0.0,
circle-pr.jp,0.0,
circledream.jp,0.0,
cielinc.jp,0.0,
chp-aichi.jp,0.0,
chosashi-office.jp,0.0,
chorusday.jp,0.0,
choruscallasia.jp,0.0,
chokunavi.jp,0.0,
chodo-e.jp,0.0,
chocotto-web.jp,0.0,
chococo-games.jp,0.0,
choafactory.jp,0.0,
china2.jp,0.0,
childrens-cafeteria.jp,0.0,
chikai-marketing.jp,0.0,
chihaya-ense.jp,0.0,
chigasakibeach.jp,0.0,
chiba-sankyou.jp,0.0,
chiara-and-pistacchio.jp,0.0,
cheating.jp,0.0,
cheaptrickfan.jp,0.0,
chat-vision.jp,0.0,
xn--chatgpt-fc5f.jp,0.0,
chatgptsupport.jp,0.0,
chatgpt-5.jp,0.0,
chatgpt-4.jp,0.0,
charlesetcharlus.jp,0.0,
charge-audience.jp,0.0,
chanrisa.jp,0.0,
chance-link.jp,0.0,
chamameraifu.jp,0.0,
chacethepower.jp,0.0,
chabeya.jp,0.0,
cfmarine.jp,0.0,
cert-pass.jp,0.0,
central-bmc.jp,0.0,
cellactive.jp,0.0,
cdp-okayama.jp,0.0,
cccj-niigata-tohoku.jp,0.0,
cbp.jp,0.0,
cazyclouds.jp,0.0,
cauvong.jp,0.0,
cattery-laterra.jp,0.0,
xn--catchwave-pl5h.jp,0.0,
casma.jp,0.0,
casinoosaka.jp,0.0,
cashnest.jp,0.0,
carvex-kusatsu.jp,0.0,
carry-tool.jp,0.0,
carryheart.jp,0.0,
careplan.jp,0.0,
caremanet.jp,0.0,
caremane.jp,0.0,
carelesspast.jp,0.0,
careersherpa.jp,0.0,
career-nobunaga.jp,0.0,
career-break.jp,0.0,
captalk.jp,0.0,
cansil.jp,0.0,
cannabisvision.jp,0.0,
cannabipedia.jp,0.0,
canforgood.jp,0.0,
candf.jp,0.0,
campus-second.jp,0.0,
campas-pr.jp,0.0,
camaradesystem.jp,0.0,
calsite.jp,0.0,
calpis-tanabata-negaigotocampaign2025.jp,0.0,
calm-tech.jp,0.0,
cajimaru.jp,0.0,
cafelearn.jp,0.0,
c-acedesign.jp,0.0,
cable999.jp,0.0,
c8mzg72sf7nkivfmqh2a.jp,0.0,
c5b.jp,0.0,
bwwrbr.jp,0.0,
buttondesign.jp,0.0,
butenalock-2025cp.jp,0.0,
busoon.jp,0.0,
business-strategies.jp,0.0,
businessmagic.jp,0.0,
businessfinance.jp,0.0,
burn-o-u-t.jp,0.0,
burningfortune-koun.jp,0.0,
buriareus.jp,0.0,
bunkashinka.jp,0.0,
bulwell.jp,0.0,
b-timer.jp,0.0,
btcan.jp,0.0,
bsdsca.jp,0.0,
br-wakaamtsu.jp,0.0,
brunelith.jp,0.0,
bro-co.jp,0.0,
brillianceinternational-saiyo.jp,0.0,
bridget.jp,0.0,
bridgepr.jp,0.0,
bridg.jp,0.0,
breadsystem.jp,0.0,
brave-nakasu.jp,0.0,
brave-izu.jp,0.0,
branz-digitaltwin.jp,0.0,
brack.jp,0.0,
bowling-ranker.jp,0.0,
botare.jp,0.0,
botaniqua.jp,0.0,
bosjastip.jp,0.0,
boothed.jp,0.0,
bookeasy.jp,0.0,
bonbisyafudosan.jp,0.0,
bolick.jp,0.0,
boldor.jp,0.0,
bohan-systems.jp,0.0,
bodogebin.jp,0.0,
boatokuman.jp,0.0,
bmake0819.jp,0.0,
blu-well.jp,0.0,
bluwell.jp,0.0,
bluetapedesign.jp,0.0,
bluesquare.jp,0.0,
bluesking.jp,0.0,
blue-moon-0.jp,0.0,
blueclub.jp,0.0,
bluebirdflower.jp,0.0,
blue6999260.jp,0.0,
bloomify.jp,0.0,
bloghub.jp,0.0,
blockchainai.jp,0.0,
blockbase.jp,0.0,
blazethrough.jp,0.0,
blacknotes.jp,0.0,
biztrain.jp,0.0,
biz-pocket.jp,0.0,
biz-match-online.jp,0.0,
bizcraftai.jp,0.0,
biyou-shokumou.jp,0.0,
biyou-seikei-clinic.jp,0.0,
biyou-cosme.jp,0.0,
biwo.jp,0.0,
bitst.jp,0.0,
bitcoinfinance.jp,0.0,
birdz.jp,0.0,
birdwing.jp,0.0,
bipura.jp,0.0,
bio-neet.jp,0.0,
biomega.jp,0.0,
biomart.jp,0.0,
binotamerog.jp,0.0,
bikuruma.jp,0.0,
bichon-nagoya.jp,0.0,
bhdiurjg.jp,0.0,
bgme.jp,0.0,
beyondcg.jp,0.0,
better-workplace.jp,0.0,
betterthanyesterday.jp,0.0,
beteru.jp,0.0,
best-fit.jp,0.0,
best-car-produce-carcl.jp,0.0,
bestbuys.jp,0.0,
be-sensational.jp,0.0,
bertgpt.jp,0.0,
beqinc.jp,0.0,
beovuu.jp,0.0,
benriya-matsushita-help.jp,0.0,
benriya-matsushita.jp,0.0,
benoth.jp,0.0,
benjo.jp,0.0,
benefit-portal.jp,0.0,
bellrex.jp,0.0,
beleon.jp,0.0,
be-kimoto.jp,0.0,
beginity.jp,0.0,
befrank.jp,0.0,
beeacon.jp,0.0,
bedifferent.jp,0.0,
beauty-tokyo.jp,0.0,
beauty-infusion.jp,0.0,
beauty-guide-tokyo.jp,0.0,
beautydiaries.jp,0.0,
beauty-brides.jp,0.0,
beautology.jp,0.0,
beatify.jp,9.0,
bdbskxygs.jp,0.0,
bcnl.jp,0.0,
bcc-corp.jp,0.0,
bbc-llc.jp,0.0,
base1128.jp,0.0,
base046.jp,0.0,
bar-secondary.jp,0.0,
bard-chat.jp,0.0,
banzaiteikoku.jp,0.0,
bansebell.jp,0.0,
bankin-sato.jp,0.0,
bandstyleworks.jp,0.0,
bambox.jp,0.0,
bamboo-works.jp,0.0,
baljpm.jp,0.0,
bake-side.jp,0.0,
bakamori.jp,0.0,
ba-jimukyoku.jp,0.0,
baitojapan.jp,0.0,
badoha.jp,0.0,
backboost.jp,0.0,
azuteli.jp,0.0,
azusasuzuki.jp,0.0,
azumino-retreat.jp,0.0,
azabu-biyou-clinic.jp,0.0,
ayrjpqr3z4taxgo71zxn.jp,0.0,
ayna-inc.jp,0.0,
ayc-global.jp,0.0,
aya-smileworks-05.jp,0.0,
ax-turf.jp,0.0,
axtalk.jp,0.0,
aws-training.jp,0.0,
aws-cert.jp,0.0,
aws-and-infra-haruka.jp,0.0,
awena.jp,0.0,
awaumi-gyosei.jp,0.0,
awaumi-estate.jp,0.0,
awakedeep.jp,0.0,
avsomurie.jp,0.0,
auu.jp,0.0,
autosprit-sms.jp,0.0,
autospirit-sms.jp,0.0,
autor.jp,0.0,
autla.jp,0.0,
austere.jp,0.0,
aurumnetworks.jp,0.0,
aura-a.jp,0.0,
aunconnect.jp,0.0,
aukeyluvlabo.jp,0.0,
audi-newmodel-show.jp,0.0,
audi-mp.jp,0.0,
audhkfjg.jp,0.0,
atupp-atq.jp,0.0,
atsukoaoki.jp,0.0,
atoment.jp,0.0,
atelieroc.jp,0.0,
atbiss.jp,0.0,
at-anytime.jp,0.0,
atans.jp,0.0,
atalia.jp,0.0,
atakou.jp,0.0,
asuzora.jp,0.0,
asuranox.jp,0.0,
astralsmp.jp,0.0,
assuhihrg.jp,0.0,
assist-jobs.jp,0.0,
assist-g3.jp,0.0,
assignmentschedule.jp,0.0,
asride.jp,0.0,
asmedica.jp,0.0,
aslinksoft.jp,0.0,
askchatgpt.jp,0.0,
asian-villa.jp,0.0,
asiacompany.jp,0.0,
ashinotazuna.jp,0.0,
asano-s-s-d-office.jp,0.0,
artsinn.jp,0.0,
artemis-llc.jp,0.0,
artelnotes.jp,0.0,
artefact-studios.jp,0.0,
aromastress.jp,0.0,
arkwork.jp,0.0,
arksgkk.jp,0.0,
ark-pharmacy.jp,0.0,
arisys.jp,0.0,
arinoss.jp,0.0,
arimaspa.jp,0.0,
a-rich-life-for-a-couple.jp,0.0,
ariaka.jp,0.0,
ar-estate.jp,0.0,
arcavia.jp,0.0,
arai-yuta.jp,0.0,
arai-ltd.jp,0.0,
aquagelpremium.jp,0.0,
apu-pilot.jp,0.0,
appcorn.jp,0.0,
apparentprocedure.jp,0.0,
apoxi-atq.jp,0.0,
api-gsz.jp,0.0,
apex-d1sk.jp,0.0,
apexd1sk.jp,0.0,
apetiecreation.jp,0.0,
ao-agent.jp,0.0,
anzentx-saiyo.jp,0.0,
anycoder.jp,0.0,
anta-yoyuna.jp,0.0,
answerengine.jp,0.0,
anpoke.jp,0.0,
a-no.jp,0.0,
annotrust.jp,0.0,
anna-tiga.jp,0.0,
anison-ai.jp,0.0,
anisonai.jp,0.0,
animoa.jp,0.0,
animearasuji.jp,0.0,
animalmassage.jp,0.0,
animalethics.jp,0.0,
animal-ai.jp,0.0,
anicoma.jp,0.0,
anhduongshop.jp,0.0,
angelofgod.jp,0.0,
andpicturesregion.jp,0.0,
anchor81.jp,0.0,
anatanoadviser.jp,0.0,
anarise.jp,0.0,
anaguma-san.jp,0.0,
anaguma-ld.jp,0.0,
amydor.jp,0.0,
amu-nazo.jp,0.0,
am-shoji.jp,0.0,
amos-ayunche.jp,0.0,
amnd.jp,0.0,
amna.jp,0.0,
ammonia-engine.jp,0.0,
ammonia.jp,0.0,
aminofit.jp,0.0,
amimono-app.jp,0.0,
amhogg.jp,0.0,
amforever.jp,0.0,
amex-card.jp,0.0,
amdt2.jp,0.0,
amayoi.jp,0.0,
amateras-japan.jp,0.0,
amarisse.jp,0.0,
amanaairvision.jp,0.0,
amagency.jp,0.0,
altsbank.jp,0.0,
alpha-drive.jp,0.0,
alpha-ai.jp,0.0,
alopeciaguide.jp,0.0,
aloha-online.jp,0.0,
alohaonline.jp,0.0,
almasrv.jp,0.0,
allon4-implant.jp,0.0,
allhomes.jp,0.0,
alldunlopfes2025.jp,0.0,
alimola.jp,0.0,
aligngym.jp,0.0,
aliensystem.jp,0.0,
alice-technology.jp,0.0,
alicerosa-bridal.jp,0.0,
alg-yokozawa-office.jp,0.0,
algotrade.jp,0.0,
algo-ai.jp,0.0,
algal.jp,0.0,
alexus.jp,0.0,
alexandreimode.jp,0.0,
alcodesign.jp,0.0,
alapedia.jp,0.0,
akspt.jp,0.0,
akrospharma.jp,0.0,
akiya-honpo.jp,0.0,
akina-bag.jp,0.0,
aki-ai.jp,0.0,
akashiam.jp,0.0,
akari-chan.jp,0.0,
aiyears.jp,0.0,
ai-webdesign.jp,0.0,
aiweb3.jp,0.0,
aiwallet.jp,0.0,
xn--aiu-bm0e3143a.jp,0.0,
aiuji.jp,0.0,
aitri.jp,0.0,
ai-talent.jp,0.0,
aisoudan.jp,0.0,
aismapho.jp,0.0,
aisb.jp,0.0,
air-mate.jp,0.0,
airconditionerclean.jp,0.0,
aircon119.jp,0.0,
aipm.jp,0.0,
aipf.jp,0.0,
aipetgp.jp,0.0,
aipayment.jp,0.0,
ai-pay.jp,0.0,
aioverviews.jp,0.0,
aiolit.jp,0.0,
ainomoto.jp,0.0,
ainavigation.jp,0.0,
aimetaverse.jp,0.0,
ailelinx.jp,0.0,
aikoffice.jp,0.0,
aiinvestment.jp,0.0,
aihotline.jp,0.0,
aihatchlab.jp,0.0,
aifuturelab.jp,0.0,
aifuture.jp,0.0,
aiflash.jp,0.0,
aiengine.jp,0.0,
aidora.jp,0.0,
aidid.jp,0.0,
aidefi.jp,0.0,
aidapps.jp,0.0,
ai-dao.jp,0.0,
ai-creater.jp,0.0,
aicasino.jp,0.0,
ai-car.jp,0.0,
ai-ca.jp,0.0,
aibrowser.jp,0.0,
aibooo.jp,0.0,
aiblockchain.jp,0.0,
aible.jp,0.0,
aibanking.jp,0.0,
ai-app.jp,0.0,
aiandsns.jp,0.0,
ai-analytics.jp,0.0,
ai-advertising.jp,0.0,
ah-sol.jp,0.0,
agnisphilosophy.jp,0.0,
ag-mgmt.jp,0.0,
agles.jp,0.0,
agingfree.jp,0.0,
ageroute.jp,0.0,
aga40.jp,0.0,
afterskool.jp,0.0,
aftel.jp,0.0,
aerosensei.jp,0.0,
adxr.jp,0.0,
adv-ppc.jp,0.0,
adv4.jp,0.0,
adtas.jp,0.0,
ad-iroiro.jp,0.0,
adarutobideo-naiyou.jp,0.0,
ad-ai.jp,0.0,
adachi1964.jp,0.0,
adabada.jp,0.0,
acupuncture-moxibustion.jp,0.0,
actpia.jp,0.0,
across-oriental.jp,0.0,
acrossoriental.jp,0.0,
acrez.jp,0.0,
achievia.jp,0.0,
ace-jinzaibank.jp,0.0,
accsys.jp,0.0,
accordadvent.jp,0.0,
accesskobe.jp,0.0,
abl-lcc.jp,0.0,
abcswd.jp,0.0,
abcrocket.jp,0.0,
abc-cooking-wifi.jp,0.0,
abarello.jp,0.0,
a7group.jp,0.0,
a2corporation.jp,0.0,
9ftlabs.jp,0.0,
8778.jp,0.0,
81947.jp,0.0,
7mp.jp,0.0,
7koma.jp,0.0,
7ab.jp,0.0,
6rd.jp,0.0,
xn--6334588-dz7mq11f.jp,0.0,
5alapedia.jp,0.0,
5562.jp,0.0,
50508.jp,0.0,
4valley-idc.jp,0.0,
4sometoys.jp,0.0,
4core.jp,0.0,
42pieces.jp,0.0,
3yoks.jp,0.0,
3shines.jp,0.0,
3quatrofeijaonoprato.jp,0.0,
3gatemiura1192.jp,0.0,
3ct.jp,0.0,
369studio.jp,0.0,
33techie.jp,0.0,
306kitchen.jp,0.0,
2kbfg4e6xt1rrth2m84h.jp,0.0,
24abc-ec.jp,0.0,
xn--2025-8c0gm1tbm7aje2d.jp,0.0,
2025kokusei.jp,0.0,
2025gyoza-campaign.jp,0.0,
20250523test.jp,0.0,
1asc.jp,0.0,
19d.jp,0.0,
17goo.jp,0.0,
168company.jp,0.0,
121-hoken.jp,0.0,
11-12.jp,0.0,
11099.jp,0.0,
10p.jp,0.0,
10ji.jp,0.0,
0xol7v9it6n6vcdga5hm.jp,0.0,
0gwt17dg6nsau0ui2j3v.jp,0.0,
07kokusei.jp,0.0,
078guard-saiyo.jp,0.0,
0718-fukuokagourmet.jp,0.0,
05aoi10.jp,0.0,
d-tool.jp,0.0,
shiawaseni.jp,0.0,
furusato-report.jp,0.0,
av-miss.jp,0.0,
brewbrew.jp,0.0,
nx-careerroad-job.jp,1.9,
