ドメイン,意味,ドメインオーソリティ,外部リンク,登録,文字数,ドメイン年齢,ジャンル,関連ワード
mao-asada.jp,浅田真央オフィシャルサイト,38,465,2014/05/23,9,12,エンターテイメント,フィギュアスケート / アスリート / スポーツ
presepe.jp,アニメ情報とショップ＆コミュニティ -プレセペ-,43,1979,2009/05/29,7,17,趣味,アニメ / グッズ / コミュニティ
wook.jp,小説ヨミタイ | おすすめ小説読みたい！,41,1490,2010/05/10,4,16,書籍,小説 / 読書 / 書評
mhlw-houkatsucare-ikou.jp,精神障害にも対応した地域包括ケアシステム構築支援情報ポータル,31,92,2017/05/02,22,9,公共サービス,精神医療 / 福祉 / 地域支援
kyowa-to.jp,TOP | 共和党,15,108,2019/05/28,8,7,公共サービス,政党 / 政治 / 政策
ebbs.jp,無料レンタル掲示板ebbs.jp｜スマホ/携帯/PC対応,40,2338,2008/05/24,4,18,エンターテイメント,掲示板 / コミュニティ / Webサービス
izu-kamori.jp,伊豆 稲取・下田アクティブガイド 加森観光グループ｜伊豆 稲取 下田のゴルフや観光案内,38,1689,2008/05/15,10,18,旅行,伊豆観光 / アウトドア / レジャー
kibune.jp,京都の奥座敷・貴船　貴船観光会,38,1278,2025/05/01,6,1,旅行,鍼灸 / 東洋医学 / 健康
b8ta.jp,b8ta | ベータジャパン,42,777,2019/05/25,4,7,その他,体験型店舗 / ガジェット / 小売業
hakkle.jp,"自転車ショップ
 &ndash; Hakkle（ハックル）",32,1933,2009/05/28,6,17,自動車,自転車 / スポーツ / 通販
tkoubaske.jp,映画『走れ！T校バスケット部』公式サイト,33,175,2018/05/21,9,8,映画,映画 / バスケット / 青春
nierreincarnation.jp,NieR Re[in]carnation | SQUARE ENIX,37,603,2020/05/18,17,6,ゲーム,スマホゲーム / RPG / エンタメ
fm-watch.jp,home | みんなのラジオ局 FMわっち,30,422,2015/05/13,8,11,エンターテイメント,コミュニティFM / ラジオ / 地域情報
cocorofilm.jp,プロフィールムービー制作｜結婚式ムービーココロフィルム,54,192,2021/05/21,10,5,エンターテイメント,結婚式 / 動画制作 / ブライダル
mokuzai-points.jp,海外ＦＸキラー - 海外FXの総合情報サイト,36,850,2016/05/01,14,10,金融,FX / 投資 / 為替
ginza-calla.jp,全身脱毛サロン銀座カラー【公式】,37,1442,2009/05/08,11,17,美容・化粧品,脱毛 / 美容 / エステ
hood-movie.jp,映画『フッド：ザ・ビギニング』公式サイト | 2020年3月6日(金) Blu-ray&DVD発売！,33,146,2019/05/31,10,7,映画,映画 / アクション / 冒険
syoha-senkyo.jp,NHK党 - 第27回参議院議員通常選挙 | 候補者情報サイト - 第27回参議院議員通常選挙の候補者を紹介しております。政策、最新情報などNHK党の選挙に関する情報をお伝えします。,22,54,2022/05/28,12,4,公共サービス,選挙 / 政治 / 政党
pinafore.jp,メイドカフェぴなふぉあ-秋葉原にあるメイド喫茶・メイドカフェぴなふぉあ公式サイト,38,627,2003/05/29,8,23,飲食,メイドカフェ / 飲食店 / サブカル
finalportrait.jp,映画『ジャコメッティ 最後の肖像』（Final Portrait/原題）,32,101,2017/05/12,13,9,映画,映画 / 芸術 / 伝記
vrai.jp,Vrai,31,205,2017/05/18,4,9,IT,
soh-soh.jp,シャキッと爽やか！爽｜お口の恋人 ロッテ,34,691,2025/05/01,7,1,飲食,菓子 / ガム / 清涼感
yudo-movie.jp,映画『湯道』公式サイト｜2023年10月11日（水）Blu-ray＆DVDリリース！,36,254,2022/05/09,10,4,映画,映画 / 温泉 / 文化
noblessejapan.jp,NOBLESSE JAPAN｜made in japan,20,1421,2015/05/25,13,11,美容・化粧品,ファッション / 国産品 / ライフスタイル
aqua-aqua.jp,大阪市の不妊治療ならわずか3ヶ月で妊娠に導く谷六丁目駅すぐのアクア鍼灸治療院,35,310,2009/05/21,9,17,医療,不妊治療 / 婦人科 / 妊活
midway-movie.jp,1/22(金)レンタルDVD & 3/12(金)セルBlu-ray・DVDリリース！ 映画『ミッドウェイ』公式サイト｜9.11（金）全国公開,32,169,2020/05/18,12,6,映画,映画 / 戦争 / 歴史
dentou-koukai.jp,地域の伝統行事等のための伝承事業（公開支援）,16,45,2022/05/26,13,4,公共サービス,伝統文化 / 地域振興 / 文化継承
localgood.jp,LOCAL GOOD,37,329,2014/05/02,9,12,その他,地域活性 / まちづくり / コミュニティ
karajishi-kamen.jp,映画『唐獅子仮面』公式サイト,21,36,2023/05/20,15,3,映画,映画 / 邦画 / アクション
apahotel-saiyou.jp,アパホテル |【公式】採用情報サイト,11,131,2021/05/06,15,5,就職・転職,求人情報 / ホテル業 / 就職活動
ibukinosato.jp,新見市千屋温泉いぶきの里 公式ウェブサイト &#8211; 新見市にある千屋温泉いぶきの里。単純アルカリ泉の天然温泉と地元のブランド牛「千屋牛」を堪能いただけます。緑豊かな山並みに囲まれ、爽やかな気候のなか各種宴会やグラウンドゴルフ、宿泊、日帰りでご利用くださいませ。,32,118,2021/05/29,11,5,旅行,温泉 / 宿泊 / 観光
editory.jp,EDITORY神保町 | コ・ワーキング＆イベントエディトリー,33,263,2025/05/01,7,1,エンターテイメント,コワーキング / イベント / 仕事場
mujosobyo.jp,映画『無常素描』公式HP,26,101,2011/05/28,9,15,映画,映画 / ドキュメンタリー / 芸術
kobe-center.jp,海外移住と文化の交流センター,31,196,2009/05/12,11,17,公共サービス,海外移住 / 国際交流 / 多文化
red-joan.jp,映画『ジョーンの秘密』公式サイト,25,104,2020/05/18,8,6,映画,映画 / 実話 / ドラマ
preciouslife.jp,港区 不動産：プレシャスライフ 会員専用物件情報メルマガ配信！港区の不動産,1,3659,2025/05/01,12,1,不動産,不動産 / 賃貸 / 売買
social-lab.jp,インフルエンサーマーケティング・PR依頼ならソーシャルラボ -Social Lab-,19,135,2025/05/01,10,1,ビジネス,インフルエンサー / SNS運用 / マーケティング
nagoyanavi.jp,名古屋ナビ[NAGOYA NAVI],31,290,2007/05/24,10,19,旅行,名古屋観光 / 地域情報 / おでかけ
anticaosteriadelponte.jp,アンティカ・オステリア・デル・ポンテ  ANTICA OSTERIA DEL PONTE,31,253,2011/05/06,21,15,飲食,イタリアン / レストラン / グルメ
saltcoordinator.jp,業界信頼度抜群！人気の塩資格『ソルトコーディネーター』養成講座 | 食のプロが推薦する信頼の塩資格『ソルトコーディネーター』養成講座,31,108,2012/05/22,15,14,趣味,食育 / 資格取得 / 調味料 / 食品知識
adgger.jp,ブログ特化アフィリエイト『アドガー』 | 貼るだけでお小遣い稼ぎ！,31,390,2008/05/22,6,18,IT,アフィリエイト / ブログ / 副業
itrco.jp,インターテックリサーチ株式会社 &#8211; InterTech Research Corporation,30,359,2009/05/28,5,17,ビジネス,市場調査 / IT分析 / コンサルティング
ninzunomachi.jp,映画『人数の町』公式サイト,30,175,2020/05/28,12,6,映画,映画 / サスペンス / ミステリー
napster.jp,音楽配信・音楽ダウンロード 定額制聴き放題サービス - Napster Japan,38,724,2005/05/30,7,21,音楽,音楽配信 / ストリーミング / エンタメ
dqdai-xb.jp,【クロブレ】ドラゴンクエスト ダイの大冒険 クロスブレイド | スペシャルサイト | タカラトミーアーツ,35,263,2020/05/14,8,6,エンターテイメント,アーケードゲーム / トレーディング / アニメ
hanagesiki.jp,ホテル花景色【公式サイト】,26,692,2001/05/22,10,25,旅行,温泉旅館 / 宿泊 / 観光
la-coldcase.jp,映画『L.A.コールドケース』公式サイト 8月5日(金)、ロードショー,28,61,2022/05/26,11,4,映画,映画 / 犯罪 / ミステリー
yumikonakamura.jp,中村祐美子 公式サイト // YUMIKO NAKAMURA Official Site,32,228,2025/05/23,14,1,エンターテイメント,アーティスト / 芸術 / 作品
deli-a.jp,DELIA,39,1130,2007/05/02,6,19,その他,ファッション / 雑貨 / ライフスタイル
hanzuiryo.jp,長崎・雲仙温泉　旅亭半水盧（はんずいりょ）＜公式サイト＞,32,179,2024/05/10,9,2,旅行,温泉旅館 / 高級旅館 / 観光
muryo-soudan.jp,法律相談なら朝日中央インターネット法律相談,20,617,2008/05/13,12,18,ビジネス,法律相談 / 弁護士 / 法律
altamira.jp,"ALTAMIRA PICTURES, INC.",35,802,2001/05/08,8,25,アート,映像制作 / 映画制作 / クリエイティブ
nikkei-techno.jp,FX海外口座コンシェルジュ ｜海外FX攻略方法、おすすめ口座、おすすめの攻略法を解説,26,137,2017/05/01,13,9,金融,FX / 投資 / 海外口座
nadejo.jp,返金受付のご案内 ? パルティグランデ : パルティグランデ,32,77,2023/05/26,6,3,ゲーム,結婚式場 / ブライダル / 宴会場
ikoma-kankou.jp,生駒市観光情報 | 生駒の散歩道,30,331,2009/05/15,12,17,旅行,観光 / 地域情報 / おでかけ
katsuuraonsen.jp,南紀勝浦温泉旅館組合 | 南紀勝浦にある温泉旅館・ホテルをご紹介しています,30,167,2012/05/31,13,14,旅行,温泉 / 旅館 / 観光
yonesima.jp,米島酒造／久米島／泡盛・古酒・沖縄の酒、丹精込めた琉球泡盛,30,120,2005/05/29,8,21,飲食,泡盛 / 酒造 / 地酒
monsterdragon.jp,モンスタードラゴン【MONSTER×DRAGON】公式サイト,38,861,2011/05/25,13,15,ゲーム,オンラインゲーム / RPG / エンタメ
zenkamono-movie.jp,映画『前科者』｜絶賛上映中,32,261,2021/05/10,15,5,映画,映画 / 犯罪 / ドラマ
efreedom.jp,演劇集団フリーダム &#8211; 福岡の劇団、演劇集団フリーダム公式サイト。巡演・公演情報、役者紹介、ブログ。,17,118,2005/05/30,8,21,エンターテイメント,演劇 / 劇団 / 舞台芸術
kitetsu-hotel.jp,紀州ホテルグループ　トップページ,29,291,2002/09/03,13,24,旅行,ホテル / 宿泊 / 観光
fetusjapan.jp,日本胎児治療グループとは - 日本胎児治療グループ,27,105,2014/05/19,10,12,医療,胎児医療 / 産婦人科 / 医学研究
englishpedia.jp,English Pedia｜日本最大級の留学サポートサイト,28,441,2014/05/09,12,12,教育,留学 / 英語学習 / 海外生活
veryberry.jp,京都市北白川のアメリカンカフェ【Very Berry Cafe】,28,183,2003/05/30,9,23,飲食,カフェ / アメリカン / 飲食店
8-duck.jp,中国料理専門、本格中華料理、北京ダック＆水餃子、中国茶房8（エイト） 恵比寿店,28,181,2013/05/23,6,13,飲食,中華料理 / 飲食店 / グルメ
atsugiham.jp,Atsugi Ham |  | ハムやソーセージ・ウィンナーの通販・ギフトは厚木ハムへ,28,155,2008/05/08,9,18,通販,ハム / ソーセージ / 通販
isbit.jp,ISBIT DAIKANYAMA,26,118,2024/05/28,5,2,ファッション,ファッション / レディース / アパレル
kamizukan.jp,紙の専門店「紙図鑑」,28,110,2025/05/01,9,1,その他,紙製品 / 文房具 / ハンドメイド
hfj.jp,ヘルス&amp;フィットネスジャパン｜フィットネス機器・プログラム専門展,25,150,2001/05/11,3,25,イベント,フィットネス / 健康 / 展示会
kanakurishiso.jp,日本マラソンの父　金栗四三の生家 / 和水町,27,126,2018/05/25,13,8,公共サービス,歴史人物 / 観光 / 記念館
repairman.jp,iPhone修理/スマホ修理店舗の検索から予約までらくらく簡単に出来る予約サイト | リペアマン(REPAIRMAN),27,109,2017/05/02,9,9,家庭,スマホ修理 / 修理予約 / 携帯端末
eikokusotoku.jp,映画『英国総督 最後の家』公式サイト,29,95,2018/05/09,12,8,映画,映画 / 歴史 / ヒューマン
tokusuru-bosai.jp,トクする！防災 | 日本気象協会,40,543,2016/05/13,14,10,公共サービス,防災 / 災害対策 / 気象情報
midin.jp,ミッドインホテルズ（MID IN HOTELS）公式ホームページ,26,182,2007/05/16,5,19,旅行,ホテル / 宿泊 / ビジネス
greenpal.jp,グリーンパル日向神峡 正式ホームページ | 福岡県 八女市の森林に囲まれた本格キャンプ場,26,111,2018/05/09,8,8,エンターテイメント,
shimada-cl.jp,島田クリニック,17,919,2012/05/25,10,14,医療,クリニック / 内科 / 医療
relacul.jp,リラクル（公式）医師監修の睡眠・ココロのサプリ専門店,23,444,2012/05/30,7,14,健康,睡眠改善 / サプリ / 健康
ev-owners.jp,EVオーナーが語る現実派サイト｜EVオーナーズクラブ,25,180,2012/05/30,9,14,自動車,電気自動車 / 自動車 / エコ
okakiyoshi-ken.jp,数学者 岡潔思想研究会,25,109,2025/05/01,14,1,教育,数学 / 思想研究 / 学術
um-hum.jp,um-hum Official Site,24,208,2020/05/23,6,6,音楽,音楽 / バンド / エンタメ
motopower.jp,the38th 8H POWER ENDURO,19,584,2006/05/19,9,20,イベント,自転車競技 / レース / スポーツ
application-kanazawa.jp,"石川県金沢市のセレクトショップAPPLICATION(アプリケーション) | 公式オンラインストア 正規取扱店
 &ndash; Application",16,1004,2023/05/29,20,3,通販,セルフケア / 美容 / 健康
nikon-lenswear.jp,ホーム | ニコンレンズウエア,35,996,2008/05/12,14,18,ファッション,メガネ / アイウェア / 視力補正
i-wedding.jp,【公式】名古屋の結婚式場なら マリエカリヨン名古屋,22,222,2005/05/07,9,21,イベント,結婚式場 / ブライダル / 挙式
takeo-cinema.jp,映画「タケオ」公式サイト,26,97,2025/05/01,12,1,映画,映画 / 邦画 / ドラマ
monkeyman.jp,映画『モンキーマン』オフィシャルサイト｜8/23(金)全国公開,26,84,2024/05/23,9,2,映画,映画 / アクション / サスペンス
syougai.jp,海外FXスワップポイント比較 | 海外FXスワップポイント比較,23,674,2022/05/01,7,4,金融,FX / スワップ / 資産運用
michel-herbelin.jp,HERBELIN | 【日本公式】エルブラン,30,159,2013/05/20,15,13,ファッション,腕時計 / ファッション / 高級品
eduview.jp,フロントページ - eduview,30,126,2013/05/18,7,13,その他,教育情報 / 学校運営 / ICT教育
selfless.jp,【公式サイト】『セルフレス／覚醒した記憶』｜9月1日（木）、TOHOシネマズ シャンテ他にて全国公開,33,116,2016/05/02,8,10,エンターテイメント,映画 / SF / サスペンス
elementcase.jp,エレメントケースジャパン｜Element Case Japan<,23,102,2014/05/13,11,12,ファッション,スマホケース / アクセサリー / 通販
blogoodies.jp,blogoodies.jp,32,2051,2019/05/01,10,7,IT,ブログ / 情報発信 / Webサービス
tooyoungtodie.jp,映画『TOO YOUNG TO DIE！ 若くして死ぬ』公式サイト | 鬼ヒット 上映中！,39,443,2015/05/20,13,11,映画,映画 / コメディ / 音楽
marketer.jp,NobyNoby【ノビノビ】,29,384,2012/05/01,8,14,その他,子育て / 教育 / 育児
ddroom.jp,webサイト（ホームページ）の導入から効果的な運営まで一貫してサポートいたします 《webアシスト　ddr》,8,556,2007/05/28,6,19,IT,Web制作 / 運営支援 / 集客
n-ippo.jp,節約ワンダーランド,28,146,2023/05/01,6,3,旅行,節約 / 家計管理 / 暮らし
playpic.jp,PlayPic,30,133,2018/05/16,7,8,IT,写真共有 / SNS / アプリ
nanome.jp,NaoSakamoto Illustration &#8211; NaoSakamoto 坂本奈緒 Illustration,23,103,2005/05/16,6,21,その他,イラスト / デザイン / アート
maskwear.jp,MASK WEAR TOKYO（マスクウェアトーキョー）,27,118,2020/05/07,8,6,ファッション,マスク / ファッション / 衛生用品
dali-movie.jp,映画『ウェルカム　トゥ　ダリ』公式サイト,28,51,2023/05/15,10,3,映画,映画 / 芸術 / 伝記
eightpark.jp,名古屋・日進・犬山の親子カフェEIGHT PARK CAFE（エイトパークカフェ）,29,96,2015/05/07,9,11,飲食,親子カフェ / 子育て / 飲食店
lipton-sweets.jp,Lipton One Spoon Sweets Collection,32,430,2025/05/01,13,1,飲食,紅茶 / スイーツ / 食品
kyotocity-hs.jp,京都市立高等学校最新情報サイト,25,100,2015/05/21,12,11,教育,高校教育 / 学校生活 / 受験情報
kanclinic.jp,医療法人かん養生クリニック｜福岡県北九州市小倉南区の内科・心療内科・精神科医療法人かん養生クリニック｜福岡県北九州市小倉南区の内科・心療内科・精神科,23,51,2025/05/01,9,1,医療,内科 / 心療内科 / 精神科
siesta-hosp.jp,心療内科・精神科 北九州市の新患の予約不要なクリニック 荒木医院,23,35,2005/05/09,11,21,医療,心療内科 / 精神科 / メンタルケア
shangrila-drive.jp,シャングリラドライブ 公式サイト,31,65,2025/05/01,15,1,ゲーム,ゲーム / エンタメ / キャラクター
tabisuma.jp,たびすまいる | 海外、国内の旅行うんちく・Q&A;・レビュー(口コミ)・旅日記・写真・掲示板。旅行・観光ガイド。,34,831,2008/05/30,8,18,旅行,旅行 / 観光 / おでかけ
sadotaiken.jp,佐渡太鼓体験交流館（たたこう館）,30,147,2025/05/01,10,1,趣味,太鼓 / 伝統文化 / 体験
alpoca.jp,閉店のお知らせ ∥ alpoca（アルポカ） - 「ヒートスムージー」や「するポカ」をはじめとした温活サポート商品と、心まで温かくなるようなサービス,30,140,2018/05/11,6,8,健康,温活 / 健康食品 / サプリ
okada-maternity.jp,岡田産科婦人科,24,67,2003/05/06,15,23,医療,産婦人科 / 妊婦健診 / 出産
noumi-dental.jp,のうみ歯科・キッズデンタルクリニック｜新山口の家族で通える歯医者さん,22,43,2015/05/14,12,11,医療,歯科 / 小児歯科 / 予防歯科
ishiuchi-clinic.jp,石内医院（医療法人社団　康晏堂）延岡市,24,39,2020/05/25,15,6,医療,医院 / 内科 / 医療
tokyo-design-market.jp,京都の求人情報とスポットとイベントを紹介するサイト | 当サイトは、京都にある求人情報やスポット、イベントなどを紹介していくサイトです。,17,587,2014/05/01,19,12,就職・転職,求人 / イベント / 地域情報
usjwebphotostore.jp,ユニバーサル・スタジオ・ジャパン? WEBフォトストア,15,50,2025/05/01,16,1,エンターテイメント,テーマパーク / 写真販売 / レジャー
tomita-kan.jp,千葉市富田都市農業交流センターHP,29,141,2025/05/17,10,1,その他,農業体験 / 地域交流 / 農産物
exina.jp,EXiNA OFFICIAL SITE,34,283,2019/05/30,5,7,音楽,音楽 / アーティスト / エンタメ
cocoro-cafe.jp,Home - 夫婦関係や結婚生活がうまくいかないときの電話相談はこころカフェ,28,126,2024/05/01,11,2,家庭,夫婦問題 / カウンセリング / 悩み相談
aeonconnect.jp,LIBERARY （リベラリー）| ビジネスに繋がる教養を学ぶ動画サービス - リベラルアーツ(LIBERAL ARTS),30,95,2021/05/27,11,5,教育,教養 / ビジネス / 動画学習
at-agent.jp,IT個人事業主(フリーランス)の求人・案件サイト - @Agent,31,701,2010/05/07,8,16,就職・転職,フリーランス / IT求人 / 案件紹介
restgenol.jp,レストジェノール公式オンラインショップ,24,96,2025/05/01,9,1,美容・化粧品,健康食品 / サプリ / 通販
s-hidezo.jp,安くて、美味しい新鮮な魚が食べれると言えばひでぞう,24,86,2012/05/26,8,14,飲食,海鮮料理 / 居酒屋 / グルメ
smileship.jp,寳達真紀子整体院,20,305,2023/05/13,9,3,健康,整体 / 健康 / ボディケア
mgdm.jp,北欧スタイルの結婚指輪Marriaged Marriage,26,145,2007/05/08,4,19,ファッション,結婚指輪 / ブライダル / ジュエリー
kiryu-ebisu.jp,桐生西宮神社｜商売繁盛に家内安全・桐生えびす講を開催します。,23,92,2008/05/20,11,18,公共サービス,神社 / 開運 / 伝統行事
uminone.jp,うみのね　犬と泊まれる浜辺のコテージ　千葉　九十九里,27,92,2013/05/16,7,13,旅行,ペット同伴 / コテージ / 宿泊
mmw.jp,神戸元町ミュージックウィーク,27,123,2025/05/03,3,1,公共サービス,音楽イベント / ライブ / 地域活性
webdesignday.jp,Web Design DAY | Webデザインに携わる日々に役立つ情報を発信するメディア,17,412,2017/05/18,12,9,ビジネス,Webデザイン / 制作技術 / デザイン
camlens.jp,個人向けカメラレンタルサービス終了のお知らせ | Cam'Len,17,125,2020/05/06,7,6,家庭,カメラレンタル / 撮影機材 / 写真
ac-c.jp,神奈川 横浜 曙町の風俗エステ店｜AlomaClub Casablanca アロマクラブカサブランカ,20,122,2006/05/26,4,20,その他,
bright-tokyo.jp,"BRIGHT CO., LTD.",23,271,2015/05/22,12,11,ファッション,企業 / 製造業 / サービス
kitchenlife.jp,世界の料理家が創るキッチンライフ | 料理研究家ブログ、レシピの紹介,32,218,2009/05/28,11,17,飲食,料理 / レシピ / 食文化
heartbeat-movie.jp,映画『ハートビート』公式サイト,24,96,2016/05/20,15,10,映画,映画 / 青春 / 音楽
hinabe-shintenchi.jp,AP HOLDINGS / エー・ピーホールディングス - 塚田農場 四十八漁場 関根精肉店 芝浦食肉,18,40,2018/05/17,17,8,飲食,飲食業 / 外食産業 / 企業
give-peace-a-chance.jp,CHANCE!-平和を創る人々のネットワーク-,31,296,2013/05/01,19,13,その他,平和活動 / 国際協力 / NPO
standardbookstore.jp,STANDARD BOOKSTORE スタンダードブックストア,31,175,2024/05/29,17,2,その他,書店 / 本 / カフェ
chablet.jp,タブレット一つでお茶を味わう。茶ブレット ｜ 株式会社オリーブ 静岡県富士市,15,110,2020/05/14,7,6,飲食,お茶 / タブレット端末 / IoT
kamimoto.jp,ホームページ運営のプロフェッショナル　Kamimoto.jp,19,624,2007/05/06,8,19,IT,ホームページ制作 / Web運営 / 集客
hiroshima-kansenboushi-shien.jp,【公式】広島県感染症拡大防止協力支援金（令和3年度第1期）,19,32,2021/05/11,28,5,公共サービス,感染症 / 医療 / 支援事業
otoku-line.jp,ビジネスの電話回線ならおとくライン｜固定電話・ソフトバンク光をもっとお得に！,18,383,2006/05/08,10,20,その他,固定電話 / 通信回線 / 法人向け
elementalsoft.jp,elemental soft,26,97,2024/05/01,13,2,趣味,ソフトウェア / アプリ開発 / IT
nekonokurachan-ordinarydays.jp,アニメ「ネコのクラちゃん Ordinary days」公式サイト,26,59,2025/05/17,27,1,エンターテイメント,アニメ / キャラクター / エンタメ
shingetsu-school.jp,整体学校で資格取得｜女性の習い事なら心月女性整体師養成学院・神戸校 -,14,107,2025/05/01,16,1,健康,整体学校 / 資格取得 / 女性向け
monoeco.jp,物々交換と個人レンタルで地球に優しいリサイクル - リサイクルエコを応援する物々交換と個人レンタルサイト「モノエコ」,20,123,2025/05/01,7,1,その他,リサイクル / 物々交換 / エコ活動
discover-miyazaki.jp,ディスカバー宮崎 - みやざき元気！“地産地消”推進県民会議,30,291,2025/05/01,17,1,公共サービス,地域振興 / 観光 / 宮崎
sketch3.jp,Hiroshi Masuda (peacejoytown),21,112,2024/05/01,7,2,エンターテイメント,アート / イラスト / 作品紹介
rusmuseum.jp,ハロウィンコスチューム、子供用コスチューム,29,140,2025/05/01,9,1,通販,コスプレ / 衣装 / イベント
jscc59atm.jp,第59回日本臨床細胞学会秋期大会,15,283,2019/05/13,9,7,医療,学会 / 細胞診 / 医学
honshibori-mag.jp,KIRIN 本搾り(TM)すすめる課,27,100,2024/05/01,14,2,飲食,チューハイ / 飲料 / キャンペーン
goze.jp,映画 瞽女 | goze-movie.com,14,52,2025/05/01,4,1,映画,映画 / 伝統文化 / ドキュメンタリー
solistiade.jp,Solistiade -ソリスティアーデ-,30,73,2021/05/11,10,5,音楽,
adtune.jp,AD TUNE,26,906,2011/05/31,6,15,IT,広告 / マーケティング / 集客
s-venture.jp,成長ベンチャーやエンジニアの求人・転職支援 | startup スタートアップ,24,660,2025/05/01,9,1,教育,転職 / 求人 / エンジニア
mcity-guide.jp,前橋リビングガイド　/ MAEBASHI LIVING GUIDE,16,118,2025/05/03,11,1,旅行,地域情報 / 住まい / 暮らし
monthly-century.jp,月刊CENTURY（センチュリー） ─ 特集記事で綴る企業情報雑誌,19,100,2024/05/01,15,2,書籍,経営情報 / ビジネス / 雑誌
katasumi-corner.jp,三浦大知 - New Single「片隅 / Corner」特設サイト,25,38,2019/05/23,15,7,音楽,音楽 / アーティスト / エンタメ
ubeaute.jp,,55,303,2023/05/01,7,3,その他,
trousselier.jp,トラセリア | 日本公式サイト Trousselier Paris Official Site,25,103,2001/05/28,11,25,通販,ベビー用品 / 育児 / ギフト
gominara.jp,桜興産有限会社「ごみならおまかせ.jp」,8,554,2010/05/17,8,16,家庭,廃棄物処理 / 不用品回収 / リサイクル
researchtv.jp,シニアマーケティングならresearchTV　ネットリサーチ「リサーチTV」　全編Flash動画によるネットリサーチ・サービス,28,62,2006/05/10,10,20,ビジネス,市場調査 / シニア層 / マーケティング
smartstorecenter.jp,医療DX！AIでカルテ自動作成！スマクラーク &#8211; AIで売上アップ・業務負荷軽減,28,57,2025/05/01,16,1,医療,医療DX / 電子カルテ / AI活用
machi-neta.jp,街ネタ 地域情報を人気ランキングで紹介する口コミサイト,30,371,2013/05/15,10,13,旅行,地域情報 / 口コミ / ランキング
amazingcircus-estore.jp,Amazing circus (アメイジングサーカス) Eストア ｜ トップページ,23,340,2015/05/22,20,11,通販,ファッション / ブランド品 / 通販
wwo.jp,ペットと泊まれる宿ーペットと泊まれる宿情報ホーム,30,264,2001/05/30,3,25,旅行,ペット旅行 / 宿泊施設 / 観光
smahoto.jp,あなたにおすすめのスマートフォン(スマホ)が見つかる｜スマホト.jp,30,163,2011/05/20,7,15,家庭,スマートフォン / 比較 / 通信
bc-style.jp,BCstyleレディースファッション通販,23,151,2024/05/01,8,2,通販,レディース / ファッション / 通販
i1color.jp,i1 COLOR | ホーム,30,129,2014/05/15,7,12,その他,カラーマネジメント / 印刷 / デザイン
kenzoparfums.jp,KENZO,30,123,2003/05/27,12,23,美容・化粧品,ファッション / ブランド / アパレル
concerto-lc.jp,産婦人科 コンチェルト（東京都 日野市）～ トップページ・4D超音波外来 ～,22,47,2025/05/01,11,1,医療,産婦人科 / 妊娠 / 出産
deepocean.jp,日経DeepOcean,17,139,2025/05/01,9,1,IT,海洋産業 / ビジネス / 技術情報
luteininfo.jp,ルテイン情報局,21,624,2002/05/02,10,24,健康,歯科矯正 / 保定装置 / 歯科
aokigallery.jp,青木画廊-AokiGallery-,29,240,2001/05/01,11,25,アート,美術館 / アート / ギャラリー
tmrenkei.jp,戦略的大学連携支援事業　東京都市大学・室蘭工業大学,12,61,2025/05/01,8,1,教育,大学連携 / 高等教育 / 研究支援
kanoizumi.jp,滋賀・石部の酒蔵　竹内酒造,26,61,2025/05/01,9,1,飲食,日本酒 / 酒造 / 地酒
ldsupport.jp,株式会社エルディーサポート公式サイト,15,515,2014/05/29,9,12,ビジネス,人材支援 / 企業支援 / サービス
drekka.jp,DREKKA,12,157,2007/05/07,6,19,ファッション,コーヒー / カフェ / 焙煎
redhat-forum.jp,Red Hat Forum APAC ハイライトセミナー｜What's Next?,26,132,2017/05/24,12,9,イベント,クラウド / オープンソース / IT
mihara-dental.jp,八王子市の三原歯科クリニック,19,76,2006/05/12,13,20,医療,歯科 / 虫歯治療 / 口腔ケア
jsrm2025.jp,第70回日本生殖医学会学術講演会,16,38,2024/05/24,8,2,医療,生殖医療 / 学会 / 医学
nikibit.jp,ニキビット｜ニキビの治療を専門的に扱うクリニックを探すサイト,16,35,2016/05/20,7,10,医療,ニキビ / 美容皮膚科 / 治療
comepri.jp,＼コメプリ／ 公式サイト,17,78,2016/05/20,7,10,ゲーム,農業 / 米 / キャンペーン
baxtusai-navi.jp,庭木の伐採・木の伐根【ご利用シェアNo.1】日本全国対応｜伐採110番,19,193,2012/05/12,13,14,家庭,庭木 / 伐採 / 造園
matsusakaushi.jp,松阪牛 - 松阪牛協議会**,27,149,2006/05/16,13,20,飲食,牛肉 / 特産品 / グルメ
moopa.jp,Moopa! - インターネットネットカフェ・まんが喫茶　津田沼,27,143,2024/05/01,5,2,エンターテイメント,インターネットカフェ / 漫画喫茶 / 娯楽施設
hananoyama.jp,花の山 | 栃木県茂木町の自然豊かな観光スポット,25,66,2025/05/01,10,1,旅行,自然観光 / 花畑 / ハイキング
kara1.jp,ひとりカラオケ（ヒトカラ）専門店カラワン　大阪梅田カラオケ,25,57,2014/05/19,5,12,エンターテイメント,カラオケ / 娯楽施設 / 一人利用
tokyo2020shop.jp,,45,1289,2023/05/01,13,3,その他,
r-ndental.jp,"中島歯科｜福岡市博多区の歯医者,インプラント治療",18,54,2024/05/14,9,2,医療,歯科 / インプラント / 予防歯科
okadashika.jp,三国駅徒歩1分の歯医者│岡田歯科医院｜大阪市淀川区,15,43,2013/05/29,10,13,医療,歯科 / インプラント / 口腔ケア
dreamstore-shinjuku.jp,DreamStore|ドリームストアDreamStore|ドリームストア | 新宿駅東口徒歩5分！収容人数20~200名！ダンスイベント、サークル、セミナー、展示会、忘年会、新年会、お誕生日会、結婚式二次会ライブ、パーティー、レッスン等々できるスペースです。,26,114,2013/05/16,19,13,エンターテイメント,貸し会場 / イベント会場 / パーティー
kenko100.jp,,44,1713,2011/05/23,8,15,その他,
ichi-you.jp,相模原市の外壁塗装・屋根塗装・雨漏り修理の専門店 一友ビルドテック,24,84,2015/05/29,8,11,家庭,外壁塗装 / 屋根修理 / リフォーム
kyushu-j.jp,九州J-Park,24,78,2025/05/01,8,1,スポーツ,エンタメ / 地域情報 / レジャー
motomachi3.jp,元町三丁目WEBサイト統合のお知らせ│港町神戸・元町三丁目 今も昔も、歴史と発見があるアーケード商店街,24,66,2025/05/01,10,1,旅行,商店街 / 地域活性 / ショッピング
hananobo.jp,【公式ホームページ】群馬県　四万温泉　旅館　花の坊,24,60,2025/05/01,8,1,旅行,温泉旅館 / 宿泊 / 観光
akabou-happy-service.jp,名古屋赤帽ハッピーサービスの引越しは、何処の赤帽より安くてお徳です（割増無し）,14,132,2025/05/01,20,1,家庭,引越し / 運送業 / 単身引越し
tomozuna-beya.jp,友綱部屋オフィシャルウェブサイト,25,195,2005/05/27,13,21,スポーツ,相撲 / スポーツ / 力士
it-stamp.jp,IT 勉強会スタンプラリー,23,136,2011/05/23,8,15,イベント,IT学習 / 勉強会 / コミュニティ
syougeki.jp,衝撃～広島のグルメ・ショップ・賃貸（パノラマ案内）・ペット情報～,19,775,2025/05/01,8,1,旅行,奄美 / グルメ / 地域情報
clickpaint.jp,外壁塗装工事ならクリックペイント,16,127,2012/05/12,10,14,家庭,外壁塗装 / リフォーム / 住宅
en-core.jp,異業種交流会｜東京・経営者層のビジネス交流会エンコレ,18,600,2025/05/01,7,1,イベント,異業種交流 / 経営者 / ビジネス
enup2.jp,原子力・エネルギー勉強会,26,136,2025/05/01,5,1,その他,エネルギー / 原子力 / 学習会
americanvape.jp,American Vape,24,113,2014/05/27,12,12,通販,電子タバコ / ベイプ / 雑貨
diamond-big.jp,地球の歩き方のダイヤモンド・ビッグ社｜株式会社ダイヤモンド・ビッグ社,26,91,2024/05/01,11,2,書籍,旅行情報 / ガイドブック / 出版
chirin-chirin.jp,自転車をかわいく彩る部品・雑貨・小物の専門店｜千輪,23,59,2014/05/13,13,12,その他,自転車用品 / アクセサリー / 雑貨
global-education.jp,中退・不登校からの海外留学はAJ国際留学支援センター,4,542,2024/05/01,16,2,教育,留学 / 海外生活 / 教育支援 / 語学学習
loveandleaf.jp,東京都吉祥寺のショーパブ サーカスカフェ,27,75,2025/05/18,11,1,飲食,ショーパブ / ライブ / 飲食店
tokiya363.jp,刻家｜ときや｜大阪市中央区の町家レンタルスペース,19,544,2025/05/01,9,1,その他,レンタルスペース / 町家 / イベント
powerx.jp,,42,828,2024/05/28,6,2,その他,
takanonaisou.jp,障子紙 襖紙 内装材料 ガーデン家具 特価通販 | インテリアネットTAKANO,21,717,2025/05/01,12,1,通販,ガーデン家具 / エクステリア / インテリア
kakian.jp,かき庵通販サイト（広島かき入りうま辛～油等宮島みやげはこちら）,26,78,2025/05/01,6,1,飲食,牡蠣 / お取り寄せ / 特産品
medicodental.jp,HOME of 特定非営利活動法人　日本顔面口腔医学会,15,37,2005/05/14,12,21,医療,医学会 / 歯科 / 研究
dental-career.jp,歯科医院紹介サイト - Just another WordPress site,12,36,2016/05/09,13,10,医療,歯科 / 医師紹介 / 医療
eatable.jp,恵比寿でランチや女子会・パーティーや二次会ならeatable,17,596,2025/05/01,7,1,飲食,レストラン / パーティー / グルメ
uruga.jp,初心者必見！Gabaマンツーマン英会話の魅力と池袋完全ガイド,21,80,2022/05/05,5,4,教育,英会話 / 語学学習 / マンツーマン
pc-ikebukuro.jp,池袋コミュニティ・カレッジ パソコン教室 PCカレッジ,21,77,2005/05/17,12,21,教育,パソコン教室 / IT学習 / スキルアップ
jbs-web.jp,宝石学校・ジュエリースクール | 宝石鑑定士育成のJBS宝石学校,21,72,2012/05/14,7,14,教育,宝石 / 専門学校 / 資格取得
lilcoco.jp,美容・健康のオーガニックセレクトショップ Lilcoco,21,69,2014/05/31,7,12,美容・化粧品,オーガニック / 美容 / 健康食品
retail-trend-system.jp,出展者・商品検索システム,21,56,2022/05/23,19,4,その他,展示会 / 商品検索 / ビジネス
outspot.jp,アウトドア・キャンプ用品の通販 アウトスポットネットショップ,21,151,2025/05/01,7,1,通販,アウトドア / キャンプ / 通販
diamond-m.jp,DiamondMusic,19,73,2019/05/17,9,7,音楽,
ブログseo.jp,ブログSEOの完全版｜自動でアクセスUP・ランキングUP！ブログを最強の集客ツールに！,25,61,2018/05/09,6,8,ビジネス,SEO対策 / ブログ運営 / Web集客
nagamine-seikei.jp,長嶺整形外科医院,14,32,2011/05/25,15,15,医療,整形外科 / リハビリ / 医療
kanazawakojima-dc.jp,小島歯科クリニック | OfficialWebsite,11,40,2020/05/07,17,6,医療,歯科 / クリニック / 予防歯科
k-okajima.jp,衆議院議員　岡島一正の公式サイト &#8211; 待ったなし！　私たち新時代,22,77,2025/05/01,9,1,公共サービス,政治 / 議員 / 政策
room-s.jp,リノベーションの総合ポータル :: rooms,14,571,2025/05/01,6,1,不動産,リノベーション / 住宅 / 不動産
oosumi-museum.jp,太田市立大隅俊平美術館,24,50,2025/05/01,13,1,アート,美術館 / 芸術鑑賞 / 文化施設
ueno-hiroshi.jp,衆議院議員上野ひろし（上野宏史）オフィシャルサイト,21,77,2017/05/30,12,9,公共サービス,政治 / 国政 / 地域活動
asian-fellowship.jp,財団法人 亜細亜友之会,6,564,2008/05/19,16,18,ビジネス,国際交流 / 支援活動 / 財団法人
youism.jp,訪問入浴サービス 福祉の街｜埼玉で30年以上の在宅介護実績,28,85,2012/05/08,6,14,その他,訪問介護 / 高齢者福祉 / 在宅介護
bhutan-travel.jp,ブータン旅行専門セクション～世界で一番幸せな国を求めて～オーダーメイド旅行のアリスツアー,2,113,2014/05/26,13,12,旅行,ブータン / 海外旅行 / オーダーメイド
silkia.jp,写真撮影なら銀座シルキアで！メイクアップサロン併設のフォトスタジオで価値ある一枚を。,15,94,2016/05/24,6,10,美容・化粧品,写真撮影 / フォトスタジオ / 記念写真
mart-jam.jp,strawberry farm　まあと工房,22,77,2025/05/01,8,1,飲食,いちご狩り / 観光農園 / 農業体験
katuura-umaimono.jp,勝浦うまいもの会 | 勝浦市飲食店組合公式サイト　勝浦タンタンメンを応援しています,22,53,2025/05/01,16,1,飲食,ご当地グルメ / 地域振興 / 飲食店
kanabun.jp,神奈川県高等学校文化連盟,22,51,2025/05/06,7,1,教育,高校生 / 文化活動 / 部活動
slappycakes.jp,グループ会社 | アークランドサービスホールディングス株式会社　公式ウェブサイト,31,150,2012/05/11,11,14,飲食,外食産業 / 飲食業 / 企業
akiyoshi-farmgarden.jp,今年の観光農園は終了｜観光農園｜秋吉ファームガーデン 山口県美祢市於福,27,83,2025/05/01,19,1,飲食,観光農園 / 果物狩り / 農業体験
doorwaytosmiles.jp,News - cafekagikakko ページ！,27,75,2012/05/22,15,14,飲食,カフェ / 喫茶店 / 地域交流
awaji-ebisutei.jp,淡路島活魚料理・お食事処　ゑビス亭,20,46,2025/05/01,14,1,医療,海鮮料理 / 和食 / グルメ
ierum.jp,Ie Rum   - Santa Maria -,21,75,2025/05/01,5,1,飲食,カフェ / 喫茶店 / 地域交流
real-fitness.jp,ビーレジェンドジム【フィットネス】奈良県大和高田市のHIT導入ジム,21,59,2014/05/22,12,12,健康,フィットネス / トレーニング / ジム
tadayobi.jp,ただよび,21,52,2024/05/01,8,2,教育,オンライン学習 / 受験勉強 / 教育
lets-know-boatrace.jp,Let's BOAT RACE!,26,75,2016/05/17,18,10,イベント,ボートレース / 公営競技 / スポーツ
cbd-online.jp,CBD ONLINE,15,151,2025/05/01,10,1,通販,CBD / 健康 / ライフスタイル
hozenji-wasabi.jp,法善寺横丁 Wasabi（ワサビ）［大阪ミナミ：串揚げ/串カツ］,25,129,2010/05/17,14,16,その他,串カツ / 居酒屋 / 大阪グルメ
dotori.jp,DOTORI Macaron(公式),31,84,2025/05/01,6,1,飲食,マカロン / スイーツ / 洋菓子
nishikawa-hosp.jp,西川町立病院 &#8211; 山形県西川町,18,34,2025/05/01,14,1,医療,腎臓 / 透析 / クリニック
valledaosta.jp,ヴァッレ・ダオスタ州観光局【イタリア】公式サイト,16,89,2010/05/18,11,16,旅行,イタリア観光 / 海外旅行 / 世界遺産
j-expert.jp,吉田つとむのホームページ,21,53,2024/05/01,8,2,その他,政治 / 地方行政 / 議員
kana-sango.jp,kana-sango.jp&nbsp;-&nbsp;Diese Website steht zum Verkauf!&nbsp;-&nbsp;Informationen zum Thema kana sango.,24,71,2023/05/01,10,3,飲食,
kuumaa.jp,×ブランドコラボプロジェクト『kuumaA』公式ECサイト,18,482,2025/05/01,6,1,通販,ファッション / コラボ商品 / 通販
thefirstpenguin.jp,,34,235,2015/05/14,15,11,その他,
stylestudio.jp,,23,149,2021/05/31,11,5,その他,
angelicakazo.jp,カジュアルcaf?&ダイニングAngelica(アンジェリカ),8,122,2022/05/10,12,4,飲食,カフェ / ダイニング / 飲食店
hatena.jp,,28,114,2001/05/01,6,25,その他,
danzenyokohama.jp,ヒロシの横浜観光ガイド・Hiroshi's Yokohama Guide,24,94,2025/05/10,14,1,旅行,横浜観光 / おでかけ / 地域情報
cosplayheaven.jp,コスプレイベント　コスプレヘブン,24,81,2025/05/26,13,1,イベント,コスプレ / イベント / サブカル
medical-comm.jp,,24,80,2016/05/31,12,10,その他,
satomihakkenden.jp,,23,78,2019/05/09,15,7,その他,
nagikara.jp,ナギカラ &#8211; 奈義町から,21,73,2025/05/01,8,1,公共サービス,地域情報 / まちづくり / 地域活性
adventures.jp,,19,63,2002/05/13,10,24,その他,
1st-tiger.jp,初代タイガーマスク基金,10,54,2018/05/01,9,8,公共サービス,慈善活動 / 格闘技 / 社会貢献
kitamura-hp.jp,下肢静脈瘤･人工透析･内科･医療法人清香会　北村病院　高知県南国市,20,54,2011/05/16,11,15,医療,人工透析 / 内科 / 血管治療
border-tourism.jp,,15,43,2025/05/19,14,1,その他,
meihua.jp,中国糖質制限料理 梅包（メイパオ）,20,41,2011/05/15,6,15,飲食,中華料理 / 糖質制限 / 健康食
eishinjuku.jp,英進塾,8,31,2021/05/31,10,5,教育,学習塾 / 受験対策 / 教育
kazuma-sone.jp,,16,29,2007/05/06,11,19,,
arue.jp,,14,25,2018/05/24,4,8,,
sakuradaoffice.jp,,9,25,2012/05/05,14,14,,
tokyoshowa.jp,,8,24,2020/05/12,10,6,,
fwd.jp,fwd,10,22,2007/05/02,3,19,プレミアム文字列,
skip.jp,,9,21,2008/05/01,4,18,,
roseprincess.jp,,4,21,2024/05/01,12,2,,
kokone.jp,,15,21,2025/05/11,6,1,,
ikedaiinclinic.jp,,13,20,2016/05/23,14,10,,
gojiai.jp,,12,19,2021/05/07,6,5,,
求人.jp,求人,4,19,2020/05/01,2,6,プレミアム文字列,
l-inc.jp,,5,18,2015/05/25,5,11,,
natori.jp,,12,17,2001/03/26,6,25,,
shiennowa.jp,,6,17,2011/05/28,9,15,,
reiki.jp,,5,16,2001/05/10,5,25,,
110.jp,110,1,16,2007/05/01,3,19,プレミアム文字列,
eduai.jp,,11,15,2025/05/01,5,1,,
momiyama.jp,,4,14,2006/05/24,8,20,,
tsurai.jp,,8,14,2020/05/10,6,6,,
africa.jp,アフリカ,4,14,2016/05/01,6,10,プレミアム文字列,
sawagroup.jp,,1,13,2022/05/18,9,4,,
atelierantibes.jp,,1,13,2013/05/05,14,13,,
suv.jp,suv,2,13,2001/05/21,3,25,プレミアム文字列,
sasaka.jp,,8,11,2020/05/04,6,6,,
mhz.jp,mhz,6,11,2001/05/21,3,25,プレミアム文字列,
takehiko.jp,,1,9,2001/05/08,8,25,,
webcareer.jp,,1,9,2021/05/18,9,5,,
nops.jp,,1,9,2009/05/23,4,17,,
962.jp,962,1,9,2004/05/14,3,22,プレミアム文字列,
fpga.jp,,5,8,2001/05/01,4,25,,
recoverywear.jp,,4,8,2024/05/02,12,2,,
interweb.jp,インターウェブ,1,8,2014/05/01,8,12,プレミアム文字列,
everlink.jp,,3,7,2025/05/26,8,1,,
finest-print.jp,,1,5,2015/05/13,12,11,,
amos.jp,,5,5,2020/05/09,4,6,,
liber.jp,,1,4,2001/11/27,5,25,,
thirsty.jp,,6,4,2025/05/14,7,1,,
taiyaki.jp,,3,4,2001/05/07,7,25,,
before-after.jp,,3,3,2006/05/02,12,20,,
ballet-seitai.jp,,4,3,2023/05/02,13,3,,
waki.jp,,2,3,2001/05/09,4,25,,
vrt.jp,,1,3,2016/05/02,3,10,,
y-style.jp,,2,2,2013/05/15,7,13,,
guda.jp,,1,2,2024/05/02,4,2,,
kitazume.jp,,2,1,2001/05/01,8,25,,
c-cradle.jp,,1,1,2018/05/11,8,8,,
classic-car.jp,,1,1,2023/05/19,11,3,,
mot.jp,mot,3,1,2019/05/01,3,7,プレミアム文字列,
muka.jp,,1,0,2005/05/17,4,21,,
tozaki.jp,,1,0,2008/05/02,6,18,,
omigiri.jp,,1,0,2022/05/01,7,4,,
genai.jp,,1,0,2023/05/07,5,3,,
brightive.jp,,1,0,2025/05/26,9,1,,
誠.jp,,1,0,2001/05/21,1,25,,
err.jp,,1,0,2001/05/21,3,25,,
tokowaka-tsucity.jp,津市 - 総合トップ,19,50,2022/05/01,16,4,公共サービス,自治体 / 行政情報 / 地域サービス
kyomaf.jp,,40,1216,2017/05/01,6,9,その他,
gi-production.jp,G-I production,11,143,2005/05/10,13,21,ビジネス,芸能制作 / エンタメ / マネジメント
bar-evita.jp,EVITA |,19,90,2004/05/16,9,22,飲食,化粧品 / スキンケア / 美容
pap-guide.jp,肺胞蛋白症専門情報［医療従事者向け］| （日本）肺胞蛋白症診療研究グループ,16,53,2024/05/01,9,2,医療,希少疾患 / 呼吸器内科 / 医療情報
bonsoir.jp,ぼんそわ,20,13214,2006/05/20,7,20,その他,WEBマガジン / 記事
p-1gp.jp,パチンコ＆スロット情報満載！サンスポPSリポート | サンスポPSリポートは、パチンコ・スロットの最新情報満載の情報誌です。サンスポアイドルリポーターSIR2012とサンスポP-1娘がパチンコ・スロットホールへ来店取材!!,23,100,2024/05/01,5,2,その他,パチンコ / スロット / 娯楽
sicd.jp,S-ICD治療情報サイト | ボストン・サイエンティフィック,11,33,2025/05/01,4,1,医療,不整脈 / 心臓病 / 医療機器
re-products-project.jp,RE:PRODUCTS PROJECT,18,89,2012/05/23,19,14,その他,アップサイクル / デザイン / 環境活動
gagaga-lululu.jp,,37,1438,2024/05/01,13,2,その他,
igf.jp,,40,826,2019/05/01,3,7,その他,
patrick-cox.jp,PATRICK COX - I love the design for beautiful thing -,21,71,2023/05/01,11,3,ファッション,ファッション / バッグ / アクセサリー
lounge1908.jp,atelo （旧Lounge1908）,20,77,2025/05/01,10,1,飲食,カフェ / ラウンジ / 飲食店
nouveausens.jp,Nouveausens:::フランス料理 ヌーヴォサンス,20,61,2015/05/18,11,11,飲食,フレンチ / レストラン / グルメ
mydoc.jp,病院検索のマイドク,7,578,2025/05/01,5,1,医療,病院検索 / 医療情報 / クリニック
berlibur.jp,代官山・恵比寿のエステサロン バーリブール：バリエステ、ボディー・フェイシャル・ブライダルエステをご提供しています,8,557,2006/05/25,8,20,美容・化粧品,エステ / 美容 / リラクゼーション
prime-nakano.jp,中野区・杉並区・新宿区の不動産探しなら賃貸専門店の株式会社アエラス中野店にお任せ下さい！,6,551,2010/05/21,12,16,不動産,賃貸 / 不動産 / 住まい
yoshimoto-sports-fes.jp,Yoshimoto Sports Festival ‘24（よしもとスポーツフェスティバル ‘24）,22,42,2022/05/06,20,4,イベント,スポーツ / イベント / エンタメ
belpa.jp,松本市 美容室 [ヘアサロン] BELPA,19,63,2025/05/01,5,1,美容・化粧品,美容室 / ヘアサロン / ヘアケア
gladia.jp,HANATSUYU ボタニカル スキンケア シリーズ / ティントリップ,19,51,2018/05/10,6,8,美容・化粧品,スキンケア / 化粧品 / ボタニカル
saga-lab-challenge.jp,さがラボ　チャレンジカップ,19,41,2016/05/10,18,10,公共サービス,ビジネス / 起業支援 / コンテスト
okweb.jp,マッチネクサス | 【出会いの悩みを解決するマルチメディア】マッチングアプリで素敵な出会いを提供します。,37,487,2024/05/01,5,2,その他,マッチング / 恋愛 / 出会い
angrysquad.jp,,38,342,2024/05/14,10,2,その他,
kaoiro.jp,KAOIRO｜人工知能（AI）による顔認証技術を活用した「検温機能付顔認証システム」,23,46,2020/05/21,6,6,IT,顔認証 / AI / セキュリティ
appli-world.jp,,34,1384,2018/05/05,11,8,その他,
gunmachan-chi.jp,,37,585,2021/05/24,13,5,その他,
bosai-sendai.jp,,37,517,2024/05/01,12,2,その他,
kotteri.jp,「こってり愛知de首都圏」愛知県観光プロモーション公式サイト,17,70,2025/05/01,7,1,公共サービス,愛知観光 / ご当地グルメ / 国内旅行
seventeen-follow-again-thecity.jp,SEVENTEEN FOLLOW THE CITY｜ OSAKA / YOKOHAMA,21,36,2025/05/01,30,1,音楽,ライブ / 音楽 / イベント
welcomekato.jp,WELCOME KATO &#8211; 和食文化を世界へ,18,73,2023/05/08,11,3,飲食,和食文化 / 食育 / 日本文化
gtds.jp,グアムでのダイビングなら！｜GTDS,18,62,2005/05/26,4,21,エンターテイメント,ダイビング / マリンスポーツ / 海外旅行
shukubo.jp,,37,445,2021/05/01,7,5,その他,
crawlers.jp,クローラー,40,1356,2018/05/01,8,8,プレミアム文字列,
pam.jp,pam,14,590,2001/05/08,3,25,プレミアム文字列,
showrunner.jp,Show Runner Inc. [株式会社ショウランナー],14,578,2010/05/20,10,16,エンターテイメント,イベント運営 / 映像制作 / 広告
tully.jp,タリー,35,166,2018/05/15,5,8,プレミアム文字列,
allaround.jp,全面的な,24,162,2011/05/28,9,15,プレミアム文字列,
sanagi.jp,さなぎ,24,118,2007/05/16,6,19,プレミアム文字列,
homecourt.jp,ホームコート,18,97,2025/05/01,9,1,プレミアム文字列,
freebord.jp,フリーボード,17,88,2002/05/08,8,24,プレミアム文字列,
vid.jp,vid,17,64,2010/05/07,3,16,プレミアム文字列,
number-one.jp,ナンバーワン,10,52,2021/05/28,10,5,プレミアム文字列,
dodo.jp,DODO,18,35,2001/05/22,4,25,プレミアム文字列,
洋食屋.jp,洋食屋,13,30,2025/05/01,3,1,プレミアム文字列,
adn.jp,and,5,26,2001/05/08,3,25,プレミアム文字列,
859.jp,859,1,25,2020/05/03,3,6,プレミアム文字列,
1-8.jp,46030,5,19,2015/05/13,3,11,プレミアム文字列,
altitude.jp,高度,4,17,2016/05/01,8,10,プレミアム文字列,
葵.jp,あおい,4,16,2016/05/01,1,10,プレミアム文字列,
normal.jp,ノーマル,3,15,2025/05/01,6,1,プレミアム文字列,
784.jp,784,1,14,2025/05/03,3,1,プレミアム文字列,
v-m.jp,v-m,1,12,2014/05/13,3,12,プレミアム文字列,
ber.jp,ber,8,11,2025/05/01,3,1,プレミアム文字列,
cando.jp,キャンドゥ,1,10,2025/05/01,5,1,プレミアム文字列,
kal.jp,kal,1,9,2022/05/01,3,4,プレミアム文字列,
ati.jp,ati,5,9,2001/05/09,3,25,プレミアム文字列,
422.jp,422,1,9,2019/05/24,3,7,プレミアム文字列,
sometimes.jp,時々,4,8,2025/05/01,9,1,プレミアム文字列,
423.jp,423,1,8,2001/05/25,3,25,プレミアム文字列,
kho.jp,kho,1,8,2003/05/02,3,23,プレミアム文字列,
797.jp,797,1,6,2001/05/01,3,25,プレミアム文字列,
hoe.jp,hoe,2,5,2005/05/31,3,21,プレミアム文字列,
17k.jp,17k,1,2,2025/05/28,3,1,プレミアム文字列,
学生.jp,学生,3,1,2025/05/01,2,1,プレミアム文字列,
ブックマーク.jp,ブックマーク,1,0,2004/05/10,6,22,プレミアム文字列,
春樹.jp,はるき,1,0,2001/05/01,2,25,プレミアム文字列,
ive.jp,IVE,1,0,2023/05/29,3,3,プレミアム文字列,
jplayers.jp,,39,1655,2024/05/29,8,2,,
hanbitstation.jp,,40,1504,2025/05/01,13,1,,
e-radio.jp,,33,1253,2021/05/01,7,5,,
brand-x.jp,,30,1246,2020/05/01,7,6,,
hybridhealth-ikebukuro.jp,,13,1212,2014/05/14,22,12,,
tabelatte.jp,,33,949,2017/05/01,9,9,,
x-tokyo.jp,,32,901,2023/05/01,7,3,,
achs.jp,,34,899,2022/05/01,4,4,,
bellcor.jp,,29,864,2022/05/23,7,4,,
rmtsonic.jp,,19,824,2023/05/13,8,3,,
inter7.jp,,28,810,2016/05/01,6,10,,
linuxserver.jp,,27,786,2008/05/04,11,18,,
himejob.jp,,21,774,2023/05/01,7,3,,
web200.jp,,28,772,2020/05/01,6,6,,
shichan.jp,,29,768,2021/05/01,7,5,,
ero-dx.jp,,26,762,2024/05/01,6,2,,
tenkatsu.jp,,25,762,2022/05/23,8,4,,
krnews.jp,,30,743,2011/05/09,6,15,,
animetas.jp,,29,742,2011/05/25,8,15,,
deai-cafe.jp,,21,736,2025/05/01,9,1,,
bbo.jp,,29,730,2018/05/01,3,8,,
ninjintei.jp,,30,728,2025/05/19,9,1,,
earth1999-netshop.jp,,34,724,2015/05/12,17,11,,
hiragamasahiko.jp,,23,714,2005/05/09,14,21,,
seinen-kyougikai.jp,,23,713,2025/05/22,16,1,,
regame.jp,,33,711,2012/05/28,6,14,,
waxpoetics.jp,,37,702,2008/05/02,10,18,,
kudox.jp,,26,690,2024/05/01,5,2,,
atom-solutions.jp,,27,684,2015/05/25,14,11,,
bunny-g.jp,,16,657,2025/05/01,7,1,,
acupuncture.jp,,23,643,2018/05/01,11,8,,
ushigyu.jp,,27,623,2024/05/06,7,2,,
tokyoautostyle.jp,,19,620,2025/05/01,14,1,,
karabo.jp,,20,619,2021/05/01,6,5,,
conejo.jp,,16,618,2025/05/26,6,1,,
pepsi-cp.jp,,23,617,2021/05/01,8,5,,
fiestasaipan.jp,,21,606,2021/05/01,12,5,,
team-kansai.jp,,22,602,2011/05/13,11,15,,
nail-care.jp,,13,601,2025/05/01,9,1,,
christian-tortu.jp,,8,594,2025/05/01,15,1,,
fh-viola.jp,,12,591,2012/05/10,8,14,,
uvii.jp,,19,586,2025/05/01,4,1,,
nichinou.jp,,8,584,2025/05/03,8,1,,
portrait-navi.jp,,14,583,2021/05/01,13,5,,
villa-del-sol.jp,,19,582,2025/05/01,13,1,,
fusionio.jp,,15,580,2020/05/01,8,6,,
lucklaser.jp,,19,572,2024/05/01,9,2,,
kaigo-kouhyou-kanagawa.jp,,10,571,2022/05/01,22,4,,
2brand.jp,格安メンズファッション通販専門店｜2brand、韓国激安メンズファッションブランド通販,5,559,2014/05/01,6,12,,
skip21.jp,,7,555,2023/05/01,6,3,,
itune.jp,,5,544,2010/05/08,5,16,,
rbiz.jp,アールビズ株式会社,5,541,2022/05/19,4,4,,
kitchen-kitchen.jp,,36,535,2025/05/01,15,1,,
a-graph.jp,,32,505,2015/05/26,7,11,,
mywiki.jp,,37,489,2021/05/01,6,5,,
timekiller.jp,,31,471,2011/05/01,10,15,,
yu-yurara.jp,,29,471,2022/05/01,9,4,,
megweb.jp,,33,470,2006/05/16,6,20,,
re-s.jp,,36,463,2006/05/31,4,20,,
itsu-ten.jp,,33,460,2019/05/03,8,7,,
ims-tenjin.jp,,35,456,2022/05/01,10,4,,
special-actors.jp,,34,452,2019/05/13,14,7,,
doops.jp,,34,452,2019/05/01,5,7,,
hontai.jp,,32,450,2004/05/26,6,22,,
winsta.jp,,22,449,2015/05/12,6,11,,
banana-friend.jp,,23,442,2025/05/01,13,1,,
tf3-movie.jp,,35,440,2021/05/01,9,5,,
mu-tsushin.jp,,20,428,2025/05/01,10,1,,
mixart.jp,,23,421,2018/05/21,6,8,,
2town.jp,,17,420,2023/05/05,5,3,,
sanpo-movie.jp,,37,407,2023/05/01,11,3,,
wasan.jp,,36,393,2001/05/01,5,25,,
jstc.jp,,32,392,2024/05/01,4,2,,
ikastyle.jp,,17,382,2021/05/17,8,5,,
atro.jp,,19,381,2013/05/22,4,13,,
toshoshimbun.jp,,34,376,2008/05/20,12,18,,
willfu.jp,,36,369,2013/05/24,6,13,,
hitoyo-movie.jp,,35,357,2025/05/01,12,1,,
fmhanako.jp,,30,357,2024/05/01,8,2,,
banq.jp,,33,353,2019/05/01,4,7,,
gyze.jp,,33,345,2011/05/28,4,15,,
syspla.jp,,8,344,2025/05/01,6,1,,
zettai.jp,,33,338,2024/05/29,6,2,,
syoha.jp,,32,324,2021/05/19,5,5,,
mag-system.jp,,24,323,2022/05/28,10,4,,
hagaren-movie.jp,,31,321,2019/05/01,13,7,,
chintai-management.jp,,17,318,2025/05/01,18,1,,
ghost-zyuohger.jp,,34,315,2016/03/31,14,10,,
fuzzycontrol.jp,,32,315,2025/05/01,12,1,,
shoujo.jp,,35,313,2016/03/16,6,10,,
campgoods.jp,,17,309,2019/05/04,9,7,,
tamiono.jp,,30,307,2024/05/01,7,2,,
lingkaran.jp,,33,302,2021/05/01,9,5,,
cocolo-station.jp,,38,296,2015/05/27,14,11,,
bld-gallery.jp,,32,296,2021/05/01,11,5,,
kyushunoie.jp,,19,294,2011/05/27,10,15,,
kask-helmet.jp,,25,287,2020/05/01,11,6,,
fmoca.jp,,34,285,2017/05/22,5,9,,
uratan.jp,,31,275,2025/05/28,6,1,,
sophia-sw.jp,,23,275,2015/05/01,9,11,,
ad-toshiba.jp,,34,274,2023/05/01,10,3,,
book-navi.jp,,6,274,2025/05/26,9,1,,
mangacapsule.jp,,25,274,2018/05/01,12,8,,
prosettings.jp,,54,272,2023/05/01,11,3,,
mogura-final.jp,,31,266,2021/05/14,12,5,,
sslwww.jp,,33,264,2025/05/05,6,1,,
field-of-smile.jp,,33,263,2021/05/01,14,5,,
69movie.jp,,29,261,2025/05/01,7,1,,
takeyakoutu.jp,,30,260,2024/05/01,11,2,,
tonari-t.jp,,26,258,2025/05/01,8,1,,
iseokagenosato.jp,,32,257,2025/05/02,14,1,,
joycasino.jp,ジョイカジノ(Joycasino)に新規登録して無料で30ドルをゲット！,20,257,2020/05/02,9,6,,
iekanko.jp,,31,256,2016/05/09,7,10,,
musiclauncher.jp,,23,255,2018/05/01,13,8,,
kawaue.jp,,31,252,2022/05/01,6,4,,
kblovers.jp,,24,250,2025/05/01,8,1,,
ordet.jp,アニメ 会社 Ordetの公式サイトです,32,248,2021/05/01,5,5,,
pb-k.jp,,33,247,2021/05/01,4,5,,
ilovemrmen.jp,Mr. Men Little Miss （ミスターメン リトルミス）公式サイト | サンリオ,30,247,2008/05/21,10,18,,
keystudio.jp,,31,246,2025/05/01,9,1,,
herointerview.jp,Herointerview.jp - 若きアスリートたち,31,244,2019/05/01,13,7,,
basementginza.jp,,32,242,2017/05/23,13,9,,
cashbox.jp,アカペラ・アコースティックのライブハウス CASHBOX（神戸三宮）,29,242,2003/05/08,7,23,,
okaimono-review.jp,,27,238,2006/05/11,15,20,,
d-keieikyo.jp,,21,238,2012/05/28,10,14,,
winchesterhouse.jp,,36,236,2022/05/01,15,4,,
fusazo.jp,,27,233,2025/05/01,6,1,,
zakura.jp,,35,228,2022/05/11,6,4,,
backfire.jp,BACKFIRE,28,227,2007/05/15,8,19,,
j-okinawa.jp,,22,227,2022/05/26,9,4,,
pc-otasuketai.jp,ニュース - ニュース,8,226,2025/05/01,13,1,,
grandplaza.jp,富山県データベース,28,225,2025/05/01,10,1,,
cinema-times.jp,OFFICE NOVA - 日常のお悩みや 気になるあれこれを解決！,53,224,2025/05/01,12,1,,
sugupill.jp,,55,221,2025/05/21,8,1,,
mozu-movie.jp,,33,221,2021/05/01,10,5,,
randy.jp,同人漫画.jp,33,220,2001/05/01,5,25,,
mmesh.jp,mmesh(メッシュ)| 韓国雑貨・インテリアマーケットプレイス,24,219,2021/05/14,5,5,,
kagero.jp,KAGERO / カゲロウ OFFICIAL WEBSITE,31,218,2006/05/15,6,20,,
jw-open.jp,,34,216,2014/05/21,7,12,,
cheese-cw.jp,チーズ料理専門店 CHEESE CRAFT WORKS 東京・大阪 | フレッシュチーズ・焼きたてチーズタルト,33,211,2016/05/25,9,10,,
japan-gift-awards.jp,日本ギフト大賞,31,207,2015/06/05,17,11,,
maguseonsen.jp,,31,205,2009/03/23,11,17,,
after1year.jp,,25,205,2022/05/13,10,4,,
tccccc.jp,,14,201,2020/05/12,6,6,,
komeda-coffee.jp,,28,199,2018/05/14,13,8,,
spanishconnection.jp,,26,197,2006/05/19,17,20,,
interior-shop.jp,,23,197,2025/05/01,13,1,,
karinmound.jp,,32,196,2016/05/17,10,10,,
kenjiworld.jp,,28,196,2021/05/01,10,5,,
cyclejam.jp,サイクルジャム | みんなでつくる自転車ポータル[サイクルジャム],27,194,2009/05/25,8,17,,
cms-initiative.jp,計算物質科学: 基礎科学の源流から物質機能とエネルギー変換を操る奔流へ &mdash; CMSI: Computational Materials Science Initiative,35,193,2010/05/10,14,16,,
nature-movie.jp,,33,193,2021/05/01,12,5,,
fami-web.jp,,30,192,2023/05/01,8,3,,
kinsho-netsuper.jp,近商ネットスーパー楽ねっと便,23,190,2025/05/05,15,1,,
everythingfrom.jp,,32,189,2023/05/01,14,3,,
spinet.jp,講演会スピーカースライドライブラリ,26,189,2004/05/27,6,22,,
mizunome-ru.jp,,28,188,2016/05/08,11,10,,
aquadeo.jp,,26,187,2021/05/01,7,5,,
uneven.jp,,22,186,2010/05/07,6,16,,
icynene.jp,403 Forbidden,26,185,2024/05/01,7,2,,
nettyuusyou-lab.jp,,18,185,2013/05/29,15,13,,
cochu.jp,,24,185,2020/05/01,5,6,,
ooasa.jp,,34,182,2025/05/04,5,1,,
cattoco.jp,,33,181,2025/05/01,7,1,,
manga-toshi-tokyo.jp,,32,181,2024/05/01,17,2,,
artsurf.jp,レジーナクリニック札幌院｜2020年最新情報＆口コミと評判、料金や店舗へのアクセス（行き方）など｜,26,181,2022/05/07,7,4,,
nihonoranda.jp,鎖国中でも仲良くした唯一の国～オランダ,33,180,2019/05/01,11,7,,
kobe-otona.jp,,32,179,2013/05/29,10,13,,
hameln-film.jp,映画「ハーメルン」公式サイト,30,176,2013/05/31,11,13,,
dr-maedaclinic.jp,,31,175,2023/05/01,14,3,,
covid-19-act.jp,,30,173,2024/05/01,12,2,,
africaheritage.jp,,34,172,2012/05/11,14,14,,
hacari.jp,,30,172,2019/05/23,6,7,,
infopot.jp,画像、動画、音楽、各種データのダウンロード販売サイト infopot,29,172,2011/05/31,7,15,,
matsui-kazuyo.jp,,28,172,2021/05/01,13,5,,
fig-net.jp,フィギュア＆キャラグッズ＆ホビーの通販なら ふぃぐねっと[fig-net]｜トップページ,19,170,2011/05/11,7,15,,
pepper-mint.jp,,26,167,2025/05/01,11,1,,
nope-movie.jp,,33,166,2023/05/01,10,3,,
gainamatsuri.jp,,31,165,2023/05/01,12,3,,
rozier.jp,,32,164,2019/05/01,6,7,,
hanac200x.jp,,26,162,2025/05/01,9,1,,
tairaview.jp,,16,162,2025/05/01,9,1,,
nippon-saiko.jp,,36,159,2022/05/01,12,4,,
ts-horiuchi.jp,,26,158,2025/05/01,11,1,,
kk-online.jp,,25,158,2012/05/18,9,14,,
sotec.jp,,28,156,2016/05/01,5,10,,
animefes-vs.jp,,27,156,2024/05/01,11,2,,
inodaikokusama.jp,いの大国さま 公式ホームページ,26,156,2014/05/18,14,12,,
tech-kawasaki.jp,,26,156,2021/05/01,13,5,,
dresswatch.jp,,15,156,2007/05/28,10,19,,
texim.jp,,29,154,2024/05/01,5,2,,
deny.jp,,27,154,2005/05/16,4,21,,
xxoo.jp,,4,154,2024/05/01,4,2,,
club-ism.jp,,18,153,2011/05/06,8,15,,
tenchu.jp,,29,152,2021/05/01,6,5,,
ringdream.jp,,30,151,2012/05/09,9,14,,
wegirls.jp,,23,151,2011/05/20,7,15,,
nebraska-movie.jp,,35,150,2021/05/01,14,5,,
mainichi-style.jp,,25,150,2018/05/10,14,8,,
heavenlyblue.jp,HeavenlyBlue Design,21,150,2025/05/02,12,1,アート,
all-digicam.jp,デジカメレポート（デジカメの比較やレビュー、撮影の仕方など）,24,149,2013/05/10,11,13,,
tokyodream.jp,,35,147,2007/05/15,10,19,,
miteco.jp,,29,147,2021/05/01,6,5,,
yukinohana-movie.jp,,25,146,2024/05/01,16,2,,
komakicity-onsuipool.jp,,25,146,2023/05/01,20,3,,
moonwalker.jp,,25,145,2021/05/01,10,5,,
suzukigun.jp,,18,145,2015/05/01,9,11,,
hill-challenge.jp,,31,144,2022/05/01,14,4,,
awoi.jp,,27,144,2019/05/01,4,7,,
ganshinkei.jp,,32,142,2024/05/01,10,2,,
yagi-otoko.jp,,30,141,2019/05/16,10,7,,
catalu.jp,製造業者と店舗をつなぐプラットフォーム - CATALU,27,141,2024/05/01,6,2,,
nukeproof.jp,NUKEPROOF | サイト閉鎖のお知らせ,14,141,2025/05/01,9,1,,
bibalex.jp,,28,140,2005/05/31,7,21,,
omokage-movie.jp,,25,140,2020/05/28,13,6,,
warp-style.jp,,12,140,2025/05/04,10,1,,
jjseisakuken.jp,,24,140,2024/05/01,12,2,,
samurep.jp,,22,139,2023/05/01,7,3,,
makimakiya.jp,マキマキ屋,25,138,2011/05/19,10,15,,
c-clef.jp,C-Clef シークレフ,11,138,2025/05/01,6,1,,
itsuki-onsen.jp,,23,138,2005/05/12,12,21,,
curetex.jp,株式会社キュアテックス,27,137,2014/05/02,7,12,,
tanacafe.jp,,22,137,2024/05/01,8,2,,
jmar-llg.jp,各種申込専用サイトJMAR-LLG.JP：日本能率協会総合研究所,31,136,2018/05/18,8,8,,
goldencup.jp,,27,136,2020/05/01,9,6,,
kawasaki-tsunenagatai.jp,みやぎ川崎慶長遣欧使節団 支倉常長隊,12,136,2014/05/19,21,12,,
ikesou.jp,自宅やホテルで受ける癒し体験をここで証明する,25,136,2025/05/06,6,1,,
greenbell.jp,"チャペルグリーンベル公式サイト（京都・大阪）｜チャペル・結婚式場｜格安48,000円の本格チャペルウエディング",22,135,2001/05/07,9,25,,
vimclip.jp,ビームクリップ |,29,134,2025/05/01,7,1,,
riribbon.jp,,17,134,2025/05/10,8,1,,
susono-gyoza.jp,,25,133,2025/05/01,12,1,,
salonefontana.jp,,21,133,2025/05/01,13,1,,
lucra.jp,,28,132,2025/05/01,5,1,,
netgamermt.jp,"One moment, please...",13,132,2021/05/01,10,5,,
coaki.jp,,25,132,2009/05/01,5,17,,
stia.jp,四国タオル工業組合｜今治タオルプロジェクト,31,131,2001/05/11,4,25,,
twpr.jp,,30,131,2011/05/24,4,15,,
100cheergirl.jp,,28,130,2022/05/11,12,4,,
aichi-kokubunsai.jp,,24,130,2021/05/01,16,5,,
dragonsprophet.jp,,28,129,2018/05/01,14,8,,
hearingaids.jp,,5,129,2020/05/18,11,6,,
maare.jp,maare,17,129,2025/05/01,5,1,,
oh-yeah.jp,403 Forbidden,8,129,2025/05/29,7,1,,
e-bauhaus.jp,ロックの殿堂六本木バウハウス,25,129,2021/05/01,9,5,,
maishi.jp,,18,129,2020/05/01,6,6,,
lhbs.jp,,12,129,2023/05/01,4,3,,
tongariyama.jp,,23,129,2005/05/31,11,21,,
kite-board.jp,,21,129,2024/05/01,10,2,,
pinerescue.jp,マツ再生プラン2025,22,128,2025/05/05,10,1,,
bungee.jp,,23,127,2012/05/01,6,14,,
semba-portfolio.jp,船場ポートフォリオサイト,20,127,2023/05/23,15,3,,
narikiri-qa.jp,,31,126,2025/05/01,11,1,,
kirari-kamagaya.jp,kirari-kamagaya |,29,126,2025/05/01,15,1,,
treebynaked.jp,,29,126,2016/05/25,11,10,,
ペットブログ.jp,,27,125,2016/05/25,6,10,,
mumonan.jp,無門庵／立川・本格懐石料理,29,124,2020/05/01,7,6,,
gidle.jp,,19,124,2019/05/21,5,7,,
ciicz.jp,,24,124,2019/05/01,5,7,,
thequietroom.jp,,30,123,2017/05/06,12,9,,
lefrancais.jp,フランス語の世界 - Le Francais Chic,24,122,2025/05/01,10,1,,
soka-news.jp,,23,122,2025/05/01,9,1,,
koshu-fruit-marathon.jp,トップページ　甲州フルーツマラソン大会,27,121,2011/05/16,20,15,,
kyodeki.jp,日本映画/ドラマを楽しむ|こちらは日本の映画やドラマを愛する人のために作られた、注目の作品を紹介するサイトです。,25,121,2021/05/01,7,5,,
ecosearch.jp,,18,121,2021/05/01,9,5,,
gururi.jp,macOS Server,27,120,2013/05/26,6,13,,
hiroshima-oktoberfest.jp,,29,119,2013/05/31,21,13,,
youthpark.jp,鳥海高原ユースパーク（公式ホームページ）,27,119,2015/05/27,9,11,,
fashion-fashion.jp,ファッション通販【Fashion-Fashion】 |,24,119,2010/05/28,15,16,,
originaltowel.jp,,13,119,2010/05/31,13,16,,
yorimo.jp,,26,117,2021/05/01,6,5,,
seasidezombie.jp,,25,117,2025/05/01,13,1,,
sakuravillage.jp,,25,116,2021/05/01,13,5,,
luxology.jp,,30,115,2025/05/01,8,1,,
qoon.jp,,29,115,2015/05/18,4,11,,
meguru-kenketsu.jp,,27,115,2022/05/02,15,4,,
sy-cure.jp,,19,115,2013/05/21,7,13,,
life-changer.jp,,16,115,2020/05/05,12,6,,
prpro.jp,似顔絵名刺 - 似顔絵イラストをくらべて作成【個性派名刺ネット】,19,114,2004/05/28,5,22,,
bewleys.jp,ビューリーズ,21,114,2013/05/20,7,13,,
intothefire.jp,,33,113,2019/05/16,11,7,,
kenary.jp,,30,113,2021/05/01,6,5,,
basiclife.jp,,13,113,2019/05/20,9,7,,
plant-gift.jp,,28,112,2016/05/11,10,10,,
chabatake.jp,,27,112,2012/05/01,9,14,,
tipua.jp,,26,112,2025/05/01,5,1,,
riversakawa-gc.jp,,22,112,2025/05/01,14,1,,
troikadesignstore.jp,株式会社トロイカジャパン 公式通販サイト TROIKA DESIGN STORE　TROIKA（トロイカ）キーリングや人気のカードケース、デザインギフト,27,111,2024/05/01,17,2,,
127movie.jp,,30,110,2019/05/18,8,7,,
nagakubo-kouen.jp,,29,110,2023/05/01,14,3,,
rausu-daiichi-hotel.jp,,27,110,2025/05/01,19,1,,
hot-koshigaya.jp,,25,110,2022/05/01,13,4,,
squarestudio.jp,,19,110,2018/05/02,12,8,,
androidview.jp,,23,110,2021/05/01,11,5,,
jing-tokyo.jp,,22,110,2024/05/01,10,2,,
osj-jsap.jp,,17,110,2021/05/01,8,5,,
akb48-lifecard.jp,,29,109,2024/05/01,14,2,,
garybonnell.jp,,27,109,2022/05/01,11,4,,
o-kane.jp,,24,109,2020/05/30,6,6,,
kicpac-music.jp,,24,108,2025/05/15,12,1,,
hanryu-iace.jp,,24,108,2023/05/01,11,3,,
rumbita.jp,,20,108,2025/05/01,7,1,,
d-core.jp,白井田七。公式サイト | 有機・無農薬栽培の田七人参を使用、高品質な健康食品,26,106,2007/05/08,6,19,,
adshall.jp,ads.HALL,26,106,2016/02/02,7,10,,
revua.jp,,13,106,2016/05/27,5,10,,
rangdeindia.jp,,23,106,2025/05/01,11,1,,
a-wine.jp,,27,105,2021/05/01,6,5,,
chambres.jp,,26,105,2021/05/01,8,5,,
sakaguchi-takehiro.jp,坂口岳洋のウェブかわら版（坂口岳洋公式ホームページ）,24,105,2008/05/31,18,18,,
stardance.jp,,22,105,2024/05/01,9,2,,
g2q.jp,,29,104,2006/05/25,3,20,,
bonbi-pet.jp,,28,104,2022/05/01,9,4,,
greenplaza-karuizawa.jp,,28,104,2021/05/01,20,5,,
juse-sqip.jp,日科技連|ソフトウェア品質|SQiP研究会,27,104,2008/05/27,9,18,,
ugearsmodels.jp,,17,103,2018/05/04,12,8,,
hologeek.jp,,13,103,2023/05/26,8,3,,
sushi-joy.jp,,20,103,2024/05/03,9,2,,
tottori-ca.jp,,24,102,2025/05/01,10,1,,
sagami-ono.jp,,23,102,2008/05/29,10,18,,
pksc.jp,,20,102,2022/05/01,4,4,,
sutekinasurprise.jp,│主婦テニ★,31,101,2024/05/01,16,2,,
materia.jp,,27,101,2021/05/01,7,5,,
lauramercier.jp,lauramercier.jp ? このドメインはお名前.comで取得されています。,24,101,2022/05/01,12,4,,
unnaturally-natural.jp,,18,101,2019/05/15,19,7,,
flagtour.jp,,28,100,2023/05/01,8,3,,
impactmeasurement.jp,FXとは？初心者にもわかりやすく基礎知識を解説 -,26,100,2016/05/02,17,10,,
tokyo7s.jp,Tokyo Sevens 2013 | HSBC Sevens World Series Round 7,25,100,2019/05/01,7,7,,
job-support-mhlw.jp,,23,100,2020/05/18,16,6,,
shirocolle.jp,【DMM公式】御城コレクション～城これ～登録方法と城姫基礎データ,30,99,2021/05/01,10,5,,
melshop2.jp,三菱シーケンサ専門店 MELSHOP,12,99,2025/05/01,8,1,,
bfn.jp,,26,98,2021/05/01,3,5,,
wachsen.jp,,28,98,2010/05/10,7,16,,
willhearts.jp,金融スペシャリストの転職・求人情報｜金融転職「ウィルハーツ」,16,98,2025/05/01,10,1,,
urayasusc.jp,,24,98,2021/05/01,9,5,,
sdgp.jp,瀬戸内デザイングランプリ | 瀬戸内の小学校・中学校・高等学校に在学する児童・生徒を対象に開催される瀬戸内デザイングランプリ,17,98,2020/05/04,4,6,,
false.jp,,16,98,2006/05/29,5,20,,
hyogo-ikigai.jp,,22,98,2021/05/01,12,5,,
aquagreen.jp,,17,98,2005/05/10,9,21,,
kanimeshi.jp,,29,97,2021/05/01,9,5,,
yurinkan-museum.jp,,27,97,2007/05/03,15,19,,
mitoyamane.jp,,27,97,2023/05/17,10,3,,
fiotec.jp,,27,97,2020/05/11,6,6,,
dwn.jp,,20,96,2025/05/09,3,1,,
misu-museum.jp,misu-museum.jp &#8211; Just another WordPress site,25,96,2018/05/01,11,8,,
riversidecafe.jp,,24,96,2021/05/01,13,5,,
charis-node.jp,音をカタチにする　サウンドエンタテインメント  カリスノード,19,96,2011/05/11,11,15,,
musicweekend.jp,MUSIC WEEKEND,30,95,2014/05/18,12,12,,
corelady.jp,,28,95,2014/05/02,8,12,,
harunaluna-fc.jp,,27,95,2017/05/22,13,9,,
fiestaguam.jp,,24,95,2021/05/01,10,5,,
racingkartweb.jp,,19,95,2025/05/01,13,1,,
iikotomitsuketa.jp,,23,95,2021/05/01,15,5,,
satindollkobe.jp,,28,94,2025/05/01,13,1,,
realestatematching24.jp,Real Estate Agent | Real Estate Matching - Real Estate Matching24,18,94,2021/05/23,20,5,,
tantanburo.jp,,25,94,2020/05/14,10,6,,
superstretch.jp,スーパーストレッチ - テクノロジーニュース,24,94,2022/05/01,12,4,,
sngt.jp,,24,94,2021/05/01,4,5,,
eco-link.jp,,22,94,2021/05/01,8,5,,
jwalker.jp,,32,93,2021/05/01,7,5,,
cheerland.jp,チアらんど,26,93,2021/05/01,9,5,,
indimers.jp,顧客管理に使えるCRMツール。顧客管理ツールはインディマース株式会社へ。,19,93,2025/05/01,8,1,,
shares-market.jp,代理店募集・ビジネスマッチングのSharesMarket[シェアーズマーケット],22,93,2025/05/01,13,1,,
sogyo-tokyo.jp,,22,93,2021/05/01,11,5,,
jennifers-body.jp,,29,92,2019/05/16,14,7,,
hickies.jp,,29,92,2021/05/02,7,5,,
gltokyo.jp,まるとぴ -,26,92,2025/05/01,7,1,,
i-sight.jp,,25,91,2006/05/16,7,20,,
nextweekendstore.jp,,24,91,2016/05/22,16,10,,
apfelbaum.jp,りんごの木 | ドイツでの子育てを応援するコミュニティサイト,12,91,2025/05/01,9,1,,
t-gang.jp,キッズダンス衣装＆ダンス小物のkidsセレクト通販子供服TinyGang,21,91,2025/05/01,6,1,,
nuest.jp,,28,90,2025/05/01,5,1,,
logicom.jp,株式会社ロジコム,27,90,2001/05/01,7,25,,
haniwadogu-kindai.jp,,26,90,2025/05/01,17,1,,
moeru.jp,,22,90,2024/05/01,5,2,,
maho-bunko.jp,,20,90,2021/05/01,10,5,,
bitela.jp,エックスサーバー サーバー初期ページ,19,89,2021/05/18,6,5,,
sendaiareapass.jp,,22,89,2021/05/01,14,5,,
kazco.jp,,30,88,2021/05/01,5,5,,
ca2.jp,,20,88,2003/05/05,3,23,,
tosainari.jp,,25,88,2021/05/01,9,5,,
rimg.jp,,25,88,2021/05/01,4,5,,
33kirara.jp,「hoguguやめとけ」は本当？評判・口コミから見るリアルな実態とは,16,88,2025/05/05,8,1,,
ib-kensetsu.jp,,23,88,2021/05/01,11,5,,
kitaca-shop.jp,,17,88,2021/05/01,11,5,,
sem-irep.jp,,30,87,2022/05/03,8,4,,
ttdd.jp,,29,87,2021/05/01,4,5,,
uplex.jp,,19,87,2021/05/01,5,5,,
twmu-mcens.jp,,17,87,2023/05/01,10,3,,
koutaginza.jp,,18,87,2025/05/01,10,1,,
fairynet.jp,,14,87,2021/05/27,8,5,,
telemobile.jp,,22,87,2025/05/01,10,1,,
aesthology.jp,,30,86,2021/05/01,10,5,,
ejc.jp,一般社団法人東大阪青年会議所 | Challenge to the Future,20,86,2025/05/01,3,1,,
news-trend.jp,,27,86,2025/05/01,10,1,,
npo-sunsui.jp,風にそよぐ～Sway in the wind,15,86,2025/05/01,10,1,,
soap-saika.jp,,20,86,2024/05/01,10,2,,
tokyo-ritti.jp,,26,85,2022/05/26,11,4,,
tokyozevaction.jp,,28,84,2023/05/01,14,3,,
sagamiharakita-park.jp,,28,84,2024/05/01,19,2,,
velotaxi-yokohama.jp,,24,84,2021/05/01,17,5,,
sotao.jp,,15,84,2016/05/21,5,10,,
milk-co.jp,,21,84,2006/05/24,7,20,,
x-lift.jp,,19,84,2021/05/01,6,5,,
regold.jp,,14,84,2021/05/01,6,5,,
osoushikikensaku.jp,,16,83,2017/05/12,16,9,,
share-living.jp,,23,83,2011/05/09,12,15,,
nakayamaclinic.jp,,22,83,2001/05/07,14,25,,
heaven-inferno.jp,,35,82,2025/05/01,14,1,,
ezd1.jp,,30,82,2021/05/01,4,5,,
fastplants.jp,Fast Plants (TM) : ファストプランツにようこそ！,12,82,2006/05/29,10,20,,
bull-dvd.jp,VODブル,22,82,2024/05/01,8,2,,
お金が無い.jp,,21,82,2015/05/15,5,11,,
petbridge.jp,ペットオーナーと動物病院を結ぶ PetBridge(ペットブリッジ) | 全国動物病院情報,20,82,2007/05/14,9,19,,
shisankanri.jp,,20,82,2021/05/01,11,5,,
livejam.jp,,28,81,2025/05/08,7,1,,
premirea.jp,玄武のメインブログ | 趣味と備忘録ブログ,17,81,2018/05/30,8,8,,
rupa.jp,,18,81,2021/05/01,4,5,,
fukuchiyama-kankyokaigi.jp,,27,80,2025/05/01,23,1,,
petitbisou-ashiya.jp,,27,80,2021/05/01,17,5,,
swansong-movie.jp,,25,80,2022/05/11,14,4,,
sihousyosi-houjyou.jp,,13,80,2020/05/01,18,6,,
rokko-maya.jp,,19,80,2025/05/16,10,1,,
leclaireur.jp,,19,80,2025/05/01,10,1,,
firsttofight.jp,,15,80,2010/05/23,12,16,,
koetama.jp,,21,80,2021/05/01,7,5,,
alone-movie.jp,,32,79,2021/05/01,11,5,,
holybasil.jp,,26,79,2013/05/21,9,13,,
footage-movie.jp,,23,79,2019/05/16,13,7,,
trendle.jp,,15,79,2024/05/13,7,2,,
clos.jp,レース用品専門店  RAC (アールエーシー),13,79,2025/05/01,4,1,,
tripsta.jp,,16,79,2021/05/02,7,5,,
sukhontha.jp,,19,79,2021/05/01,9,5,,
bitstudio.jp,,15,79,2021/05/01,9,5,,
timediver.jp,timediver.jp&nbsp;-&nbsp;T?m? WWW-sivu on myynniss?.&nbsp;-&nbsp;timediver L?hteet ja tiedot.,26,78,2024/05/01,9,2,,
ja-yokohama.jp,【お薬通販JA】ベストな個人輸入代行サイト厳選！,25,78,2018/05/01,11,8,,
mwave-lab.jp,,24,78,2021/05/01,9,5,,
emlife.jp,,23,78,2021/05/01,6,5,,
warikini-topic.jp,,19,78,2021/05/01,14,5,,
lefils-theatre.jp,恋愛コレクション | ドキドキする恋愛が毎日を楽しくする,27,77,2022/05/01,14,4,,
lumi-tech.jp,,19,77,2025/05/01,9,1,,
kadenplus.jp,カデンプラス | おすすめ家電をプロがレビュー！家電選びのサポートマガジン,22,77,2021/05/07,9,5,,
pigry.jp,pigry[ピグリー],22,77,2025/05/01,5,1,,
xillia777.jp,,22,77,2017/05/13,9,9,,
umedaayaka.jp,,19,77,2021/05/01,10,5,,
sfcc.jp,,20,77,2021/05/01,4,5,,
sbt-oasis-zett.jp,,26,76,2025/05/01,14,1,,
habu-connection.jp,,25,76,2021/05/01,15,5,,
yuza-brand.jp,,12,76,2024/05/01,10,2,,
kyunano.jp,機能性液晶フィルム｜【九州ナノテック光学株式会社】,16,76,2025/05/01,7,1,,
vegetafarm.jp,,20,76,2021/05/01,10,5,,
jackreacher.jp,,26,75,2012/05/25,11,14,,
smarental.jp,パソコン レンタル(法人) -スマレンタル,12,75,2025/05/01,9,1,,
shizuoka-dentogeino.jp,,12,75,2025/05/01,19,1,,
delist.jp,,11,75,2009/05/07,6,17,,
devtalk.jp,,12,75,2021/05/01,7,5,,
baut.jp,株式会社バウト｜BAUT スマホ充電器・ケーブル等スマホアクセサリーの製品情報,20,75,2014/05/14,4,12,,
jsot2019.jp,第46回 日本毒性学会学術年会,15,74,2018/05/11,8,8,,
stickers-studio.jp,カーラッピング マーキング ステッカー製作｜京都 ステッカーズスタジオフクズミ,8,74,2013/05/07,15,13,,
hukuokarakuraku.jp,,19,74,2025/05/01,15,1,,
cfarm.jp,,12,74,2025/05/05,5,1,,
adachi-mineichiro.jp,安達峰一郎博士顕彰会 | 安達峰一郎博士顕彰会公式Webサイトへようこそ！,21,74,2006/05/11,17,20,,
h-m-esthe.jp,,21,74,2018/05/29,9,8,,
bijitel.jp,,16,74,2021/05/01,7,5,,
kameradi.jp,,29,73,2025/05/01,8,1,,
kispr.jp,奇跡の泉,13,73,2024/05/01,5,2,,
traps.jp,traps.jp ? このドメインはお名前.comで取得されています。,8,73,2023/05/23,5,3,,
tiglily.jp,TIGLILY Official Online Store - ティグリリィ オフィシャル オンライン ストア - ウェディングドレス、ホワイトドレス、カラードレス、ミニドレス,23,73,2015/05/29,7,11,,
ninibaikyaku-hotline.jp,,19,73,2008/05/21,20,18,,
symposion.jp,,22,73,2025/05/20,9,1,,
r1997.jp,歌舞伎町のホストクラブ ロマンス,20,73,2009/05/22,5,17,,
global-adtech.jp,,20,73,2021/05/01,13,5,,
aa4.jp,,19,72,2025/05/02,3,1,,
hyper-m.jp,HYPER MARKET,30,72,2020/05/01,7,6,,
link-cocokara.jp,LINK |,26,72,2017/05/15,13,9,,
ideactive.jp,,24,72,2024/05/01,9,2,,
ibaraki-campaign.jp,,28,71,2025/05/02,16,1,,
cwac.jp,非正規雇用労働者全国センター　CWAC-net | 安心して働きたい！みんなのサイト,25,71,2025/05/01,4,1,,
tab-guitar-school.jp,,25,71,2021/05/01,17,5,,
mistytown.jp,,25,71,2021/05/01,9,5,,
girlwish.jp,Girlwish - 30代ママのためのライフスタイルマガジン,9,71,2025/05/01,8,1,,
utsuke.jp,,14,71,2019/05/30,6,7,,
hotel-raffinato.jp,ホテルラフィナート札幌 | 公式サイト,22,71,2018/05/11,15,8,,
nodojiman.jp,,22,71,2024/05/15,9,2,,
headache.jp,,18,71,2021/05/01,8,5,,
vegetus.jp,,20,71,2025/05/01,7,1,,
fatwrecked25.jp,,26,70,2025/05/02,12,1,,
feoh.jp,MP3の音楽フリー素材,18,70,2003/05/30,4,23,,
bathtub-movie.jp,,24,70,2019/05/16,13,7,,
valueclick.jp,,24,70,2021/05/01,10,5,,
kawarashoten.jp,河原書店 ｜ 茶道雑誌を中心に茶道文化にかかわる書籍を販売,23,70,2005/05/31,12,21,,
missionspeaker.jp,,23,70,2022/05/01,14,4,,
moritakagu.jp,,13,70,2021/05/01,10,5,,
anykobe.jp,,27,69,2021/05/21,7,5,,
jura.jp,無題ドキュメント,17,69,2001/05/25,4,25,,
standupclassic.jp,,11,69,2025/05/01,14,1,,
kyoto-monthly.jp,ASマンスリー京都｜京都のマンスリーマンション検索サイト,15,69,2014/05/28,13,12,,
gift-store.jp,,12,69,2015/05/15,10,11,,
ris-shinri.jp,,24,69,2025/05/01,10,1,,
dollynoire.jp,,9,69,2025/05/01,10,1,,
amigo50.jp,,14,69,2025/05/01,7,1,,
kanko-kagamino.jp,,26,68,2024/05/01,14,2,,
aquarela.jp,AQUARELA　須磨アクアレラ美容室,11,68,2007/05/07,8,19,,
gingin5-hamamatsu.jp,,19,68,2014/05/15,17,12,,
asver-service.jp,ウィークリー・マンスリーマンションを大阪、京都で探すならASマンスリーのマンスリーマンション,13,68,2014/05/28,13,12,,
a-office.jp,Welcome to A-office,22,68,2001/05/09,8,25,,
newscred.jp,,21,68,2025/05/01,8,1,,
sunrouteplazafukushima.jp,,19,68,2021/05/01,22,5,,
wabisuke.jp,,20,68,2025/05/01,8,1,,
jiik.jp,,20,68,2023/05/01,4,3,,
odd-thomas.jp,,30,67,2021/05/01,10,5,,
yuzuai.jp,YuzuAI,24,67,2023/05/28,6,3,,
shibuspo.jp,shibuspo.jp&nbsp;-&nbsp;T?m? WWW-sivu on myynniss?.&nbsp;-&nbsp;shibuspo L?hteet ja tiedot.,24,67,2024/05/01,8,2,,
max-online.jp,,24,67,2021/05/01,10,5,,
ilasik-official.jp,アイレーシック【公式】| エイエムオー・ジャパン,23,67,2017/05/17,15,9,,
aogaki-g.jp,,23,67,2025/05/01,8,1,,
rakuraku-adviser.jp,,13,67,2019/05/01,16,7,,
pairing-wine.jp,,11,67,2025/05/23,12,1,,
myopensystem.jp,建築の値-住宅建築現場のブログ体験情報-オープンシステムで賢く家を建てる,19,67,2025/05/01,12,1,,
flatto-nihonbashi.jp,,15,67,2024/05/01,17,2,,
hidebo.jp,,22,67,2023/05/01,6,3,,
socc.jp,SHIBUYA OIL＆CHEMICALS 澁谷油脂株式会社,20,67,2025/05/01,4,1,,
lab-question.jp,,28,66,2025/05/01,12,1,,
shiroiheya.jp,,27,66,2025/05/01,10,1,,
iyashi-kumano.jp,癒しと蘇りの地 熊野　田辺市・十津川村　熊野観光圏,25,66,2019/05/01,13,7,,
anac.jp,明石市/自然素材の家【明石・西神戸建築センター】,8,66,2005/05/21,4,21,,
brats.jp,軽貨物運送専門 株式会社ブラッツ | 福岡・宮崎の配送ならお任せください,24,66,2024/05/24,5,2,,
hyoui.jp,,24,66,2024/05/24,5,2,,
masteroflife.jp,MASTER OF LIFE / TOPページ,14,66,2006/05/23,12,20,,
career21.jp,,19,66,2025/05/01,8,1,,
goto-koutsu.jp,五島交通ナビ,22,66,2025/05/01,11,1,,
reviewers.jp,Reviewers,21,66,2025/05/16,9,1,,
taikiosen.jp,PM2.5と大気汚染まとめ,21,66,2015/05/01,9,11,,
yardage.jp,,18,66,2017/05/01,7,9,,
trophymanager.jp,,16,66,2021/05/01,13,5,,
hyakunenkai-nerima.jp,,20,66,2022/05/20,18,4,,
c-mei.jp,,20,66,2025/05/01,5,1,,
chiisanaippo.jp,小さな一歩【養育費の相談窓口】,26,65,2020/05/23,12,6,,
kada-lab.jp,東京大学生産技術研究所川添研究室加太分室 地域ラボ &#8211; 東京大学 生産技術研究所 川添研究室,12,65,2018/05/22,8,8,,
hana-kage.jp,,24,65,2025/05/01,9,1,,
blcr.jp,,23,65,2024/05/01,4,2,,
virtus-im111.jp,,19,65,2014/05/16,12,12,,
minami-satelliteoffice.jp,美波町サテライトオフィス,12,65,2021/05/01,22,5,,
minaminagasaki-sp.jp,南長崎スポーツ公園,19,65,2025/05/01,17,1,,
kagino9948.jp,,16,65,2025/05/01,10,1,,
hls-j.jp,ヘルスウェーブ 背骨矯正マット｜ヘルシーライフシステム,8,65,2022/05/25,5,4,,
funavi.jp,,19,65,2020/05/01,6,6,,
blank2y.jp,,14,65,2024/05/01,7,2,,
officialwebsite.jp,HTTP Server Test Page powered by CentOS-WebPanel.com,21,65,2022/05/07,15,4,,
kyosukehimuro-postscript.jp,,27,64,2016/05/17,24,10,,
tomikuji-marathon.jp,,25,64,2016/05/24,17,10,,
dx-ticket.jp,,25,64,2021/05/10,9,5,,
butudan358.jp,モダン仏壇、壁掛け仏壇の専門店｜駿河仏壇本舗,13,64,2009/05/22,10,17,,
honnokimochi.jp,Honnokimochi,17,64,2025/05/01,12,1,,
ojijinja.jp,,19,64,2023/05/25,8,3,,
am02.jp,アミューズ,20,64,2002/05/02,4,24,,
prettydoll758.jp,,20,64,2024/05/01,13,2,,
nagoya-asada.jp,イースト駅前,17,63,2024/05/01,12,2,,
uf-miyagi.jp,,23,63,2019/05/01,9,7,,
ttmoto.jp,【 2023　インフォメーション 】: T.T.MOTO,18,63,2025/05/01,6,1,,
the-zenith.jp,【公式】佐賀の結婚式場｜ザ・ゼニス,16,63,2011/05/12,10,15,,
svs-c.jp,,8,63,2025/05/01,5,1,,
dr-mag.jp,,13,63,2018/05/22,6,8,,
careerlove.jp,,22,63,2021/05/01,10,5,,
components-store.jp,電子部品ディストリビュータComponents-Store.com,9,62,2019/05/23,16,7,,
thaitanaporn.jp,タイタナポーン上野御徒町タイ古式マッサージ,15,62,2011/05/14,12,15,,
sporadi.jp,スポーツ情報総合サイト『スポラジ』,23,62,2010/05/24,7,16,,
vcookmall.jp,【ヴィーガン通販】ブイクックモール｜想いのあるヴィーガン商品を届ける。 | ブイクックモール,23,62,2021/05/26,9,5,,
premium-miyagi.jp,食材王国ぷれ宮夢みやぎ,23,62,2025/05/01,14,1,,
le-sourire.jp,,23,62,2025/05/01,10,1,,
suzushin.jp,,23,62,2021/05/01,8,5,,
shukatsu-fukuyama.jp,,19,62,2025/05/01,17,1,,
gramo.jp,gramo オフィシャルサイト,12,62,2025/05/03,5,1,,
fulllifecare.jp,株式会社フルライフケア　-兵庫・大阪・奈良エリアの高齢者専用賃貸住宅・有料老人ホーム,15,62,2013/05/02,12,13,,
ecure.jp,,16,62,2022/05/01,5,4,,
danlan.jp,,19,62,2025/05/01,6,1,,
wildblueangel.jp,,21,62,2018/05/01,13,8,,
re童.jp,Re童 | Re:童貞から始める芸能界生活,21,61,2019/05/02,3,7,,
e-fuzzy.jp,,26,61,2023/05/01,7,3,,
kashimamishima.jp,,23,61,2025/05/01,14,1,,
yuuki-nanase.jp,,18,61,2012/05/19,12,14,,
studio-park.jp,"PHOTO STUDIO PARK【3,000円からの格安プライスで撮影空間を提供するPHOTO STUDIO PARK!!】 &#8211; 埼玉県越谷市のレンタル型フォトスタジオ。商品撮影やコスプレ撮影など3,000円からの格安プライスで撮影空間をご提供",13,61,2013/05/13,11,13,,
skpic.jp,アンティークショップ上荻,11,61,2021/05/27,5,5,,
hikarinowa-gaibukansa.jp,,18,61,2023/05/01,21,3,,
clipperinc.jp,,16,61,2008/05/04,10,18,,
masuhiro.jp,World Top Restaurant Tour Guide,22,61,2011/05/19,8,15,,
fureai-village.jp,,22,61,2021/05/01,14,5,,
cloudplay.jp,,22,61,2021/05/01,9,5,,
missme.jp,,19,61,2021/05/01,6,5,,
l-plus.jp,,20,61,2025/05/06,6,1,,
cherrypub-hakuba.jp,チェリーパブ白馬　白馬八方尾根 アメリカンスタイルのパブレストラン,29,60,2015/05/28,16,11,,
starjacks.jp,,25,60,2021/05/01,9,5,,
theredrock.jp,Service-2 Login,11,60,2012/05/03,10,14,,
mialaw.jp,MIA法律事務所,12,60,2019/05/24,6,7,,
turl.jp,短縮URL,19,60,2018/05/28,4,8,,
soundbandai.jp,サウンドバンダイ|山口県のカーオーディオ、カーナビ、セキュリティー,17,60,2025/05/01,11,1,,
s3studio.jp,,15,60,2018/05/01,8,8,,
mitchellandness.jp,,12,60,2025/05/01,15,1,,
livelog.jp,,16,60,2023/05/07,7,3,,
with-money.jp,,20,60,2017/05/24,10,9,,
e-tanzawa.jp,,20,60,2021/05/01,9,5,,
strk.jp,Sotaro Karasawa,25,59,2019/05/21,4,7,,
kandoraten.jp,韓ドラチョアヨ,24,59,2021/05/13,10,5,,
5digistar.jp,オンラインカジノの選び方|あなたの「五つ星」カジノを探すために必要な参考情報をこのサイトは提供していきます！,17,59,2021/05/01,9,5,,
fran.jp,,23,59,2011/05/23,4,15,,
anichara-style.jp,,23,59,2021/05/01,14,5,,
tokyo-s-clinic.jp,包茎や包茎手術、亀頭増大やシリコンリングは東京新宿メイルクリニック,13,59,2025/05/01,14,1,,
makiyamazaki.jp,,19,59,2016/05/25,12,10,,
body-brain.jp,茨城県でパーソナルトレーニングならBODY BRAIN,15,59,2016/05/19,10,10,,
ethical-payfoward.jp,ethical-payfoward.jp&nbsp;-&nbsp;Diese Website steht zum Verkauf!&nbsp;-&nbsp;Informationen zum Thema ethical payfoward.,22,59,2025/05/01,17,1,,
tbsbooks.jp,無効なURLです,21,59,2009/05/22,8,17,,
enlacefukuoka.jp,,18,59,2021/05/01,13,5,,
mtmidwife.jp,Meets the Midwife,25,58,2022/05/20,9,4,,
yamahiko-farm.jp,,19,58,2024/05/03,13,2,,
soba-yoshitomo.jp,芳とも庵 &#8211; Just another WordPress site,19,58,2025/05/01,14,1,,
nankaifd.jp,,10,58,2025/05/01,8,1,,
m-blog.jp,,10,58,2025/05/14,6,1,,
clear-light.jp,,15,58,2020/05/13,11,6,,
kurama.jp,,20,58,2018/05/01,6,8,,
e-gotanda.jp,トップぺージ | 五反田商店街振興組合,20,58,2011/05/24,9,15,,
tomoshoku.jp,,25,57,2019/05/24,9,7,,
pirikara.jp,,25,57,2025/05/01,8,1,,
eco-web.jp,大谷英子オフィシャルウェブ〈eco web〉　Eiko Otani Official Web,17,57,2008/05/02,7,18,,
jukouan.jp,"昇仙峡めん処 樹光庵 甲府名観光地の飲食店,及び土産,山野草販売店",14,57,2016/05/18,7,10,,
shizuoka-techno.jp,,23,57,2021/05/01,15,5,,
sanzou.jp,,9,57,2024/05/27,6,2,,
nonokanet.jp,,17,57,2020/05/01,9,6,,
ibf-kakuseikai.jp,国際抜刀道連盟,17,57,2025/05/01,14,1,,
ecchu-challenge.jp,越中富山ふるさとチャレンジ事業終了のおしらせ,21,57,2006/05/22,15,20,,
enchannel.jp,,26,56,2020/05/11,9,6,,
zerotoone.jp,,26,56,2021/05/01,9,5,,
y-i-groupinc.jp,Y&IGroup;株式会社,24,56,2019/05/14,12,7,,
food-communication.jp,株式会社フードコミュニケーション,24,56,2011/05/05,18,15,,
astrodive.jp,,24,56,2024/05/28,9,2,,
mototenchoofficial.jp,トップページ - もとてんの仮想寿司居酒屋,11,56,2018/05/11,18,8,,
satsuei.jp,satsuei.jp このドメインはオークション中です。,18,56,2025/05/03,7,1,,
one-thing.jp,エックスサーバー サーバー初期ページ,23,56,2021/05/18,9,5,,
valetudo.jp,,23,56,2025/05/01,8,1,,
quizgo.jp,クイズGO - 社会人の常識サプリ,10,56,2019/05/13,6,7,,
nello.jp,,19,56,2025/05/01,5,1,,
necoya.jp,シンガプーラブリーダー子猫販売キャッテリーKAZU DOZU,10,56,2025/05/01,6,1,,
naarak.jp,,13,56,2025/05/17,6,1,,
manela.jp,MANELA,15,56,2023/05/14,6,3,,
aihotel-nh.jp,,7,56,2021/05/01,10,5,,
herowarz.jp,,25,55,2025/05/01,8,1,,
hsgi.jp,産業用メモリー Delkin　HSGインフォメーション,17,55,2008/05/21,4,18,,
ggot.jp,Parallels Operations Automation Default Page,19,55,2006/05/11,4,20,,
healthcare-expo.jp,healthcare-expo.jp&nbsp;-&nbsp;Ce site web est ? vendre !&nbsp;-&nbsp;Ressources et information concernant healthcare expo Resources and Information.,15,55,2024/05/01,15,2,,
foodsjapan.jp,,22,55,2025/05/01,10,1,,
sblue.jp,,19,55,2025/05/01,5,1,,
daiichi-tamaya-sushi.jp,,17,55,2013/05/22,20,13,,
matomemo.jp,,20,55,2025/05/05,8,1,,
chidorimaru.jp,千鳥丸｜美保関町諸喰の遊漁船＆渡船 &laquo; 沖釣り＆磯釣りのことならお任せ下さい,12,54,2010/05/29,11,16,,
kokoyakyu.jp,高校野球.jp / 野球小僧を応援しよう！！ - 高校野球.jp｜神奈川県を中心とした高校野球を応援します！,13,54,2012/05/26,9,14,,
drfuture.jp,Dr. Future &#8211; ～未来の医師の作り方～,11,54,2019/05/08,8,7,,
レンタルサーバ比較.jp,,16,54,2013/05/27,9,13,,
tries.jp,,18,54,2022/05/01,5,4,,
st-wave.jp,,11,54,2005/05/10,7,21,,
moby-dick.jp,,15,54,2011/05/13,9,15,,
easyeight.jp,,18,54,2025/05/01,9,1,,
dream-marketing.jp,,18,54,2025/05/01,15,1,,
saitama-cycle.jp,,21,54,2023/05/01,13,3,,
stellanews.jp,,11,54,2021/05/01,10,5,,
spicerack.jp,,16,54,2021/05/01,9,5,,
iinomob.jp,,24,53,2024/05/01,7,2,,
re-generate.jp,(re)generate magazine - 人と地球の再生メディア,13,53,2025/05/01,11,1,,
geeek.jp,,16,53,2020/05/01,5,6,,
farmos.jp,,14,53,2018/05/23,6,8,,
wcaf.jp,,10,53,2021/05/01,4,5,,
melancholic.jp,,19,53,2021/05/01,11,5,,
girlsbookstand.jp,Girls BOOKSTAND - ガールズブックスタンド,20,53,2024/05/01,14,2,,
nihombashimo.jp,,20,53,2021/05/01,12,5,,
motown60.jp,,27,52,2024/05/01,8,2,,
eis-yokkaichi-u.jp,四日市大学環境情報学部 &#8211; 四日市大学環境情報学部のホームページへようこそ,19,52,2012/05/29,15,14,,
sumiart.jp,現代水墨画協会【公式】,16,52,2005/05/17,7,21,,
metasu.jp,METASU｜ミタス｜CBDで心にゆとりを｜公式オンラインストア,13,52,2020/05/15,6,6,,
covid19-gamagori.jp,【蒲郡市】新型コロナウイルスワクチン接種ガイド　ウェブサイト,14,52,2025/05/01,16,1,,
tricking.jp,トリックキング,22,52,2025/05/01,8,1,,
tom-is.jp,トムインターナショナルスクール/幼児教室・英会話学院・保育園/池袋,10,52,2006/05/28,6,20,,
onomatopedia.jp,Onomatopedia - オノマトペディア,15,52,2025/05/01,12,1,,
miyawakiunyu.jp,,12,52,2025/05/01,12,1,,
hiyamuta.jp,,21,52,2024/05/01,8,2,,
nproject.jp,,15,52,2021/05/01,8,5,,
fukukuru.jp,,20,52,2025/05/16,8,1,,
re4.jp,,19,51,2025/05/01,3,1,,
hojyo-exhibition.jp,,24,51,2021/05/28,16,5,,
fit-ieterrace.jp,,24,51,2021/05/01,13,5,,
proraso.jp,お取り寄せスイーツ日和,19,51,2021/05/14,7,5,,
pictureelement.jp,,23,51,2023/05/01,14,3,,
tajimi-akiyabank.jp,,10,51,2024/05/01,16,2,,
panorama-360.jp,,8,51,2023/05/01,12,3,,
narista.jp,,14,51,2011/05/20,7,15,,
machgogo.jp,,9,51,2022/05/03,8,4,,
itokei.jp,,19,51,2025/05/01,6,1,,
hugnet.jp,,17,51,2023/05/11,6,3,,
fun2.jp,,19,51,2022/05/17,4,4,,
aabc.jp,AABC |  アジアン・エイジング・ビジネスセンター,16,51,2025/05/01,4,1,,
your-research.jp,,19,51,2021/05/01,13,5,,
office-rire.jp,,16,51,2021/05/01,11,5,,
zic.jp,,19,50,2024/05/01,3,2,,
tyg-archives.jp,東洋学園大学 史料室公式サイト,25,50,2012/05/17,12,14,,
all-saints.jp,【公式】オール・セインツ ウェディング｜福島県郡山市の結婚式場,24,50,2024/05/01,10,2,,
e-esta.jp,短期アメリカ入国者のためのエスタ申請を代行します。｜【ESTA.com】,15,50,2025/05/01,6,1,,
premium1.jp,新宿高級デリヘル【プレミアムワン】,15,50,2024/05/01,8,2,,
autopilot.jp,自動運転通信,9,50,2025/05/06,9,1,,
pret.jp,pret.jp&nbsp;-&nbsp;O dom?nio pode estar ? venda pelo seu dono!&nbsp;-&nbsp;pret Recursos e Informa??es.,17,50,2024/05/23,4,2,,
chihousouseikaigi.jp,,23,50,2024/05/01,17,2,,
blockchain-jobs.jp,,23,50,2021/05/01,15,5,,
airista.jp,,22,50,2021/05/01,7,5,,
ジパングカジノ攻略.jp,,6,50,2013/05/16,9,13,,
tripnavi.jp,ホテル・旅館検索サイト トリップナビ,4,50,2008/05/07,8,18,,
miura-yahei-marathon.jp,,17,50,2022/05/01,20,4,,
itsuki-antique.jp,,10,50,2020/05/13,14,6,,
ib-sumai.jp,害虫害獣バスターズ,14,50,2022/05/15,8,4,,
galpara.jp,,15,50,2025/05/01,7,1,,
cloveryouth.jp,,16,50,2025/05/01,11,1,,
aomori-brand.jp,,14,50,2021/05/01,12,5,,
zeirisi-syoukai.jp,,12,50,2021/05/01,15,5,,
ion-softener.jp,,12,50,2019/05/23,12,7,,
nipponham-lc.jp,ニッポンハムレディスクラシック【2021】,20,50,2025/05/01,12,1,,
jissenn-bennkyou.jp,「思いを実現する」ために実践的な勉強のやり方とコツを知る。,20,50,2012/05/05,16,14,,
pman-hasaki.jp,,20,50,2024/05/01,11,2,,
bihoro-duathlon.jp,,20,50,2014/05/16,15,12,,
childcall.jp,,26,49,2017/05/11,9,9,,
uwakichousa-q.jp,浮気調査クエスト! -浮気調査の悩みをスッキリ解決！ - 浮気調査クエスト! -浮気調査の悩みをスッキリ解決！,14,49,2018/05/11,13,8,,
kokuyou.jp,瓦再生工法&京瓦道 | 株式会社 國陽,19,49,2003/05/26,7,23,,
amasia.jp,アメイジア | 再生医療による革新アンチエイジング,15,49,2020/05/01,6,6,,
spool-hs-job.jp,【エスプールヒューマンソリューションズ】の派遣・契約社員・正社員・バイト・アルバイト・有料職業紹介求人情報,15,49,2025/05/01,12,1,,
lxxe.jp,LxxE|デジタル遺品整理の専門サービス|故人のスマートフォン・PC復旧|株式会社ブレイバー,23,49,2015/05/07,4,11,,
meatcafe.jp,,23,49,2024/05/01,8,2,,
kaigan-info.jp,マリンLIFE,24,48,2025/05/01,11,1,,
geetacurry.jp,成田・富里でインド料理なら本場のインド料理屋ギータ,15,48,2014/05/28,10,12,,
j-os.jp,【公式】信濃川ラフティングの日本アウトドアサービス - 【公式】信濃川ラフティングの日本アウトドアサービス。,19,48,2015/05/19,4,11,,
genji3.jp,三島のランチ、うなぎ、桜えび、しらす、釜めしは三島駅前の御食事処 源氏,22,48,2007/05/21,6,19,,
8-ss.jp,エイト道交法出版株式会社,12,48,2014/05/13,4,12,,
wordsandsounds.jp,,17,48,2016/05/27,14,10,,
promama.jp,,15,48,2024/05/11,7,2,,
katasumi-products.jp,,13,48,2015/05/26,17,11,,
iryou-anzen.jp,,13,48,2016/05/02,11,10,,
e-newssite.jp,日経メディアプロモーション,13,48,2025/05/01,10,1,,
cocoalune.jp,,13,48,2025/05/01,9,1,,
mononoke-matsuri.jp,第一回信州戸隠「もののけ祭り」 令和元年8月31日(土)～9月1日(日) 戸隠スキー場,25,47,2019/05/31,16,7,,
pythonzen-pep8-exam.jp,TOP - PythonZen & PEP 8 検定試験,24,47,2021/05/14,19,5,,
okuda-t.jp,外壁・屋根塗装専門 | 京都市西京区の手塗り職人 奥田塗装,14,47,2013/05/01,7,13,,
neosilk.jp,ネオシルク化粧品,8,47,2014/05/30,7,12,,
fleurys.jp,fleurys,19,47,2013/05/23,7,13,,
enary.jp,enary エナリー化粧品 公式ブランドサイト,13,47,2007/06/12,5,19,,
ask21.jp,ask21-仁淀川町から暮らしに関する情報を発信,14,47,2006/05/30,5,20,,
pochamani-club.jp,「ぽちゃまに」公式サイト | 白泉社,17,47,2013/05/24,14,13,,
nakky.jp,(公益財団法人)長岡市勤労者福祉サービスセンター,16,47,2001/05/11,5,25,,
hito-manabi.jp,,23,47,2009/05/29,11,17,,
gainax-marche.jp,,22,47,2018/05/01,13,8,,
soumon.jp,,18,47,2025/05/01,6,1,,
sbscom.jp,株式会社SBSコミュニケーションズ | 静岡の人材に強い広告会社です。,18,47,2025/05/01,6,1,,
sakamoto-recycle.jp,,12,47,2025/05/01,16,1,,
routezero.jp,,12,47,2024/05/01,9,2,,
hotelthedragon.jp,HOTEL THE DRAGON ホテル ザ ドラゴン,10,47,2017/05/22,14,9,,
flyingmonk.jp,Flyingmonk(フライングモンク),17,47,2025/05/01,10,1,,
eais.jp,,16,47,2016/05/11,4,10,,
diywedding.jp,DIY Wedding 協会,13,47,2014/05/15,10,12,,
catalpa.jp,,5,47,2014/05/13,7,12,,
candle-ships.jp,,18,47,2025/05/01,12,1,,
3d-monodukuri.jp,,11,47,2015/05/12,13,11,,
ifuki.jp,ifuki（イフキ） 中村製作所のオリジナルブランド,21,47,2021/05/14,5,5,,
sovereign-house.jp,,18,47,2021/05/01,15,5,,
marines-academy.jp,,15,47,2021/05/01,15,5,,
dog-art.jp,,19,47,2021/05/01,7,5,,
dino-j.jp,,20,47,2020/05/21,6,6,,
inz.jp,,22,46,2025/05/02,3,1,,
bijinzaifu.jp,美人財布～お悩みの女性必見！知っておきたい「賢くお金を作る方法」,17,46,2019/05/01,10,7,,
toptravel.jp,国内旅行｜株式会社トップトラベルサービス　ビバツアー &#8211; スノーボード・スキーツアー・国内・海外旅行プランを紹介します。おすすめは沖縄・札幌・九州・中国四国・関西,13,46,2004/05/24,9,22,,
kohno-miyoko.jp,河野美代子 web site,23,46,2007/05/07,12,19,,
yukari-tokyo.jp,,15,46,2024/05/01,12,2,,
w-angela.jp,名古屋の少人数結婚式場 | 【公式】ウェディングチャペル アンジェラ | 格安 結婚式場 フォトウェディング 愛知県 名古屋 -,17,46,2025/05/01,8,1,,
sm-greenkikaku.jp,,16,46,2023/05/01,14,3,,
sakurabashi.jp,,12,46,2020/05/01,11,6,,
saisei-navi.jp,,19,46,2021/05/01,11,5,,
noriaki01.jp,,12,46,2016/05/10,9,10,,
garepo.jp,Googleアナリティクスレポートは、もう自動で作る時代 | GArepo ガレポ,16,46,2017/05/18,6,9,,
famitree.jp,【ファミツリ】ファミリーツリー公式サイト,15,46,2020/05/22,8,6,,
epoca-hair.jp,?poca HAIR | 名古屋市 緑区 美容室「エポカヘアー」,12,46,2012/05/07,10,14,,
crackup.jp,住宅型有料老人ホーム　WA-RISE瓜破,13,46,2025/05/06,7,1,,
chiikinosoui.jp,,19,46,2020/05/20,12,6,,
tuenosho.jp,,14,46,2021/05/01,8,5,,
katekyo-step.jp,,14,46,2021/05/01,12,5,,
matsuyamacafe.jp,Matsuyama　Cafe｜飛鳥駅すぐ、季節の食材を使った食事とカフェタイムが楽しめる隠れ家,20,46,2019/05/20,13,7,,
mfp.jp,丸紅ファッションプラニング株式会社 Marubeni Fashion Planning,14,45,2025/05/01,3,1,,
scrapper.jp,,25,45,2025/05/01,8,1,,
livehayn.jp,,25,45,2016/05/24,8,10,,
deapres.jp,Deapres -テ?ュアフ?レ- | 雑誌て?も話題の大人気ヘアサロ ン,25,45,2013/05/14,7,13,,
umebachi.jp,米沢牛・山形牛・さくらんぼの通販・お取り寄せ｜味の梅ばち,17,45,2010/05/20,8,16,,
hakatahitoduma.jp,【熟女・人妻ライブチャット】無料のお試しポイントの一覧,16,45,2025/05/12,14,1,,
kesennuma-naiwan.jp,気仙沼地域開発株式会社のホームページです。 ムカエル | 気仙沼市,23,45,2018/05/15,16,8,,
seaman.jp,,22,45,2021/05/01,6,5,,
twdn.jp,,16,45,2025/05/01,4,1,,
takadama.jp,,16,45,2025/05/01,8,1,,
sawvi.jp,,19,45,2020/05/25,5,6,,
powertree-japan.jp,パワーツリー | 世界が認めた日本発信のトリートメント | 世界が認めた日本独自のトリートメント、パワーツリー トリートメントをご紹介ｌエステサロンの新規参入・既存サロンの運営コンサル・資格取得・技術研修,7,45,2014/05/08,15,12,,
kite-mite-imari.jp,伊万里グリーン・ツーリズム推進協議会,13,45,2025/05/01,15,1,,
keio-kangoganpro.jp,,9,45,2022/05/01,16,4,,
gifu-koutairen.jp,岐阜県高等学校体育連盟,16,45,2025/05/01,14,1,,
cotta-marche.jp,日本最大級のお菓子とパンの祭典【コッタマルシェ】,14,45,2024/05/01,12,2,,
cluxta.jp,シンギュラリティとは |,21,45,2016/05/01,6,10,,
pomology.jp,,21,45,2021/05/01,8,5,,
eizouken-cafe.jp,,21,45,2021/05/01,13,5,,
hankoyahonpo.jp,,16,45,2021/05/01,12,5,,
ktz.jp,,15,44,2021/05/01,3,5,,
zennosato.jp,,24,44,2021/05/01,9,5,,
sidestand.jp,サイドスタンド（SIDESTAND.JP）…愛車のオンラインコンシェルジュ,19,44,2025/05/01,9,1,,
lbodys.jp,"One moment, please...",10,44,2013/05/02,6,13,,
taylorburton.jp,,22,44,2025/05/03,12,1,,
hiwamatanoboru.jp,ラー麺　陽はまた昇る｜京都市伏見区、学生や社会人・観光客に人気のとりとんこつラーメン,22,44,2023/05/01,14,3,,
pecon.jp,,22,44,2021/05/01,5,5,,
style-club.jp,,10,44,2025/05/01,10,1,,
satou-cpa.jp,佐藤等公認会計士事務所,12,44,2006/05/19,9,20,,
itsportsleague.jp,IT SPORTS LEAGUE [野球・サッカー・テニス] 参加企業募集,18,44,2010/05/20,14,16,,
housecom-dx-conference.jp,,17,44,2022/05/06,22,4,,
hot-heaven.jp,,16,44,2012/05/24,10,14,,
harris-english-school.jp,太田市の英会話なら外国人教師による英会話教室 ハリス・イングリッシュスクール | 英検 英会話 TOEIC |,7,44,2020/05/01,21,6,,
epremium.jp,株式会社エンパワープレミアム | 東京都 | 公式サイト,3,44,2018/05/15,8,8,,
101s.jp,,10,44,2016/05/01,4,10,,
chariyatokyo.jp,Tokyo's great cycling,21,44,2021/05/01,12,5,,
sangyo-npo.jp,,15,44,2021/05/01,10,5,,
rakuemon.jp,二代目 楽衛門｜らくえもん｜アシストスーツ｜パワーアシストスーツ｜パワースーツ,20,44,2020/05/11,8,6,,
crystalline.jp,,20,44,2023/05/01,11,3,,
helmihaat-mamehana.jp,フェイシャルエステ・アロマトリートメントは大阪市天王寺の【エルミィハート豆花】,13,43,2017/05/26,18,9,,
tayebaenterprise.jp,Tayeba Halal Food,6,43,2025/05/06,16,1,,
bryan.jp,ぶらい庵 official website,23,43,2003/05/13,5,23,,
hanamoegi.jp,花もえぎ | ほわほわハンバーグ,22,43,2012/05/09,9,14,,
koyumitsuru.jp,小弓鶴酒造｜日本酒・古酒・地ビール製造・販売,22,43,2016/05/02,11,10,,
smile-chintai.jp,草加・川口・八潮エリアの新築・中古戸建・マンション・土地と賃貸物件なら、センチュリー21　草加市民ハウジングにおまかせください！,7,43,2011/05/29,13,15,,
simulatio.jp,,19,43,2025/05/01,9,1,,
seasidebowl.jp,,18,43,2025/05/01,11,1,,
huuug.jp,,12,43,2024/05/01,5,2,,
greenaddiction.jp,,7,43,2018/05/11,14,8,,
gongmyoung.jp,,14,43,2025/05/01,10,1,,
flyhightimes.jp,,17,43,2025/05/01,12,1,,
daddysgirl.jp,Daddy's girl | 2023年10月31日閉店,14,43,2015/05/27,10,11,,
clean-room.jp,クリーンルームカーテン工場,10,43,2006/05/18,10,20,,
biogas.jp,,11,43,2021/05/01,6,5,,
ogrkn.jp,,24,42,2011/05/27,5,15,,
nakaharakanpo.jp,仲原漢方クリニック公式サイト,19,42,2006/05/31,13,20,,
shmzlab.jp,清水 千弘 一橋大学SDS,18,42,2025/05/01,7,1,,
grandnaha.jp,沖縄ゲストハウスGRAND那覇（グランナハ）|沖縄那覇市にあるワンランク上の県内最大級ゲストハウス,19,42,2015/05/11,9,11,,
aka-studio.jp,さくらのレンタルサーバ,12,42,2024/05/01,10,2,,
bonica.jp,BONICA DOT : ボニカ ドット,23,42,2025/05/13,6,1,,
cafe-macondo.jp,,18,42,2023/05/01,12,3,,
battlefitness.jp,,17,42,2024/05/01,13,2,,
povr.jp,ポケットVR｜一般のお店で簡単にスマホ用VR動画を買える！,16,42,2016/05/21,4,10,,
toranosuke3.jp,風呂敷 バッグ　浴衣　 ふろしき　かわいい　おしゃれな風呂敷　布バック　ポーチまで通販,15,42,2012/05/22,11,14,,
e-sound.jp,真空管アンプ 真空管プリメインアンプ,10,42,2023/05/02,7,3,,
razu-deli-plus.jp,らづデリ＋,11,42,2020/05/05,14,6,,
whiteroad.jp,,18,42,2019/05/01,9,7,,
robust-life.jp,,5,42,2018/05/29,11,8,,
motherearthproject.jp,,16,42,2017/05/01,18,9,,
kyotoholic.jp,,14,42,2025/05/01,10,1,,
gconference.jp,,17,42,2023/05/11,11,3,,
ecospa.jp,,13,42,2025/05/01,6,1,,
yourtime.jp,,11,42,2019/05/21,8,7,,
club-lupin.jp,六本木クラブルパン 国内外からの大切なお客様の接待やお仕事帰りの隠れ家にピッタリの会員制クラブ,11,41,2009/05/18,10,17,,
kawase365.jp,日本 円の為替相場,7,41,2019/05/09,9,7,,
atlas-con.jp,静岡のリフォームならアトラス,16,41,2025/05/01,9,1,,
saisei-kanazawa.jp,金沢　茶房　犀せい,19,41,2008/05/02,15,18,,
inet-gr.jp,株式会社 アイ・ネット | トップページ,5,41,2010/05/10,7,16,,
goudo.jp,このページは存在しません,19,41,2004/05/26,5,22,,
h323.jp,MCU製品情報サイト VC.info,14,41,2004/05/17,4,22,,
umigomi-zero.jp,CHANGE FOR THE BLUE in TOYAMA,12,41,2019/05/30,12,7,,
fountainmountain.jp,"Fountain Mountain - Your Good Place for Coffee, Culture & Play",21,41,2021/05/01,16,5,,
r-chisato.jp,宮之城温泉 旅館ちさと | 鹿児島県宮之城温泉街にあります「旅館ちさと」は、家族経営のアットホームな温泉旅館です,13,41,2001/05/25,9,25,,
networld-event.jp,,19,41,2022/05/26,14,4,,
tokutei-kenshin.jp,,16,41,2022/05/01,15,4,,
study-news.jp,,6,41,2017/05/22,10,9,,
moringa-aojiru.jp,,12,41,2025/05/01,14,1,,
kunitaya.jp,,16,41,2017/05/19,8,9,,
gadgetters-studio.jp,,14,41,2025/05/02,17,1,,
cs-affiliate.jp,CSアフィリエイト｜アフィリエイト型ショッピングサイト無料レンタルサービス,17,41,2025/05/01,12,1,,
fukuokacity-ftc.jp,キッズStudy,24,40,2025/05/01,15,1,,
sugiyofarm.jp,,23,40,2025/05/01,10,1,,
dyslexia-koeda.jp,ディスレクシアのページ ■Dyslexia■,15,40,2017/06/01,14,9,,
chibaderacatholic.jp,TOP-カトリック千葉寺教会,13,40,2011/05/02,17,15,,
savvis.jp,"Enterprise Cloud Computing - Colocation Managed Hosting  | Savvis, Inc",17,40,2005/05/30,6,21,,
hana-clinic.jp,＋＋オンラインHDF：花クリニック＋＋,18,40,2006/05/15,11,20,,
okinawa-santos.jp,映画『オキナワ サントス』公式サイト｜『花と兵隊』『祭の馬』松林要樹監督最新作,21,40,2021/05/25,14,5,,
manchan.jp,土手の珈琲屋 万茶ン,21,40,2017/05/30,7,9,,
harvestdays.jp,,21,40,2020/05/01,11,6,,
ston.jp,,13,40,2005/05/01,4,21,,
pcqq.jp,,10,40,2011/05/04,4,15,,
5-knot.jp,5-knot（ファイブノット）公式サイト,17,40,2013/05/26,6,13,,
imness.jp,【公式】imness（イムネス）のオンラインストア,14,40,2025/05/01,6,1,,
jimoto-genki-mazda.jp,"マツダBUYひろしま・やまぐち		｜～もっともっと広島・山口を元気に～",11,40,2025/05/01,18,1,,
yomi-bito.jp,,13,40,2018/05/23,9,8,,
selfishdiner.jp,,9,40,2023/05/01,12,3,,
nazunakougei.jp,,17,40,2025/05/01,12,1,,
laughwrinkles.jp,,17,40,2018/05/23,13,8,,
invivo.jp,,16,40,2025/05/01,6,1,,
h-accounting.jp,,15,40,2020/05/12,12,6,,
kks-grp.jp,,16,40,2021/05/01,7,5,,
okawarijapan-store.jp,,25,39,2022/05/01,18,4,,
carehouse-naruto.jp,社会福祉法人緑会 ケアハウスなると,10,39,2013/05/07,16,13,,
le-moment.jp,フランス料理 LE MOMENT（ルモマン）/都立大学・柿の木坂 - LEMOMENT,15,39,2015/05/11,9,11,,
tabeyo.jp,Tabeyo.jp - 美味しいグルメ、口コミ、レストラン情報,15,39,2006/05/19,6,20,,
speaq.jp,SPEAQ,12,39,2010/05/05,5,16,,
oeconomicus.jp,Oeconomicus.jp - 家計・資産運用とプログラミング情報を提供,6,39,2021/05/25,11,5,,
crowe.jp,CROWE,14,39,2022/05/01,5,4,,
loqui.jp,Loqui ～今学びたい100人の学問～,22,39,2016/05/19,5,10,,
its-promise.jp,,22,39,2019/05/01,11,7,,
b-spot.jp,ボルダリングジム　Ｂ★ＳＰＯＴ | ボルダリングジムＢ★ＳＰＯＴはアットホームな大人のジム　浜松西ＩＣすぐ近く　ボルダリングするならここ!!,21,39,2025/05/01,6,1,,
kyushu-turkey.jp,九州・トルコ協会,5,39,2023/05/01,13,3,,
ohara-hosp.jp,大原病院,16,39,2014/05/08,10,12,,
chihiro-mental.jp,東京都羽村市の精神科、心療内科ちひろメンタルクリニック - トップページ,13,39,2008/05/12,14,18,,
chubby.jp,,13,39,2014/05/20,6,12,,
aeras-akabane.jp,,10,39,2010/05/21,13,16,,
kabanclub.jp,ビジネスバッグの鞄倶楽部,13,39,2018/05/07,9,8,,
house-connect.jp,津田沼・船橋で賃貸情報のハウスコネクト,10,39,2014/05/07,13,12,,
custom-design.jp,CUSTOM DESIGN -カスタム台紙のダウンロードサイト-　INDEX,8,39,2010/05/18,13,16,,
charcuterie-de-france.jp,Charcuterie &#8211; シャルキュトリー,15,39,2015/05/28,21,11,,
fge2019.jp,Frontiers in Genome Engineering 2019,6,39,2025/05/01,7,1,,
pandora-ax.jp,,17,39,2021/05/01,10,5,,
oki-innovation.jp,,7,39,2024/05/01,14,2,,
kitano-tamatebako.jp,,7,39,2013/05/07,17,13,,
doku-ten.jp,,17,39,2025/05/01,8,1,,
venus-b.jp,,20,39,2021/05/01,7,5,,
sqi.jp,KOUGU-HACKS - 現場の職人とDIYガチ勢のための工具メディア,22,38,2023/05/01,3,3,,
yamakataya-store-net.jp,山形屋ストア　ネットスーパー &raquo; トップページ,23,38,2011/05/12,20,15,,
hanzawa-tax.jp,目黒区の税理士｜半沢税理士事務所,14,38,2012/05/07,11,14,,
maintex.jp,株式会社メインテックス｜ステッピングモータ・小型モーター・電子部品の製造販売,8,38,2012/05/21,7,14,,
yodokon.jp,YODOKON : Yodogawa Mixed Chorus(SATB),19,38,2004/05/31,7,22,,
spainn.jp,SPA・イン白浜 | 白浜温泉のリーズナブルなバリ風ホテル！,11,38,2011/05/19,6,15,,
office-kon.jp,Music Office KON,21,38,2006/05/09,10,20,,
ikumouzai.jp,,21,38,2015/05/18,9,11,,
kanayamarina.jp,金谷マリンベース アルバトロス,12,38,2019/05/10,12,7,,
theboyz-cafe.jp,,18,38,2025/05/01,12,1,,
sunpal-shine.jp,,9,38,2005/05/18,12,21,,
rencontre.jp,大島紬ストール 秀円（しゅうえん）,16,38,2011/05/26,9,15,,
jkk-hokuriku.jp,ホーム | 女性起業家交流促進 | 女性起業家交流会inHOKURIKU |石川・富山・福井|金沢 | 日本,16,38,2009/05/25,12,17,,
sekisui-eshop.jp,セキスイ　E-Shop,14,38,2025/05/01,13,1,,
ozone-mitaka.jp,大曽根・名古屋ドームすぐの居酒屋｜味鷹｜株式会社エフラット,16,38,2011/05/06,12,15,,
revi.jp,オーガニックベジタブルオイル　Ｒｅｖｉ,15,38,2020/05/19,4,6,,
mhelper.jp,日本音楽ヘルパー協会　音楽療法 活動（音楽療法士）,13,38,2012/05/18,7,14,,
yamatoyasai-natura.jp,Natura,19,38,2025/05/01,18,1,,
tsukuhote.jp,,12,38,2023/05/16,9,3,,
paper180.jp,,13,38,2012/05/24,8,14,,
landingpad.jp,,12,38,2025/05/01,10,1,,
ikcinc.jp,,14,38,2013/05/04,6,13,,
freelans.jp,,12,38,2022/05/19,8,4,,
ac-akewatashi.jp,,10,38,2010/05/25,13,16,,
kawaji-tamio.jp,,19,38,2024/05/01,12,2,,
gayvids.jp,,6,38,2022/05/31,7,4,,
asked.jp,,13,38,2023/04/28,5,3,,
tamuranosakura.jp,tamuranosakura.jp&nbsp;-&nbsp;Diese Website steht zum Verkauf!&nbsp;-&nbsp;Informationen zum Thema tamuranosakura.,20,38,2024/05/01,14,2,,
angsana.jp,洋食堂Angsana(アンサナ),23,37,2005/05/09,7,21,,
kitajimatatsuya.jp,北島達也の神の7秒間実践講座,13,37,2014/05/30,15,12,,
petsupport.jp,ペッツファースト,10,37,2017/05/12,10,9,,
barackobama.jp,バラックオバマ大統領に関するニュース記事、ブログを紹介　barack obama fan site in JAPAN 　 - バラック・オバマ　応援ポータルサイト　,15,37,2007/05/04,11,19,,
sakizakiteruko.jp,サキザキテルコ｜ヘアサロンのパーソナル・サイネージメディア,19,37,2023/05/01,14,3,,
shiroiundokoen.jp,白井運動公園,11,37,2025/05/01,14,1,,
fuery.jp,,6,37,2011/05/16,5,15,,
ueno-farm.jp,パッションフルーツ通販、パッションフルーツは奄美大島の上野農園へ,11,37,2025/05/01,9,1,,
jackweb.jp,【ルナティック・エモーション】200系ハイエースパーツ・各車種グリル&amp;アイライン,9,37,2005/05/11,7,21,,
aeras-komagome.jp,アエラス駒込店で賃貸アパート・マンションを探す | 賃貸物件情報アエラスグループ,12,37,2010/05/21,14,16,,
theparade.jp,ライフスタンスマガジン「PARaDE」,17,37,2022/05/23,9,4,,
bites-studio.jp,パーソナルマシンピラティス専門店　bites studio | しなやかな身体と、ゆたかな心を手に入れる。,15,37,2023/05/17,12,3,,
skoool.jp,,7,37,2024/05/16,6,2,,
scala.jp,,12,37,2009/05/01,5,17,,
safari-land.jp,,10,37,2023/05/01,11,3,,
m-dash.jp,,5,37,2025/05/02,6,1,,
happyhappy-life.jp,,10,37,2021/05/03,15,5,,
fortune-21.jp,,13,37,2018/05/01,10,8,,
action-camera.jp,,8,37,2021/05/07,13,5,,
first-love.jp,,16,37,2024/05/10,10,2,,
brixx.jp,,18,37,2025/05/01,5,1,,
arc-group.jp,交通誘導警備・施設警備・イベント警備｜ 株式会社アーク警備システム,20,37,2007/05/23,9,19,,
kamidakihoikuen.jp,上滝保育園 | 幼保連携型認定こども園　上滝保育園へようこそ！,11,36,2009/05/12,15,17,,
tochigi-satellite.jp,産学官連携サテライトオフィス,10,36,2025/05/01,17,1,,
sparkinglife.jp,一般社団法人日本運動療育協会（スパーク協会）,13,36,2024/05/01,12,2,,
desknets-hr.jp,デスクネッツ（desknet's） HR - スケジュール共有・管理が安心のクラウド環境でできる！｜株式会社IDCフロンティア,7,36,2021/05/01,11,5,,
jamfactory.jp,つくばジャムファクトリー（無添加ジャムとスコーンの通販）,10,36,2025/05/01,10,1,,
lesdeuxgarcons.jp,LES DEUX GARCONS - Les Deux Garcons - Francais,9,36,2020/05/15,14,6,,
taqumi.jp,DOMAIN ERROR,10,36,2012/05/08,6,14,,
dorehal.jp,【公式】DOREHAL 貼るだけ簡単 ドレスアップネイルシール,7,36,2018/05/22,7,8,,
mikandi.jp,MiKandi Japan,22,36,2010/05/19,7,16,,
kyoden-kpi.jp,株式会社キョウデンプレシジョン,21,36,2018/05/27,10,8,,
koyuland.jp,,21,36,2021/05/01,8,5,,
seminar-lab.jp,講演講師の派遣・開催なら「セミナーラボ」|講師養成講座もあり,17,36,2025/05/01,11,1,,
aikidoyuishinkai.jp,合気道唯心会　大阪本部,16,36,2006/05/08,16,20,,
tap-net.jp,TAP - Transport Assist Partners | 軽運送から物流コンサルまで幅広く対応する運送のアシスト企業,19,36,2014/05/12,7,12,,
regia-net.jp,高級輸入オーダーカーテンの販売・インテリアコーディネート,16,36,2012/05/10,9,14,,
jay-official.jp,JAY(KIM JINHWAN)｜JAY JAPAN OFFICIAL FAN CLUB,15,36,2023/05/08,12,3,,
thetopland.jp,,10,36,2015/05/01,10,11,,
link-garden.jp,,10,36,2017/05/28,11,9,,
cigrekyoto2022.jp,,17,36,2024/05/01,14,2,,
bizdev-career.jp,月刊タレンタル by talental - 変革を起こす、ヨソモノたちへ。,11,36,2024/05/15,13,2,,
serrure.jp,SERRURE 電子錠のセリュール,20,36,2024/05/31,7,2,,
murakumokai.jp,叢雲会　トップページ　,19,35,2005/05/31,11,21,,
line-net.jp,ラインネット無料サイト案内,11,35,2001/05/14,8,25,,
freerom.jp,ストレッチ専門店 戸塚の「FREE ROM」,12,35,2017/05/31,7,9,,
initialbrain.jp,INITIAL BRAIN JAPAN,11,35,2021/05/25,12,5,,
mataka.jp,DOMAIN ERROR,8,35,2017/05/23,6,9,,
bizsmart-hikari.jp,BizSMART光｜法人様向け 光ブロードバンドサービス,7,35,2018/05/22,15,8,,
trasti.jp,::: TRASTI:横幹技術協議会 :::,14,35,2004/05/21,6,22,,
maruhachiseika.jp,株式会社丸八青果 - 丸八青果,22,35,2017/05/17,14,9,,
fukui150.jp,,21,35,2025/05/01,8,1,,
ucota.jp,,12,35,2010/05/06,5,16,,
expensive.jp,,6,35,2023/05/29,9,3,,
ultia-beauty.jp,ultia,11,35,2020/05/27,12,6,,
anjir.jp,あなたの秘められた「色香」を解き放つナチュラルメイクアップブランドanjir(アンジール),18,35,2022/05/23,5,4,,
homebase01.jp,外壁・屋根・不動産なら株式会社ホームベース,14,35,2014/05/01,10,12,,
ishr2025nara.jp,"ISHR2025 - Convention Linkage, Inc.",16,35,2022/05/13,12,4,,
tottori-impulse.jp,鳥取県商工会青年部連合会,11,35,2025/05/01,15,1,,
hectef.jp,【HECTEF】一般社団法人 HECTEF,11,35,2025/05/01,6,1,,
dias-records.jp,Dias Records Official Web Site,10,35,2016/05/16,12,10,,
garbera.jp,ヘルスケアサロンGarbera|熊本県熊本市北区,14,35,2021/05/09,7,5,,
ramutei.jp,らむ亭.com | ジンギスカン専門店 | 北海道とかち直送 | ラム・マトン［通販］,19,35,2009/05/17,7,17,,
pan-de-eterna.jp,仙台　天然酵母・国産小麦・無添加生地 Pan de E’terna パンデエターナ,11,35,2013/05/09,13,13,,
supported.jp,,9,35,2025/05/04,9,1,,
shizuoka-news.jp,,10,35,2025/05/30,13,1,,
restart-games.jp,,14,35,2021/05/18,13,5,,
nakayama-kids.jp,,8,35,2023/05/01,13,3,,
mtwoodgee.jp,,15,35,2009/05/13,9,17,,
hf-n.jp,,15,35,2013/05/24,4,13,,
google-adsense.jp,,10,35,2009/05/05,14,17,,
deeplinetrip.jp,,8,35,2025/05/01,12,1,,
blackexpress.jp,,12,35,2023/05/15,12,3,,
0874music.jp,,11,35,2017/05/22,9,9,,
yomiraku.jp,EPUB販売ソリューション yomi楽,11,35,2016/05/21,8,10,,
taigamap.jp,,14,35,2021/05/01,8,5,,
it-ch.jp,,15,35,2021/05/01,5,5,,
hananeko.jp,,18,35,2021/05/01,8,5,,
m-tp.jp,毎日タウンパートナー｜ホーム,20,35,2013/05/24,4,13,,
b-black.jp,B-BLACK | フクロモモンガや小動物・爬虫類・熱帯魚の専門店,20,35,2020/05/26,7,6,,
maaru-cafe.jp,福井市のまあるカフェ,16,34,2020/05/26,10,6,,
hikarie-clinic.jp,ホーム | 光りえ在宅クリニック,5,34,2020/05/22,14,6,,
hi-pack.jp,ハイパック株式会社,9,34,2001/05/07,7,25,,
oolder.jp,サーフィン用オーダーウェットスーツ｜OOLDER（オールダー）,7,34,2015/05/22,6,11,,
kawaguchi-iin.jp,磐田市で消化器科・在宅医療をお探しなら富士見町の川口医院へ | 川口医院 - 磐田市の内科・在宅医療,10,34,2025/05/01,13,1,,
tkproducts.jp,,16,34,2001/05/07,10,25,,
sanosasou.jp,,14,34,2019/05/01,9,7,,
kyujin-door.jp,求人ドア: 中高年・シニア向けの転職・採用・求人サイト,19,34,2021/05/20,11,5,,
houtoku-tochi.jp,いわき市の不動産 賃貸・売買は報徳不動産,10,34,2025/05/01,13,1,,
ecogate.jp,エコプレ &#8211; 不用品回収はエコプレへ,8,34,2024/05/01,7,2,,
aeras-shinkoiwa.jp,アエラス新小岩店 | 賃貸物件情報アエラスグループ,10,34,2012/05/05,15,14,,
advantage-report.jp,リスティング広告の効果分析は「AdVantage」｜株式会社HARMONY,8,34,2014/05/07,16,12,,
acbest.jp,長野の遺品整理・不用品回収なら【エンゼルクリーンベスト】,13,34,2015/05/26,6,11,,
kjnext.jp,株式会社KJネクストグループ,9,34,2021/05/19,6,5,,
hakke.jp,株式会社HAKKE | ホームページ,15,34,2024/05/23,5,2,,
coreposition.jp,personalstudio Core position│パーソナルスタジオ コアポジション,14,34,2025/05/01,12,1,,
syria-pound.jp,,5,34,2014/05/01,11,12,,
shizuokapassport.jp,,10,34,2025/05/12,16,1,,
otoginoexpo.jp,,11,34,2013/05/21,11,13,,
o-esthe.jp,,11,34,2025/05/01,7,1,,
mariwan.jp,,16,34,2025/05/17,7,1,,
kumorina.jp,,12,34,2025/05/11,8,1,,
ishikawashika.jp,,10,34,2007/05/21,13,19,,
gifu-handball.jp,,14,34,2024/05/01,13,2,,
dopyu.jp,,8,34,2025/05/30,5,1,,
boogiewoogie.jp,,12,34,2020/05/29,12,6,,
birdmountain.jp,,14,34,2014/05/30,12,12,,
autolink.jp,,16,34,2015/05/15,8,11,,
donbei-guzai.jp,,20,34,2025/05/01,12,1,,
sakanaya-ebisui.jp,明石の魚料理が美味しい和食店「酒菜やゑびす井」,14,33,2015/05/22,15,11,,
terraformars-busters.jp,ワーナーブラザーズ - Terraformars-busters.jp,18,33,2020/05/01,20,6,,
armsgain.jp,メンテナンスページ | armsgain（アームスゲイン）,13,33,2019/05/15,8,7,,
petitsuza.jp,プティスーザ,17,33,2005/05/26,9,21,,
anshin-ohaka.jp,トップページ - あんしんお墓｜全国どこでも！お墓選びは「あんしんお墓」あんしんお墓｜全国どこでも！お墓選びは「あんしんお墓」,11,33,2024/05/01,12,2,,
a-preschool.jp,アンテナ･プレスクール　ホームページ,13,33,2010/05/28,11,16,,
atelady.jp,アテレディ | 「美容整形でキレイになる」あなたのその想いをアテ・レディは応援します。美容外科、美容皮膚科の最新治療情報だけでなく、専門医・名医の紹介までお気軽にご相談下さい。,8,33,2020/05/01,7,6,,
nagoya-dome-prime-twin.jp,docomo 5G プライム・ツイン | ナゴヤドーム 新感覚野球体験シート,11,33,2024/05/01,22,2,,
aquinas.jp,"Aquinas - 世界一流大学　入学　コンサルタント, 海外　留学　コンサルタント",11,33,2023/05/12,7,3,,
waterrocks.jp,Water Rocks | mazume,22,33,2010/05/10,10,16,,
ruedor.jp,名古屋市中村区、栄、春日井にある美容室（美容院）リュドール（ruedor）,22,33,2013/05/14,6,13,,
cassiopeia-iwate.jp,いわてカシオペアブランド推進協議会,6,33,2025/05/01,16,1,,
tango-furusato.jp,丹後ふるさと病院 | 京都府京丹後市網野町にある病院　特別養護老人ホーム併設　医療と福祉の連携,13,33,2020/05/01,14,6,,
skymet.jp,埼玉協同病院 教育研修センター（SKYMET：スカイメット）,10,33,2024/05/01,6,2,,
izunokuni-iju.jp,,15,33,2025/05/01,13,1,,
cbdays.jp,Hello Gooday - [ハローグッデイ],12,33,2020/05/31,6,6,,
asianmarche.jp,川辺農園 Asian Marche（アジアン・マルシェ）,13,33,2017/05/12,11,9,,
wowow-saiyo.jp,株式会社WOWOW 新卒採用サイト | いでよ、最強。,19,33,2018/05/01,11,8,,
gpaint.jp,岡山の外壁塗装工事会社 | ジー・ペイント株式会社 - 100％自社施工による低価格、手塗り３回塗りにこだわり安心保証付き,11,33,2025/05/01,6,1,,
zorion.jp,Bootstrap - Prebuilt Layout,10,33,2025/05/01,6,1,,
greentechlabs.jp,GreenTech Labs &#8211; 情熱を持つ人々のための開かれたコミュニティ,13,33,2025/05/01,13,1,,
studioaqua-shibuya.jp,フォトウェディング・前撮り・結婚写真の専門スタジオ,10,33,2018/05/09,18,8,,
tanba-kisaku.jp,和の焼肉喜作,15,33,2025/05/01,12,1,,
tohkatsu-gyosei.jp,,16,33,2025/05/01,15,1,,
scif.jp,,13,33,2024/05/01,4,2,,
mihosugata.jp,,15,33,2025/05/01,10,1,,
kobac-nara.jp,,18,33,2024/05/15,10,2,,
kawahara-izumi.jp,,9,33,2018/05/01,14,8,,
ijuteiju-takahagi.jp,,11,33,2025/05/01,17,1,,
ibakei.jp,,8,33,2022/05/01,6,4,,
hukkatuai.jp,,15,33,2008/05/23,9,18,,
earthfudousan.jp,,10,33,2015/05/08,13,11,,
fukuyama-chat.jp,,7,33,2017/05/16,13,9,,
fm-chubu.jp,FileMakerユーザーズグループ中部 FM-Chubu | Home,20,33,2009/05/26,8,17,,
nlj.jp,シール印刷・ラベル印刷・ステッカー印刷｜ニューラベルジャパン　速さと大ロットのシール・ラベル・ステッカー印刷会社,6,32,2024/05/27,3,2,,
anime-ff.jp,,23,32,2025/05/20,8,1,,
honyakukaisha.jp,翻訳会社ガイド｜東京【金融、経済、医療、法律など】,19,32,2009/06/11,13,17,,
judo-net.jp,柔道ネットワーク,12,32,2008/05/23,8,18,,
licenseworld.jp,資格のことなら資格取得の総合情報サイト｜ライセンスワールド,16,32,2001/05/11,12,25,,
nicography.jp,広告写真スタジオ | 福岡市 | nicography | 写真家,18,32,2007/05/12,10,19,,
nishigaki-nobuyasu.jp,岐阜市議会議員　西垣信康,19,32,2010/05/18,18,16,,
virtual-tour.jp,仮想旅行(バーチャルツアー)NURVE ? VRを活用した世界を旅するバーチャルツアー &#8211; VRを活用した世界を旅するバーチャルツアー,14,32,2021/05/18,12,5,,
woodrise2021.jp,WOODRISE 2021　KYOTO,17,32,2025/05/01,12,1,,
pro24yg.jp,pro24yg.jp&nbsp;-&nbsp;Diese Website steht zum Verkauf!&nbsp;-&nbsp;Informationen zum Thema pro24yg.,14,32,2024/05/01,7,2,,
shawcontract.jp,Contract Gallery &#8211; Carpet | 住商インテリアインターナショナルの輸入タイルカーペットを紹介,4,32,2008/05/30,12,18,,
meprof.jp,,16,32,2024/05/07,6,2,,
iyagarase-tck.jp,"ストーカー・嫌がらせ対策,調査,証拠収集,犯人特定,被害解決の専門機関｜ストーカー・嫌がらせ被害対策室",14,32,2025/05/01,13,1,,
dr-hosoi.jp,フコイダンでがん治療|低分子フコイダンカクテル療法センター細井皮膚科,8,32,2003/05/06,8,23,,
internet-tv.jp,インターネットテレビ：ビジネス・エンタメ・トラベル動画を配信中!!,15,32,2001/05/15,11,25,,
svba.jp,,15,32,2025/05/01,4,1,,
kikikofuku.jp,,10,32,2025/05/01,10,1,,
jikei-hospitality.jp,,10,32,2018/05/01,17,8,,
fukui-jizokuka.jp,,9,32,2022/05/01,14,4,,
bellsique.jp,『BELLSiQUE(ベルシーク)』佐藤さきイメージモデルのナチュラルカラコン オフィシャルブランドサイト,7,32,2020/05/07,9,6,,
yogadays.jp,YOGA DAYS Ayuresort &#8211; 沼津市のヨガ教室・ヨガスタジオ,18,32,2019/05/25,8,7,,
tamabussan.jp,TAMA MIRAIビジネスフェア,13,32,2010/05/27,10,16,,
sumi-aroma.jp,,9,32,2021/05/20,10,5,,
jra-summercp-2021.jp,,17,32,2021/05/17,17,5,,
highflyer.jp,,12,32,2010/05/12,9,16,,
heavenly-tokyo.jp,,8,32,2015/05/14,14,11,,
1005.jp,,11,32,2019/05/05,4,7,,
pivid.jp,PiVid ～イヌやネコの15秒動画アプリ。BGMやアフレコなどの動画編集も簡単！,12,32,2014/05/29,5,12,,
kenketsu-anime-campaign.jp,SPY×FAMILY 日本赤十字社 スペシャルサイト,26,31,2025/05/01,23,1,,
sanukiudon-kanma.jp,讃岐うどん酒房かんま ランチ・ディナー 松陰神社前・世田谷区,23,31,2025/05/01,16,1,,
bookroad.jp,,23,31,2024/05/01,8,2,,
spito-kumamoto.jp,熊本の訪問看護ステーション spito-スピット-｜訪問リハビリ・看護,11,31,2016/05/23,14,10,,
y-gasuri.jp,弓浜絣ゆみはまがすり - 鳥取県弓浜絣協同組合,16,31,2012/05/28,8,14,,
penguinsforest.jp,ペンギンの森 | ペンギンフリークのためのペンギン情報サイト,18,31,2005/05/31,14,21,,
genlocme.jp,genLOC Me（ジェンロックミー）［公式］｜Nu Skin（ニュースキン）,13,31,2015/05/22,8,11,,
tochigi-rinnavi.jp,,10,31,2025/05/01,15,1,,
theofficialbrand.jp,,10,31,2018/05/17,16,8,,
outdoornavi.jp,,16,31,2019/05/01,11,7,,
forcus.jp,久留米の中古車買取＆販売フォーカス｜Forcus,9,31,2014/05/12,6,12,,
film-pro.jp,窓ガラスフィルム施工のフィルティング(Filting)公式ホームページ,7,31,2007/05/18,8,19,,
change-your-life-cleanest.jp,室内・屋外の光触媒コーティングなら「CLEANEST NFE2」へ【抗菌、抗ウイルス効果！】,8,31,2020/05/21,25,6,,
sirorom-1.jp,,14,31,2025/05/26,9,1,,
leeyikyung.jp,,15,31,2025/05/01,10,1,,
jfima.jp,,8,31,2025/05/01,5,1,,
gin-nagumo.jp,,11,31,2025/05/01,10,1,,
fetish-tokyo.jp,,7,31,2017/05/01,12,9,,
enfc.jp,,13,31,2024/05/01,4,2,,
digital-healthcare.jp,,5,31,2021/05/06,18,5,,
biseikatsu.jp,,13,31,2012/05/31,10,14,,
dorica.jp,DorICaSystem: TOP,9,31,2007/05/03,6,19,,
itabashi-higashiitabashi-lib.jp,itabashi-higashiitabashi-lib.jp&nbsp;-&nbsp;T?m? WWW-sivu on myynniss?.&nbsp;-&nbsp;itabashi higashiitabashi lib L?hteet ja tiedot.,20,31,2024/05/01,28,2,,
tokyo-toden-diary.jp,思い出ガタゴト 東京都電diary：東京新聞,20,31,2016/05/11,17,10,,
sniperchallenge.jp,,20,31,2024/05/01,15,2,,
ujc.jp,ujc.jp ? このドメインはお名前.comで取得されています。,8,30,2025/05/14,3,1,,
hakataichibandaiko.jp,,23,30,2023/05/01,18,3,,
timejewelry.jp,Time Official Website [タイム公式ウェブサイト],6,30,2008/05/12,11,18,,
toyohashi-chuo.jp,【医療/保育の資格】子育て＆働きながら資格取得する方法と費用まとめ,16,30,2015/05/12,14,11,,
fukuhara-ai.jp,,22,30,2013/05/07,11,13,,
abeno-truss.jp,,22,30,2023/05/01,11,3,,
goenglishschool.jp,英会話教室「GO English School」| 静岡市駿河区馬渕,15,30,2024/05/08,15,2,,
emotions.jp,,11,30,2022/05/25,8,4,,
raizon.jp,RAIZON公式ECサイト,12,30,2016/05/12,6,10,,
jewel-salon.jp,Jewel【公式】ジュエル美容室｜表参道・北青山,4,30,2017/05/01,11,9,,
sateoku.jp,さてオク 不動産買取査定＆買取オークション,18,30,2015/05/07,7,11,,
regentediting.jp,Regent Editing : 原稿、卒業論文および学位論文の編集および校正サ - ビス。,9,30,2012/05/25,13,14,,
hokumaru.jp,株式会社 北創 | 札幌 10代20代の若手社員中心の建設会社です,12,30,2010/05/03,8,16,,
gechou.jp,日本左刃彫刻会,13,30,2025/05/01,6,1,,
remembrance.jp,株式会社リメンバランス,10,30,2019/05/05,11,7,,
mylife.jp,株式会社 マイライフ,18,30,2011/05/11,6,15,,
agribiz-hokkaido.jp,農+ビジネス北海道／AGRI + BUSINESS HOKKAIDO,13,30,2025/05/01,16,1,,
fujioil-expo2025.jp,2025年大阪・関西万博｜不二製油株式会社,18,30,2025/05/15,16,1,,
wepros.jp,,7,30,2018/05/12,6,8,,
thescene.jp,,1,30,2024/05/15,8,2,,
shizenbijin.jp,,8,30,2024/05/22,11,2,,
shafuku-center.jp,,15,30,2025/05/01,14,1,,
nucadoco.jp,,14,30,2020/05/14,8,6,,
matsuyama-cl.jp,,10,30,2025/05/01,12,1,,
kankyu.jp,,16,30,2003/05/01,6,23,,
iwasaki-seikei.jp,,11,30,2020/05/01,14,6,,
interarts.jp,,16,30,2013/05/22,9,13,,
hikaridensetsu.jp,,6,30,2020/05/27,14,6,,
e-sekizai.jp,,7,30,2006/05/16,9,20,,
kinokotocafe.jp,ホームページ作成・更新システム　らくらく操作でカンタン更新。楽しく自分でできるホームページを【ラクマス】,9,30,2011/05/30,12,15,,
プルーフテクニック.jp,,13,29,2020/05/26,9,6,,
unwindspinito.jp,,10,29,2025/05/01,13,1,,
thepartyshop.jp,,19,29,2014/05/04,12,12,,
sotech.jp,,12,29,2007/05/14,6,19,,
seikido-butsudan.jp,,12,29,2019/05/05,16,7,,
renex-o.jp,,6,29,2017/05/11,7,9,,
pickstar.jp,,15,29,2025/05/01,8,1,,
legato-studio.jp,,11,29,2023/05/01,13,3,,
kubanokokoro.jp,,15,29,2016/05/11,12,10,,
k-nagano.jp,,14,29,2012/05/21,8,14,,
kawagoeclinic.jp,,6,29,2023/05/01,13,3,,
kano-lo.jp,,13,29,2023/05/01,7,3,,
jobport.jp,,8,29,2024/05/15,7,2,,
jnatural-lab.jp,,8,29,2020/05/27,12,6,,
innovasia-mj.jp,,8,29,2025/05/01,12,1,,
imkyushu.jp,,9,29,2018/05/09,8,8,,
himitukichi.jp,,14,29,2016/05/11,11,10,,
hana-matsudo.jp,,5,29,2020/05/19,12,6,,
ever-garden.jp,,10,29,2025/05/01,11,1,,
enta-nikki.jp,,19,29,2024/05/27,10,2,,
comodi-iida-saiyou.jp,,2,29,2025/05/01,18,1,,
club-happiness.jp,,11,29,2025/05/01,14,1,,
cbd-migoto.jp,,16,29,2025/05/01,10,1,,
braveentrepreneur.jp,,11,29,2017/05/30,17,9,,
barzer.jp,,16,29,2025/05/06,6,1,,
angel-dc.jp,,15,29,2004/05/13,8,22,,
allgxxd.jp,,14,29,2018/05/17,7,8,,
sumiyaki-oniku.jp,,7,29,2017/05/25,14,9,,
nogata-kodomo.jp,,16,29,2009/03/23,13,17,,
nakanokoumuten.jp,,14,29,2001/05/01,14,25,,
mamacake.jp,,10,29,2015/05/02,8,11,,
hibarikotsu.jp,,8,29,2020/05/16,11,6,,
csnet-kikaku.jp,,16,29,2013/05/18,12,13,,
nijigaokaclinic.jp,,22,28,2021/05/31,15,5,,
xxxx88.jp,,5,28,2020/05/03,6,6,,
verdy-ttujina.jp,,16,28,2022/05/18,13,4,,
vegeloveit.jp,,17,28,2024/05/01,10,2,,
utopia2.jp,,15,28,2025/05/01,7,1,,
twiyo.jp,,6,28,2021/05/06,5,5,,
tsugaru-yawaragi.jp,,12,28,2022/05/30,16,4,,
tanpakutoroukai.jp,,19,28,2022/05/10,15,4,,
romog.jp,,13,28,2019/05/08,5,7,,
ocu-anesth.jp,,16,28,2025/05/16,10,1,,
nnk-foundation.jp,,13,28,2024/05/01,14,2,,
ninaweb.jp,,10,28,2012/05/10,7,14,,
nakamurahospi.jp,,14,28,2022/05/01,13,4,,
monchhichi.jp,,12,28,2023/05/15,10,3,,
mcrcm.jp,,12,28,2025/05/01,5,1,,
matometehp.jp,,9,28,2014/05/29,10,12,,
manamiphotograph.jp,,7,28,2025/05/01,16,1,,
legran.jp,,2,28,2018/05/10,6,8,,
kumazawaya.jp,,13,28,2015/05/19,10,11,,
kaminarizushi.jp,,8,28,2007/05/22,13,19,,
ivrc.jp,,14,28,2013/05/25,4,13,,
inu-yume.jp,,9,28,2019/05/02,8,7,,
forest-dental.jp,,14,28,2024/05/01,13,2,,
ess-tokyo.jp,,10,28,2021/05/17,9,5,,
chicken-dynamite.jp,,17,28,2021/05/10,16,5,,
cc-production.jp,,10,28,2025/05/01,13,1,,
amediar.jp,,11,28,2020/05/22,7,6,,
akybank.jp,,10,28,2016/05/14,7,10,,
run-allnight.jp,,11,28,2025/05/01,12,1,,
kiritoru.jp,,16,28,2021/05/21,8,5,,
icpictokyo.jp,,15,28,2024/05/07,10,2,,
gwc-gakushuin.jp,,16,28,2020/05/14,13,6,,
grancasa.jp,,16,28,2021/05/09,8,5,,
gourmandise-gunma.jp,,14,28,2018/05/21,17,8,,
ryokanogawa.jp,,20,28,2016/05/18,11,10,,
ichifestival.jp,,24,27,2025/05/28,12,1,,
yukawa-act.jp,,14,27,2007/05/10,10,19,,
younashi.jp,,16,27,2022/05/07,8,4,,
yoibito.jp,,9,27,2025/05/01,7,1,,
taifukukai-nishiumeda.jp,,14,27,2024/05/29,21,2,,
taekwon-do.jp,,5,27,2001/05/22,10,25,,
sunyou-service.jp,,10,27,2010/05/06,14,16,,
soleil-yoyogi.jp,,13,27,2014/05/28,13,12,,
shige-yoshi.jp,,10,27,2025/05/01,11,1,,
shiga-bio.jp,,11,27,2024/05/01,9,2,,
sasasado.jp,,15,27,2020/05/19,8,6,,
sakunami-sk.jp,,14,27,2025/05/01,11,1,,
roopa.jp,,16,27,2017/05/19,5,9,,
pianocafe-bechstein.jp,,3,27,2022/05/17,19,4,,
m-tea.jp,,14,27,2025/05/01,5,1,,
miraifudousan-c.jp,,6,27,2021/05/10,15,5,,
marutetsu.jp,,13,27,2013/05/16,9,13,,
lumies.jp,,9,27,2025/05/01,6,1,,
lancisti.jp,,10,27,2004/05/24,8,22,,
laluna-official.jp,,10,27,2020/05/04,15,6,,
kzero.jp,,16,27,2011/05/23,5,15,,
kthome-estate.jp,,8,27,2025/05/01,13,1,,
jin-game.jp,,18,27,2021/05/11,8,5,,
jetty.jp,,9,27,2016/05/19,5,10,,
japanesesongs.jp,,12,27,2011/05/15,13,15,,
japan-ecoleather.jp,,11,27,2025/05/01,16,1,,
iwc-japan.jp,,9,27,2023/05/26,9,3,,
isaac-tia.jp,,8,27,2025/05/01,9,1,,
imaq.jp,,4,27,2020/05/14,4,6,,
happy-thaimassage.jp,,6,27,2025/05/01,17,1,,
halma.jp,,6,27,2024/05/19,5,2,,
gratamacp.jp,,9,27,2018/05/01,9,8,,
gmect.jp,,18,27,2010/05/07,5,16,,
tenshinopan-uji.jp,,10,27,2021/05/06,15,5,,
tamanoya-tamagoya.jp,,13,27,2013/05/17,17,13,,
fuku-omotenashitai.jp,,16,27,2025/05/01,18,1,,
clovebase.jp,,8,27,2024/05/13,9,2,,
bikewiki.jp,,13,27,2013/05/31,8,13,,
stateofgreen.jp,,8,27,2015/05/13,12,11,,
bestgate.jp,,14,27,2001/05/16,8,25,,
pachinow.jp,,12,27,2025/05/01,8,1,,
ortizenergyjapan.jp,,9,27,2017/05/12,16,9,,
okozukai.jp,,12,27,2025/05/25,8,1,,
lankuuno.jp,,16,27,2016/05/07,8,10,,
inemu.jp,,4,27,2020/05/09,5,6,,
hellhound.jp,,7,27,2014/05/01,9,12,,
excel-vba.jp,,5,27,2017/05/01,9,9,,
doggle.jp,,10,27,2021/05/01,6,5,,
digital-health.jp,,6,27,2016/05/25,14,10,,
cubelic.jp,,14,27,2010/05/07,7,16,,
colourenergy.jp,,12,27,2006/05/18,12,20,,
cocoroiki.jp,,6,27,2017/05/15,9,9,,
benihamashop.jp,,13,27,2011/05/23,12,15,,
yuminote.jp,,6,26,2022/05/23,8,4,,
waiolalife.jp,,13,26,2012/05/09,10,14,,
urban-rig.jp,,5,26,2021/05/06,9,5,,
uenotouseki.jp,,13,26,2025/05/01,11,1,,
trl-shinfukushima.jp,,9,26,2023/05/01,17,3,,
totonoucar.jp,,9,26,2022/05/01,10,4,,
takimoto-shika.jp,,11,26,2025/05/01,14,1,,
st-adwg.jp,,6,26,2022/05/09,7,4,,
singularstrategy.jp,,7,26,2017/05/12,16,9,,
ryomat.jp,,12,26,2023/05/18,6,3,,
orange-heart.jp,,12,26,2008/05/30,12,18,,
myspa.jp,,10,26,2024/05/31,5,2,,
muuv.jp,,13,26,2018/05/29,4,8,,
mpne.jp,,7,26,2025/05/15,4,1,,
montecrew.jp,,9,26,2025/05/01,9,1,,
megasupple.jp,,14,26,2010/05/21,10,16,,
mana-pla.jp,,10,26,2022/05/31,8,4,,
lovely.jp,,16,26,2001/05/17,6,25,,
lifeis-co.jp,,11,26,2020/05/04,9,6,,
kakazu.jp,,13,26,2023/05/25,6,3,,
jra-summercp-2022.jp,,14,26,2022/05/09,17,4,,
innov-axis.jp,,12,26,2021/05/14,10,5,,
iapple.jp,,5,26,2013/05/11,6,13,,
hotelpage.jp,,3,26,2020/05/27,9,6,,
hosp-ikeda-cms.jp,,15,26,2019/05/24,14,7,,
hikaristar.jp,,6,26,2021/05/24,10,5,,
gerard.jp,,15,26,2025/05/10,6,1,,
funtime-inc.jp,,9,26,2022/05/27,11,4,,
eazyfield.jp,,5,26,2015/05/16,9,11,,
buds.jp,,12,26,2025/05/28,4,1,,
becell.jp,,12,26,2016/05/26,6,10,,
bass-tackle.jp,,7,26,2025/05/01,11,1,,
aquaseafood.jp,,13,26,2021/05/17,11,5,,
aiel.jp,,8,26,2025/05/23,4,1,,
abbeys-vines.jp,,5,26,2025/05/01,12,1,,
theaterofterror.jp,,15,26,2015/05/14,15,11,,
tambamilk-shop.jp,,15,26,2015/05/27,14,11,,
omscc.jp,,14,26,2024/05/01,5,2,,
miraiyu-esaka.jp,,11,26,2015/05/14,13,11,,
kawagoe-hatsukari.jp,,11,26,2018/05/07,17,8,,
entre-school.jp,,7,26,2021/05/11,12,5,,
dream-power.jp,,15,26,2020/05/15,11,6,,
cocopila.jp,,9,26,2022/05/28,8,4,,
axia-nagoya.jp,,14,26,2024/05/08,11,2,,
91savage.jp,,14,26,2021/05/03,8,5,,
karugamo-terrace.jp,,20,26,2018/05/13,16,8,,
大師山.jp,,15,25,2009/05/21,3,17,,
zkb.jp,,8,25,2013/05/20,3,13,,
ride-life.jp,,23,25,2013/05/10,9,13,,
kawasaki-dental.jp,,22,25,2015/05/12,15,11,,
koupenchan-chat.jp,,21,25,2023/05/01,15,3,,
zen-massage.jp,,16,25,2011/05/10,11,15,,
yutacafe.jp,,7,25,2016/05/19,8,10,,
uconnect-audition.jp,,13,25,2025/05/01,17,1,,
tokyoplusdental-kyoto.jp,,4,25,2024/05/01,21,2,,
third-design.jp,,8,25,2019/05/07,12,7,,
team-yokohama-ev.jp,,9,25,2025/05/01,16,1,,
teamno1.jp,,9,25,2010/05/21,7,16,,
sweetsdelivery.jp,,5,25,2015/05/04,14,11,,
suusan.jp,,11,25,2023/05/10,6,3,,
scoopkids.jp,,15,25,2016/05/06,9,10,,
pro-trucks.jp,,5,25,2021/05/19,10,5,,
pro-sales.jp,,10,25,2025/05/01,9,1,,
popdog.jp,,12,25,2013/05/13,6,13,,
ozone-c.jp,,12,25,2016/05/26,7,10,,
nukinuki.jp,,8,25,2025/05/05,8,1,,
mva2023.jp,,13,25,2025/05/01,7,1,,
motsuya-tarafuku.jp,,11,25,2018/05/09,16,8,,
koiazami.jp,,10,25,2024/05/08,8,2,,
kobe-chouchou.jp,,10,25,2021/05/27,13,5,,
junkk.jp,,10,25,2019/05/07,5,7,,
jack-rabbits.jp,,11,25,2009/05/29,12,17,,
imakano.jp,,11,25,2024/05/30,7,2,,
honeycrew.jp,,11,25,2025/05/01,9,1,,
fortunestar.jp,,17,25,2022/05/26,11,4,,
fbog.jp,,19,25,2007/05/11,4,19,,
drheart.jp,,18,25,2017/05/16,7,9,,
consul-takahashi.jp,,10,25,2010/05/20,16,16,,
bonheurvient.jp,,12,25,2025/05/01,12,1,,
bit-bit.jp,,7,25,2016/05/08,7,10,,
atamaholiday.jp,,7,25,2025/05/01,12,1,,
aeras-oji.jp,,11,25,2011/05/18,9,15,,
yomi-toku.jp,,11,25,2025/05/01,9,1,,
aeras-jujo.jp,,10,25,2014/05/28,10,12,,
pointeshoemeets.jp,,7,25,2018/05/02,15,8,,
momiji-hoiku.jp,,8,25,2012/05/17,12,14,,
kyoryo-net.jp,,5,25,2012/05/01,10,14,,
it-price.jp,,7,25,2003/05/26,8,23,,
frontdeal.jp,,16,25,2016/05/12,9,10,,
breakers.jp,,10,25,2022/05/30,8,4,,
bidnavi.jp,,7,25,2019/05/14,7,7,,
bamboocafe-midorino.jp,,11,25,2019/05/20,19,7,,
art-style.jp,,7,25,2019/05/31,9,7,,
ceu.jp,,10,24,2010/05/19,3,16,,
電卓.jp,,12,24,2021/05/17,2,5,,
loz.jp,,8,24,2016/05/31,3,10,,
cc0.jp,,6,24,2025/05/01,3,1,,
3de.jp,,15,24,2020/05/25,3,6,,
ysjc.jp,,6,24,2007/05/01,4,19,,
yaiba-cafe-ltr.jp,,19,24,2025/05/08,14,1,,
unmeinoharamaki.jp,,15,24,2009/05/26,15,17,,
tsuji-seikei.jp,,18,24,2025/05/01,12,1,,
storesearch.jp,,11,24,2023/05/25,11,3,,
standalone.jp,,8,24,2011/05/01,10,15,,
setsuyaku-channel.jp,,7,24,2020/05/22,17,6,,
sbre.jp,,8,24,2024/05/09,4,2,,
protch.jp,,12,24,2025/05/01,6,1,,
prime-sugamo.jp,,8,24,2010/05/21,12,16,,
prime-ikebukuro.jp,,13,24,2010/05/21,15,16,,
onlinecasinos.jp,,8,24,2025/05/01,13,1,,
okomeya.jp,,13,24,2025/05/27,7,1,,
nextory.jp,,10,24,2023/05/20,7,3,,
mobaco.jp,,9,24,2025/05/01,6,1,,
medicharm.jp,,2,24,2025/05/01,9,1,,
mamarcial.jp,,12,24,2019/05/08,9,7,,
keipro.jp,,6,24,2020/05/26,6,6,,
isle3970.jp,,9,24,2011/05/03,8,15,,
ishitas.jp,,13,24,2016/05/23,7,10,,
hiro01.jp,,1,24,2018/05/12,6,8,,
heart-sewing.jp,,10,24,2009/05/27,12,17,,
hana-moji.jp,,16,24,2013/05/24,9,13,,
hanamalu.jp,,8,24,2016/05/09,8,10,,
grandorie.jp,,4,24,2010/05/19,9,16,,
glanta.jp,,11,24,2016/05/06,6,10,,
chibikko-ooimachi.jp,,10,24,2025/05/19,17,1,,
beancashop.jp,,8,24,2018/05/20,10,8,,
asa-st.jp,,18,24,2025/05/01,6,1,,
amarantha-i.jp,,7,24,2024/05/05,11,2,,
acomo.jp,,6,24,2021/05/18,5,5,,
weapp.jp,,11,24,2025/05/05,5,1,,
3l-apartment.jp,,15,24,2019/05/31,12,7,,
technical-vision.jp,,12,24,2020/05/27,16,6,,
sumatyu.jp,,1,24,2017/06/05,7,9,,
penguin-studio.jp,,1,24,2020/05/09,14,6,,
okuyama.jp,,10,24,2025/05/01,7,1,,
matsuyama-mtls.jp,,6,24,2013/05/27,14,13,,
keiyu-security.jp,,12,24,2018/05/16,14,8,,
kakaseibi.jp,,9,24,2012/05/03,9,14,,
hirataseikotuin.jp,,8,24,2013/05/29,15,13,,
healthweather.jp,,13,24,2018/05/01,13,8,,
esp-astaff.jp,,11,24,2015/05/11,10,11,,
criterionsupport.jp,,9,24,2020/05/21,16,6,,
bbqace.jp,,3,24,2014/05/20,6,12,,
aozora-takamoto.jp,,11,24,2019/05/29,15,7,,
モテメン.jp,,10,23,2018/05/29,4,8,,
yogasix.jp,,16,23,2024/05/19,7,2,,
yamaguchi-gikai.jp,,7,23,2024/05/01,15,2,,
willyet.jp,,18,23,2016/05/19,7,10,,
vw-watervalley.jp,,6,23,2021/05/24,14,5,,
verdy-misasa3.jp,,8,23,2025/05/01,13,1,,
uji-yochien.jp,,13,23,2023/05/22,11,3,,
tallshipchallenge.jp,,11,23,2014/05/14,17,12,,
taifukukai-shinjyuku.jp,,12,23,2024/05/29,20,2,,
tabuchi-kobe.jp,,15,23,2018/05/07,12,8,,
random-tech-note.jp,,6,23,2021/05/02,16,5,,
pro-kaku.jp,,9,23,2011/05/12,8,15,,
powerspots.jp,,6,23,2006/05/19,10,20,,
poccapoca-grants.jp,,9,23,2025/05/01,16,1,,
mono-st.jp,,6,23,2012/05/12,7,14,,
masayan.jp,,5,23,2024/05/19,7,2,,
lovelightpia.jp,,12,23,2025/05/06,12,1,,
kyaffy-moffy.jp,,3,23,2024/05/04,12,2,,
kouhoku70th.jp,,19,23,2023/05/01,11,3,,
kodomobento.jp,,12,23,2025/05/01,11,1,,
kenko-nagasaki.jp,,10,23,2023/05/01,14,3,,
keirin70th-cpn.jp,,14,23,2020/05/02,14,6,,
kawaharada-k.jp,,8,23,2024/05/14,12,2,,
jingisukan.jp,,16,23,2023/05/17,10,3,,
ikkisha.jp,,5,23,2009/05/02,7,17,,
gifu-suikintei.jp,,13,23,2024/05/01,14,2,,
genzeigiren.jp,,7,23,2021/05/16,11,5,,
gamap.jp,,12,23,2025/05/01,5,1,,
fessel.jp,,14,23,2025/05/01,6,1,,
esleepy.jp,,13,23,2025/05/01,7,1,,
early-bird.jp,,11,23,2025/05/28,10,1,,
donkin.jp,,3,23,2021/05/19,6,5,,
cip4.jp,,16,23,2007/05/01,4,19,,
cellwell.jp,,12,23,2016/05/16,8,10,,
vivos.jp,,18,23,2001/05/08,5,25,,
breezy.jp,,8,23,2023/05/19,6,3,,
avexlivemag.jp,,12,23,2018/05/01,11,8,,
tamag.jp,,5,23,2025/05/20,5,1,,
airlines-tickets.jp,,8,23,2017/05/18,16,9,,
ace1fitness.jp,,9,23,2025/05/01,11,1,,
3d-material.jp,,7,23,2014/05/29,11,12,,
studioroots.jp,,8,23,2015/05/01,11,11,,
sq-liberty.jp,,10,23,2012/05/22,10,14,,
slt-shiga.jp,,9,23,2008/05/02,9,18,,
scienceglobe.jp,,6,23,2012/05/25,12,14,,
saganoki-ie-machi.jp,,16,23,2025/05/01,17,1,,
preme.jp,,13,23,2023/05/30,5,3,,
okumura-vet.jp,,10,23,2014/05/01,11,12,,
ntech-recruit.jp,,6,23,2022/05/24,13,4,,
nosekaraku.jp,,7,23,2025/05/01,10,1,,
megshops.jp,,2,23,2019/05/23,8,7,,
mber.jp,,5,23,2022/05/30,4,4,,
maxpro.jp,,7,23,2021/05/27,6,5,,
koizumikaikei.jp,,10,23,2005/05/10,13,21,,
isyaryou.jp,,17,23,2011/05/10,8,15,,
ishizaki-s.jp,,8,23,2016/05/23,10,10,,
ishiju.jp,,7,23,2007/05/07,6,19,,
i-k-m.jp,,10,23,2012/05/29,5,14,,
hinokinosumi.jp,,14,23,2007/08/20,12,19,,
garagem.jp,,14,23,2005/05/11,7,21,,
fukuyama-media.jp,,11,23,2012/05/10,14,14,,
covez-yokohama-konanhino.jp,,4,23,2018/05/09,24,8,,
coinext-ncu.jp,,14,23,2025/05/01,11,1,,
chiyuan.jp,,5,23,2010/05/25,7,16,,
casino-master.jp,,3,23,2015/05/23,13,11,,
avanti-matsusaka.jp,,15,23,2017/05/25,16,9,,
advancefunding.jp,,14,23,2021/05/10,14,5,,
acquaplus.jp,,9,23,2011/05/09,9,15,,
クリスマスカード.jp,,2,22,2009/05/01,8,17,,
wg-salon.jp,,10,22,2025/05/01,8,1,,
waterplanet.jp,,11,22,2025/05/03,11,1,,
vegepeel.jp,,9,22,2025/05/01,8,1,,
tyfarm.jp,,13,22,2018/05/01,6,8,,
sura.jp,,4,22,2021/05/19,4,5,,
sunny5.jp,,9,22,2025/05/01,6,1,,
sugakujuku.jp,,5,22,2021/05/25,10,5,,
stella-vega.jp,,5,22,2021/05/19,11,5,,
soleil-ochanomizu.jp,,12,22,2010/05/19,17,16,,
salon-nico.jp,,12,22,2022/05/31,10,4,,
rmproject.jp,,5,22,2025/05/01,9,1,,
realestate-counselor.jp,,1,22,2016/05/06,20,10,,
otona-juku.jp,,7,22,2014/05/21,10,12,,
ori-gin.jp,,8,22,2020/05/06,7,6,,
nemukunaru.jp,,6,22,2014/05/28,10,12,,
miyazakikaigo-gekkou.jp,,13,22,2014/05/08,20,12,,
litecoin-bank.jp,,4,22,2013/05/07,13,13,,
lib-auto.jp,,8,22,2019/05/07,8,7,,
junclinic-tamaplaza.jp,,14,22,2024/05/01,19,2,,
jsmshp35.jp,,5,22,2025/05/01,8,1,,
jobnity.jp,,3,22,2021/05/28,7,5,,
jc-acg.jp,,1,22,2011/05/16,6,15,,
izonma.jp,,19,22,2025/05/03,6,1,,
imarigyu.jp,,15,22,2006/05/24,8,20,,
hw-izumi.jp,,9,22,2012/05/02,8,14,,
hiroshima-ikiru.jp,,16,22,2022/05/13,15,4,,
hiroshima-chiritsumokun.jp,,5,22,2018/05/14,23,8,,
h-e-c.jp,,5,22,2016/05/24,5,10,,
hashishin-lab.jp,,7,22,2014/05/27,13,12,,
hair-cherry.jp,,8,22,2016/05/07,11,10,,
fukuokasatei.jp,,5,22,2010/05/19,12,16,,
umibenoseikatu.jp,,8,22,2006/05/23,14,20,,
e-tame.jp,,7,22,2020/05/07,6,6,,
eigo-juku.jp,,7,22,2013/05/29,9,13,,
cycrew.jp,,18,22,2022/05/27,6,4,,
cfcs.jp,,4,22,2023/05/16,4,3,,
cc-core.jp,,11,22,2008/05/14,7,18,,
boxpark.jp,,11,22,2022/05/20,7,4,,
bonsailab.jp,,3,22,2015/05/19,9,11,,
soba-minorian.jp,,11,22,2017/05/05,13,9,,
agrienv-econ.jp,,6,22,2025/05/01,12,1,,
aging-services.jp,,7,22,2019/05/17,14,7,,
reg-clinkage.jp,,16,22,2007/05/23,12,19,,
nudaikuwatai.jp,,6,22,2008/05/16,12,18,,
mry-inc.jp,,16,22,2025/05/01,7,1,,
lifeworkbalance.jp,,16,22,2018/05/04,15,8,,
ito-michikuni.jp,,11,22,2012/05/30,13,14,,
hourglass.jp,,7,22,2024/05/21,9,2,,
e-make.jp,,8,22,2011/05/06,6,15,,
datalabo.jp,,8,22,2003/11/07,8,23,,
broadspectrum.jp,,9,22,2024/05/22,13,2,,
athenee-college.jp,,9,22,2018/05/14,15,8,,
4seasondiner-shenron.jp,,2,22,2021/05/31,20,5,,
恋活アプリおすすめランキング.jp,,9,21,2018/05/25,14,8,,
wham-o.jp,,9,21,2017/05/08,6,9,,
wellbe-toyosu.jp,,10,21,2025/05/01,13,1,,
webguy.jp,,3,21,2024/05/10,6,2,,
universal-watchfair.jp,,10,21,2025/05/01,19,1,,
tripara.jp,,9,21,2017/05/01,7,9,,
to-walk.jp,,17,21,2021/05/11,7,5,,
tokyoplusdental-harajuku.jp,,9,21,2024/05/01,24,2,,
tokyo-bs1.jp,,18,21,2013/05/13,9,13,,
teraden.jp,,7,21,2025/05/12,7,1,,
stu7.jp,,8,21,2010/05/06,4,16,,
store-map.jp,,16,21,2025/05/01,9,1,,
shimindaigaku.jp,,12,21,2025/05/01,13,1,,
shamisen-school.jp,,4,21,2012/05/02,15,14,,
sfo-inc.jp,,16,21,2025/05/01,7,1,,
senaka.jp,,7,21,2016/05/06,6,10,,
rydlyme.jp,,9,21,2007/05/30,7,19,,
power-fes.jp,,15,21,2014/05/14,9,12,,
polypheou.jp,,6,21,2025/05/01,9,1,,
plusoneinc.jp,,10,21,2025/05/01,10,1,,
pikante.jp,,7,21,2025/05/01,7,1,,
phasezero.jp,,7,21,2009/05/22,9,17,,
oyodo-park.jp,,17,21,2025/05/01,10,1,,
owosaka.jp,,16,21,2020/05/01,7,6,,
omizudaigaku.jp,,8,21,2013/05/07,12,13,,
youkai-mago.jp,,16,21,2025/05/01,11,1,,
worldcoach.jp,,13,21,2013/05/08,10,13,,
ojizootv.jp,,11,21,2025/05/01,8,1,,
ohmydot.jp,,11,21,2022/05/12,7,4,,
nichimenji.jp,,8,21,2025/05/01,10,1,,
vjct.jp,,8,21,2020/05/31,4,6,,
nazona-zo.jp,,10,21,2014/05/18,9,12,,
moonliv.jp,,10,21,2019/05/29,7,7,,
mbp-cp.jp,,15,21,2024/05/13,6,2,,
luckyitem.jp,,5,21,2021/05/12,9,5,,
lovers-kiss.jp,,3,21,2007/05/14,11,19,,
tokuyama-granode.jp,,8,21,2019/05/22,16,7,,
tokusimalacampagne.jp,,10,21,2013/05/09,18,13,,
lifeplus.jp,,10,21,2010/05/18,8,16,,
studio999.jp,,6,21,2001/05/01,9,25,,
lifeishappy.jp,,1,21,2024/05/26,11,2,,
lai-lai.jp,,10,21,2025/05/15,7,1,,
kumamoto-pt.jp,,10,21,2023/05/12,11,3,,
shfw.jp,,16,21,2024/05/01,4,2,,
kigakiku.jp,,5,21,2019/05/27,8,7,,
kanpyo-kaido.jp,,11,21,2021/05/06,12,5,,
kandaminamiguchi-c.jp,,10,21,2025/05/01,18,1,,
semui.jp,,14,21,2006/05/02,5,20,,
jokin-goods.jp,,9,21,2020/05/18,11,6,,
jinta.jp,,1,21,2019/05/28,5,7,,
human-art.jp,,8,21,2018/05/17,9,8,,
hmsp.jp,,6,21,2019/05/20,4,7,,
garp.jp,,15,21,2016/05/02,4,10,,
furval.jp,,4,21,2017/05/31,6,9,,
pet-farewell.jp,,8,21,2021/05/17,12,5,,
fearlessinc.jp,,11,21,2021/05/16,11,5,,
energyman.jp,,7,21,2013/05/21,9,13,,
okukuji.jp,,15,21,2020/05/20,7,6,,
doglifetime.jp,,10,21,2015/05/26,11,11,,
coplay.jp,,11,21,2022/05/25,6,4,,
comren.jp,,17,21,2025/05/01,6,1,,
coffee-kimame.jp,,10,21,2016/05/10,13,10,,
miraime.jp,,11,21,2025/05/25,7,1,,
canada-forest.jp,,9,21,2016/05/23,13,10,,
appli-sc.jp,,14,21,2001/05/01,8,25,,
animalist.jp,,10,21,2018/05/13,9,8,,
analystnet.jp,,5,21,2001/05/01,10,25,,
amioto.jp,,8,21,2018/05/15,6,8,,
aktia.jp,,5,21,2007/05/09,5,19,,
ajitabi-club.jp,,13,21,2023/05/10,12,3,,
ace-pc.jp,,5,21,2017/05/27,6,9,,
kirishima-society.jp,,13,21,2005/05/31,17,21,,
impact-h-cabic.jp,,3,21,2019/05/10,14,7,,
flyat.jp,,11,21,2012/05/08,5,14,,
doen-midoribashi.jp,,10,21,2025/05/01,16,1,,
deepmaze.jp,,7,21,2018/05/12,8,8,,
creative-english.jp,,7,21,2013/05/16,16,13,,
chunichi-kyoiku.jp,,12,21,2017/05/16,15,9,,
buffett.jp,,8,21,2023/05/31,7,3,,
反射炉.jp,,4,20,2015/05/12,3,11,,
lwj.jp,,4,20,2001/05/01,3,25,,
yokaiacademy.jp,,24,20,2025/05/01,12,1,,
wearestar.jp,,12,20,2024/05/01,9,2,,
track-nationalchampionships.jp,,18,20,2025/05/01,27,1,,
tourisugari.jp,,6,20,2024/05/29,11,2,,
tokuhi-kenkou21.jp,,7,20,2013/05/07,15,13,,
tinkshop.jp,,5,20,2018/05/01,8,8,,
stickers.jp,,9,20,2023/05/02,8,3,,
s-tenjinminami.jp,,5,20,2024/05/09,14,2,,
soundwavellc.jp,,3,20,2012/05/13,12,14,,
smcdesign.jp,,6,20,2021/05/04,9,5,,
shimoitozu.jp,,12,20,2025/05/01,10,1,,
s-enter.jp,,7,20,2023/05/13,7,3,,
regidan.jp,,4,20,2025/05/01,7,1,,
pocketclass.jp,,11,20,2014/05/01,11,12,,
pegetaful.jp,,8,20,2022/05/17,9,4,,
pcit.jp,,7,20,2025/05/02,4,1,,
othersidenews.jp,,4,20,2022/05/13,13,4,,
openinnovation.jp,,7,20,2024/05/08,14,2,,
oboshijinja.jp,,11,20,2025/05/01,11,1,,
niots.jp,,12,20,2016/05/11,5,10,,
lavie-enrose.jp,,7,20,2024/05/26,12,2,,
k-tatumi.jp,,6,20,2008/05/07,8,18,,
kenketsu-heroaca.jp,,11,20,2025/05/03,16,1,,
kappore.jp,,7,20,2015/05/21,7,11,,
yukiphoto.jp,,5,20,2012/05/21,9,14,,
ymmd-recruit.jp,,7,20,2018/06/08,12,8,,
well-pro.jp,,9,20,2009/05/15,8,17,,
kankoku-cosme.jp,,4,20,2025/05/26,13,1,,
visatrouble.jp,,10,20,2003/05/28,11,23,,
vetements.jp,,6,20,2015/05/28,9,11,,
kaigaifx-info.jp,,7,20,2024/05/01,13,2,,
julius21.jp,,16,20,2009/05/20,8,17,,
tokyopdlec.jp,,8,20,2020/05/11,10,6,,
j-shikou.jp,,9,20,2007/05/09,8,19,,
i-terrace.jp,,3,20,2024/05/29,9,2,,
ishin-home-cms.jp,,8,20,2013/05/21,14,13,,
iamu.jp,,8,20,2024/05/16,4,2,,
hubflow.jp,,8,20,2022/05/13,7,4,,
hiper.jp,,11,20,2025/05/01,5,1,,
shokuba.jp,,15,20,2018/05/29,7,8,,
heshouse.jp,,6,20,2020/05/25,8,6,,
healthcare-professionals.jp,,10,20,2018/05/17,24,8,,
hashinc.jp,,3,20,2021/05/07,7,5,,
sakana-kashiwa.jp,,4,20,2019/05/27,14,7,,
r-miwa.jp,,6,20,2017/05/28,6,9,,
haseyama.jp,,6,20,2007/05/29,8,19,,
hananogakko.jp,,6,20,2024/05/10,11,2,,
gym-map.jp,,7,20,2024/05/29,7,2,,
gns96.jp,,12,20,2003/05/13,5,23,,
patisserie-piece.jp,,7,20,2018/05/14,16,8,,
parking-chibakotsu.jp,,11,20,2015/05/01,18,11,,
fujichan.jp,,9,20,2001/05/31,8,25,,
encos.jp,,10,20,2024/05/10,5,2,,
eclat-tokyo.jp,,18,20,2025/05/01,11,1,,
doctors-home.jp,,9,20,2025/05/01,12,1,,
mecs.jp,,8,20,2020/05/22,4,6,,
das-japan.jp,,10,20,2024/05/02,9,2,,
coswell.jp,,14,20,2014/05/12,7,12,,
commonz.jp,,5,20,2016/05/19,7,10,,
christmas-present.jp,,3,20,2019/05/13,17,7,,
chinese-kitchen-doragon.jp,,7,20,2021/05/27,23,5,,
childcaresupport-himawari.jp,,12,20,2018/05/14,25,8,,
brist-vision.jp,,7,20,2019/05/29,12,7,,
bigmarch.jp,,13,20,2001/05/31,8,25,,
jeria.jp,,9,20,2002/05/02,5,24,,
bankerscircle.jp,,5,20,2022/05/11,13,4,,
anapa-ola.jp,,7,20,2024/05/22,9,2,,
influencers.jp,,4,20,2025/05/15,11,1,,
activ5.jp,,5,20,2021/05/27,6,5,,
hoffma.jp,,10,20,2018/05/22,6,8,,
goride.jp,,15,20,2025/05/22,6,1,,
dolife.jp,,8,20,2007/05/31,6,19,,
cosmotechnical.jp,,5,20,2009/05/20,14,17,,
chunichi-eventgifu.jp,,10,20,2016/05/24,18,10,,
aripa.jp,,6,20,2015/05/13,5,11,,
qsn.jp,,12,19,2025/05/17,3,1,,
etv.jp,,4,19,2018/05/01,3,8,,
軽トラックレンタル.jp,,3,19,2012/05/05,9,14,,
yamako-ob.jp,,5,19,2007/05/08,9,19,,
wingrecords.jp,,6,19,2018/05/22,11,8,,
waytogo.jp,,3,19,2024/05/04,7,2,,
veryvery-kakogawa.jp,,19,19,2025/05/01,17,1,,
verdy-kabeminami.jp,,9,19,2022/05/11,16,4,,
valuebase.jp,,9,19,2022/05/19,9,4,,
unclesams.jp,,1,19,2016/05/23,9,10,,
ueno-tohoku.jp,,15,19,2023/05/10,11,3,,
trombone-school.jp,,3,19,2008/05/20,15,18,,
sonoba-shredder.jp,,5,19,2014/05/29,15,12,,
soleil-shinjuku.jp,,12,19,2010/05/19,15,16,,
s-kosho.jp,,8,19,2014/05/02,7,12,,
sesmedia.jp,,6,19,2021/05/06,8,5,,
sendaicityarena-op.jp,,17,19,2025/05/09,18,1,,
sakurai-kg.jp,,6,19,2010/05/17,10,16,,
richardmille-yonexladeisgolf.jp,,15,19,2025/05/01,28,1,,
repfit.jp,,5,19,2025/05/01,6,1,,
repeat2003.jp,,4,19,2016/05/18,10,10,,
qrcd.jp,,6,19,2024/05/09,4,2,,
proxi.jp,,7,19,2024/05/20,5,2,,
prime-kinshicho.jp,,7,19,2010/05/21,15,16,,
p-premium.jp,,11,19,2020/05/13,9,6,,
ysspa.jp,,3,19,2021/05/17,5,5,,
y-cs-saiyo.jp,,10,19,2016/05/29,10,10,,
niceice.jp,,10,19,2025/05/28,7,1,,
yakinikuhanahiro.jp,,5,19,2017/05/23,16,9,,
nazotoki-chitose.jp,,13,19,2018/05/15,16,8,,
ms-promo.jp,,4,19,2014/05/05,8,12,,
moichou.jp,,7,19,2024/05/16,7,2,,
miclear.jp,,11,19,2020/05/07,7,6,,
m-boseki.jp,,10,19,2006/05/23,8,20,,
liiien-fc.jp,,17,19,2024/05/29,9,2,,
kikanbou.jp,,7,19,2025/05/01,8,1,,
karyo-japan.jp,,14,19,2023/05/13,11,3,,
todoya.jp,,1,19,2013/05/01,6,13,,
kaido-denki.jp,,4,19,2019/05/12,11,7,,
tam2.jp,,3,19,2010/05/01,4,16,,
spien.jp,,5,19,2020/05/08,5,6,,
kaga-city.jp,,14,19,2025/05/08,9,1,,
joint-ventures.jp,,6,19,2018/05/04,14,8,,
jigyousyoukei-s.jp,,6,19,2023/05/01,15,3,,
shouty.jp,,6,19,2021/05/23,6,5,,
itadaki-sushi.jp,,10,19,2022/05/09,13,4,,
isisch.jp,,3,19,2013/05/14,6,13,,
hymstore.jp,,5,19,2020/05/20,8,6,,
himawariraifu.jp,,4,19,2017/05/03,13,9,,
hide-koubou.jp,,5,19,2013/05/21,11,13,,
questvision.jp,,7,19,2022/05/09,11,4,,
grace-azumino.jp,,14,19,2025/05/01,13,1,,
got-cha.jp,,10,19,2025/05/01,7,1,,
givefirst.jp,,4,19,2019/05/23,9,7,,
premium-gift-miyazaki.jp,,10,19,2024/05/07,21,2,,
gakuren-dance-obog.jp,,17,19,2023/05/01,18,3,,
oniuma.jp,,3,19,2017/05/29,6,9,,
fujitanotokoya.jp,,5,19,2019/05/03,14,7,,
foron.jp,,8,19,2018/05/17,5,8,,
nabeghlavi.jp,,9,19,2023/05/22,10,3,,
fermentation-tokyo.jp,,12,19,2012/05/31,18,14,,
morinohikari.jp,,11,19,2015/12/07,12,11,,
moneygirl-life.jp,,6,19,2025/05/01,14,1,,
evepro.jp,,11,19,2013/05/20,6,13,,
mm-llc.jp,,3,19,2015/05/26,6,11,,
mkanrishi-navi.jp,,6,19,2014/05/15,14,12,,
mitakyoka.jp,,12,19,2019/05/21,9,7,,
eitai.jp,,4,19,2016/05/29,5,10,,
ehime-shop.jp,,8,19,2016/05/26,10,10,,
centralhousing.jp,,4,19,2025/05/24,14,1,,
mantenestate.jp,,8,19,2019/05/10,12,7,,
carls.jp,,6,19,2015/05/26,5,11,,
lien-marche.jp,,1,19,2019/05/30,11,7,,
bungu-salsa.jp,,14,19,2007/05/01,11,19,,
badassvibes.jp,,19,19,2025/05/01,11,1,,
asp-techno.jp,,4,19,2017/05/02,10,9,,
artwk.jp,,11,19,2022/05/10,5,4,,
ant-kouken.jp,,7,19,2003/05/18,10,23,,
job083.jp,,12,19,2018/05/31,6,8,,
anthurium.jp,,14,19,2012/05/30,9,14,,
anshinreform-shizuoka.jp,,12,19,2025/05/01,21,1,,
iski.jp,,6,19,2021/05/14,4,5,,
andlocal.jp,,8,19,2015/05/18,8,11,,
accel-j.jp,,6,19,2020/05/10,7,6,,
houther.jp,,8,19,2015/05/26,7,11,,
haneda-denki.jp,,8,19,2018/05/12,12,8,,
aactokyo.jp,,17,19,2025/05/01,8,1,,
g-kirei.jp,,12,19,2023/05/10,7,3,,
cbjam.jp,,12,19,2020/05/25,5,6,,
business-adviser.jp,,3,19,2018/05/23,16,8,,
bugreport.jp,,7,19,2016/05/21,9,10,,
bayseas.jp,,6,19,2013/05/09,7,13,,
a-carry.jp,,4,19,2021/05/17,7,5,,
美食.jp,,6,18,2001/05/22,2,25,,
qht.jp,,8,18,2020/05/08,3,6,,
mm3.jp,,8,18,2024/05/01,3,2,,
grn.jp,,3,18,2025/05/02,3,1,,
クーポン検索.jp,,4,18,2018/05/25,6,8,,
zuiken.jp,,7,18,2018/05/30,6,8,,
zeirishi-box.jp,,2,18,2019/05/28,12,7,,
woodbass-school.jp,,2,18,2012/05/07,15,14,,
twistore.jp,,6,18,2021/05/24,8,5,,
tribemedia.jp,,5,18,2024/05/05,10,2,,
tohoku-sb.jp,,15,18,2025/05/01,9,1,,
sumai-gakko.jp,,10,18,2012/05/10,11,14,,
sukusuku-kodomo.jp,,13,18,2024/05/15,15,2,,
soleil-ikebukuro.jp,,13,18,2010/05/19,16,16,,
saruyamarikiya.jp,,15,18,2017/05/08,14,9,,
saneiko.jp,,5,18,2017/05/17,7,9,,
refort-r.jp,,9,18,2018/05/13,8,8,,
p-raksasa.jp,,8,18,2015/05/19,9,11,,
pleasure2008.jp,,8,18,2022/05/28,12,4,,
oudon-hyakushiki.jp,,5,18,2021/05/20,16,5,,
otomusic.jp,,6,18,2025/05/11,8,1,,
organicjunction.jp,,10,18,2012/05/09,15,14,,
ootacar.jp,,12,18,2017/05/18,7,9,,
ohmugi-kyusyoku.jp,,15,18,2024/05/23,15,2,,
ofuji-kogyo.jp,,6,18,2006/05/24,11,20,,
ハロトレ.jp,,4,18,2014/05/12,4,12,,
nissannk.jp,,3,18,2016/05/31,8,10,,
nifm.jp,,8,18,2015/05/03,4,11,,
newton-web.jp,,8,18,2007/05/09,10,19,,
worldacademy.jp,,6,18,2023/05/10,12,3,,
netter.jp,,5,18,2019/05/01,6,7,,
web-select.jp,,6,18,2011/05/26,10,15,,
net-solutions.jp,,13,18,2005/05/26,13,21,,
t-us.jp,,6,18,2020/05/13,4,6,,
mrstick.jp,,7,18,2023/05/18,7,3,,
tooki.jp,,10,18,2022/05/08,5,4,,
motherapples.jp,,6,18,2006/05/31,12,20,,
the-gates.jp,,17,18,2022/05/13,9,4,,
mk1221.jp,,3,18,2007/05/22,6,19,,
miu-clinic.jp,,11,18,2011/05/11,10,15,,
minamiaichi.jp,,11,18,2009/05/13,11,17,,
smart-law.jp,,5,18,2022/05/09,9,4,,
libarts.jp,,1,18,2011/05/11,7,15,,
la-m.jp,,7,18,2017/05/12,4,9,,
kotobuki-s.jp,,3,18,2008/05/08,10,18,,
kikoeru-hochouki.jp,,8,18,2015/05/12,16,11,,
polaris888.jp,,5,18,2016/05/18,10,10,,
kikimaki.jp,,3,18,2025/05/01,8,1,,
pearlbeauty.jp,,6,18,2014/05/21,11,12,,
kenko-bijin.jp,,7,18,2014/05/28,11,12,,
keiji-musashinomori.jp,,3,18,2012/05/31,19,14,,
katsunou-lab.jp,,7,18,2022/05/18,12,4,,
kakyo.jp,,11,18,2022/05/24,5,4,,
o-k-k.jp,,9,18,2008/05/08,5,18,,
inzai-kankou.jp,,15,18,2025/05/30,12,1,,
infinity-japan.jp,,12,18,2016/05/06,14,10,,
inawashiro-hanamaru.jp,,3,18,2025/05/01,19,1,,
nimil.jp,,8,18,2020/05/02,5,6,,
imleap.jp,,3,18,2021/05/11,6,5,,
iconclub.jp,,16,18,2015/05/02,8,11,,
hoyasake.jp,,14,18,2025/05/01,8,1,,
gospelonline.jp,,8,18,2025/05/01,12,1,,
ncda.jp,,12,18,2014/05/02,4,12,,
goldenexpo.jp,,12,18,2025/05/01,10,1,,
flag-cms.jp,,3,18,2009/05/10,8,17,,
mogtas.jp,,3,18,2022/05/31,6,4,,
firemon.jp,,6,18,2018/05/24,7,8,,
egoffice.jp,,6,18,2015/05/25,8,11,,
luvia.jp,,4,18,2022/05/23,5,4,,
ediets.jp,,10,18,2002/05/13,6,24,,
daigakujukenkan.jp,,7,18,2016/05/29,15,10,,
c-liv.jp,,5,18,2019/05/08,5,7,,
b-liber.jp,,5,18,2024/05/27,7,2,,
bika.jp,,6,18,2025/05/01,4,1,,
beauty-amusement.jp,,7,18,2025/05/01,16,1,,
artmake-mania.jp,,12,18,2021/05/29,13,5,,
aquacom-kyoto.jp,,7,18,2019/05/21,13,7,,
katazuke-puro.jp,,2,18,2018/05/29,13,8,,
akatsukifes.jp,,1,18,2025/05/01,11,1,,
kaitori-fujiichi.jp,,9,18,2019/05/31,16,7,,
airconrescue.jp,,5,18,2012/05/07,12,14,,
itech-eng.jp,,11,18,2012/05/25,9,14,,
aeras-ikebukuronishiguchi.jp,,6,18,2010/05/21,25,16,,
7tsuya-ofuna.jp,,3,18,2021/05/25,12,5,,
horitada.jp,,3,18,2018/05/28,8,8,,
ebrand21.jp,,3,18,2008/05/04,8,18,,
dsmjapan.jp,,3,18,2014/05/03,8,12,,
cruisetrip.jp,,11,18,2017/05/25,10,9,,
asnalcc-recruit.jp,,3,18,2020/05/20,15,6,,
arkadiamond.jp,,4,18,2014/05/08,11,12,,
ams-koyukai.jp,,6,18,2010/05/07,11,16,,
taruishoko.jp,,11,18,2020/08/31,10,6,,
暮らし.jp,,2,17,2017/05/05,3,9,,
nt7.jp,,8,17,2022/05/08,3,4,,
nfb.jp,,9,17,2019/05/15,3,7,,
gtq.jp,,6,17,2024/05/21,3,2,,
アクセスアップ.jp,,2,17,2018/05/09,7,8,,
zenryukyo.jp,,6,17,2025/05/01,9,1,,
wamingu.jp,,3,17,2025/05/01,7,1,,
trust-os.jp,,9,17,2025/05/05,8,1,,
tokyo-revival.jp,,10,17,2010/05/19,13,16,,
tohoku-koki.jp,,11,17,2012/05/23,11,14,,
tints.jp,,13,17,2012/05/06,5,14,,
thetime.jp,,8,17,2016/05/23,7,10,,
t-daiken.jp,,12,17,2018/05/21,8,8,,
tani4.jp,,6,17,2020/05/27,5,6,,
taiway.jp,,4,17,2020/05/10,6,6,,
sy-k.jp,,15,17,2016/05/30,4,10,,
swift-migration-guide.jp,,3,17,2024/05/31,21,2,,
support-giving.jp,,6,17,2025/05/01,14,1,,
spain-market-festa.jp,,14,17,2025/05/01,18,1,,
soloworkout.jp,,8,17,2021/05/12,11,5,,
shugo-chara-ltrcafe.jp,,13,17,2025/05/12,19,1,,
shop-coupon.jp,,4,17,2019/05/24,11,7,,
shoken-kogyo.jp,,5,17,2019/05/14,12,7,,
全身脱毛人気.jp,,4,17,2017/05/23,6,9,,
メンズコスメ.jp,,1,17,2021/05/31,6,5,,
ミレアネット.jp,,3,17,2001/05/01,6,25,,
sho-in-webschool.jp,,11,17,2025/05/01,16,1,,
shionomori-okinawa.jp,,6,17,2025/05/01,18,1,,
worldfactory.jp,,3,17,2006/05/06,12,20,,
sela.jp,,6,17,2022/05/09,4,4,,
san-wa.jp,,7,17,2025/05/23,6,1,,
sakatsunosa.jp,,12,17,2025/05/01,11,1,,
saikadesign.jp,,4,17,2010/05/27,11,16,,
rubber-boots.jp,,8,17,2020/05/25,12,6,,
rebee-flower.jp,,4,17,2021/05/17,12,5,,
petsalon-annie.jp,,12,17,2015/05/27,14,11,,
nozomi-tosho.jp,,4,17,2020/05/12,12,6,,
nouvent.jp,,10,17,2020/05/28,7,6,,
nouen-club.jp,,9,17,2012/05/31,10,14,,
nittsu-necl-visibility.jp,,10,17,2017/05/15,22,9,,
mocha-hair.jp,,3,17,2016/05/23,10,10,,
mire.jp,,8,17,2020/05/15,4,6,,
minimini-kishibe.jp,,9,17,2016/05/24,16,10,,
sidebiz.jp,,5,17,2024/05/12,7,2,,
mega-group.jp,,9,17,2009/05/30,10,17,,
matsushoen.jp,,6,17,2022/05/28,10,4,,
lites.jp,,2,17,2018/05/17,5,8,,
kuroda-kazumi.jp,,16,17,2011/05/20,13,15,,
knc-umeda.jp,,7,17,2023/05/01,9,3,,
serkage1016.jp,,1,17,2017/05/30,11,9,,
kimoto-adv.jp,,7,17,2014/05/20,10,12,,
keirin-futomomo.jp,,14,17,2020/05/12,15,6,,
kattemeal-ueda.jp,,8,17,2020/05/08,14,6,,
kasugabaru-t-living.jp,,5,17,2023/05/25,19,3,,
ruido.jp,,3,17,2007/05/23,5,19,,
kaiyuu.jp,,3,17,2020/05/11,6,6,,
kaigun.jp,,4,17,2001/05/01,6,25,,
pleasurable.jp,,10,17,2012/05/12,11,14,,
jpeople.jp,,6,17,2021/05/18,7,5,,
parchmentcraft-w.jp,,6,17,2017/05/23,16,9,,
okizero.jp,,10,17,2024/05/29,7,2,,
okayamagets.jp,,7,17,2024/05/01,11,2,,
office-imai-pp82.jp,,5,17,2019/05/29,16,7,,
ococ.jp,,4,17,2006/05/19,4,20,,
jitte.jp,,9,17,2016/05/26,5,10,,
jimmy-murata.jp,,7,17,2025/05/01,12,1,,
ikesuta.jp,,10,17,2025/05/01,7,1,,
idpr.jp,,11,17,2023/05/09,4,3,,
nishikou.jp,,5,17,2007/05/31,8,19,,
motto2tosa.jp,,14,17,2010/05/12,10,16,,
hokenjoho.jp,,5,17,2025/05/07,9,1,,
mishou.jp,,8,17,2008/02/19,6,18,,
higokinko.jp,,6,17,2005/05/23,9,21,,
haihai.jp,,3,17,2004/05/19,6,22,,
go346.jp,,7,17,2025/05/01,5,1,,
mayfactory-recruit.jp,,2,17,2020/05/20,18,6,,
gm-project.jp,,8,17,2017/05/09,10,9,,
gamalovefes.jp,,10,17,2025/05/28,11,1,,
kyoya-estate.jp,,7,17,2009/05/21,12,17,,
free-live.jp,,4,17,2024/05/02,9,2,,
kurano-s.jp,,8,17,2013/05/22,8,13,,
freedim.jp,,8,17,2019/05/15,7,7,,
econosystem.jp,,3,17,2020/05/23,11,6,,
kikuchi-cosmos-kai.jp,,7,17,2025/05/01,18,1,,
earcleaning.jp,,10,17,2023/05/01,11,3,,
coinchain.jp,,5,17,2024/05/19,9,2,,
cocosauna.jp,,9,17,2025/05/03,9,1,,
captain-corsaire.jp,,8,17,2022/05/20,16,4,,
bus-tehaiya.jp,,3,17,2014/05/01,11,12,,
busne.jp,,10,17,2013/05/16,5,13,,
benriyanext.jp,,3,17,2022/05/20,11,4,,
ikiikihiroshima.jp,,5,17,2015/05/25,15,11,,
bemoti.jp,,11,17,2023/05/22,6,3,,
badgemaker.jp,,5,17,2015/05/27,10,11,,
automaticmarketing.jp,,1,17,2012/05/05,18,14,,
atweb.jp,,8,17,2021/05/16,5,5,,
hairdrive-machine.jp,,6,17,2009/05/13,17,17,,
antique-kimono.jp,,5,17,2025/05/06,14,1,,
annin.jp,,3,17,2008/05/21,5,18,,
ai-card.jp,,7,17,2025/05/05,7,1,,
27tryangledesign.jp,,1,17,2025/05/01,16,1,,
fujisan-farm.jp,,7,17,2014/05/26,12,12,,
24ss.jp,,7,17,2007/05/18,4,19,,
0120141417.jp,,6,17,2020/05/12,10,6,,
easterblue.jp,,3,17,2019/05/14,10,7,,
bigparkcow.jp,,9,17,2016/05/09,10,10,,
betterbeta.jp,,3,17,2017/05/25,10,9,,
awera.jp,,3,17,2021/05/21,5,5,,
ateliernest.jp,,5,17,2020/05/13,11,6,,
acend.jp,,9,17,2023/05/22,5,3,,
haa.jp,,7,16,2008/05/01,3,18,,
cb1.jp,,6,16,2024/05/02,3,2,,
建設業許可名古屋.jp,,5,16,2020/05/31,8,6,,
ウォーターサーバー比較.jp,,9,16,2018/05/14,11,8,,
yutanijuku.jp,,1,16,2025/05/01,10,1,,
yurarinoyo.jp,,5,16,2008/05/24,10,18,,
yamakawa-co.jp,,3,16,2001/05/29,11,25,,
yama-chan.jp,,7,16,2024/05/29,9,2,,
worldhouse.jp,,5,16,2016/05/06,10,10,,
wakubi.jp,,3,16,2020/05/31,6,6,,
tuberan.jp,,2,16,2018/05/02,7,8,,
toshioka.jp,,5,16,2007/05/13,8,19,,
tools-web.jp,,13,16,2025/05/01,9,1,,
t-kato-sumida.jp,,11,16,2011/05/25,13,15,,
techgamer.jp,,1,16,2021/05/31,9,5,,
tanakadental-numazu.jp,,13,16,2015/05/21,19,11,,
taifuku.jp,,5,16,2024/05/29,7,2,,
su-ru.jp,,4,16,2019/05/17,5,7,,
summersuite.jp,,2,16,2012/05/19,11,14,,
suibun.jp,,6,16,2022/05/31,6,4,,
給湯器本舗.jp,,4,16,2014/05/15,5,12,,
soleil-ueno.jp,,9,16,2010/05/19,11,16,,
smartlife-kyoto.jp,,5,16,2019/05/17,15,7,,
smart-insurance.jp,,4,16,2014/05/13,15,12,,
sizuru.jp,,5,16,2025/05/07,6,1,,
sibata.jp,,3,16,2009/05/19,6,17,,
serpscope.jp,,4,16,2014/05/12,9,12,,
web-taxi.jp,,11,16,2018/05/11,8,8,,
sengenbango.jp,,10,16,2021/05/28,11,5,,
seihospecial.jp,,2,16,2021/05/14,12,5,,
trustone.jp,,5,16,2004/05/19,8,22,,
toshu-k.jp,,4,16,2012/05/31,7,14,,
sagamionochuo-park.jp,,15,16,2024/05/01,18,2,,
rvpa-kuiwatesan.jp,,11,16,2024/05/28,15,2,,
room-design.jp,,12,16,2016/05/23,11,10,,
rimmir.jp,,10,16,2025/05/01,6,1,,
tattoos.jp,,5,16,2024/05/21,7,2,,
p-newgin.jp,,4,16,2016/05/06,8,10,,
taiyods.jp,,7,16,2005/05/12,7,21,,
planethair.jp,,10,16,2014/05/23,10,12,,
suzuki-kyousei.jp,,13,16,2025/05/01,14,1,,
ph-hakuraku.jp,,5,16,2014/05/02,11,12,,
supplin.jp,,6,16,2018/05/15,7,8,,
otocoba.jp,,3,16,2021/05/25,7,5,,
orlando.jp,,4,16,2014/05/03,7,12,,
noris.jp,,3,16,2025/05/01,5,1,,
nakagawa-ganka.jp,,14,16,2017/05/18,14,9,,
naitokensetsu.jp,,3,16,2025/05/17,13,1,,
smarterbeta.jp,,5,16,2017/05/25,11,9,,
multilingual.jp,,9,16,2020/05/08,12,6,,
morie.jp,,5,16,2015/05/14,5,11,,
morideshinai.jp,,4,16,2021/05/12,12,5,,
monster-cbd.jp,,8,16,2021/05/10,11,5,,
mofu2.jp,,1,16,2014/05/09,5,12,,
saneishoji.jp,,7,16,2016/05/17,10,10,,
metime.jp,,5,16,2019/05/30,6,7,,
matukiyokeori.jp,,5,16,2016/05/26,13,10,,
maru-shou.jp,,3,16,2024/05/26,9,2,,
rizotaku.jp,,4,16,2018/05/10,8,8,,
lychee.jp,,11,16,2024/05/02,6,2,,
resiliencyofmind.jp,,3,16,2014/05/01,16,12,,
repair-club.jp,,13,16,2017/05/02,11,9,,
reacs.jp,,8,16,2019/05/30,5,7,,
polysis-rd.jp,,9,16,2020/05/11,10,6,,
lullpique.jp,,1,16,2024/05/07,9,2,,
linkme.jp,,7,16,2018/05/15,6,8,,
la-ebisugg.jp,,10,16,2025/05/01,10,1,,
padoma-yoga.jp,,6,16,2008/05/14,11,18,,
kotakamori.jp,,7,16,2022/05/20,10,4,,
kiyoshi-otakara.jp,,8,16,2023/05/21,15,3,,
okinawashiawase.jp,,4,16,2019/05/08,15,7,,
oisee.jp,,2,16,2020/05/16,5,6,,
ohki-atsushi.jp,,7,16,2018/05/23,12,8,,
npo-iso.jp,,4,16,2004/05/18,7,22,,
kfarm.jp,,4,16,2021/05/16,5,5,,
night3.jp,,7,16,2022/05/25,6,4,,
newsfeed.jp,,5,16,2025/05/02,8,1,,
kensyuservice.jp,,14,16,2025/05/01,13,1,,
kbbf.jp,,8,16,2023/05/17,4,3,,
multiwork.jp,,10,16,2004/05/19,9,22,,
joblist.jp,,5,16,2010/05/29,7,16,,
i-o-i.jp,,6,16,2018/05/10,5,8,,
interhigh.jp,,11,16,2024/05/21,9,2,,
hokuseirenshop.jp,,5,16,2020/05/18,14,6,,
mister-ft.jp,,8,16,2018/05/07,9,8,,
minigame.jp,,3,16,2024/05/07,8,2,,
mikawa-co.jp,,10,16,2013/05/28,9,13,,
hirofumiono.jp,,6,16,2013/05/23,11,13,,
megurist.jp,,3,16,2019/05/19,8,7,,
mcdonalds.jp,,4,16,2022/05/01,9,4,,
himeji-kaitori.jp,,6,16,2021/05/12,14,5,,
hansya.jp,,9,16,2024/05/20,6,2,,
handmade-parts.jp,,1,16,2021/05/02,14,5,,
hami-tech.jp,,2,16,2023/05/15,9,3,,
live-art.jp,,6,16,2021/05/31,8,5,,
greenlee.jp,,7,16,2015/05/28,8,11,,
lildots.jp,,4,16,2021/05/06,7,5,,
go-matsuri2022.jp,,9,16,2025/05/01,14,1,,
gokids.jp,,4,16,2021/05/06,6,5,,
k-sawai.jp,,7,16,2006/05/30,7,20,,
gjsd14.jp,,1,16,2025/05/01,6,1,,
ginzapet.jp,,3,16,2023/05/26,8,3,,
kirara-co.jp,,7,16,2006/05/02,9,20,,
kirakirahouse.jp,,5,16,2018/05/26,13,8,,
furukawakoumuten.jp,,7,16,2015/05/17,16,11,,
frat-web.jp,,3,16,2023/05/14,8,3,,
fotobo.jp,,9,16,2014/05/01,6,12,,
kankyouken.jp,,3,16,2013/05/09,10,13,,
evaluate.jp,,5,16,2023/05/13,8,3,,
erilog.jp,,8,16,2019/05/25,6,7,,
enokidake.jp,,6,16,2022/05/17,9,4,,
ilost.jp,,1,16,2025/05/07,5,1,,
housebecome.jp,,5,16,2017/05/29,11,9,,
hotakayusei.jp,,10,16,2003/05/07,11,23,,
english4kids.jp,,6,16,2020/05/30,12,6,,
dx-live.jp,,13,16,2025/05/24,7,1,,
dokumo.jp,,4,16,2014/05/09,6,12,,
hillsdirect.jp,,6,16,2009/05/08,11,17,,
hideo-terada.jp,,1,16,2016/05/30,12,10,,
daito-energy.jp,,2,16,2016/05/13,12,10,,
cleandiamond.jp,,6,16,2020/05/30,12,6,,
chofu-wifi.jp,,8,16,2016/05/24,10,10,,
gordes.jp,,9,16,2022/05/07,6,4,,
chem-force.jp,,3,16,2019/05/17,10,7,,
caucaushop.jp,,8,16,2017/05/10,10,9,,
candy-mama.jp,,3,16,2020/05/18,10,6,,
bykoransha.jp,,3,16,2022/05/23,10,4,,
bottle-keep.jp,,2,16,2025/05/24,11,1,,
bito.jp,,3,16,2024/05/01,4,2,,
bitinc.jp,,4,16,2009/05/26,6,17,,
beauty-skin.jp,,5,16,2024/05/23,11,2,,
baten.jp,,6,16,2009/05/15,5,17,,
essencebase.jp,,13,16,2021/05/21,11,5,,
avexdm475.jp,,2,16,2025/05/01,9,1,,
athome-c.jp,,8,16,2025/05/01,8,1,,
arc-ocean.jp,,10,16,2008/05/31,9,18,,
eguegu.jp,,10,16,2021/05/11,6,5,,
anesia-f.jp,,11,16,2022/05/25,8,4,,
amo-phys-s-u-tokyo.jp,,9,16,2025/05/01,18,1,,
amoon.jp,,8,16,2015/05/08,5,11,,
daiichi-exp.jp,,6,16,2012/05/18,11,14,,
cleardrum.jp,,5,16,2017/05/11,9,9,,
air-international.jp,,2,16,2025/05/13,17,1,,
aimode.jp,,14,16,2025/05/24,6,1,,
ai-asahi.jp,,5,16,2016/05/24,8,10,,
afterrain.jp,,1,16,2018/05/16,9,8,,
carac-shiroi.jp,,2,16,2019/05/08,12,7,,
actcomputer.jp,,1,16,2022/05/28,11,4,,
8promise-shibatarieir.jp,,3,16,2024/05/31,21,2,,
3-salon.jp,,1,16,2022/05/20,7,4,,
丼.jp,,1,15,2018/05/06,1,8,,
離婚したいと言われた.jp,,1,15,2017/05/18,10,9,,
動画フレンズ.jp,,12,15,2019/05/24,6,7,,
おしゃれインテリア.jp,,5,15,2013/05/02,9,13,,
znext.jp,,3,15,2024/05/05,5,2,,
yutoku-ph.jp,,1,15,2014/05/29,9,12,,
yaizugurumeguri.jp,,7,15,2025/05/01,15,1,,
wonder-work.jp,,3,15,2025/05/01,11,1,,
winterior.jp,,1,15,2009/05/08,9,17,,
we-unite.jp,,8,15,2025/05/01,8,1,,
web-int.jp,,7,15,2023/05/03,7,3,,
volga.jp,,11,15,2021/05/11,5,5,,
vanillacat.jp,,3,15,2021/05/21,10,5,,
uracata.jp,,5,15,2025/05/01,7,1,,
uechiryu.jp,,7,15,2018/05/16,8,8,,
top-roof.jp,,4,15,2023/05/18,8,3,,
tenmariha.jp,,4,15,2020/05/12,9,6,,
teigeki.jp,,2,15,2001/05/01,7,25,,
パソコン家庭教師.jp,,2,15,2003/05/28,8,23,,
tack-z.jp,,3,15,2010/05/29,6,16,,
tabesapo.jp,,4,15,2025/05/12,8,1,,
sunnyshop.jp,,5,15,2020/05/01,9,6,,
sunny-marriage.jp,,6,15,2025/05/01,14,1,,
strip-chat.jp,,13,15,2025/05/17,10,1,,
soleil-kawaguchi.jp,,13,15,2010/05/19,16,16,,
well-point.jp,,1,15,2010/05/27,10,16,,
shop-r.jp,,4,15,2024/05/01,6,2,,
shinshinkyushu64.jp,,2,15,2024/05/19,16,2,,
voicenet.jp,,2,15,2014/05/17,8,12,,
shine-hop.jp,,2,15,2014/05/08,9,12,,
shakainomado.jp,,2,15,2015/05/09,12,11,,
romane.jp,,4,15,2022/05/09,6,4,,
to-sei.jp,,3,15,2020/05/11,6,6,,
reddragon.jp,,3,15,2008/05/15,9,18,,
reality-web.jp,,3,15,2017/05/31,11,9,,
tokyoonline.jp,,7,15,2010/05/05,11,16,,
tokiwakougyou.jp,,7,15,2018/05/23,13,8,,
premiumrent-life-agents.jp,,1,15,2019/05/07,23,7,,
premium-gourmet.jp,,3,15,2013/05/16,15,13,,
tamiflu.jp,,3,15,2001/05/01,7,25,,
pracareer.jp,,7,15,2025/05/01,9,1,,
photobook-style.jp,,5,15,2008/05/08,15,18,,
pagi-cpa.jp,,9,15,2021/05/20,8,5,,
orchid01.jp,,3,15,2024/05/14,8,2,,
opticalcraft.jp,,12,15,2014/05/10,12,12,,
souarch.jp,,5,15,2016/06/10,7,10,,
omegapoint.jp,,8,15,2021/05/03,10,5,,
ncu-innovation-fellowship.jp,,5,15,2025/05/01,25,1,,
nagawood.jp,,6,15,2025/05/01,8,1,,
nabako-giftbox.jp,,3,15,2007/05/15,14,19,,
mmcweb.jp,,13,15,2025/05/19,6,1,,
miyazaki-sss.jp,,17,15,2023/05/01,12,3,,
residencecard.jp,,8,15,2012/05/07,13,14,,
miki-kanrieiyoushi-mama.jp,,1,15,2024/05/07,23,2,,
mahalo168.jp,,1,15,2019/05/08,9,7,,
premium-story.jp,,4,15,2021/05/27,13,5,,
livegoods.jp,,2,15,2015/05/05,9,11,,
linkcup.jp,,1,15,2024/05/08,7,2,,
kinki35.jp,,1,15,2021/05/10,7,5,,
pokecology-researchcp.jp,,10,15,2025/05/07,21,1,,
kanto-k.jp,,5,15,2025/05/01,7,1,,
kansai-ecoclearing.jp,,3,15,2015/05/18,18,11,,
kaihoudo.jp,,3,15,2014/05/20,8,12,,
jukoubou.jp,,5,15,2015/05/26,8,11,,
japan-counseling.jp,,1,15,2025/05/01,16,1,,
nikai-nobuyasu.jp,,8,15,2024/05/09,14,2,,
inadani-tour.jp,,9,15,2023/05/06,12,3,,
hotmeme.jp,,7,15,2021/05/12,7,5,,
hitogumi.jp,,8,15,2013/05/09,8,13,,
murata-seni.jp,,3,15,2001/05/01,11,25,,
monoa.jp,,4,15,2015/05/09,5,11,,
moji-club.jp,,9,15,2011/05/31,9,15,,
hierbasdeibiza.jp,,3,15,2009/05/26,14,17,,
harusuta.jp,,5,15,2020/05/20,8,6,,
hame.jp,,4,15,2023/05/17,4,3,,
maruhori-yasai.jp,,11,15,2013/05/31,14,13,,
mantenshop.jp,,5,15,2010/05/01,10,16,,
manas-bija.jp,,5,15,2023/05/15,10,3,,
hadashi-run.jp,,13,15,2011/05/13,11,15,,
golden-balance.jp,,3,15,2016/05/09,14,10,,
gasuki.jp,,6,15,2022/05/06,6,4,,
koyama-shoukakinaika.jp,,10,15,2018/05/15,20,8,,
gaal.jp,,13,15,2007/05/18,4,19,,
kidsfab.jp,,3,15,2017/05/10,7,9,,
kendaku.jp,,7,15,2011/05/13,7,15,,
kattaman.jp,,2,15,2018/05/27,8,8,,
fxfx.jp,,3,15,2018/05/30,4,8,,
flextime.jp,,6,15,2008/05/18,8,18,,
finefoods.jp,,12,15,2012/05/17,9,14,,
facloud.jp,,3,15,2018/05/22,7,8,,
espstudent-cstaff.jp,,9,15,2015/05/28,17,11,,
interior-worker.jp,,7,15,2020/05/14,15,6,,
errors.jp,,7,15,2019/05/23,6,7,,
hotstension.jp,,6,15,2018/05/11,11,8,,
equalcoffeefilter.jp,,1,15,2024/05/31,17,2,,
horseracing.jp,,2,15,2025/05/01,11,1,,
eplan.jp,,10,15,2020/05/26,5,6,,
hiroshi-yakiyama.jp,,6,15,2017/05/24,16,9,,
docoreform-west.jp,,9,15,2025/05/01,15,1,,
hearts-corp.jp,,9,15,2022/05/16,11,4,,
dellforce.jp,,15,15,2001/05/01,9,25,,
data-driven.jp,,9,15,2014/05/07,11,12,,
daedal.jp,,4,15,2025/05/20,6,1,,
great-spirit.jp,,8,15,2004/05/11,12,22,,
crystal-camellia.jp,,8,15,2008/05/07,16,18,,
gerstein.jp,,9,15,2009/05/01,8,17,,
comotech.jp,,4,15,2014/05/07,8,12,,
comm-archive.jp,,1,15,2019/05/30,12,7,,
cleardome.jp,,5,15,2022/05/20,9,4,,
car-syuri.jp,,4,15,2016/05/12,9,10,,
cable-athlete.jp,,5,15,2025/05/01,13,1,,
businesscoaching.jp,,2,15,2025/05/02,16,1,,
bulanmati.jp,,2,15,2009/05/07,9,17,,
bizpale.jp,,4,15,2025/05/01,7,1,,
amy-amy.jp,,6,15,2025/05/05,7,1,,
ecodenki.jp,,10,15,2025/05/02,8,1,,
alplaza-korien.jp,,13,15,2021/05/01,14,5,,
dicoo.jp,,5,15,2019/05/07,5,7,,
ai-srpa.jp,,4,15,2025/05/01,7,1,,
add-on.jp,,9,15,2009/05/26,6,17,,
3dgold.jp,,2,15,2025/05/01,6,1,,
0119.jp,,1,15,2010/05/15,4,16,,
culture-japan.jp,,4,15,2017/05/18,13,9,,
corazonnail.jp,,3,15,2018/05/11,11,8,,
cocolead01.jp,,4,15,2021/05/17,10,5,,
club-f.jp,,2,15,2016/05/17,6,10,,
c-h-s.jp,,5,15,2022/05/09,5,4,,
bookly.jp,,4,15,2025/05/10,6,1,,
boatguide.jp,,4,15,2017/05/25,9,9,,
bestconsulting.jp,,4,15,2021/05/10,14,5,,
atharmony-office.jp,,6,15,2014/05/18,16,12,,
animalpost.jp,,7,15,2021/05/01,10,5,,
肥後.jp,,1,14,2008/05/03,2,18,,
rkn.jp,,2,14,2025/05/09,3,1,,
08z.jp,,3,14,2022/05/10,3,4,,
漫画喫茶.jp,,3,14,2012/05/20,4,14,,
板橋区家族葬.jp,,1,14,2020/05/28,6,6,,
受験英語.jp,,1,14,2009/05/09,4,17,,
結婚指輪手作り.jp,,3,14,2016/05/08,7,10,,
アークアース.jp,,2,14,2011/05/04,6,15,,
zenmoku-data.jp,,4,14,2025/05/01,12,1,,
yokabaisatei.jp,,3,14,2022/05/12,12,4,,
ydo1997.jp,,3,14,2020/05/31,7,6,,
yamayoshi-home.jp,,4,14,2025/05/01,14,1,,
w-media.jp,,2,14,2014/05/15,7,12,,
wisefinder.jp,,8,14,2024/05/16,10,2,,
valuable.jp,,14,14,2024/05/12,8,2,,
uoden.jp,,15,14,2025/05/04,5,1,,
umechazuke.jp,,13,14,2025/05/01,10,1,,
triquetra.jp,,1,14,2025/05/13,9,1,,
travisbean.jp,,3,14,2011/05/12,10,15,,
tekisho.jp,,8,14,2025/05/01,7,1,,
takeout-kobe.jp,,4,14,2020/05/07,12,6,,
takami710.jp,,3,14,2009/05/26,9,17,,
suzuyogroup.jp,,6,14,2025/05/01,11,1,,
yoei-shopping2.jp,,2,14,2009/05/13,14,17,,
suitecrm.jp,,5,14,2016/05/04,8,10,,
worldnews.jp,,7,14,2001/05/01,9,25,,
stopwar.jp,,2,14,2016/05/10,7,10,,
soleil-jujo.jp,,3,14,2010/05/19,11,16,,
varitone.jp,,4,14,2009/05/29,8,17,,
smid2023.jp,,16,14,2022/05/27,8,4,,
shuzou.jp,,5,14,2019/05/29,6,7,,
shibata-jkigyou.jp,,8,14,2017/05/01,15,9,,
shiawase-academy.jp,,1,14,2024/05/02,16,2,,
shepherdinc.jp,,5,14,2025/05/01,11,1,,
seishin-chikouken.jp,,1,14,2023/05/01,17,3,,
travelocity.jp,,3,14,2014/05/13,11,12,,
toriishi.jp,,17,14,2021/05/14,8,5,,
ron2021.jp,,11,14,2025/05/19,7,1,,
tax-watanabe.jp,,3,14,2013/05/09,12,13,,
tamatebaco.jp,,7,14,2024/05/08,10,2,,
risola.jp,,5,14,2018/05/04,6,8,,
puana.jp,,1,14,2024/05/23,5,2,,
privee-ange.jp,,4,14,2021/05/02,11,5,,
premium-tech.jp,,3,14,2013/05/16,12,13,,
p-nuts.jp,,3,14,2013/05/13,6,13,,
osaka-shizoukyou.jp,,12,14,2025/05/01,16,1,,
okdd.jp,,3,14,2016/05/26,4,10,,
office-yell.jp,,2,14,2015/05/12,11,11,,
shinonome-ba.jp,,10,14,2019/05/24,12,7,,
nzinfo.jp,,13,14,2013/05/07,6,13,,
nerikou.jp,,4,14,2025/05/01,7,1,,
ncare-workers.jp,,4,14,2024/05/20,13,2,,
nagoya-expressway-stamp.jp,,13,14,2023/05/12,23,3,,
seiren.jp,,7,14,2018/05/31,6,8,,
naebaco.jp,,6,14,2025/05/01,7,1,,
my-pan-internship.jp,,1,14,2022/05/22,17,4,,
riofamily.jp,,5,14,2004/05/17,9,22,,
relaxmeister.jp,,6,14,2010/05/10,12,16,,
myozenji.jp,,3,14,2021/05/15,8,5,,
promate.jp,,8,14,2015/05/24,7,11,,
myfairlife.jp,,2,14,2019/05/24,10,7,,
musubi-online.jp,,3,14,2021/05/06,13,5,,
mono-connection.jp,,8,14,2021/05/17,15,5,,
pirateship.jp,,6,14,2013/05/16,10,13,,
molt.jp,,1,14,2001/05/23,4,25,,
mkmakane.jp,,5,14,2018/05/09,8,8,,
miyatashoyuten.jp,,9,14,2018/05/17,14,8,,
mito-yakiniku.jp,,5,14,2017/05/30,13,9,,
nishiyama.jp,,6,14,2001/05/16,9,25,,
misato-shoukoukai.jp,,13,14,2025/05/01,17,1,,
minikorea.jp,,3,14,2016/05/12,9,10,,
natamame-daisen.jp,,11,14,2015/05/14,15,11,,
medicalaroma.jp,,9,14,2018/05/24,12,8,,
luxurylife.jp,,7,14,2023/05/19,10,3,,
lifeupdate.jp,,3,14,2025/05/14,10,1,,
lifelog-bucket.jp,,6,14,2019/05/05,14,7,,
leadeed.jp,,4,14,2022/05/16,7,4,,
lamp-online.jp,,1,14,2021/05/17,11,5,,
motsunabedining-tsukasa.jp,,1,14,2019/05/20,23,7,,
kotosencha.jp,,5,14,2022/05/15,10,4,,
ki-withglobal-nagoya.jp,,2,14,2023/05/16,20,3,,
kita1010-e-clinic.jp,,13,14,2021/05/21,17,5,,
kf-realty.jp,,15,14,2018/05/01,9,8,,
k-b-s.jp,,4,14,2019/05/22,5,7,,
kasegou.jp,,7,14,2025/05/03,7,1,,
mirai-cr8.jp,,4,14,2017/05/29,9,9,,
kandamachi-seitai.jp,,5,14,2025/05/01,17,1,,
kanatsu.jp,,3,14,2025/05/29,7,1,,
maybond.jp,,2,14,2019/05/07,7,7,,
jssf2021.jp,,14,14,2023/05/01,8,3,,
log25.jp,,4,14,2012/05/03,5,14,,
jokinsui.jp,,9,14,2020/05/21,8,6,,
jippo.jp,,13,14,2018/05/28,5,8,,
issue-management.jp,,3,14,2024/05/10,16,2,,
ishikawakensetu.jp,,8,14,2012/05/22,15,14,,
ky-housing.jp,,6,14,2006/05/18,10,20,,
ishikawa2004.jp,,1,14,2017/05/23,12,9,,
inuzukaseimen.jp,,5,14,2021/05/10,13,5,,
i-eternal.jp,,2,14,2009/05/27,9,17,,
ieap.jp,,3,14,2016/05/12,4,10,,
godvalley.jp,,7,14,2025/05/01,9,1,,
gerogyokai.jp,,5,14,2021/05/06,10,5,,
kanmon-j.jp,,1,14,2019/05/15,8,7,,
funcash.jp,,2,14,2006/05/20,7,20,,
fukugyo-hikaku.jp,,1,14,2020/05/29,14,6,,
kaika-crowdfunding-stage.jp,,2,14,2020/05/22,24,6,,
ferment.jp,,4,14,2019/05/27,7,7,,
empartners.jp,,7,14,2021/05/17,10,5,,
dx-saga.jp,,12,14,2022/05/10,7,4,,
drsuisosui.jp,,3,14,2011/05/06,10,15,,
dowell-eco.jp,,2,14,2025/05/09,10,1,,
discoverycollege.jp,,1,14,2020/05/22,16,6,,
iqos-system.jp,,3,14,2014/05/31,11,12,,
daiichi-inc.jp,,3,14,2025/05/26,11,1,,
ikikiyougashi.jp,,1,14,2021/05/11,13,5,,
dahlia-hbs.jp,,3,14,2012/05/12,10,14,,
crufter.jp,,6,14,2018/05/17,7,8,,
horumonya.jp,,5,14,2009/05/22,9,17,,
heartstory.jp,,9,14,2012/05/13,10,14,,
hbsalon.jp,,5,14,2025/05/29,7,1,,
hauss.jp,,7,14,2024/05/01,5,2,,
hankokitaji.jp,,10,14,2022/05/17,11,4,,
grow-forward.jp,,5,14,2021/05/06,12,5,,
connect-l.jp,,5,14,2025/05/01,9,1,,
coffeecarako.jp,,6,14,2024/05/02,12,2,,
codingacademy.jp,,5,14,2013/05/01,13,13,,
cloudagent.jp,,2,14,2022/05/29,10,4,,
foodlearning.jp,,9,14,2016/05/17,12,10,,
follow-ltd.jp,,3,14,2011/05/30,10,15,,
claret.jp,,5,14,2025/05/19,6,1,,
enomoto-farm.jp,,2,14,2016/05/30,12,10,,
energy-education.jp,,2,14,2021/05/01,16,5,,
ciaful.jp,,5,14,2016/05/07,6,10,,
chikiban.jp,,9,14,2018/05/15,8,8,,
driving-force.jp,,2,14,2010/05/09,13,16,,
chargie.jp,,2,14,2021/05/27,7,5,,
carnel.jp,,1,14,2013/05/27,6,13,,
care-friends.jp,,5,14,2021/05/14,12,5,,
bridge-kyoto.jp,,2,14,2025/05/01,12,1,,
bokucho.jp,,4,14,2014/05/24,7,12,,
cr-base.jp,,1,14,2020/05/17,7,6,,
body-oasis.jp,,3,14,2007/05/23,10,19,,
blanding.jp,,8,14,2025/05/01,8,1,,
batic.jp,,4,14,2001/05/01,5,25,,
baseball-academy.jp,,11,14,2024/05/20,16,2,,
aturn.jp,,3,14,2021/05/16,5,5,,
atryz-group.jp,,7,14,2016/05/04,11,10,,
asia-j.jp,,4,14,2013/05/23,6,13,,
chiko-petsalon.jp,,3,14,2018/05/14,14,8,,
aqut.jp,,5,14,2018/05/02,4,8,,
aok3.jp,,1,14,2017/05/21,4,9,,
akiyanokanri.jp,,3,14,2025/05/07,12,1,,
ai-am.jp,,3,14,2025/05/15,5,1,,
carbonite.jp,,2,14,2020/05/01,9,6,,
caffeitalia.jp,,6,14,2012/05/11,11,14,,
aga-ranking.jp,,2,14,2020/05/23,11,6,,
aeras-yoyogi.jp,,8,14,2010/05/21,12,16,,
aeras-meguro.jp,,5,14,2010/05/21,12,16,,
7hills.jp,,1,14,2014/05/01,6,12,,
529790.jp,,5,14,2018/05/26,6,8,,
2525cycle.jp,,2,14,2021/05/13,9,5,,
avatalk.jp,,9,14,2025/05/07,7,1,,
1122.jp,,7,14,2001/05/21,4,25,,
athlete475.jp,,8,14,2021/05/28,10,5,,
alsok-nihonguard.jp,,6,14,2009/05/21,16,17,,
af-horizons.jp,,1,14,2021/05/30,11,5,,
adic.jp,,1,14,2009/05/28,4,17,,
ポンズ.jp,,5,13,2001/05/01,3,25,,
gpc.jp,,4,13,2017/05/01,3,9,,
ノナ.jp,,1,13,2001/05/01,2,25,,
徳島デリヘル求人.jp,,1,13,2013/05/16,8,13,,
杉山事務所.jp,,1,13,2013/05/23,5,13,,
軍事評論家.jp,,2,13,2008/05/01,5,18,,
おまとめの達人.jp,,1,13,2018/05/14,7,8,,
wpjob.jp,,1,13,2011/05/10,5,15,,
webfly.jp,,1,13,2024/05/10,6,2,,
usawata.jp,,6,13,2022/05/18,7,4,,
ucue.jp,,1,13,2014/05/24,4,12,,
uandi-jhb.jp,,4,13,2023/05/24,9,3,,
towerticket.jp,,1,13,2012/05/24,11,14,,
tosa-ms.jp,,11,13,2012/05/18,7,14,,
tokai-gannpro.jp,,2,13,2025/05/01,13,1,,
不動産ホームページ.jp,,1,13,2021/05/14,9,5,,
therapit.jp,,6,13,2023/05/01,8,3,,
the-gold-wifi.jp,,4,13,2016/05/19,13,10,,
tenishoku.jp,,1,13,2014/05/26,9,12,,
パソコンサポート.jp,,2,13,2003/05/26,8,23,,
tccp.jp,,9,13,2024/05/16,4,2,,
yums.jp,,1,13,2020/05/05,4,6,,
yokohamatp.jp,,4,13,2007/05/23,10,19,,
yogalabo.jp,,4,13,2015/05/07,8,11,,
tamazen-midoriku.jp,,3,13,2024/05/28,16,2,,
webmap.jp,,3,13,2024/05/19,6,2,,
webkuro.jp,,1,13,2013/05/31,7,13,,
systemtelescope.jp,,1,13,2025/05/16,15,1,,
wakawashikai.jp,,12,13,2013/05/08,12,13,,
vr-bitchu-takamatsucastle.jp,,16,13,2022/05/02,25,4,,
sun-sea.jp,,1,13,2003/05/09,7,23,,
studyfujishima.jp,,2,13,2025/05/01,14,1,,
studio11.jp,,5,13,2013/05/31,8,13,,
u-community.jp,,5,13,2018/05/11,11,8,,
stone-shack.jp,,4,13,2010/05/24,11,16,,
standingdesk.jp,,1,13,2025/05/18,12,1,,
smedia2.jp,,2,13,2010/05/21,7,16,,
top-net.jp,,13,13,2005/05/09,7,21,,
shinshuwakamono-miraikaigi-fes2025.jp,,13,13,2025/05/26,34,1,,
seby.jp,,7,13,2018/05/13,4,8,,
roobal.jp,,3,13,2021/05/13,6,5,,
rise-human-resources.jp,,1,13,2008/05/02,20,18,,
team-wizard.jp,,4,13,2010/05/06,11,16,,
rise-consultant.jp,,5,13,2011/05/11,15,15,,
reutterporcelain.jp,,8,13,2012/05/01,16,14,,
relationship-india.jp,,14,13,2025/05/12,18,1,,
recplus.jp,,5,13,2020/05/23,7,6,,
quesera-sera.jp,,3,13,2013/05/06,12,13,,
qtrip.jp,,7,13,2020/05/09,5,6,,
plugin-inc.jp,,2,13,2025/05/24,10,1,,
photographics.jp,,3,13,2025/05/11,13,1,,
sojijibase.jp,,6,13,2017/05/31,10,9,,
petim.jp,,12,13,2025/05/01,5,1,,
sixty82-doughty.jp,,6,13,2020/05/28,15,6,,
six-archi.jp,,3,13,2013/05/31,9,13,,
pecos.jp,,5,13,2015/05/12,5,11,,
shinshimizu-cl.jp,,13,13,2017/05/09,14,9,,
shienn.jp,,4,13,2023/05/25,6,3,,
serendipitously.jp,,1,13,2021/05/19,15,5,,
pecori-five.jp,,13,13,2025/05/01,11,1,,
saishoo.jp,,7,13,2008/05/16,7,18,,
pagepark.jp,,10,13,2024/05/23,8,2,,
oriental-osteopathy.jp,,7,13,2018/05/31,19,8,,
nowl.jp,,10,13,2007/05/15,4,19,,
riboc.jp,,5,13,2013/05/07,5,13,,
noririn.jp,,4,13,2003/05/25,7,23,,
re-prost.jp,,3,13,2013/05/15,8,13,,
noriblo.jp,,3,13,2021/05/10,7,5,,
newton-shop.jp,,6,13,2014/05/01,11,12,,
neuralcloud.jp,,4,13,2024/05/17,11,2,,
neo-space.jp,,1,13,2013/05/22,9,13,,
nanohana-hoiku.jp,,6,13,2017/05/12,14,9,,
nakamura-trading.jp,,9,13,2010/05/06,16,16,,
nadeshiko-nail.jp,,3,13,2013/05/04,14,13,,
mon-yo.jp,,1,13,2018/05/11,6,8,,
monument.jp,,8,13,2023/05/29,8,3,,
pcjchubu.jp,,7,13,2008/05/23,8,18,,
mogumogu-log.jp,,13,13,2019/05/05,12,7,,
mgri.jp,,7,13,2025/05/01,4,1,,
oceano.jp,,5,13,2009/05/05,6,17,,
matchingmarketing.jp,,1,13,2012/05/17,17,14,,
matane.jp,,5,13,2024/05/20,6,2,,
maruigousen.jp,,3,13,2018/05/22,11,8,,
nishinihon-sangyo.jp,,3,13,2020/05/31,17,6,,
next-field.jp,,7,13,2021/05/09,10,5,,
localfishcan.jp,,13,13,2021/05/26,12,5,,
learningcom.jp,,3,13,2014/05/03,11,12,,
l-a-p.jp,,11,13,2003/05/27,5,23,,
naruto-herbs.jp,,6,13,2019/05/07,12,7,,
ksn-inc.jp,,1,13,2015/05/08,7,11,,
nanba-clinic.jp,,6,13,2025/05/01,12,1,,
keirin-jinsei.jp,,15,13,2020/05/12,13,6,,
kaori-honda.jp,,8,13,2025/05/01,11,1,,
kaemidotenjin-sha.jp,,14,13,2025/05/21,17,1,,
jse2022.jp,,10,13,2023/05/01,7,3,,
midorigaoka-s.jp,,2,13,2018/05/21,13,8,,
joe3.jp,,5,13,2017/05/21,4,9,,
matsuiseikotsuin.jp,,1,13,2021/05/12,16,5,,
infra-net.jp,,3,13,2020/05/06,9,6,,
influential-persons.jp,,1,13,2025/05/01,19,1,,
inbound-madoguchi.jp,,3,13,2024/05/03,17,2,,
mantoc.jp,,3,13,2007/05/14,6,19,,
immunosupport.jp,,1,13,2013/05/17,13,13,,
imageconsulting.jp,,1,13,2004/05/07,15,22,,
iki299.jp,,9,13,2022/05/07,6,4,,
ikeda-hb.jp,,2,13,2022/05/30,8,4,,
kurosima.jp,,1,13,2007/05/13,8,19,,
kunsyudou-onlineshop.jp,,12,13,2015/05/18,20,11,,
iepika-reform.jp,,5,13,2023/05/04,13,3,,
ichiejapan.jp,,1,13,2023/05/18,10,3,,
herptile2024.jp,,10,13,2024/05/01,12,2,,
health-riza.jp,,3,13,2023/05/15,11,3,,
junos.jp,,3,13,2024/05/10,5,2,,
gritlink.jp,,2,13,2020/05/21,8,6,,
googleマップ上位表示化.jp,,4,13,2018/05/09,14,8,,
japanology.jp,,1,13,2025/05/22,10,1,,
irie-inity.jp,,2,13,2021/05/30,10,5,,
ion-gas.jp,,4,13,2016/05/23,7,10,,
fxの勝ち方・儲け方.jp,,6,13,2015/05/21,10,11,,
flaps.jp,,5,13,2016/05/24,5,10,,
felicita.jp,,8,13,2023/05/29,8,3,,
imuzi.jp,,5,13,2018/05/02,5,8,,
f1-ic.jp,,5,13,2001/05/01,5,25,,
escio.jp,,2,13,2012/05/21,5,14,,
emuo.jp,,1,13,2022/05/05,4,4,,
e-gotsu.jp,,1,13,2020/05/08,7,6,,
egoo.jp,,1,13,2024/05/12,4,2,,
ec-next.jp,,3,13,2015/05/10,7,11,,
hiratuka.jp,,4,13,2001/05/25,8,25,,
doctorsearch.jp,,6,13,2013/05/23,12,13,,
daughter.jp,,4,13,2022/05/10,8,4,,
hashizume-sake.jp,,14,13,2012/05/29,14,14,,
cosmama.jp,,1,13,2020/05/20,7,6,,
gospellife.jp,,1,13,2020/05/06,10,6,,
coolclever.jp,,4,13,2023/05/01,10,3,,
comeca.jp,,5,13,2016/05/08,6,10,,
flapup.jp,,4,13,2022/05/11,6,4,,
clear-files.jp,,7,13,2010/05/26,11,16,,
chat-girls.jp,,2,13,2024/05/22,10,2,,
carmaking.jp,,6,13,2017/05/14,9,9,,
etosetoland2012.jp,,1,13,2021/05/04,15,5,,
canarios.jp,,1,13,2017/05/05,8,9,,
bondsfactory.jp,,4,13,2011/05/17,12,15,,
bering-watch.jp,,1,13,2012/05/24,12,14,,
beauty-health.jp,,4,13,2023/05/31,13,3,,
bcm1818.jp,,5,13,2025/05/01,7,1,,
dotbee.jp,,7,13,2023/05/06,6,3,,
bachiko.jp,,1,13,2022/05/10,7,4,,
bac89.jp,,1,13,2023/05/09,5,3,,
automationmarketing.jp,,4,13,2012/05/05,19,14,,
athletetraining.jp,,4,13,2019/05/20,15,7,,
aroq.jp,,6,13,2020/05/07,4,6,,
ardercal.jp,,4,13,2022/05/23,8,4,,
anthera.jp,,3,13,2018/05/14,7,8,,
akira-do.jp,,1,13,2023/05/27,8,3,,
agora-souzoku.jp,,3,13,2020/05/26,13,6,,
boomnagoya.jp,,3,13,2010/05/17,10,16,,
ads-wats.jp,,7,13,2022/05/01,8,4,,
bitflake.jp,,10,13,2010/05/31,8,16,,
bimakes-furniture.jp,,8,13,2013/05/17,17,13,,
bfo-inc.jp,,1,13,2020/05/19,7,6,,
aboutart.jp,,3,13,2011/05/19,8,15,,
17kaigo.jp,,5,13,2025/05/01,7,1,,
arcblock.jp,,4,13,2018/05/09,8,8,,
all-hands.jp,,8,13,2013/05/25,9,13,,
151-e.jp,,3,13,2021/05/24,5,5,,
sanyoju-recruit.jp,,3,13,2018/02/02,15,8,,
vnf.jp,,1,12,2025/05/22,3,1,,
gjn.jp,,1,12,2025/05/22,3,1,,
dlh.jp,,3,12,2013/05/06,3,13,,
uiy.jp,,1,12,2017/05/30,3,9,,
a2e.jp,,5,12,2015/05/29,3,11,,
高松デリヘル風俗求人.jp,,2,12,2013/05/12,10,13,,
筋トレでドーン.jp,,7,12,2019/05/02,7,7,,
海外fx比較.jp,,1,12,2012/05/22,6,14,,
ネット麻雀.jp,,5,12,2012/05/03,5,14,,
チャトレ.jp,,4,12,2025/05/09,4,1,,
うまかもん.jp,,1,12,2008/05/03,5,18,,
zontes.jp,,11,12,2025/05/01,6,1,,
zendokyo.jp,,1,12,2017/05/15,8,9,,
yseleven.jp,,4,12,2017/05/06,8,9,,
y-misora.jp,,4,12,2014/05/06,8,12,,
yane-110.jp,,3,12,2019/05/29,8,7,,
yamato-reform.jp,,5,12,2020/05/10,13,6,,
worshipleadershipacademy.jp,,5,12,2025/05/01,24,1,,
wiwiw.jp,,1,12,2008/05/26,5,18,,
食べもの.jp,,1,12,2004/05/28,4,22,,
with-ad.jp,,1,12,2017/05/04,7,9,,
ueshita.jp,,4,12,2013/05/22,7,13,,
tust.jp,,5,12,2025/05/01,4,1,,
tsf-chunichi.jp,,1,12,2018/05/29,12,8,,
ドラクエ.jp,,4,12,2001/05/28,4,25,,
total-dance-haoli.jp,,2,12,2014/05/22,17,12,,
センブリ.jp,,1,12,2013/05/09,4,13,,
エニックス.jp,,2,12,2001/05/28,5,25,,
tonooka.jp,,1,12,2025/05/10,7,1,,
theapark.jp,,3,12,2025/05/01,8,1,,
tb-otomodachi.jp,,6,12,2021/05/18,13,5,,
tayoshi.jp,,3,12,2023/05/25,7,3,,
tatewaki.jp,,9,12,2003/05/19,8,23,,
sunterrace-kanda.jp,,1,12,2018/05/21,16,8,,
steadfast.jp,,6,12,2024/05/09,9,2,,
startup-draft.jp,,3,12,2024/05/18,13,2,,
stair-kk.jp,,3,12,2020/05/15,8,6,,
spat4cp2025-2026.jp,,11,12,2025/05/14,16,1,,
walleco.jp,,6,12,2023/05/10,7,3,,
viage.jp,,5,12,2012/05/08,5,14,,
soleil-shibuya.jp,,12,12,2010/05/19,14,16,,
soba-kiharu.jp,,8,12,2015/05/01,11,11,,
smilering.jp,,1,12,2023/05/22,9,3,,
trust-in.jp,,11,12,2012/05/10,8,14,,
townssilk.jp,,3,12,2020/05/27,9,6,,
smile-parking.jp,,1,12,2018/05/23,13,8,,
smart-store.jp,,3,12,2024/05/28,11,2,,
tkso.jp,,2,12,2011/05/26,4,15,,
smart-relation.jp,,3,12,2023/05/18,14,3,,
s-leap.jp,,4,12,2015/05/14,6,11,,
shopagent.jp,,1,12,2018/05/14,9,8,,
shoes-ac.jp,,5,12,2025/05/01,8,1,,
takakenhome.jp,,13,12,2013/05/30,11,13,,
taisei-sangyo58.jp,,10,12,2019/05/15,15,7,,
supermarine.jp,,2,12,2017/05/25,11,9,,
shinshu-sake.jp,,13,12,2025/05/01,12,1,,
seito-souken.jp,,2,12,2018/05/21,12,8,,
rzsd.jp,,3,12,2023/05/20,4,3,,
ringwell.jp,,1,12,2021/05/09,8,5,,
rectro.jp,,9,12,2010/05/10,6,16,,
soratokito.jp,,9,12,2023/05/10,10,3,,
rankingoo.jp,,4,12,2020/05/23,9,6,,
r5kyodoshiryokan.jp,,2,12,2023/05/02,16,3,,
projectc.jp,,11,12,2025/05/01,8,1,,
pradol.jp,,5,12,2022/05/16,6,4,,
ppp999.jp,,1,12,2006/05/31,6,20,,
pmjc.jp,,2,12,2006/05/05,4,20,,
planetta.jp,,1,12,2019/05/30,8,7,,
patina.jp,,2,12,2014/05/01,6,12,,
otenki-boy.jp,,2,12,2019/05/30,10,7,,
oc-stg.jp,,3,12,2021/05/13,6,5,,
shin-osaka-sub.jp,,2,12,2024/05/23,14,2,,
shinka.jp,,5,12,2019/05/18,6,7,,
shiawase-enmusubi.jp,,2,12,2023/06/05,17,3,,
notrynolife.jp,,4,12,2023/05/13,11,3,,
saitama-konkatsu.jp,,1,12,2018/05/28,16,8,,
saga-arasiyama.jp,,12,12,2014/05/07,14,12,,
norikim.jp,,9,12,2014/05/20,7,12,,
ruson.jp,,8,12,2021/05/04,5,5,,
nibc.jp,,5,12,2020/05/02,4,6,,
rinaclinic.jp,,5,12,2010/06/08,10,16,,
ridecell.jp,,1,12,2021/05/10,8,5,,
nhags.jp,,4,12,2025/05/01,5,1,,
newmal.jp,,6,12,2020/05/31,6,6,,
neovation.jp,,2,12,2015/05/07,9,11,,
pwall.jp,,1,12,2010/05/14,5,16,,
nekoze.jp,,3,12,2023/05/20,6,3,,
n-air.jp,,3,12,2016/05/18,5,10,,
mygreengolf.jp,,6,12,2018/05/15,11,8,,
mutaguchi-seikei.jp,,5,12,2025/05/01,16,1,,
plus-wan.jp,,4,12,2025/05/06,8,1,,
montebootin.jp,,1,12,2020/05/19,11,6,,
miyazaki-filmfestival.jp,,10,12,2018/05/29,21,8,,
matsumuraiin.jp,,10,12,2025/05/01,12,1,,
okitamamed.jp,,1,12,2025/05/01,10,1,,
marvoco.jp,,7,12,2015/05/28,7,11,,
ntjcc.jp,,1,12,2013/05/13,5,13,,
n-pita.jp,,9,12,2020/05/21,6,6,,
maru-katsu.jp,,4,12,2008/05/02,10,18,,
luckypeople.jp,,3,12,2021/05/21,11,5,,
lipid-life-science.jp,,9,12,2022/05/18,18,4,,
leu-locati.jp,,1,12,2015/05/28,10,11,,
kyoto-comtec.jp,,1,12,2023/05/01,12,3,,
kwjsearch.jp,,2,12,2021/05/15,9,5,,
kura-ryokan.jp,,1,12,2014/05/19,11,12,,
nanairohoiku.jp,,15,12,2018/05/27,12,8,,
nakameguro-links.jp,,1,12,2018/05/11,16,8,,
kkassist.jp,,5,12,2023/05/25,8,3,,
myagg.jp,,2,12,2016/05/08,5,10,,
keyaki-sozoku.jp,,5,12,2025/05/01,13,1,,
kato-sr.jp,,1,12,2010/05/24,7,16,,
kaocara.jp,,4,12,2017/05/13,7,9,,
millea-net.jp,,4,12,2001/05/01,10,25,,
migi-ude.jp,,7,12,2019/05/10,8,7,,
mediap.jp,,2,12,2007/05/06,6,19,,
max-group.jp,,9,12,2019/06/10,9,7,,
kaikoudo.jp,,5,12,2024/05/22,8,2,,
kadai-kango.jp,,1,12,2025/05/01,11,1,,
jpallet.jp,,3,12,2021/05/11,7,5,,
jewelmiki.jp,,5,12,2025/05/01,9,1,,
j1004.jp,,3,12,2021/05/20,5,5,,
isigurosyoten.jp,,6,12,2025/05/01,13,1,,
linoanela.jp,,4,12,2024/05/27,9,2,,
liberte-square.jp,,5,12,2011/06/16,14,15,,
hyogo-sea-ranger.jp,,3,12,2025/05/01,16,1,,
hoyaboya.jp,,1,12,2019/05/16,8,7,,
honey-parasol.jp,,5,12,2023/05/25,13,3,,
kuukansetsukei.jp,,7,12,2005/05/13,14,21,,
holley.jp,,3,12,2021/05/19,6,5,,
healthtech.jp,,6,12,2010/05/12,10,16,,
globalsupplychain.jp,,3,12,2024/05/01,17,2,,
ketohare.jp,,14,12,2013/05/11,8,13,,
fukuoka-takeout.jp,,9,12,2020/05/15,15,6,,
fuji-acu.jp,,7,12,2014/05/22,8,12,,
free-news.jp,,8,12,2023/05/27,9,3,,
formlabs.jp,,1,12,2017/05/02,8,9,,
k-2net.jp,,8,12,2005/05/10,6,21,,
j-world.jp,,1,12,2025/05/22,7,1,,
juncommunity.jp,,4,12,2022/05/02,12,4,,
financialworks.jp,,1,12,2008/05/02,14,18,,
ferisu.jp,,3,12,2021/05/27,6,5,,
jbscompany.jp,,1,12,2017/05/19,10,9,,
jaagou.jp,,1,12,2014/05/29,6,12,,
exterior-riza.jp,,3,12,2023/05/15,13,3,,
elle-est-belle.jp,,7,12,2024/05/01,14,2,,
eagerbeaver.jp,,5,12,2024/05/13,11,2,,
dream-font.jp,,5,12,2025/05/01,10,1,,
dr-blue.jp,,5,12,2021/05/18,7,5,,
honda-tile.jp,,5,12,2011/05/24,10,15,,
donaru.jp,,5,12,2021/05/21,6,5,,
hoken-net.jp,,1,12,2003/05/28,9,23,,
dogsalonroukie.jp,,10,12,2023/05/20,14,3,,
glotech.jp,,9,12,2018/05/10,7,8,,
debon.jp,,1,12,2020/05/14,5,6,,
gimin.jp,,2,12,2021/05/11,5,5,,
gatherway.jp,,7,12,2018/05/08,9,8,,
creative-hill-minamiawaji.jp,,6,12,2023/05/28,25,3,,
creana.jp,,3,12,2022/05/15,6,4,,
coco-scratch.jp,,8,12,2021/05/16,12,5,,
cleanconcierge.jp,,8,12,2025/05/03,14,1,,
casion.jp,,3,12,2023/05/13,6,3,,
bs-luce.jp,,6,12,2007/05/10,7,19,,
browsergame.jp,,5,12,2025/05/05,11,1,,
englishschoolonline.jp,,1,12,2020/05/17,19,6,,
bluehole-shop.jp,,3,12,2008/05/05,13,18,,
binova-ec.jp,,3,12,2021/05/16,9,5,,
beauty-web.jp,,8,12,2008/05/27,10,18,,
banger-cp.jp,,7,12,2023/05/25,9,3,,
axy-group.jp,,1,12,2016/05/02,9,10,,
antler.jp,,7,12,2025/05/23,6,1,,
denshihyoryu.jp,,1,12,2019/05/20,12,7,,
akikuni.jp,,4,12,2018/05/31,7,8,,
datajudge.jp,,1,12,2006/05/25,9,20,,
ai-protx.jp,,3,12,2012/05/30,8,14,,
actic.jp,,7,12,2014/05/19,5,12,,
coupos.jp,,1,12,2017/05/15,6,9,,
0-net.jp,,1,12,2015/05/01,5,11,,
cidwebsys.jp,,3,12,2013/05/09,9,13,,
businessnews.jp,,5,12,2001/05/01,12,25,,
bstyleboxinggym.jp,,5,12,2020/05/11,15,6,,
boniq-map.jp,,3,12,2020/05/26,9,6,,
beejob.jp,,3,12,2019/05/14,6,7,,
assistbuild.jp,,9,12,2017/05/22,11,9,,
ammy-co.jp,,1,12,2013/05/22,7,13,,
amazon-co.jp,,6,12,2018/04/09,9,8,,
xiz.jp,,1,11,2025/05/13,3,1,,
szt.jp,,1,11,2021/05/22,3,5,,
rlv.jp,,3,11,2023/05/19,3,3,,
ezu.jp,,4,11,2001/05/11,3,25,,
s12.jp,,5,11,2025/05/18,3,1,,
ewi.jp,,1,11,2001/05/16,3,25,,
肉球新党.jp,,1,11,2017/05/23,4,9,,
東邦カード.jp,,2,11,2001/05/21,5,25,,
教室教材.jp,,12,11,2014/05/02,4,12,,
ハンサード.jp,,1,11,2015/05/08,5,11,,
zohome.jp,,9,11,2021/05/27,6,5,,
yuyururu.jp,,1,11,2020/05/07,8,6,,
yumiteikokujouhou.jp,,1,11,2019/05/14,17,7,,
yodesign.jp,,1,11,2013/05/21,8,13,,
yocchi.jp,,1,11,2023/05/05,6,3,,
yamasakitoyokomuseum.jp,,1,11,2018/05/10,20,8,,
yakiago-dashi.jp,,1,11,2022/05/11,13,4,,
xsta.jp,,11,11,2023/05/25,4,3,,
woodyandco.jp,,1,11,2023/05/17,10,3,,
west-style.jp,,1,11,2020/05/25,10,6,,
wanpaku-house.jp,,5,11,2020/05/08,13,6,,
waitress.jp,,1,11,2023/05/05,8,3,,
v-order.jp,,1,11,2020/05/29,7,6,,
アイネット.jp,,2,11,2011/05/26,5,15,,
zoozoozoo.jp,,3,11,2010/05/19,9,16,,
verdy-okayamaekimae.jp,,8,11,2024/05/11,19,2,,
valuea.jp,,3,11,2008/05/13,6,18,,
unso-design.jp,,1,11,2021/05/20,11,5,,
yumin.jp,,8,11,2005/05/24,5,21,,
uni-fle.jp,,3,11,2023/05/10,7,3,,
trid.jp,,1,11,2008/05/07,4,18,,
trg-auto.jp,,5,11,2025/05/01,8,1,,
travelalone.jp,,1,11,2025/05/09,11,1,,
toyz.jp,,7,11,2023/05/31,4,3,,
tojiru.jp,,1,11,2021/05/12,6,5,,
winstaff.jp,,9,11,2008/05/16,8,18,,
tenderhand.jp,,4,11,2025/05/01,10,1,,
tatsuki-scs.jp,,1,11,2020/05/28,11,6,,
sun69.jp,,1,11,2019/05/15,5,7,,
sugidoco.jp,,6,11,2020/05/05,8,6,,
studylab.jp,,1,11,2018/05/30,8,8,,
stresscare.jp,,2,11,2001/05/01,10,25,,
staygold8.jp,,2,11,2019/05/30,9,7,,
union33.jp,,1,11,2014/05/11,7,12,,
softbank光.jp,,3,11,2019/05/07,9,7,,
twogo.jp,,1,11,2011/05/09,5,15,,
tsuratan.jp,,2,11,2023/05/31,8,3,,
shokai.jp,,8,11,2007/05/11,6,19,,
shin-okinawataisou.jp,,1,11,2023/05/02,18,3,,
shinei11.jp,,4,11,2019/05/15,8,7,,
shareclothing.jp,,1,11,2021/05/10,13,5,,
sepromotion.jp,,3,11,2025/05/01,11,1,,
tobucompany-group.jp,,1,11,2020/05/29,17,6,,
tmc-factory.jp,,8,11,2014/05/14,11,12,,
teramotoshaft.jp,,3,11,2013/05/31,13,13,,
seirindo.jp,,5,11,2011/05/17,8,15,,
seeding.jp,,1,11,2016/05/03,7,10,,
taiyo-homes.jp,,4,11,2006/05/16,11,20,,
swelldream.jp,,1,11,2022/05/24,10,4,,
salon-may.jp,,1,11,2015/05/19,9,11,,
sakura-j.jp,,1,11,2020/05/19,8,6,,
sahara-group.jp,,2,11,2025/05/01,12,1,,
study4.jp,,2,11,2018/05/22,6,8,,
roboadvisor.jp,,1,11,2025/05/04,11,1,,
rip-suishohama.jp,,4,11,2018/05/16,14,8,,
sisleycosmetics.jp,,1,11,2005/05/30,15,21,,
sibu.jp,,10,11,2015/05/27,4,11,,
shungite.jp,,3,11,2016/05/18,8,10,,
rg194-tower.jp,,9,11,2025/05/01,11,1,,
reira.jp,,1,11,2024/05/08,5,2,,
shareholder.jp,,1,11,2021/05/21,11,5,,
reddishwave.jp,,5,11,2018/05/27,11,8,,
princessmarket.jp,,3,11,2019/05/17,14,7,,
pravayoga.jp,,2,11,2020/05/21,9,6,,
postcode.jp,,1,11,2025/05/27,8,1,,
peop.jp,,5,11,2020/05/25,4,6,,
onwa.jp,,8,11,2016/05/25,4,10,,
sanshin-ba.jp,,7,11,2025/05/01,10,1,,
oneworldnetwork.jp,,1,11,2013/05/27,15,13,,
no-face.jp,,3,11,2023/05/16,7,3,,
namba-hips.jp,,1,11,2015/05/01,10,11,,
naebo-riverside.jp,,1,11,2021/05/31,15,5,,
my-favorite.jp,,3,11,2025/05/01,11,1,,
mukuzaistudio.jp,,1,11,2013/05/28,13,13,,
mitsuboshi-fudosan-hiroo.jp,,9,11,2022/05/27,24,4,,
mira-cle.jp,,1,11,2017/05/24,8,9,,
queenconsort.jp,,1,11,2012/05/02,12,14,,
minou.jp,,7,11,2025/05/11,5,1,,
mimiraiah.jp,,1,11,2015/05/28,9,11,,
milestone-consulting.jp,,1,11,2021/05/26,20,5,,
photofes.jp,,6,11,2018/05/01,8,8,,
phone-fix.jp,,5,11,2021/05/17,9,5,,
mifareclassic.jp,,1,11,2015/05/15,13,11,,
ootoriya.jp,,1,11,2021/05/09,8,5,,
m-fa.jp,,8,11,2025/05/01,4,1,,
onstyle.jp,,4,11,2022/05/17,7,4,,
matadorjapan.jp,,1,11,2020/05/13,12,6,,
odate-utanohi.jp,,10,11,2023/05/15,13,3,,
mamacle.jp,,3,11,2017/05/01,7,9,,
noborisamurai.jp,,4,11,2016/05/18,13,10,,
nlcweb.jp,,4,11,2005/05/27,6,21,,
m2-c.jp,,5,11,2001/05/23,4,25,,
lvnw.jp,,1,11,2016/05/30,4,10,,
lidia.jp,,1,11,2024/05/09,5,2,,
leox8.jp,,2,11,2008/05/10,5,18,,
ms-jidosha.jp,,2,11,2018/05/03,10,8,,
mr-rental.jp,,4,11,2010/05/07,9,16,,
mizusawadk.jp,,1,11,2010/05/07,10,16,,
kznr.jp,,2,11,2012/05/09,4,14,,
kyuuhen-sos.jp,,1,11,2019/05/28,11,7,,
kyoto-umedu.jp,,14,11,2003/05/30,11,23,,
kutugatkou92.jp,,1,11,2017/05/05,12,9,,
kupon.jp,,3,11,2025/05/26,5,1,,
mi-c-center.jp,,6,11,2017/05/01,11,9,,
kjc2025-kumamoto.jp,,14,11,2025/05/08,16,1,,
kirin-style.jp,,12,11,2025/05/01,11,1,,
maruyamakaisan.jp,,15,11,2016/05/27,14,10,,
kinnikubento.jp,,1,11,2020/05/19,12,6,,
kikuchihiroshi.jp,,2,11,2012/05/09,14,14,,
kensaka.jp,,4,11,2021/05/20,7,5,,
littlehands.jp,,1,11,2006/05/20,11,20,,
kasuga-kanko.jp,,1,11,2021/05/25,12,5,,
kamikura.jp,,2,11,2001/05/21,8,25,,
jinzaiguide.jp,,1,11,2020/05/11,11,6,,
laccord.jp,,7,11,2013/05/08,7,13,,
jigemon.jp,,3,11,2014/05/09,7,12,,
jcs-entertainment.jp,,1,11,2018/05/18,17,8,,
j1j1.jp,,1,11,2011/05/19,4,15,,
ippin-sukagawa.jp,,12,11,2025/05/01,14,1,,
kusano-ss.jp,,4,11,2008/05/09,9,18,,
iphone-docomo.jp,,2,11,2013/05/08,13,13,,
kms1.jp,,3,11,2021/05/14,4,5,,
invest-index.jp,,1,11,2018/05/08,12,8,,
i-mcx.jp,,3,11,2015/05/02,5,11,,
imbriz.jp,,1,11,2022/05/12,6,4,,
homepc.jp,,1,11,2001/05/22,6,25,,
hoiku-sapporo.jp,,11,11,2021/05/09,13,5,,
hiroshima-kaigo.jp,,6,11,2016/05/02,15,10,,
kashimaes.jp,,1,11,2019/05/02,9,7,,
hellorealworld.jp,,3,11,2019/05/24,14,7,,
kamikawana.jp,,3,11,2016/05/02,10,10,,
jyuujiya-saiyou.jp,,1,11,2019/05/10,15,7,,
heating.jp,,1,11,2025/05/11,7,1,,
haloconnect.jp,,3,11,2023/05/02,11,3,,
hako-niwa.jp,,1,11,2003/05/13,9,23,,
gut358.jp,,1,11,2021/05/02,6,5,,
gthd.jp,,6,11,2018/05/25,4,8,,
growsupport.jp,,3,11,2024/05/28,11,2,,
go-forth.jp,,1,11,2018/05/30,8,8,,
gitch.jp,,4,11,2013/05/01,5,13,,
ginza-gift.jp,,5,11,2021/05/27,10,5,,
honshiba.jp,,4,11,2002/05/17,8,24,,
gh-le-clos.jp,,8,11,2023/05/29,10,3,,
home-code.jp,,5,11,2021/05/14,9,5,,
genki-kaz.jp,,1,11,2018/05/06,9,8,,
fuugamori.jp,,4,11,2014/05/05,9,12,,
herba-tpo.jp,,1,11,2019/05/28,9,7,,
fujinumazoen.jp,,2,11,2010/05/12,12,16,,
freiheit-web.jp,,1,11,2016/05/16,12,10,,
fpk2017.jp,,8,11,2020/05/04,7,6,,
fortune-house.jp,,3,11,2022/05/11,13,4,,
floating-inc.jp,,1,11,2017/05/08,12,9,,
fc-kokonoe-coffee.jp,,11,11,2022/05/20,17,4,,
expo2016.jp,,8,11,2022/05/17,8,4,,
greatwall.jp,,4,11,2003/05/29,9,23,,
greatshaft.jp,,1,11,2020/06/12,10,6,,
everydayonce.jp,,3,11,2025/05/01,12,1,,
e-setsuzei.jp,,3,11,2009/05/19,10,17,,
eosys.jp,,8,11,2025/05/27,5,1,,
donut.jp,,8,11,2007/05/28,5,19,,
digisite.jp,,6,11,2025/05/07,8,1,,
deaikeisagi.jp,,1,11,2017/05/25,11,9,,
daijyoubu.jp,,4,11,2016/05/06,9,10,,
daifuku-waterjet.jp,,3,11,2005/05/31,16,21,,
crystalwave.jp,,2,11,2025/05/26,11,1,,
coralfarm.jp,,1,11,2022/05/14,9,4,,
coned.jp,,5,11,2017/05/09,5,9,,
conceptnet.jp,,1,11,2017/05/04,10,9,,
chiyodaopera.jp,,6,11,2025/05/01,12,1,,
chamcham.jp,,3,11,2025/05/30,8,1,,
etou-design.jp,,8,11,2004/05/07,11,22,,
cascade-online.jp,,1,11,2019/05/15,14,7,,
callscope.jp,,7,11,2014/05/12,9,12,,
eigyo-tatsujin.jp,,1,11,2020/05/26,14,6,,
break-point.jp,,2,11,2021/05/10,11,5,,
digisol.jp,,3,11,2004/05/20,7,22,,
bravoch.jp,,9,11,2024/05/26,7,2,,
boardgame.jp,,3,11,2024/05/26,9,2,,
benriya-sato.jp,,1,11,2018/05/02,12,8,,
asabe-home.jp,,10,11,2017/05/22,10,9,,
cydb.jp,,3,11,2006/05/06,4,20,,
cyberplus.jp,,1,11,2013/05/24,9,13,,
arinc.jp,,1,11,2019/05/10,5,7,,
are-matome.jp,,1,11,2024/05/14,10,2,,
anaumekun.jp,,2,11,2015/05/15,9,11,,
agriworks.jp,,1,11,2016/05/01,9,10,,
comuto.jp,,4,11,2007/05/15,6,19,,
colorm.jp,,3,11,2021/05/23,6,5,,
clear-pos.jp,,3,11,2021/05/27,9,5,,
1columbus.jp,,1,11,2006/05/10,9,20,,
butaikangeki.jp,,1,11,2021/06/08,12,5,,
bookie.jp,,1,11,2025/05/14,6,1,,
bht-co.jp,,1,11,2024/05/10,6,2,,
atoriesou.jp,,2,11,2016/05/28,9,10,,
ariakegrp.jp,,6,11,2008/05/26,9,18,,
areademo.jp,,2,11,2002/05/31,8,24,,
aptonia.jp,,5,11,2005/05/04,7,21,,
anshin7119.jp,,1,11,2010/05/06,10,16,,
amanacontents.jp,,2,11,2015/05/07,13,11,,
amafacon.jp,,1,11,2018/05/31,8,8,,
3concepteyes.jp,,1,11,2013/05/10,12,13,,
xwa.jp,,1,10,2019/05/19,3,7,,
辞典.jp,,2,10,2001/05/21,2,25,,
vvq.jp,,3,10,2023/05/11,3,3,,
動画seo.jp,,1,10,2018/05/09,5,8,,
石垣島ダイビング.jp,,1,10,2013/05/09,8,13,,
ほったや.jp,,6,10,2018/05/01,4,8,,
ひもろぎ.jp,,1,10,2015/05/03,4,11,,
あさくさ.jp,,1,10,2025/05/10,4,1,,
zing.jp,,1,10,2001/05/08,4,25,,
zentoyoyo.jp,,4,10,2019/05/15,9,7,,
yourconsult.jp,,1,10,2018/05/14,11,8,,
yatsushiro-cashlesscampaign.jp,,8,10,2025/05/27,27,1,,
yamazakinorin.jp,,1,10,2015/05/20,13,11,,
xracademy.jp,,10,10,2018/05/09,9,8,,
xadventures.jp,,1,10,2018/05/07,11,8,,
wonderbrain.jp,,1,10,2025/05/07,11,1,,
wheretobuy.jp,,1,10,2025/05/07,10,1,,
wandai-kougen.jp,,7,10,2025/05/01,13,1,,
wakouworld.jp,,1,10,2021/05/24,10,5,,
vocation.jp,,5,10,2023/05/28,8,3,,
ドットコム.jp,,1,10,2025/05/27,5,1,,
unsolo.jp,,4,10,2021/05/13,6,5,,
union-bright.jp,,12,10,2013/05/02,12,13,,
tumupiro.jp,,1,10,2025/05/13,8,1,,
toyofarm.jp,,1,10,2013/05/09,8,13,,
yogaclub.jp,,3,10,2017/05/06,8,9,,
towaz.jp,,1,10,2025/05/10,5,1,,
to-bugyo.jp,,1,10,2016/05/13,8,10,,
tlcpet.jp,,1,10,2003/05/15,6,23,,
tkt-beauty.jp,,6,10,2020/05/26,10,6,,
t-angle.jp,,3,10,2019/05/30,7,7,,
takamidai.jp,,1,10,2019/05/26,9,7,,
weldon.jp,,3,10,2017/05/29,6,9,,
tage-skin.jp,,4,10,2024/05/09,9,2,,
taan.jp,,5,10,2016/05/24,4,10,,
vssw.jp,,1,10,2021/05/04,4,5,,
sukeblog.jp,,2,10,2019/05/21,8,7,,
vivendigames.jp,,2,10,2010/05/01,12,16,,
vashi.jp,,3,10,2014/05/08,5,12,,
urerukoukoku.jp,,4,10,2008/05/01,12,18,,
starke.jp,,1,10,2025/05/09,6,1,,
spidy.jp,,5,10,2025/05/12,5,1,,
soleil-takadanobaba.jp,,8,10,2010/05/19,19,16,,
tsumugu-inc.jp,,1,10,2019/05/24,11,7,,
soarcorp.jp,,3,10,2025/05/01,8,1,,
smart-asset.jp,,1,10,2014/05/13,11,12,,
tokyohelp.jp,,1,10,2019/05/12,9,7,,
shunran.jp,,3,10,2014/05/13,7,12,,
shiroyamahoikuen.jp,,2,10,2020/05/27,16,6,,
sharoushi-navi.jp,,9,10,2014/05/17,14,12,,
tech-swat.jp,,3,10,2022/05/09,9,4,,
shachou.jp,,3,10,2018/05/22,7,8,,
takamoto-shoji.jp,,1,10,2021/05/15,14,5,,
sgraphy.jp,,1,10,2015/05/12,7,11,,
sapporo-guesthouse.jp,,1,10,2014/05/02,18,12,,
sapporo-bizsupport.jp,,1,10,2021/05/06,18,5,,
santosha.jp,,8,10,2014/05/31,8,12,,
rise-hr.jp,,1,10,2008/05/02,7,18,,
rehasul.jp,,7,10,2025/05/23,7,1,,
reborn-m.jp,,6,10,2024/05/05,8,2,,
quick-click.jp,,1,10,2021/05/08,11,5,,
p-solid.jp,,2,10,2016/05/01,7,10,,
s-mail.jp,,3,10,2006/05/31,6,20,,
prjapan21.jp,,11,10,2025/05/01,9,1,,
previsions.jp,,1,10,2021/05/28,10,5,,
portal-web.jp,,1,10,2021/05/19,10,5,,
portal-3.jp,,2,10,2014/05/09,8,12,,
petatto.jp,,1,10,2022/05/11,7,4,,
senryoku.jp,,3,10,2025/05/13,8,1,,
seitai-hikari.jp,,1,10,2019/05/16,13,7,,
sawadacoffee.jp,,1,10,2016/05/14,12,10,,
parkhills-ske.jp,,2,10,2013/05/10,13,13,,
os-kashiwa.jp,,2,10,2023/05/20,10,3,,
onsite-labo.jp,,2,10,2022/05/02,11,4,,
saito-syouji.jp,,2,10,2021/05/26,12,5,,
saitama-alltoyota.jp,,8,10,2012/05/01,17,14,,
rydk.jp,,1,10,2018/05/15,4,8,,
officeaya.jp,,5,10,2025/05/27,9,1,,
ripfare.jp,,1,10,2008/05/07,7,18,,
relacon.jp,,4,10,2023/05/11,7,3,,
o-alpha-rise.jp,,1,10,2016/05/15,12,10,,
naviapps.jp,,3,10,2011/05/11,8,15,,
rebath.jp,,5,10,2020/05/01,6,6,,
quorn.jp,,1,10,2015/05/27,5,11,,
naturyplus.jp,,1,10,2020/05/12,10,6,,
nami-hs.jp,,3,10,2021/05/12,7,5,,
projectx.jp,,1,10,2025/05/26,8,1,,
nakatombetsublog.jp,,10,10,2017/05/22,16,9,,
nagano-chingin.jp,,1,10,2014/05/13,14,12,,
mucher.jp,,5,10,2020/05/18,6,6,,
motmotbeauty.jp,,1,10,2014/05/20,12,12,,
playfacto.jp,,1,10,2012/05/30,9,14,,
pizzeriaicaro.jp,,3,10,2017/05/23,13,9,,
pipeman946.jp,,5,10,2020/05/27,10,6,,
moteco-co.jp,,1,10,2015/05/18,9,11,,
mindful-life.jp,,1,10,2025/05/10,12,1,,
micolla.jp,,1,10,2017/05/12,7,9,,
ortho-expert.jp,,5,10,2016/05/09,12,10,,
metalforest.jp,,3,10,2023/05/02,11,3,,
off-line.jp,,1,10,2025/05/22,8,1,,
maxim-sp.jp,,2,10,2013/05/20,8,13,,
marketing-start.jp,,4,10,2021/05/18,15,5,,
nyuuin-passport.jp,,5,10,2021/05/19,15,5,,
newisland.jp,,1,10,2013/05/04,9,13,,
manaby.jp,,1,10,2025/05/09,6,1,,
machida-pcrstation.jp,,9,10,2025/05/01,18,1,,
localworker.jp,,1,10,2023/05/18,11,3,,
nakagawashoten.jp,,5,10,2017/05/18,14,9,,
linkum.jp,,5,10,2025/05/06,6,1,,
mugen-gp.jp,,11,10,2018/05/04,8,8,,
learningbrain.jp,,1,10,2008/05/05,13,18,,
mr-brain.jp,,1,10,2009/05/08,8,17,,
leading-with.jp,,4,10,2019/05/27,12,7,,
kr-gourmet.jp,,1,10,2017/05/09,10,9,,
koto-okaimono-premium2024.jp,,10,10,2025/05/01,25,1,,
miramira.jp,,8,10,2013/05/15,8,13,,
kogai.jp,,1,10,2016/05/02,5,10,,
minamifudosan.jp,,8,10,2002/05/16,13,24,,
mikata-juku.jp,,5,10,2016/05/30,11,10,,
kodaikoko-enc.jp,,1,10,2020/05/21,13,6,,
klavis.jp,,2,10,2016/05/06,6,10,,
kitanaka-kazuo.jp,,2,10,2023/05/11,14,3,,
kbk-dj.jp,,1,10,2023/05/16,6,3,,
maori.jp,,4,10,2024/05/02,5,2,,
karimera.jp,,3,10,2025/05/04,8,1,,
kangaeru.jp,,1,10,2016/05/26,8,10,,
lupinus-salon.jp,,1,10,2018/05/09,13,8,,
kamty.jp,,5,10,2025/05/01,5,1,,
kamikazari.jp,,6,10,2024/05/21,10,2,,
lebanner.jp,,1,10,2024/05/05,8,2,,
jschn31.jp,,10,10,2023/05/01,7,3,,
intect.jp,,5,10,2024/05/17,6,2,,
l14-engineering.jp,,3,10,2020/05/09,15,6,,
ing-ctor.jp,,1,10,2021/05/13,8,5,,
infinity-k-partners.jp,,7,10,2014/05/01,19,12,,
i-kumiai.jp,,1,10,2013/05/10,8,13,,
ibc-vip.jp,,8,10,2016/05/11,7,10,,
homeys.jp,,3,10,2016/05/29,6,10,,
h-kikaku.jp,,8,10,2016/05/10,8,10,,
kg-axia-2020.jp,,1,10,2021/05/16,12,5,,
kgao.jp,,1,10,2016/05/17,4,10,,
keiyakukankei.jp,,7,10,2017/05/06,13,9,,
hitosi.jp,,4,10,2001/05/27,6,25,,
kayoni.jp,,1,10,2017/05/13,6,9,,
hirakawashoji-amuse.jp,,1,10,2015/05/01,19,11,,
heiwasyouji.jp,,8,10,2012/05/11,11,14,,
hangar.jp,,6,10,2021/05/14,6,5,,
haegiwa.jp,,9,10,2025/05/25,7,1,,
gomitre.jp,,3,10,2023/05/23,7,3,,
jobnet-yokohama.jp,,4,10,2010/05/07,15,16,,
jewelrycoupon.jp,,1,10,2017/05/22,13,9,,
j-balletworks.jp,,3,10,2014/05/21,13,12,,
isokasseika.jp,,1,10,2012/05/12,11,14,,
gcscorp.jp,,1,10,2017/05/15,7,9,,
garage-car.jp,,6,10,2015/05/14,10,11,,
furusato-ako.jp,,6,10,2022/05/09,12,4,,
fofortune.jp,,1,10,2014/05/08,9,12,,
flavan.jp,,1,10,2003/05/09,6,23,,
hunterhunter.jp,,4,10,2014/05/27,12,12,,
houseinnovation-recruit.jp,,4,10,2018/05/23,23,8,,
fkng.jp,,1,10,2017/05/22,4,9,,
finaldeo.jp,,12,10,2025/05/30,8,1,,
fgap.jp,,1,10,2023/05/04,4,3,,
extrak.jp,,3,10,2016/05/11,6,10,,
everyones-home.jp,,2,10,2023/05/22,14,3,,
emergencyinc.jp,,6,10,2008/05/27,12,18,,
hakatamasala.jp,,1,10,2013/05/22,12,13,,
elevenhundred.jp,,4,10,2021/05/21,13,5,,
gym-spicy.jp,,4,10,2019/05/08,9,7,,
gunma-memory.jp,,5,10,2007/05/23,12,19,,
grenzgaenger-shop.jp,,1,10,2020/05/15,17,6,,
goroda.jp,,1,10,2020/05/11,6,6,,
edo-yoshiwara.jp,,1,10,2017/05/15,13,9,,
godokikaku.jp,,2,10,2013/05/06,10,13,,
edokomachi.jp,,1,10,2008/05/22,10,18,,
e-debit.jp,,6,10,2025/05/01,7,1,,
dscom.jp,,1,10,2013/05/29,5,13,,
fureai-kan.jp,,4,10,2012/05/30,10,14,,
dlcc.jp,,6,10,2021/05/10,4,5,,
digging.jp,,3,10,2023/05/28,7,3,,
daikou-saiyo.jp,,2,10,2025/05/01,12,1,,
coltz.jp,,1,10,2017/05/09,5,9,,
cocoron-foulee.jp,,1,10,2019/05/07,14,7,,
clearsky-japan.jp,,9,10,2021/05/14,14,5,,
cityhotels.jp,,1,10,2021/05/19,10,5,,
enjoy-fx.jp,,3,10,2015/05/25,8,11,,
cashless-only.jp,,2,10,2024/05/28,13,2,,
cashim.jp,,1,10,2024/05/27,6,2,,
carsq.jp,,6,10,2016/05/08,5,10,,
cannedbeer.jp,,4,10,2023/05/16,10,3,,
bons-store.jp,,5,10,2021/05/24,10,5,,
ebcbrakesdirect.jp,,1,10,2020/05/15,15,6,,
bluebamboo.jp,,3,10,2004/05/12,10,22,,
dqcqp589taskyahoo.jp,,1,10,2021/05/14,17,5,,
black-moon.jp,,6,10,2019/05/03,10,7,,
biohacking.jp,,1,10,2025/05/10,10,1,,
difrax.jp,,1,10,2010/05/11,6,16,,
dgfami.jp,,3,10,2006/05/15,6,20,,
bikesjapan.jp,,2,10,2021/05/28,10,5,,
best1.jp,,3,10,2009/05/25,5,17,,
baytrans.jp,,8,10,2021/05/18,8,5,,
cmcmarket.jp,,1,10,2007/05/19,9,19,,
auひかりキャンペーン.jp,,3,10,2019/05/07,11,7,,
ckt-recruit.jp,,10,10,2022/05/20,11,4,,
auriel.jp,,1,10,2021/05/12,6,5,,
circleliners.jp,,1,10,2004/05/07,12,22,,
cebu-golf.jp,,3,10,2021/05/01,9,5,,
atelier-sucre.jp,,6,10,2024/05/06,13,2,,
assist-int.jp,,5,10,2020/05/01,10,6,,
asnico.jp,,1,10,2025/05/05,6,1,,
bxi-cloud.jp,,1,10,2016/05/18,9,10,,
bumkitch.jp,,2,10,2017/05/26,8,9,,
applipo.jp,,1,10,2021/05/16,7,5,,
alfa-romeo.jp,,3,10,2001/05/10,10,25,,
aim-office.jp,,1,10,2006/05/17,10,20,,
aidea.jp,,2,10,2025/05/01,5,1,,
aga-chiryou.jp,,2,10,2025/05/26,11,1,,
advancesystem.jp,,1,10,2012/05/17,13,14,,
adgraph.jp,,3,10,2011/05/15,7,15,,
8hiro.jp,,5,10,2009/05/27,5,17,,
3754.jp,,9,10,2021/05/18,4,5,,
atopimate.jp,,7,10,2021/05/24,9,5,,
areainc.jp,,1,10,2017/05/02,7,9,,
anini.jp,,3,10,2007/05/05,5,19,,
amisuite.jp,,1,10,2014/05/16,8,12,,
amazon-prime.jp,,4,10,2024/05/28,12,2,,
alconlabs.jp,,4,10,2008/05/14,9,18,,
店舗や.jp,,3,9,2016/05/19,3,10,,
塚本.jp,,1,9,2010/05/17,2,16,,
しらす.jp,,3,9,2013/05/25,3,13,,
twz.jp,,1,9,2001/05/07,3,25,,
rzm.jp,,3,9,2025/05/03,3,1,,
rna.jp,,3,9,2025/05/09,3,1,,
dct.jp,,3,9,2024/05/01,3,2,,
1q3.jp,,1,9,2021/05/27,3,5,,
簿記検定.jp,,5,9,2007/05/31,4,19,,
分割払い通販.jp,,2,9,2016/05/02,6,10,,
大分ニャンたろう.jp,,6,9,2016/05/11,8,10,,
即日発送通販.jp,,3,9,2016/05/02,6,10,,
フローリング.jp,,1,9,2024/05/29,6,2,,
チケット.jp,,1,9,2014/05/01,4,12,,
zakkan.jp,,1,9,2020/05/24,6,6,,
yokohama-wine.jp,,12,9,2021/05/17,13,5,,
x-shape.jp,,8,9,2019/05/28,7,7,,
wineandbeer.jp,,1,9,2016/05/26,11,10,,
wecheer.jp,,1,9,2020/05/06,7,6,,
wakano.jp,,1,9,2024/05/04,6,2,,
urikaku.jp,,1,9,2024/05/08,7,2,,
tryon.jp,,7,9,2011/05/30,5,15,,
ところてん.jp,,1,9,2006/05/22,5,20,,
trash2treasure.jp,,1,9,2019/05/09,14,7,,
zsenie.jp,,1,9,2017/05/09,6,9,,
zokkon.jp,,1,9,2018/05/15,6,8,,
tonykartracing.jp,,5,9,2025/05/01,14,1,,
tonique.jp,,12,9,2025/05/12,7,1,,
yachisinkyuin.jp,,1,9,2020/05/26,13,6,,
tirewheel-size.jp,,1,9,2025/05/01,14,1,,
wrangler.jp,,1,9,2021/05/01,8,5,,
tipani.jp,,5,9,2019/05/13,6,7,,
westg-asahihanbai-saiyo.jp,,1,9,2019/05/20,23,7,,
theclimb.jp,,3,9,2023/05/06,8,3,,
takuhoku.jp,,1,9,2007/05/25,8,19,,
studypilot.jp,,1,9,2023/05/04,10,3,,
sr-osakaminami.jp,,8,9,2025/05/01,14,1,,
urbandecaymakeup.jp,,1,9,2010/05/18,16,16,,
unikum.jp,,1,9,2011/05/04,6,15,,
sp-shindan.jp,,1,9,2016/05/23,10,10,,
sogo-seibu-sks.jp,,4,9,2018/05/09,14,8,,
smokeland.jp,,3,9,2021/05/14,9,5,,
smartkitchen.jp,,3,9,2024/05/21,12,2,,
smallhotel.jp,,3,9,2020/05/08,10,6,,
sdjw.jp,,1,9,2015/05/07,4,11,,
scop-wakayama.jp,,1,9,2023/05/19,13,3,,
schoolgirl.jp,,7,9,2023/05/16,10,3,,
taiyo-logi-inc.jp,,5,9,2021/05/28,14,5,,
switchekimae.jp,,2,9,2021/05/22,12,5,,
superclean-z.jp,,1,9,2012/05/28,12,14,,
sunorange.jp,,1,9,2001/05/21,9,25,,
runjog.jp,,1,9,2013/05/21,6,13,,
ringo0080.jp,,3,9,2017/05/12,9,9,,
solesole.jp,,1,9,2014/05/18,8,12,,
researchworks.jp,,1,9,2025/05/08,13,1,,
rawfooddiet.jp,,1,9,2012/05/29,11,14,,
rainorshine.jp,,4,9,2025/05/03,11,1,,
quatrefoil.jp,,4,9,2025/05/07,10,1,,
sloft.jp,,1,9,2005/05/02,5,21,,
prism7.jp,,1,9,2013/05/22,6,13,,
silicon-circle.jp,,1,9,2014/01/21,14,12,,
siliconcircle.jp,,1,9,2014/01/21,13,12,,
prettythings.jp,,4,9,2020/05/28,12,6,,
presidente.jp,,7,9,2025/05/22,10,1,,
pqmt.jp,,1,9,2014/05/09,4,12,,
schooleye.jp,,2,9,2012/05/08,9,14,,
schoneseele.jp,,6,9,2013/05/27,11,13,,
ppkiwami.jp,,6,9,2018/05/18,8,8,,
polychrome.jp,,2,9,2024/05/28,10,2,,
plazaeast.jp,,1,9,2017/05/03,9,9,,
pikari.jp,,3,9,2025/05/23,6,1,,
piashop.jp,,5,9,2010/05/25,7,16,,
perco.jp,,1,9,2021/05/06,5,5,,
privatestructure.jp,,1,9,2017/05/31,16,9,,
peace-tokyo.jp,,7,9,2025/05/01,11,1,,
oto-p.jp,,1,9,2015/05/12,5,11,,
onopoint.jp,,7,9,2023/05/15,8,3,,
oneget.jp,,1,9,2025/05/11,6,1,,
office-creation.jp,,1,9,2012/05/23,15,14,,
nsc1.jp,,4,9,2012/05/25,4,14,,
nightcollection.jp,,1,9,2025/05/16,15,1,,
netaba.jp,,1,9,2016/05/11,6,10,,
nakayoshizukou.jp,,4,9,2011/05/15,14,15,,
nakae-pat.jp,,1,9,2020/05/16,9,6,,
paintyourlife.jp,,8,9,2018/05/09,13,8,,
our-place.jp,,1,9,2013/05/13,9,13,,
mypower.jp,,2,9,2015/05/01,7,11,,
osakana-tsudashouten.jp,,1,9,2020/05/13,20,6,,
oomaki-housei.jp,,6,9,2020/05/22,13,6,,
msk-s.jp,,2,9,2006/05/12,5,20,,
movie-lab.jp,,1,9,2024/05/16,9,2,,
mono-japan.jp,,1,9,2018/05/18,10,8,,
miyage.jp,,2,9,2025/05/01,6,1,,
mioto.jp,,1,9,2025/05/07,5,1,,
n-koho.jp,,8,9,2012/05/26,6,14,,
nikko-shoji.jp,,3,9,2010/05/21,11,16,,
microgreen.jp,,4,9,2025/05/01,10,1,,
new-nft.jp,,1,9,2022/05/25,7,4,,
meilan.jp,,8,9,2013/05/07,6,13,,
mandarino.jp,,5,9,2021/05/08,9,5,,
malapa.jp,,6,9,2022/05/21,6,4,,
maisonboutique.jp,,3,9,2020/05/26,14,6,,
my-iqos.jp,,2,9,2014/05/31,7,12,,
myflow.jp,,4,9,2025/05/08,6,1,,
musashinohouse.jp,,4,9,2021/05/03,14,5,,
littlegirl.jp,,1,9,2023/05/26,10,3,,
lenovo-evolve.jp,,1,9,2021/05/31,13,5,,
kunrencenter.jp,,2,9,2025/05/01,12,1,,
kridge.jp,,1,9,2016/05/09,6,10,,
koshi-net.jp,,1,9,2013/05/31,9,13,,
koenavi.jp,,3,9,2024/05/29,7,2,,
kir-event.jp,,7,9,2019/05/23,9,7,,
med64.jp,,1,9,2002/05/13,5,24,,
maynail.jp,,6,9,2019/05/10,7,7,,
key-co.jp,,1,9,2019/05/23,6,7,,
kein.jp,,2,9,2001/05/01,4,25,,
kamesei-food.jp,,5,9,2014/05/14,12,12,,
love4.jp,,1,9,2004/05/05,5,22,,
long-hoken.jp,,7,9,2010/05/13,10,16,,
jukensei.jp,,1,9,2012/05/16,8,14,,
litc.jp,,1,9,2007/05/02,4,19,,
link-sp.jp,,1,9,2021/05/27,7,5,,
link-foods.jp,,4,9,2019/05/15,10,7,,
leone-inc.jp,,1,9,2016/05/26,9,10,,
jspen-metro2025.jp,,3,9,2024/05/08,15,2,,
izumiotsu-premium.jp,,1,9,2019/05/16,17,7,,
iyasian.jp,,3,9,2023/05/16,7,3,,
iphonelikers.jp,,2,9,2022/05/02,12,4,,
konohamusubi.jp,,6,9,2020/05/13,12,6,,
imedic.jp,,1,9,2015/05/21,6,11,,
iizura.jp,,10,9,2023/05/30,6,3,,
hypelink.jp,,4,9,2022/05/23,8,4,,
hospital-inn.jp,,1,9,2013/05/07,12,13,,
hospitalinn.jp,,1,9,2013/05/07,11,13,,
hooters-wifi.jp,,1,9,2015/05/12,12,11,,
hitoeni-beauty.jp,,4,9,2023/05/12,14,3,,
isaolink.jp,,1,9,2023/05/03,8,3,,
hirumano.jp,,1,9,2008/05/04,8,18,,
healme.jp,,1,9,2017/05/08,6,9,,
happy-island.jp,,11,9,2022/05/16,12,4,,
ilise.jp,,4,9,2009/05/01,5,17,,
g-swell.jp,,1,9,2008/05/28,7,18,,
godblessyou.jp,,3,9,2022/05/04,11,4,,
hsks.jp,,1,9,2017/05/11,4,9,,
gochinavi.jp,,7,9,2025/05/01,9,1,,
girlspicks.jp,,3,9,2025/05/22,10,1,,
gensen-mitsumori.jp,,1,9,2025/05/06,16,1,,
foodin.jp,,1,9,2024/05/27,6,2,,
flexonline.jp,,6,9,2025/05/09,10,1,,
higashioosaka.jp,,6,9,2011/05/12,13,15,,
elite-recruit.jp,,2,9,2023/05/01,13,3,,
eco-samurai.jp,,1,9,2021/05/20,11,5,,
harvestinfo.jp,,4,9,2018/05/09,11,8,,
ecolinc.jp,,1,9,2021/05/09,7,5,,
hangs.jp,,1,9,2022/05/21,5,4,,
hagukumuhouse.jp,,3,9,2018/05/14,13,8,,
dclogistics.jp,,1,9,2016/05/12,11,10,,
gsjapan.jp,,3,9,2018/05/21,7,8,,
davincitokyo.jp,,5,9,2020/05/27,12,6,,
csls.jp,,3,9,2016/05/23,4,10,,
craft-work.jp,,7,9,2005/05/26,10,21,,
cosme-info.jp,,3,9,2025/05/06,10,1,,
frezzor.jp,,1,9,2011/05/07,7,15,,
con-text.jp,,1,9,2019/05/07,8,7,,
consulting-gate.jp,,3,9,2023/05/11,15,3,,
fine-therapy.jp,,1,9,2017/05/29,12,9,,
este-yim.jp,,3,9,2019/05/15,8,7,,
clubwalker.jp,,1,9,2014/05/09,10,12,,
circle-coaching.jp,,5,9,2021/05/24,15,5,,
californiadown.jp,,12,9,2025/05/01,14,1,,
ec-cherry.jp,,4,9,2020/05/09,9,6,,
doctorstation.jp,,5,9,2020/05/21,13,6,,
designoffice-clip.jp,,9,9,2021/05/14,17,5,,
bonheure.jp,,5,9,2014/05/29,8,12,,
blueswallow.jp,,1,9,2021/05/16,11,5,,
daimler-ag.jp,,1,9,2007/05/15,10,19,,
biz-athlete.jp,,2,9,2015/05/27,11,11,,
beringwatch.jp,,1,9,2012/05/24,11,14,,
asunet.jp,,3,9,2019/05/09,6,7,,
assistnet-coop.jp,,1,9,2019/05/09,14,7,,
arwork.jp,,7,9,2016/05/20,6,10,,
aresore.jp,,2,9,2003/05/27,7,23,,
clubalpha.jp,,5,9,2022/05/10,9,4,,
clearcrest.jp,,13,9,2025/05/23,10,1,,
ajssa.jp,,1,9,2019/05/15,5,7,,
ciel-salon.jp,,1,9,2015/06/16,10,11,,
chinainspection.jp,,1,9,2008/05/27,15,18,,
aikidou.jp,,10,9,2018/05/08,7,8,,
aichi-kashigakuen.jp,,5,9,2025/05/01,17,1,,
academyonline.jp,,2,9,2020/05/20,13,6,,
88style.jp,,4,9,2023/05/03,7,3,,
3kurashi.jp,,1,9,2020/05/11,8,6,,
argosenergies.jp,,1,9,2012/05/14,13,14,,
akiog.jp,,5,9,2022/05/20,5,4,,
aixen.jp,,1,9,2012/05/15,5,14,,
aiwest.jp,,6,9,2004/05/21,6,22,,
dnp-display.jp,,1,9,2002/09/27,11,24,,
vfa.jp,,1,8,2025/05/17,3,1,,
tuk.jp,,1,8,2008/05/22,3,18,,
pqr.jp,,1,8,2007/05/06,3,19,,
pna.jp,,1,8,2025/05/02,3,1,,
10d.jp,,3,8,2024/05/15,3,2,,
芯.jp,,3,8,2019/05/05,1,7,,
巨乳.jp,,1,8,2025/05/13,2,1,,
経済指標.jp,,11,8,2012/05/22,4,14,,
クーポン集客.jp,,3,8,2018/05/09,6,8,,
zukudas.jp,,1,8,2015/05/01,7,11,,
zenshocafe.jp,,2,8,2019/05/27,10,7,,
yuuhin.jp,,1,8,2020/05/11,6,6,,
ysdiner.jp,,1,8,2021/05/11,7,5,,
youtube-curator.jp,,1,8,2020/05/22,15,6,,
younggreens.jp,,4,8,2025/05/01,11,1,,
yokosuka-paint.jp,,3,8,2015/05/13,14,11,,
タミフル.jp,,1,8,2001/05/01,4,25,,
web-b.jp,,2,8,2023/05/24,5,3,,
urusapo.jp,,1,8,2021/05/01,7,5,,
uesugi-office.jp,,3,8,2023/05/05,13,3,,
traceroute.jp,,1,8,2014/05/03,10,12,,
t-omino.jp,,1,8,2015/05/30,7,11,,
tm-n.jp,,8,8,2021/05/26,4,5,,
thinkoutsidethebox.jp,,1,8,2025/05/29,18,1,,
texteq.jp,,11,8,2021/05/13,6,5,,
yap-yap.jp,,6,8,2020/05/20,7,6,,
worldbeer.jp,,9,8,2022/05/02,9,4,,
texas-food.jp,,4,8,2020/05/23,10,6,,
tenshineko.jp,,2,8,2001/05/01,10,25,,
taiyou.jp,,7,8,2022/05/04,6,4,,
u-chuwa.jp,,5,8,2015/05/07,7,11,,
tsk-u.jp,,1,8,2007/05/14,5,19,,
triconnect.jp,,5,8,2021/05/02,10,5,,
taisyoku-daikou.jp,,1,8,2025/05/22,15,1,,
toyosumarket.jp,,4,8,2016/05/17,12,10,,
torano-clinic.jp,,6,8,2025/05/01,13,1,,
tabi-tabi.jp,,1,8,2023/05/23,9,3,,
signdesign.jp,,2,8,2012/05/08,10,14,,
tokyobreath.jp,,3,8,2019/05/08,11,7,,
shizen-juku.jp,,1,8,2016/05/19,11,10,,
thoma.jp,,3,8,2024/05/08,5,2,,
shin-ko-kyu.jp,,3,8,2019/05/10,11,7,,
sedorip.jp,,1,8,2025/05/06,7,1,,
sea-watcher.jp,,1,8,2021/05/19,11,5,,
salon-hana.jp,,1,8,2010/05/25,10,16,,
tdl-inc.jp,,1,8,2012/05/09,7,14,,
rs-corporation.jp,,3,8,2008/05/26,14,18,,
rewolf.jp,,1,8,2025/05/13,6,1,,
resutaurer-kobe.jp,,1,8,2021/05/13,15,5,,
studioactive.jp,,1,8,2009/05/12,12,17,,
sozaigoya.jp,,4,8,2018/05/11,9,8,,
si-solution.jp,,2,8,2022/05/16,11,4,,
silence.jp,,5,8,2001/07/24,7,25,,
reggaenote.jp,,1,8,2019/05/11,10,7,,
purinpic.jp,,1,8,2015/05/19,8,11,,
ptube.jp,,1,8,2024/05/28,5,2,,
shesps.jp,,5,8,2009/05/20,6,17,,
sepmag.jp,,8,8,2021/05/22,6,5,,
prohand.jp,,1,8,2025/05/16,7,1,,
pennet.jp,,1,8,2010/05/01,6,16,,
scahygieneproducts.jp,,1,8,2001/05/08,18,25,,
o-rganic.jp,,3,8,2020/05/20,8,6,,
omino-lawyer.jp,,1,8,2015/05/30,12,11,,
roadandtrip.jp,,8,8,2018/05/30,11,8,,
ohsakado.jp,,1,8,2014/05/29,8,12,,
nts-msr.jp,,7,8,2020/05/07,7,6,,
researcher-life.jp,,10,8,2021/05/25,15,5,,
nls-camera.jp,,4,8,2013/05/16,10,13,,
nelka.jp,,1,8,2019/05/18,5,7,,
neiberu.jp,,1,8,2015/05/31,7,11,,
mycm.jp,,1,8,2024/05/23,4,2,,
music-universe.jp,,7,8,2022/05/16,14,4,,
pendragon.jp,,2,8,2023/05/23,9,3,,
pantarhei.jp,,1,8,2025/05/21,9,1,,
packsend.jp,,1,8,2007/05/28,8,19,,
oxurion.jp,,1,8,2018/05/23,7,8,,
movingcms.jp,,1,8,2021/05/17,9,5,,
onayami2021.jp,,11,8,2021/05/20,11,5,,
mononobe-official.jp,,2,8,2022/05/11,17,4,,
mmtrading.jp,,1,8,2022/05/17,9,4,,
miyuu.jp,,1,8,2021/05/01,5,5,,
medpoint.jp,,4,8,2025/05/13,8,1,,
manabito.jp,,1,8,2021/05/01,8,5,,
lab-group.jp,,3,8,2016/05/11,9,10,,
nara-kiki.jp,,4,8,2021/05/21,9,5,,
kolec-nanihaco.jp,,2,8,2021/05/13,14,5,,
kitaguchi-jimusho.jp,,1,8,2017/05/23,17,9,,
kamuidesign.jp,,1,8,2020/05/23,11,6,,
mkelectronics.jp,,3,8,2010/05/26,13,16,,
jメール体験談.jp,,1,8,2019/05/16,7,7,,
jock.jp,,1,8,2025/05/30,4,1,,
jin-s.jp,,1,8,2014/05/09,5,12,,
mekkie.jp,,1,8,2006/05/19,6,20,,
japanresearch.jp,,2,8,2024/05/01,13,2,,
mediage-mens.jp,,1,8,2010/05/21,12,16,,
maruyamapress.jp,,1,8,2020/05/03,13,6,,
maruageha.jp,,4,8,2012/05/01,9,14,,
japan-enterprise.jp,,5,8,2012/05/30,16,14,,
magnetix.jp,,1,8,2017/05/02,8,9,,
lovehachinohe.jp,,4,8,2017/05/16,13,9,,
listia.jp,,1,8,2012/05/08,6,14,,
ledave.jp,,1,8,2012/05/29,6,14,,
i-sekkei.jp,,1,8,2001/05/11,8,25,,
kurt.jp,,1,8,2007/05/16,4,19,,
kunitachi-ishida.jp,,2,8,2018/05/23,16,8,,
kumachikkyo.jp,,6,8,2017/05/25,11,9,,
inedge.jp,,4,8,2021/05/28,6,5,,
i-iphone.jp,,1,8,2013/05/08,8,13,,
kids-hosho.jp,,2,8,2020/05/15,10,6,,
kenchikuya.jp,,1,8,2007/05/07,10,19,,
hyc-p-cube.jp,,4,8,2022/05/23,10,4,,
holair.jp,,1,8,2021/05/13,6,5,,
jusuru.jp,,1,8,2023/05/04,6,3,,
hashforme.jp,,3,8,2020/05/15,9,6,,
grand-delicious.jp,,1,8,2022/05/03,15,4,,
jethromobile.jp,,1,8,2023/05/03,12,3,,
jet-bi.jp,,5,8,2015/05/13,6,11,,
gori-net.jp,,3,8,2024/05/08,8,2,,
glazos.jp,,2,8,2013/05/09,6,13,,
jantra.jp,,3,8,2023/05/09,6,3,,
itadukebankin.jp,,6,8,2003/05/08,13,23,,
gantsuke.jp,,7,8,2021/05/25,8,5,,
gamegoose.jp,,1,8,2006/05/26,9,20,,
gaiheki.jp,,1,8,2021/05/24,7,5,,
i-etc.jp,,1,8,2010/05/21,5,16,,
houseofmarley.jp,,1,8,2012/05/30,13,14,,
home-net.jp,,1,8,2016/05/10,8,10,,
hatinosu.jp,,5,8,2018/05/22,8,8,,
freepower.jp,,1,8,2023/05/17,9,3,,
groundview.jp,,3,8,2020/05/12,10,6,,
graphite.jp,,3,8,2008/05/27,8,18,,
freejob.jp,,3,8,2008/05/30,7,18,,
fattoamanoazumaya.jp,,5,8,2010/05/19,17,16,,
ewaf.jp,,1,8,2013/05/17,4,13,,
elle-system.jp,,5,8,2004/05/28,11,22,,
gingham.jp,,2,8,2018/05/30,7,8,,
dh-recruit.jp,,1,8,2024/05/17,10,2,,
crie-ikebukuro.jp,,13,8,2025/05/27,14,1,,
cresia.jp,,8,8,2021/05/05,6,5,,
crearc.jp,,1,8,2025/05/16,6,1,,
conosk.jp,,1,8,2020/05/16,6,6,,
chibanian.jp,,4,8,2018/05/10,9,8,,
flat-good.jp,,11,8,2018/05/08,9,8,,
feelsmarket.jp,,1,8,2017/05/20,11,9,,
businesschat.jp,,4,8,2016/05/05,12,10,,
bridge-p.jp,,2,8,2014/05/20,8,12,,
etoffer.jp,,1,8,2013/05/22,7,13,,
bonterrain.jp,,7,8,2019/05/01,10,7,,
edixnet.jp,,5,8,2011/05/18,7,15,,
bones2.jp,,14,8,2025/05/09,6,1,,
deliveryhompo.jp,,1,8,2006/05/13,13,20,,
biridai.jp,,4,8,2001/05/01,7,25,,
bird-rides.jp,,6,8,2021/05/31,10,5,,
berufbrot.jp,,4,8,2019/05/08,9,7,,
cosabella.jp,,1,8,2008/05/26,9,18,,
barrister.jp,,5,8,2004/05/18,9,22,,
aventa-est.jp,,6,8,2021/05/26,10,5,,
atelier-h.jp,,6,8,2011/05/21,9,15,,
asobooo.jp,,1,8,2024/05/06,7,2,,
asia-japan.jp,,4,8,2015/05/01,10,11,,
amorejapan.jp,,3,8,2023/05/19,10,3,,
boardersline.jp,,2,8,2017/05/01,12,9,,
bisenob.jp,,6,8,2017/05/28,7,9,,
akabane-maria.jp,,1,8,2021/05/19,13,5,,
aikennokondate.jp,,5,8,2019/05/21,14,7,,
bic-intensity.jp,,6,8,2021/05/21,13,5,,
beyond-ibaraki.jp,,8,8,2019/05/14,14,7,,
aihospital.jp,,1,8,2025/05/16,10,1,,
beautyzoom.jp,,1,8,2020/05/12,10,6,,
afsc.jp,,1,8,2001/05/01,4,25,,
aboutjapan.jp,,1,8,2011/05/19,10,15,,
8corp.jp,,1,8,2023/05/19,5,3,,
artico.jp,,1,8,2006/05/16,6,20,,
121保険.jp,,3,8,2001/05/01,5,25,,
vcc.jp,,1,7,2016/05/16,3,10,,
ubn.jp,,1,7,2001/05/20,3,25,,
csk.jp,,1,7,2012/05/01,3,14,,
a0a.jp,,3,7,2023/05/24,3,3,,
piu.jp,,2,7,2001/05/07,3,25,,
データ復旧.jp,,1,7,2021/05/04,5,5,,
zia-air.jp,,7,7,2025/05/01,7,1,,
wpdev.jp,,1,7,2023/05/20,5,3,,
wonder-box.jp,,8,7,2019/05/08,10,7,,
weekender.jp,,6,7,2024/05/25,9,2,,
tyubukk.jp,,3,7,2022/05/20,7,4,,
treely.jp,,10,7,2022/05/13,6,4,,
tokyo-auto.jp,,7,7,2017/05/17,10,9,,
tighug.jp,,3,7,2019/05/04,6,7,,
yumarketing.jp,,2,7,2022/05/16,11,4,,
theha.jp,,3,7,2007/05/31,5,19,,
wonderwise.jp,,7,7,2022/05/25,10,4,,
terachan.jp,,1,7,2001/05/01,8,25,,
wellife.jp,,1,7,2024/05/21,7,2,,
tenatch.jp,,2,7,2022/05/05,7,4,,
wamachi.jp,,1,7,2016/05/25,7,10,,
vintaco.jp,,5,7,2021/05/27,7,5,,
telework-support.jp,,4,7,2020/05/18,16,6,,
tsuriya.jp,,6,7,2025/05/29,7,1,,
technow.jp,,5,7,2025/05/02,7,1,,
tokyo-hkensyu.jp,,8,7,2019/05/30,13,7,,
team-management.jp,,1,7,2010/05/17,15,16,,
tkoki.jp,,2,7,2024/05/04,5,2,,
targetinc.jp,,4,7,2019/05/15,9,7,,
takada-yawifi.jp,,1,7,2016/05/26,13,10,,
tfnetwork.jp,,5,7,2012/05/11,9,14,,
sun-ship.jp,,1,7,2015/05/01,8,11,,
sun-like.jp,,3,7,2018/05/21,8,8,,
startwork.jp,,1,7,2019/05/22,9,7,,
sports-movie.jp,,2,7,2020/05/04,12,6,,
snows.jp,,3,7,2001/05/21,5,25,,
roundroom.jp,,1,7,2011/05/29,9,15,,
rokme.jp,,1,7,2021/05/13,5,5,,
taiyoriki.jp,,5,7,2010/05/06,9,16,,
reyna.jp,,4,7,2025/05/10,5,1,,
revelation.jp,,2,7,2022/05/19,10,4,,
reha.jp,,4,7,2001/05/25,4,25,,
raysspot.jp,,5,7,2010/05/26,8,16,,
sola-bito.jp,,1,7,2017/05/17,9,9,,
soccerway.jp,,4,7,2025/05/01,9,1,,
p-virtual.jp,,12,7,2018/05/04,9,8,,
shisen.jp,,1,7,2023/05/23,6,3,,
shihoo.jp,,4,7,2024/05/09,6,2,,
sasamotokogyo.jp,,1,7,2015/05/24,13,11,,
sano-lawoffice.jp,,4,7,2012/05/07,14,14,,
royalgram.jp,,3,7,2021/05/21,9,5,,
prostar-inc.jp,,7,7,2011/05/16,11,15,,
poll-castor.jp,,5,7,2023/05/16,11,3,,
point38.jp,,1,7,2019/05/15,7,7,,
platinum-mentor.jp,,5,7,2022/05/19,15,4,,
pi-tube.jp,,1,7,2001/05/01,7,25,,
redcircle.jp,,3,7,2022/05/28,9,4,,
p-full.jp,,5,7,2023/05/11,6,3,,
osakabanpaku.jp,,1,7,2025/05/01,12,1,,
online-backup.jp,,1,7,2016/05/02,13,10,,
okinawanewsnet.jp,,11,7,2020/05/08,14,6,,
office-haru-akita.jp,,1,7,2021/05/05,17,5,,
ninomiya-zouen.jp,,2,7,2018/05/05,14,8,,
nextaff.jp,,2,7,2021/05/14,7,5,,
philip-morris.jp,,1,7,2005/05/31,13,21,,
naraonsen.jp,,1,7,2015/05/01,9,11,,
nakagami-tatami.jp,,8,7,2007/05/02,15,19,,
nac-act.jp,,8,7,2007/05/21,7,19,,
okkawa.jp,,1,7,2008/05/19,6,18,,
mstest.jp,,1,7,2025/05/13,6,1,,
mrsrv.jp,,1,7,2015/05/02,5,11,,
mito-moodle.jp,,2,7,2020/05/18,11,6,,
mind-universe.jp,,5,7,2012/05/17,13,14,,
mindo.jp,,1,7,2025/05/16,5,1,,
m-crew.jp,,1,7,2001/05/01,6,25,,
marushin-group.jp,,4,7,2022/05/18,14,4,,
manufact.jp,,1,7,2016/05/05,8,10,,
makewaves.jp,,1,7,2025/05/30,9,1,,
mrmenshow.jp,,1,7,2008/05/21,9,18,,
mrmen.jp,,1,7,2008/05/21,5,18,,
mori-eye-clinic.jp,,1,7,2022/05/06,15,4,,
maebarasunrise.jp,,4,7,2016/05/10,14,10,,
long-table.jp,,7,7,2025/05/16,10,1,,
lohdap.jp,,8,7,2015/05/12,6,11,,
logiomics.jp,,1,7,2021/05/06,9,5,,
maxprofitness.jp,,1,7,2021/05/27,13,5,,
laurasia.jp,,3,7,2020/05/21,8,6,,
lala-dhaga.jp,,8,7,2025/05/18,10,1,,
man-tech.jp,,7,7,2018/05/07,8,8,,
kumamotofudousanplaza.jp,,6,7,2018/05/23,21,8,,
made-in-china.jp,,1,7,2025/05/18,13,1,,
macollabo.jp,,1,7,2021/05/25,9,5,,
lyman.jp,,8,7,2016/05/30,5,10,,
lourdes-bernadette.jp,,1,7,2009/05/19,18,17,,
ksi-c.jp,,2,7,2012/05/08,5,14,,
koya-riza.jp,,1,7,2023/05/15,9,3,,
kia-seminar.jp,,4,7,2021/05/10,11,5,,
kan-saibou.jp,,1,7,2021/05/17,10,5,,
jouzen.jp,,1,7,2024/05/06,6,2,,
job-me.jp,,1,7,2021/05/28,6,5,,
j-ffea.jp,,5,7,2024/05/28,6,2,,
ktpro.jp,,3,7,2002/05/08,5,24,,
iresource.jp,,3,7,2014/05/01,9,12,,
incense.jp,,1,7,2001/05/01,7,25,,
komemen.jp,,1,7,2010/05/25,7,16,,
kinggrill2020.jp,,1,7,2020/05/08,13,6,,
imaf.jp,,4,7,2025/05/17,4,1,,
keigakukan.jp,,5,7,2007/05/15,10,19,,
ikude.jp,,2,7,2019/05/23,5,7,,
kangoshi-job.jp,,5,7,2010/05/06,12,16,,
kanadete.jp,,1,7,2021/05/14,8,5,,
kanabara.jp,,1,7,2021/05/19,8,5,,
j-p-m.jp,,1,7,2008/05/30,5,18,,
iiito.jp,,7,7,2025/05/01,5,1,,
hyuga-eats.jp,,2,7,2020/05/15,10,6,,
jitech.jp,,1,7,2007/05/06,6,19,,
hyperion-jinzai.jp,,1,7,2024/05/28,15,2,,
itplanners.jp,,1,7,2001/05/01,10,25,,
hj-p.jp,,3,7,2021/05/17,4,5,,
hiyoshijinjya.jp,,3,7,2024/05/10,13,2,,
hariti.jp,,8,7,2013/05/13,6,13,,
haribin.jp,,1,7,2022/05/26,7,4,,
greenshift.jp,,3,7,2025/05/11,10,1,,
gomori.jp,,5,7,2022/05/09,6,4,,
gen-houraigyu.jp,,5,7,2024/05/24,13,2,,
fx-school.jp,,1,7,2009/05/27,9,17,,
fujisawa-farm.jp,,8,7,2012/05/05,13,14,,
food-navi.jp,,5,7,2020/05/08,9,6,,
firlly.jp,,1,7,2016/05/15,6,10,,
greenwellfarms.jp,,1,7,2006/05/23,14,20,,
fancy-football.jp,,5,7,2022/05/31,14,4,,
escobar.jp,,3,7,2023/05/10,7,3,,
e-pg.jp,,1,7,2002/05/29,4,24,,
ecocan.jp,,7,7,2019/05/21,6,7,,
echigo-intl.jp,,3,7,2021/05/11,11,5,,
designcamp.jp,,1,7,2012/05/08,10,14,,
daito-expo.jp,,3,7,2015/05/01,10,11,,
conditioninglabo.jp,,3,7,2021/05/14,16,5,,
clarity-salon.jp,,2,7,2020/05/17,13,6,,
erichus.jp,,1,7,2021/05/18,7,5,,
campnow.jp,,1,7,2021/05/25,7,5,,
enmusubicare.jp,,4,7,2019/05/23,12,7,,
e-hanna.jp,,7,7,2016/05/30,7,10,,
brannon.jp,,5,7,2018/05/03,7,8,,
b-art.jp,,1,7,2004/05/25,5,22,,
ayanamist.jp,,1,7,2025/05/18,9,1,,
avanz.jp,,1,7,2023/05/01,5,3,,
crm-implement-test.jp,,1,7,2018/05/22,18,8,,
aparts.jp,,3,7,2022/05/18,6,4,,
anysite.jp,,6,7,2020/05/18,7,6,,
change-pos.jp,,6,7,2015/05/12,10,11,,
casinobonus.jp,,1,7,2020/05/01,11,6,,
aisuikyo.jp,,3,7,2025/05/01,8,1,,
aicredit.jp,,1,7,2025/05/25,8,1,,
aichi-gym.jp,,7,7,2025/05/01,9,1,,
ah-amagasaki.jp,,4,7,2019/05/06,12,7,,
asano-masatomi.jp,,1,7,2020/05/24,14,6,,
arrowswamp.jp,,1,7,2019/05/31,10,7,,
admill.jp,,5,7,2014/05/01,6,12,,
8pass.jp,,1,7,2024/05/23,5,2,,
0508.jp,,4,7,2025/05/09,4,1,,
altcoin.jp,,1,7,2022/05/29,7,4,,
allesu.jp,,6,7,2017/05/10,6,9,,
ac-wedding.jp,,7,7,2018/05/06,10,8,,
121hoken.jp,,1,7,2001/05/01,8,25,,
ticket-log.jp,,2,7,2024/05/14,10,2,,
ynh.jp,,5,6,2025/05/18,3,1,,
0i0.jp,,3,6,2023/05/06,3,3,,
sq1.jp,,1,6,2009/05/21,3,17,,
精神疾患.jp,,1,6,2024/05/20,4,2,,
世界の株価指数.jp,,5,6,2012/05/22,7,14,,
ノンフィクションライター.jp,,1,6,2009/05/01,12,17,,
ヴァセリン.jp,,3,6,2001/05/01,5,25,,
z-ero.jp,,1,6,2023/05/09,5,3,,
zenninetyone.jp,,2,6,2025/05/27,12,1,,
yumekana.jp,,6,6,2018/05/29,8,8,,
youmeishoin.jp,,3,6,2023/05/20,11,3,,
yonezawadc.jp,,4,6,2025/05/01,10,1,,
underhair.jp,,1,6,2025/05/01,9,1,,
ubisoft-osaka.jp,,1,6,2016/05/27,13,10,,
tokitsu.jp,,3,6,2022/05/31,7,4,,
tjsc.jp,,5,6,2025/05/12,4,1,,
t-gift.jp,,1,6,2024/05/15,6,2,,
supremetechnology.jp,,7,6,2021/05/27,17,5,,
studio-lia.jp,,4,6,2022/05/13,10,4,,
wellkin.jp,,4,6,2016/05/26,7,10,,
waysas.jp,,1,6,2021/05/17,6,5,,
urbandecaycosmetics.jp,,1,6,2010/05/18,19,16,,
unicen.jp,,3,6,2015/05/25,6,11,,
studio-genyo.jp,,3,6,2024/05/15,12,2,,
stellabo.jp,,8,6,2025/05/01,8,1,,
southernseto.jp,,1,6,2017/05/29,12,9,,
shinyuri.jp,,2,6,2025/05/17,8,1,,
t-i-c.jp,,5,6,2024/05/13,5,2,,
shinkikou.jp,,2,6,2019/05/16,9,7,,
taketou.jp,,1,6,2019/05/13,7,7,,
sensyu-shougai.jp,,3,6,2025/05/01,14,1,,
suibi.jp,,6,6,2025/05/02,5,1,,
seminar-video.jp,,3,6,2025/05/01,13,1,,
seeks.jp,,5,6,2022/05/29,5,4,,
steramine.jp,,3,6,2020/05/06,9,6,,
saia.jp,,5,6,2025/05/01,4,1,,
sagyoba.jp,,10,6,2024/05/14,7,2,,
roots-works.jp,,5,6,2017/05/17,11,9,,
shin-ookubo.jp,,3,6,2024/05/09,11,2,,
remoteone.jp,,1,6,2021/05/17,9,5,,
relaxjapan.jp,,2,6,2022/05/13,10,4,,
prowing.jp,,2,6,2011/05/19,7,15,,
profess.jp,,3,6,2023/05/23,7,3,,
sakai-saijo.jp,,1,6,2011/07/01,11,15,,
proconsulting.jp,,7,6,2022/05/20,13,4,,
praying.jp,,2,6,2018/05/24,7,8,,
ryubokushi.jp,,2,6,2014/05/23,10,12,,
plusvalue.jp,,1,6,2025/05/16,9,1,,
pkia.jp,,8,6,2023/05/01,4,3,,
nepalquake-aid.jp,,6,6,2015/05/07,14,11,,
music-info.jp,,4,6,2024/05/29,10,2,,
m-sma.jp,,5,6,2020/05/26,5,6,,
ms-hareruya.jp,,6,6,2025/05/15,11,1,,
mm-holdings.jp,,2,6,2024/05/29,11,2,,
mister-y.jp,,5,6,2024/05/21,8,2,,
minatomachi-hic.jp,,5,6,2025/05/01,15,1,,
pianoroom.jp,,1,6,2008/05/10,9,18,,
onrecord.jp,,3,6,2018/05/20,8,8,,
omotenashijozu.jp,,11,6,2004/05/25,14,22,,
omizuyasan.jp,,5,6,2020/05/12,10,6,,
midorigaoka-angels.jp,,4,6,2019/05/04,18,7,,
mysystem1364.jp,,4,6,2021/05/18,12,5,,
mgne.jp,,3,6,2025/05/27,4,1,,
mangoking.jp,,1,6,2023/05/16,9,3,,
makaya.jp,,1,6,2024/05/23,6,2,,
lohas-art.jp,,6,6,2025/05/01,9,1,,
lifereversal.jp,,1,6,2024/05/15,12,2,,
lemone.jp,,4,6,2012/05/15,6,14,,
laprovence.jp,,5,6,2020/05/20,10,6,,
kodomopro.jp,,7,6,2025/05/18,9,1,,
m-dp.jp,,1,6,2013/05/13,4,13,,
mbsj2020-login.jp,,1,6,2020/05/22,14,6,,
kmknet.jp,,5,6,2025/05/06,6,1,,
k-lohaco.jp,,4,6,2018/05/03,8,8,,
klao.jp,,4,6,2012/05/01,4,14,,
kigyo-house.jp,,5,6,2017/05/02,11,9,,
japanesefood.jp,,8,6,2022/05/02,12,4,,
latialtd.jp,,3,6,2017/05/21,8,9,,
larocheposay.jp,,6,6,2021/05/22,12,5,,
investorscircle.jp,,1,6,2022/05/11,15,4,,
kyokuden.jp,,6,6,2006/05/10,8,20,,
kurashi-tane.jp,,5,6,2019/05/16,12,7,,
kunipapa.jp,,4,6,2020/05/08,8,6,,
kousyu-chiebukuro.jp,,1,6,2020/05/01,17,6,,
imaginationvillage.jp,,4,6,2024/05/16,18,2,,
icci-chukatsu.jp,,3,6,2023/05/25,13,3,,
ibaraki-zenrosai.jp,,1,6,2018/05/14,16,8,,
hunting.jp,,5,6,2020/05/10,7,6,,
hotbutter.jp,,1,6,2014/05/02,9,12,,
kamei-consulting.jp,,1,6,2023/05/01,16,3,,
jcerg2023.jp,,6,6,2025/05/01,9,1,,
hironori.jp,,1,6,2001/05/01,8,25,,
hasaku.jp,,5,6,2018/05/22,6,8,,
hadashika-shinbi.jp,,1,6,2021/05/20,16,5,,
grus-hair.jp,,7,6,2022/05/18,9,4,,
gmaster.jp,,1,6,2012/05/09,7,14,,
gamusyara.jp,,3,6,2025/05/11,9,1,,
houseplumbing.jp,,1,6,2008/06/30,13,18,,
freeware.jp,,3,6,2008/05/01,8,18,,
flymen.jp,,6,6,2017/05/16,6,9,,
hilander.jp,,5,6,2017/05/27,8,9,,
finance-partner.jp,,3,6,2021/05/31,15,5,,
hanaoto.jp,,7,6,2025/05/02,7,1,,
f-farm.jp,,5,6,2020/05/07,6,6,,
e-okaimono.jp,,1,6,2025/05/03,10,1,,
eight-tokyo.jp,,1,6,2021/05/10,11,5,,
gkcl.jp,,1,6,2024/05/07,4,2,,
geuther.jp,,5,6,2020/05/29,7,6,,
egaodo.jp,,1,6,2017/05/21,6,9,,
doterralove.jp,,1,6,2019/05/17,11,7,,
fortune-teller.jp,,3,6,2025/05/16,14,1,,
denshinsha.jp,,7,6,2007/05/15,10,19,,
datsutansofair-gunma.jp,,9,6,2025/05/01,20,1,,
era-media.jp,,6,6,2020/05/28,9,6,,
dancing.jp,,1,6,2023/05/12,7,3,,
cryptoranking.jp,,6,6,2022/05/31,13,4,,
couragellc.jp,,1,6,2025/05/27,10,1,,
couplee.jp,,10,6,2019/05/31,7,7,,
domainkun.jp,,1,6,2006/05/15,9,20,,
commitments.jp,,5,6,2013/05/31,11,13,,
cocorohaku.jp,,8,6,2025/05/01,10,1,,
coa-arc.jp,,8,6,2015/05/08,7,11,,
clover-refle.jp,,7,6,2018/05/14,12,8,,
daigyosei.jp,,4,6,2019/05/07,9,7,,
cipsoda.jp,,1,6,2008/05/21,7,18,,
creditcardnews.jp,,8,6,2014/05/28,14,12,,
brushresa.jp,,3,6,2017/05/09,9,9,,
be-pro.jp,,2,6,2020/05/24,6,6,,
corsiumsuite.jp,,5,6,2018/05/16,12,8,,
corsium.jp,,5,6,2018/05/16,7,8,,
attra-uomo.jp,,3,6,2018/05/25,10,8,,
atem-quest.jp,,5,6,2023/05/24,10,3,,
asado.jp,,1,6,2022/05/18,5,4,,
archism.jp,,1,6,2007/05/14,7,19,,
anauma.jp,,2,6,2020/05/04,6,6,,
careermentor.jp,,1,6,2024/05/26,12,2,,
ai-reskilling.jp,,5,6,2024/05/02,13,2,,
brion-body.jp,,4,6,2019/05/08,10,7,,
aaaaaaa.jp,,5,6,2001/05/26,7,25,,
703room.jp,,6,6,2019/05/15,7,7,,
3rd-cuncunspa.jp,,6,6,2025/05/16,13,1,,
art-revo.jp,,4,6,2021/05/16,8,5,,
0729.jp,,2,6,2008/05/15,4,18,,
tqp.jp,,1,5,2023/05/16,3,3,,
liq.jp,,3,5,2024/05/09,3,2,,
fym.jp,,2,5,2025/04/10,3,1,,
小沢一郎.jp,,3,5,2012/05/24,4,14,,
恩田本舗.jp,,1,5,2012/05/24,4,14,,
悪質サイトトラブル相談センター.jp,,3,5,2017/05/11,15,9,,
マニア堂.jp,,1,5,2012/05/24,4,14,,
債務整理おすすめ.jp,,5,5,2023/05/17,8,3,,
ファントム応援団.jp,,4,5,2001/05/01,8,25,,
yacht-service.jp,,3,5,2015/05/14,13,11,,
ユニフィル.jp,,3,5,2001/05/25,5,25,,
wonderwedding.jp,,3,5,2025/05/28,13,1,,
vi-vi.jp,,2,5,2023/05/20,5,3,,
yoshinokensetsu.jp,,6,5,2021/05/19,15,5,,
videoconf.jp,,2,5,2006/05/12,9,20,,
vasilisa.jp,,1,5,2013/05/07,8,13,,
vmojapan.jp,,1,5,2022/05/06,8,4,,
umapoi.jp,,6,5,2023/05/31,6,3,,
ultimo.jp,,3,5,2001/05/01,6,25,,
trumpsquare.jp,,6,5,2012/05/12,11,14,,
torisan.jp,,2,5,2021/05/05,7,5,,
tokyo-casino.jp,,7,5,2025/05/29,12,1,,
tokumap.jp,,3,5,2025/05/25,7,1,,
tk-planning-kawakami.jp,,3,5,2020/05/01,20,6,,
tennpoya.jp,,5,5,2016/05/19,8,10,,
ten-lesson.jp,,3,5,2021/05/18,10,5,,
tanpopo-komaruyama.jp,,7,5,2021/05/12,18,5,,
taifukukai-x.jp,,1,5,2024/05/28,12,2,,
tabetoku.jp,,4,5,2022/05/17,8,4,,
taoyuen.jp,,4,5,2019/05/10,7,7,,
sutherland.jp,,3,5,2023/05/21,10,3,,
takarakobo.jp,,4,5,2018/05/18,10,8,,
subaru-tax.jp,,3,5,2020/05/01,10,6,,
style-japon.jp,,3,5,2013/05/20,11,13,,
soundscapearchitects.jp,,3,5,2019/05/01,20,7,,
soluna-hairsalon.jp,,3,5,2019/05/30,16,7,,
s-m-m.jp,,5,5,2017/05/10,5,9,,
strasse.jp,,7,5,2023/05/30,7,3,,
spfx.jp,,5,5,2024/05/25,4,2,,
smilehoney83.jp,,5,5,2018/05/10,12,8,,
sinsendow.jp,,5,5,2022/05/26,9,4,,
seoto.jp,,4,5,2005/05/06,5,21,,
searchjob.jp,,6,5,2025/05/26,9,1,,
sakuragi-k.jp,,2,5,2013/05/20,10,13,,
serase.jp,,1,5,2021/05/31,6,5,,
rrhs.jp,,1,5,2012/05/23,4,14,,
robocop.jp,,10,5,2011/05/01,7,15,,
sarashufu-kazunori.jp,,3,5,2019/05/01,18,7,,
sandbar-zamami.jp,,3,5,2020/05/08,14,6,,
rkarchi.jp,,3,5,2025/05/01,7,1,,
sakura-f.jp,,1,5,2009/05/03,8,17,,
sakoballet.jp,,1,5,2017/05/29,10,9,,
raku-es.jp,,7,5,2025/05/13,7,1,,
pupil.jp,,2,5,2023/05/13,5,3,,
powerscape.jp,,3,5,2025/05/13,10,1,,
rioh.jp,,1,5,2021/05/19,4,5,,
rands.jp,,2,5,2024/05/09,5,2,,
pet-photo.jp,,3,5,2025/05/09,9,1,,
onbok.jp,,3,5,2022/05/27,5,4,,
pump24.jp,,2,5,2024/05/14,6,2,,
okanoyama-golf.jp,,7,5,2017/05/09,14,9,,
noviro.jp,,7,5,2023/05/27,6,3,,
nobrainer.jp,,4,5,2015/05/22,9,11,,
nihondensen.jp,,2,5,2008/05/29,11,18,,
odaq.jp,,3,5,2006/06/07,4,20,,
newsccia.jp,,1,5,2019/05/29,8,7,,
naturall.jp,,4,5,2020/05/19,8,6,,
nakaekenchiku.jp,,8,5,2018/05/24,13,8,,
ngkntk-technologies.jp,,2,5,2001/05/01,19,25,,
ngcsupport.jp,,1,5,2016/05/17,10,10,,
newsweb.jp,,2,5,2011/05/31,7,15,,
msneeds.jp,,1,5,2024/05/11,7,2,,
nekonoyakata.jp,,3,5,2001/05/01,12,25,,
morifuji-liquor.jp,,7,5,2023/05/26,15,3,,
mobilive.jp,,2,5,2023/05/31,8,3,,
midorinomori-kaigo.jp,,3,5,2024/05/31,18,2,,
mct-summit.jp,,4,5,2025/05/18,10,1,,
machinaka-taberun.jp,,5,5,2022/05/07,17,4,,
mldfoundation.jp,,1,5,2017/05/25,13,9,,
m28e-tsukuru.jp,,5,5,2008/05/13,12,18,,
mediview.jp,,2,5,2024/05/27,8,2,,
logosglobal.jp,,1,5,2024/05/07,11,2,,
mbsj2021-login.jp,,2,5,2021/05/18,14,5,,
mama-touch.jp,,2,5,2019/05/07,10,7,,
linkbel.jp,,3,5,2022/05/16,7,4,,
laias.jp,,4,5,2018/05/21,5,8,,
kylie.jp,,4,5,2025/05/16,5,1,,
kuwana-cashless.jp,,7,5,2025/05/14,15,1,,
kurumi-makomo.jp,,8,5,2014/05/29,13,12,,
kokosaga.jp,,2,5,2020/05/19,8,6,,
kn0wh0w.jp,,4,5,2022/05/30,7,4,,
kmbis-tsurumai.jp,,5,5,2023/05/25,14,3,,
kishida-g.jp,,4,5,2015/05/02,9,11,,
kiokunoyukue.jp,,5,5,2019/05/22,12,7,,
katesakai.jp,,1,5,2016/05/02,9,10,,
kasukabe-fujifes.jp,,2,5,2023/05/01,16,3,,
kaburana.jp,,2,5,2019/05/07,8,7,,
kinmeido.jp,,1,5,2008/05/20,8,18,,
kazuhanakai.jp,,5,5,2017/05/16,11,9,,
jojoanime10th-ex-izumi.jp,,9,5,2025/05/01,22,1,,
italia-challenge.jp,,8,5,2025/05/01,16,1,,
ippaz.jp,,3,5,2019/05/27,5,7,,
ikkyoshoji.jp,,3,5,2021/05/07,10,5,,
iitate-village.jp,,7,5,2025/05/17,14,1,,
hugkumu.jp,,1,5,2025/05/16,7,1,,
housedoctor-riza.jp,,5,5,2023/05/15,16,3,,
hikoshi.jp,,1,5,2025/05/18,7,1,,
hidamari-okinawa.jp,,4,5,2021/05/26,16,5,,
hcs-wifi.jp,,1,5,2015/05/19,8,11,,
hamburger-master.jp,,4,5,2025/05/30,16,1,,
hiiragiya-megane.jp,,5,5,2018/05/07,16,8,,
good-sun.jp,,1,5,2024/05/21,8,2,,
help-support.jp,,1,5,2021/05/20,12,5,,
gblog.jp,,1,5,2015/05/13,5,11,,
futai.jp,,1,5,2024/05/09,5,2,,
fujishoki.jp,,4,5,2012/05/19,9,14,,
frangi.jp,,5,5,2016/05/10,6,10,,
elpisschool.jp,,1,5,2024/05/07,11,2,,
cre-navi.jp,,1,5,2024/05/06,8,2,,
coastguard.jp,,1,5,2023/05/09,10,3,,
cafe-s.jp,,2,5,2012/05/25,6,14,,
earthquakes.jp,,1,5,2018/05/01,11,8,,
duracelldirect.jp,,2,5,2006/05/22,14,20,,
bluarte.jp,,1,5,2024/05/04,7,2,,
be-mint.jp,,3,5,2013/05/27,7,13,,
bells-app.jp,,1,5,2020/05/13,9,6,,
brandbuyers.jp,,1,5,2017/05/11,11,9,,
beauty-photos.jp,,1,5,2021/05/05,13,5,,
best-caddie-saiyou.jp,,5,5,2018/05/08,18,8,,
a-zetinc.jp,,7,5,2013/05/02,8,13,,
azabusalon.jp,,4,5,2011/05/26,10,15,,
app-career.jp,,3,5,2017/05/23,10,9,,
anchorstudio-kamiyacho.jp,,8,5,2025/05/14,22,1,,
amdere.jp,,3,5,2019/05/08,6,7,,
aym-okinawa.jp,,5,5,2018/05/23,11,8,,
ashikabi-online.jp,,2,5,2021/05/28,15,5,,
altforce.jp,,2,5,2011/05/21,8,15,,
akita-ishimaru.jp,,6,5,2020/05/12,14,6,,
akamone.jp,,4,5,2024/05/04,7,2,,
adplannet.jp,,6,5,2016/05/19,9,10,,
onemorevision.jp,,2,5,2024/05/16,13,2,,
武比古.jp,,3,4,2001/05/08,3,25,,
脳活.jp,,5,4,2025/05/30,2,1,,
ガラス.jp,,3,4,2015/05/01,3,11,,
虹の女神.jp,,1,4,2012/05/15,4,14,,
多々良中央中pta.jp,,1,4,2021/05/01,9,5,,
成年後見ソフト.jp,,5,4,2008/05/05,7,18,,
保険ネット.jp,,4,4,2003/05/28,5,23,,
自由に使える読書感想文.jp,,1,4,2012/05/24,11,14,,
お金・はじめて借りれた.jp,,3,4,2015/05/14,11,11,,
あいうえお.jp,,5,4,2010/05/17,5,16,,
zealux.jp,,3,4,2023/05/23,6,3,,
ドラゴンクエスト.jp,,2,4,2001/05/28,8,25,,
yuiga.jp,,1,4,2016/05/06,5,10,,
yubell-f.jp,,7,4,2024/05/01,8,2,,
yamacraft.jp,,6,4,2023/05/16,9,3,,
yy-world.jp,,1,4,2005/05/18,8,21,,
wwwfutaba-k.jp,,4,4,2024/05/24,11,2,,
wotome.jp,,1,4,2024/05/06,6,2,,
yorozumaster.jp,,3,4,2021/05/23,12,5,,
volo.jp,,3,4,2013/05/23,4,13,,
yakitori-torishin.jp,,3,4,2019/05/27,17,7,,
vividays.jp,,4,4,2019/05/16,8,7,,
victoryjewelry.jp,,1,4,2016/05/23,14,10,,
unijob.jp,,3,4,2024/05/26,6,2,,
u-beauty.jp,,3,4,2015/05/08,8,11,,
visual-note.jp,,2,4,2019/05/31,11,7,,
t-s-service.jp,,3,4,2012/05/10,11,14,,
treten.jp,,5,4,2021/05/25,6,5,,
trendscope.jp,,4,4,2025/05/03,10,1,,
toyanokeiai.jp,,1,4,2023/05/08,11,3,,
tokyobeautyclinic.jp,,5,4,2025/05/28,17,1,,
tochigi-saiyoukoujou.jp,,3,4,2021/05/26,20,5,,
travelisa.jp,,1,4,2024/05/01,9,2,,
transmille.jp,,1,4,2015/05/08,10,11,,
tms2000.jp,,1,4,2013/05/29,7,13,,
theclub-recruit.jp,,3,4,2022/05/15,15,4,,
takun.jp,,1,4,2025/05/26,5,1,,
takahamagumi.jp,,3,4,2024/05/07,12,2,,
temaribana.jp,,3,4,2019/05/20,10,7,,
tabi-frame.jp,,3,4,2024/05/05,10,2,,
syan.jp,,2,4,2025/05/10,4,1,,
suzukiblog.jp,,4,4,2020/05/26,10,6,,
super-health-bh.jp,,3,4,2015/05/18,15,11,,
suhaku.jp,,6,4,2023/05/24,6,3,,
sugayadenki.jp,,5,4,2018/05/18,11,8,,
studytrade.jp,,1,4,2024/05/07,10,2,,
station-stating.jp,,1,4,2023/05/16,15,3,,
socialcampus.jp,,4,4,2020/05/07,12,6,,
sendai-iin-clinic.jp,,1,4,2019/05/10,17,7,,
sdcorp.jp,,4,4,2012/05/30,6,14,,
sakuramonogatari.jp,,3,4,2024/05/17,16,2,,
shinden-baseball.jp,,4,4,2009/05/05,16,17,,
sennennoki.jp,,2,4,2020/05/22,10,6,,
ryuuken.jp,,3,4,2025/05/07,7,1,,
ride-lp.jp,,1,4,2019/05/16,7,7,,
sales-power.jp,,3,4,2011/05/31,11,15,,
retoro-genki.jp,,5,4,2023/05/15,12,3,,
reair.jp,,4,4,2025/05/19,5,1,,
que-sera.jp,,4,4,2023/05/29,8,3,,
puripuriair.jp,,1,4,2022/05/28,11,4,,
pmmt2017.jp,,2,4,2017/05/30,8,9,,
piccollo.jp,,1,4,2022/05/21,8,4,,
petitmatin.jp,,3,4,2022/05/21,10,4,,
prior-rings.jp,,5,4,2021/05/13,11,5,,
ots-corporation.jp,,5,4,2019/05/15,15,7,,
o-three-o.jp,,3,4,2016/05/06,9,10,,
osaka-landworks.jp,,2,4,2022/05/27,15,4,,
oneworld-network.jp,,1,4,2013/05/27,16,13,,
one-day-tattoo.jp,,2,4,2019/05/16,14,7,,
okuaizukikou-tadamiline.jp,,4,4,2023/05/02,23,3,,
nyuto.jp,,5,4,2023/05/21,5,3,,
nora-studio.jp,,1,4,2024/05/16,11,2,,
nitrocoffee.jp,,2,4,2025/05/14,11,1,,
odepharma.jp,,3,4,2021/05/02,9,5,,
nihongenki.jp,,2,4,2017/05/30,10,9,,
nano-tukuru.jp,,5,4,2025/05/01,11,1,,
moonmate.jp,,1,4,2024/05/14,8,2,,
m-josuikai.jp,,3,4,2009/05/25,10,17,,
natural-body.jp,,2,4,2006/05/28,12,20,,
m-ji.jp,,7,4,2025/05/25,4,1,,
museum-international.jp,,1,4,2021/05/22,20,5,,
mored-kids.jp,,3,4,2021/05/28,10,5,,
meximan.jp,,5,4,2025/05/18,7,1,,
meteorarena.jp,,1,4,2024/05/01,11,2,,
meo-expert.jp,,3,4,2025/05/15,10,1,,
mint-corp.jp,,3,4,2025/05/13,9,1,,
minopharma.jp,,1,4,2020/05/11,10,6,,
mcrk.jp,,1,4,2024/05/14,4,2,,
maruha-nichiro.jp,,4,4,2013/05/06,14,13,,
luxst-recruit.jp,,1,4,2021/05/13,13,5,,
ls-fudousan.jp,,1,4,2024/05/02,11,2,,
logos-tc.jp,,4,4,2001/05/01,8,25,,
marine-snow-diving.jp,,1,4,2018/05/09,18,8,,
life4pro.jp,,3,4,2017/05/19,8,9,,
libertyjapan.jp,,5,4,2022/05/28,12,4,,
kyoushitsukyouzai.jp,,2,4,2014/05/02,17,12,,
kouenji-chintai.jp,,4,4,2010/05/19,15,16,,
kool-i.jp,,3,4,2015/05/02,6,11,,
kyueikai-recruit.jp,,5,4,2020/05/28,16,6,,
kolore.jp,,3,4,2025/05/25,6,1,,
ko-a.jp,,2,4,2025/05/23,4,1,,
kitanagoya-cashless.jp,,7,4,2025/05/20,19,1,,
kikuchigroup.jp,,3,4,2015/05/25,12,11,,
kidate.jp,,1,4,2025/05/23,6,1,,
kk-pmc.jp,,1,4,2017/05/23,6,9,,
kitgroup.jp,,4,4,2006/05/31,8,20,,
keicomm.jp,,3,4,2025/05/01,7,1,,
kinderfeets.jp,,3,4,2019/05/15,11,7,,
kch-masui-recruit.jp,,4,4,2021/05/21,17,5,,
kazufumi.jp,,4,4,2021/05/01,8,5,,
katomika.jp,,1,4,2024/05/16,8,2,,
kaminendo.jp,,2,4,2018/05/20,9,8,,
k-all.jp,,1,4,2018/05/08,5,8,,
kaigo-houmu.jp,,3,4,2015/05/26,11,11,,
ito-sya.jp,,3,4,2016/05/09,7,10,,
isshikipub.jp,,1,4,2017/05/17,10,9,,
house-riza.jp,,3,4,2023/05/15,10,3,,
jmpa.jp,,3,4,2006/05/13,4,20,,
japancats.jp,,5,4,2024/05/08,9,2,,
hiraoji.jp,,4,4,2011/05/13,7,15,,
hinokijapan.jp,,1,4,2016/05/20,11,10,,
iboga.jp,,5,4,2022/05/14,5,4,,
hehein.jp,,2,4,2024/05/01,6,2,,
housepro.jp,,3,4,2014/05/02,8,12,,
hotzenplotz.jp,,6,4,2010/05/01,11,16,,
honestbeauty.jp,,1,4,2015/05/23,12,11,,
honda-hc-lp.jp,,2,4,2019/05/07,11,7,,
hashika.jp,,1,4,2025/05/01,7,1,,
governor.jp,,4,4,2023/05/12,8,3,,
hijapan.jp,,3,4,2023/05/30,7,3,,
highpower-sales.jp,,4,4,2019/05/23,15,7,,
futoukazei.jp,,1,4,2013/05/30,10,13,,
fss-kiu-ac.jp,,5,4,2025/05/01,10,1,,
hakunofukiage.jp,,1,4,2012/05/29,13,14,,
gyneyoga.jp,,9,4,2016/05/06,8,10,,
foxjapan.jp,,2,4,2001/05/01,8,25,,
gospel-life.jp,,1,4,2020/05/06,11,6,,
gloss.jp,,5,4,2005/05/31,5,21,,
fc-subway.jp,,1,4,2024/05/01,9,2,,
fulltime.jp,,5,4,2025/05/30,8,1,,
fukuikyo.jp,,2,4,2019/05/30,8,7,,
fancl-calorie-balance.jp,,1,4,2021/05/17,21,5,,
experiencein.jp,,1,4,2024/05/07,12,2,,
ecomed.jp,,1,4,2024/05/02,6,2,,
fangchan.jp,,1,4,2018/05/25,8,8,,
e-canon.jp,,2,4,2022/05/10,7,4,,
ezdupe.jp,,1,4,2019/05/22,6,7,,
drone-drone.jp,,2,4,2021/05/01,11,5,,
erogewith.jp,,1,4,2019/05/01,9,7,,
elsaspeak.jp,,3,4,2018/05/15,9,8,,
dr-coffee.jp,,3,4,2020/05/05,9,6,,
daisin-s.jp,,1,4,2024/05/01,8,2,,
cons.jp,,3,4,2022/05/03,4,4,,
drdador.jp,,3,4,2020/05/26,7,6,,
colorer-k.jp,,1,4,2019/05/02,9,7,,
careplan-ritz.jp,,5,4,2023/05/08,13,3,,
brown-bear.jp,,3,4,2019/05/13,10,7,,
botworld.jp,,2,4,2025/05/15,8,1,,
bottlehead.jp,,3,4,2022/05/25,10,4,,
blor.jp,,3,4,2022/05/09,4,4,,
bitcat.jp,,4,4,2022/05/03,6,4,,
birthatrigg.jp,,6,4,2025/05/01,11,1,,
beetlehelmet.jp,,5,4,2019/05/20,12,7,,
ballet-bloom.jp,,2,4,2023/05/25,12,3,,
av体験.jp,,4,4,2012/05/22,4,14,,
besviu.jp,,4,4,2018/05/19,6,8,,
autosheet.jp,,1,4,2024/05/03,9,2,,
akanebijin-game.jp,,4,4,2025/05/09,15,1,,
aihack.jp,,1,4,2024/05/10,6,2,,
aicard.jp,,4,4,2025/05/20,6,1,,
aicar.jp,,4,4,2025/05/20,5,1,,
aibeautyasia.jp,,1,4,2024/05/04,12,2,,
5gtv.jp,,4,4,2017/05/26,4,9,,
1000kyourock-uwajima.jp,,7,4,2025/05/07,20,1,,
神籬.jp,,1,3,2015/05/03,2,11,,
代表.jp,,2,3,2007/05/01,2,19,,
ss1.jp,,1,3,2018/05/07,3,8,,
usw.jp,,3,3,2012/05/24,3,14,,
kgx.jp,,1,3,2025/05/02,3,1,,
irq.jp,,1,3,2001/05/01,3,25,,
clc.jp,,2,3,2025/05/01,3,1,,
dj1.jp,,1,3,2024/05/23,3,2,,
ahn.jp,,2,3,2025/05/02,3,1,,
a3g.jp,,4,3,2024/05/29,3,2,,
柴田科学.jp,,6,3,2009/05/19,4,17,,
トレーラーハウス.jp,,1,3,2011/05/13,8,15,,
ygsrs.jp,,3,3,2020/05/03,5,6,,
yanaka1ldk.jp,,5,3,2021/05/21,10,5,,
yquestimageworks.jp,,1,3,2012/05/27,16,14,,
worklifehub.jp,,2,3,2023/05/30,11,3,,
yes4all.jp,,1,3,2021/05/27,7,5,,
wmwm.jp,,2,3,2007/05/29,4,19,,
waternavi.jp,,1,3,2024/05/25,9,2,,
waf-law.jp,,1,3,2018/05/13,7,8,,
webto.jp,,3,3,2018/05/31,5,8,,
wacoo.jp,,2,3,2024/05/24,5,2,,
urgent.jp,,1,3,2017/05/01,6,9,,
virtual-room.jp,,4,3,2020/05/29,12,6,,
virtual-cuurrency.jp,,3,3,2018/05/25,17,8,,
vimica.jp,,2,3,2014/05/10,6,12,,
urban-a.jp,,3,3,2014/05/27,7,12,,
ueno-design.jp,,4,3,2021/05/03,11,5,,
tretre.jp,,2,3,2025/05/19,6,1,,
travel-kyushu.jp,,5,3,2025/05/03,13,1,,
ttpgolf.jp,,3,3,2021/05/19,7,5,,
toyama-navi.jp,,1,3,2022/05/26,11,4,,
totalclean.jp,,3,3,2013/05/23,10,13,,
tokyohyakushi.jp,,5,3,2013/05/31,13,13,,
tirer.jp,,3,3,2014/05/31,5,12,,
timestranger.jp,,3,3,2009/05/25,12,17,,
teamskill.jp,,3,3,2018/05/11,9,8,,
tamotsu.jp,,4,3,2010/05/13,7,16,,
taishokudaiko.jp,,5,3,2024/05/09,13,2,,
tagamihisaka.jp,,2,3,2018/05/06,12,8,,
sweetjane.jp,,1,3,2019/05/09,9,7,,
supplement-training.jp,,1,3,2024/05/01,19,2,,
sun-lotus.jp,,3,3,2021/05/25,9,5,,
support39.jp,,1,3,2014/05/30,9,12,,
sugarandsalt.jp,,2,3,2011/05/29,12,15,,
sunsethills.jp,,3,3,2018/05/15,11,8,,
sugabluedaisy.jp,,1,3,2018/05/18,13,8,,
studioc.jp,,6,3,2025/05/21,7,1,,
stresscheckguide.jp,,2,3,2016/05/12,16,10,,
stpartners.jp,,1,3,2023/05/15,10,3,,
sportsbuzz.jp,,4,3,2019/05/27,10,7,,
spayk.jp,,1,3,2008/05/10,5,18,,
soupro.jp,,3,3,2020/05/19,6,6,,
sm-e.jp,,1,3,2024/05/07,4,2,,
siseizan.jp,,4,3,2016/05/09,8,10,,
sougi-shaft.jp,,4,3,2008/05/16,11,18,,
snjk.jp,,2,3,2018/05/24,4,8,,
simiuslabo.jp,,4,3,2020/05/07,10,6,,
smartnw.jp,,1,3,2019/05/02,7,7,,
shiga-chiro.jp,,1,3,2019/05/28,11,7,,
sinulle.jp,,1,3,2024/05/17,7,2,,
sentido-architects.jp,,3,3,2020/05/09,18,6,,
showin-denbo.jp,,2,3,2019/05/13,12,7,,
selfleadership.jp,,1,3,2019/05/25,14,7,,
satio-miyagi.jp,,3,3,2018/05/11,12,8,,
sakurasalesrep.jp,,2,3,2017/05/03,14,9,,
sea-jewelry.jp,,4,3,2021/05/25,11,5,,
sabukaru.jp,,2,3,2021/05/01,8,5,,
ryourei-sintakuma.jp,,2,3,2024/05/28,17,2,,
rose26.jp,,2,3,2025/05/01,6,1,,
ritumei.jp,,3,3,2025/05/28,7,1,,
risegate.jp,,3,3,2022/05/23,8,4,,
rikureco.jp,,1,3,2016/05/30,8,10,,
revive-property.jp,,3,3,2022/05/02,15,4,,
restaurer-kobe.jp,,5,3,2021/05/13,14,5,,
resort-work.jp,,1,3,2021/05/06,11,5,,
reibun-jyoho.jp,,3,3,2024/05/26,12,2,,
pts-face.jp,,3,3,2020/05/21,8,6,,
preciousx2.jp,,1,3,2016/05/09,10,10,,
redflagdesign.jp,,3,3,2017/05/25,13,9,,
puffin.jp,,4,3,2001/05/18,6,25,,
pokidongo.jp,,1,3,2019/05/24,9,7,,
promptpedia.jp,,3,3,2025/05/01,11,1,,
pilateslife.jp,,1,3,2025/05/16,11,1,,
posregister.jp,,2,3,2014/05/09,11,12,,
oopstips.jp,,3,3,2025/05/08,8,1,,
online-clip.jp,,1,3,2018/05/02,11,8,,
pictura.jp,,2,3,2025/05/31,7,1,,
pharmiweb.jp,,3,3,2016/05/04,9,10,,
okubuka.jp,,1,3,2024/05/11,7,2,,
oita-konkatu.jp,,1,3,2024/05/05,12,2,,
onesafe.jp,,3,3,2018/05/11,7,8,,
omatakankosetubi.jp,,2,3,2009/05/28,16,17,,
nippro.jp,,1,3,2017/05/08,6,9,,
niiblog.jp,,3,3,2022/05/03,7,4,,
norita.jp,,3,3,2016/05/09,6,10,,
nicomail.jp,,3,3,2025/05/27,8,1,,
nipponmaru-douga.jp,,1,3,2021/05/21,16,5,,
ngtv.jp,,4,3,2025/05/10,4,1,,
nerori-kobe.jp,,1,3,2016/05/23,11,10,,
navi-nex.jp,,3,3,2023/05/02,8,3,,
nashioka.jp,,1,3,2024/05/17,8,2,,
neo-balance-beauty.jp,,1,3,2018/05/10,18,8,,
nanahachika.jp,,3,3,2025/05/16,11,1,,
miwi.jp,,1,3,2025/05/28,4,1,,
mhbodywork.jp,,4,3,2022/05/06,10,4,,
musashi-seitai.jp,,1,3,2018/05/31,14,8,,
motoshonin.jp,,1,3,2018/05/01,10,8,,
morrel.jp,,3,3,2022/05/08,6,4,,
mogumogu-check.jp,,1,3,2021/05/10,14,5,,
metrip.jp,,2,3,2021/05/15,6,5,,
medival.jp,,3,3,2021/05/12,7,5,,
mediaractive.jp,,3,3,2007/05/16,12,19,,
matsuo-masahiro.jp,,5,3,2025/05/19,15,1,,
masalayoga.jp,,3,3,2020/05/02,10,6,,
machiuke.jp,,3,3,2001/05/21,8,25,,
lvpt.jp,,1,3,2025/05/02,4,1,,
man2man.jp,,1,3,2015/05/31,7,11,,
ltr-heroaca-cafe.jp,,6,3,2025/05/09,16,1,,
l-ne.jp,,3,3,2025/05/27,4,1,,
livinghood.jp,,2,3,2021/05/23,10,5,,
lifeadventure.jp,,4,3,2022/05/11,13,4,,
lavie-hair.jp,,2,3,2013/05/30,10,13,,
litecoin.jp,,3,3,2019/05/01,8,7,,
lings.jp,,1,3,2025/05/05,5,1,,
larecole.jp,,3,3,2023/05/22,8,3,,
lelabo.jp,,3,3,2019/05/03,6,7,,
kotobuki-medical.jp,,3,3,2025/05/21,16,1,,
kodoku108.jp,,3,3,2017/05/06,9,9,,
ks-cube.jp,,4,3,2020/05/19,7,6,,
kintech.jp,,3,3,2020/05/06,7,6,,
kingan-robot.jp,,4,3,2019/05/06,12,7,,
kk-hmt.jp,,4,3,2014/05/30,6,12,,
kimthanh.jp,,3,3,2021/05/26,8,5,,
kgame.jp,,3,3,2024/05/24,5,2,,
kabegami.jp,,4,3,2001/05/07,8,25,,
jack-o-lantern.jp,,1,3,2010/05/12,14,16,,
indonesiagolf.jp,,3,3,2025/05/20,13,1,,
ja-pa-n.jp,,1,3,2024/05/14,7,2,,
imeets.jp,,5,3,2025/05/28,6,1,,
ima-tabi.jp,,1,3,2024/05/15,8,2,,
imrp.jp,,4,3,2006/05/08,4,20,,
iglp.jp,,3,3,2025/05/01,4,1,,
hotate-shoji.jp,,4,3,2017/05/01,12,9,,
hiranoclinic-yamanakako.jp,,3,3,2025/05/21,23,1,,
himeda.jp,,2,3,2020/05/15,6,6,,
greasetrap.jp,,1,3,2012/05/09,10,14,,
grace-salon.jp,,1,3,2024/05/02,11,2,,
handsfreetravel.jp,,3,3,2025/05/14,15,1,,
gonworks.jp,,1,3,2024/05/31,8,2,,
fusafusa.jp,,1,3,2009/05/21,8,17,,
foxpoker.jp,,1,3,2021/05/21,8,5,,
gold-age.jp,,1,3,2021/05/13,8,5,,
flower-chintai.jp,,1,3,2019/05/29,14,7,,
fr-office.jp,,4,3,2018/05/02,9,8,,
framecad.jp,,2,3,2011/05/31,8,15,,
e-tone-ai.jp,,4,3,2025/05/27,9,1,,
english-bootcamp.jp,,4,3,2018/05/15,16,8,,
festa-salon.jp,,1,3,2019/05/27,11,7,,
energy-force.jp,,1,3,2009/05/15,12,17,,
elusion.jp,,4,3,2025/05/08,7,1,,
ebigan.jp,,1,3,2019/05/29,6,7,,
earthaid.jp,,1,3,2024/05/20,8,2,,
dpmp.jp,,3,3,2022/05/20,4,4,,
dorim.jp,,1,3,2025/05/05,5,1,,
e-298.jp,,3,3,2005/05/21,5,21,,
doctor-age-office.jp,,3,3,2012/05/15,17,14,,
discover99.jp,,2,3,2020/05/11,10,6,,
dietcoach.jp,,2,3,2025/05/07,9,1,,
delivery-love.jp,,3,3,2025/05/02,13,1,,
data-storage.jp,,1,3,2016/05/02,12,10,,
d9office.jp,,1,3,2017/05/06,8,9,,
cyclect.jp,,1,3,2025/05/09,7,1,,
cybersecurity-guide.jp,,3,3,2024/05/19,19,2,,
cyberhub.jp,,2,3,2024/05/09,8,2,,
creama.jp,,5,3,2023/05/02,6,3,,
copyshop.jp,,3,3,2023/05/10,8,3,,
cri-websolution.jp,,2,3,2020/05/21,15,6,,
copymaster.jp,,1,3,2022/05/17,10,4,,
cp-acure.jp,,1,3,2024/05/01,8,2,,
cooling.jp,,5,3,2025/05/11,7,1,,
consultant-blog.jp,,3,3,2008/05/02,15,18,,
cocoontattoo.jp,,1,3,2023/05/21,12,3,,
cmlab.jp,,4,3,2017/05/01,5,9,,
click-me.jp,,1,3,2024/05/01,8,2,,
chibica.jp,,3,3,2018/05/09,7,8,,
chalo-pethotel.jp,,1,3,2018/05/24,14,8,,
butsudannoharada.jp,,1,3,2024/05/31,16,2,,
biyou-geka.jp,,1,3,2025/05/25,10,1,,
cfsc.jp,,1,3,2008/05/20,4,18,,
c-es.jp,,1,3,2007/06/01,4,19,,
catzilla.jp,,1,3,2019/05/06,8,7,,
capybarand.jp,,6,3,2019/05/27,10,7,,
capewine.jp,,4,3,2010/05/03,8,16,,
beecle.jp,,5,3,2024/05/21,6,2,,
bokin2020.jp,,3,3,2020/05/20,9,6,,
beauty-world.jp,,5,3,2025/05/06,12,1,,
beautiful-harmony.jp,,1,3,2023/05/19,17,3,,
bazar.jp,,1,3,2007/05/18,5,19,,
beautifulnet-shop.jp,,1,3,2024/05/16,17,2,,
badgirls.jp,,1,3,2025/05/29,8,1,,
asian-world.jp,,2,3,2023/05/31,11,3,,
asiabusinessnews.jp,,1,3,2014/05/19,16,12,,
augite.jp,,3,3,2019/05/23,6,7,,
ashoka.jp,,5,3,2024/05/19,6,2,,
arisaka.jp,,3,3,2001/05/20,7,25,,
argol.jp,,1,3,2024/05/16,5,2,,
aoikuni.jp,,3,3,2001/05/01,7,25,,
akibafactory.jp,,1,3,2024/05/01,12,2,,
aicasting.jp,,4,3,2024/05/07,9,2,,
3baum.jp,,7,3,2016/05/26,5,10,,
2mile.jp,,3,3,2024/05/03,5,2,,
0--0.jp,,3,3,2013/05/22,4,13,,
eheya-job.jp,,1,3,2023/07/21,9,3,,
天使猫.jp,,3,2,2001/05/01,3,25,,
本屋.jp,,2,2,2001/05/21,2,25,,
腸能力.jp,,1,2,2016/05/11,3,10,,
足跡.jp,,3,2,2015/05/28,2,11,,
植毛.jp,,1,2,2014/05/01,2,12,,
yjn.jp,,1,2,2025/05/17,3,1,,
ttj.jp,,1,2,2001/05/09,3,25,,
scm.jp,,2,2,2019/05/01,3,7,,
oig.jp,,1,2,2025/05/12,3,1,,
go0.jp,,1,2,2025/05/14,3,1,,
c53.jp,,2,2,2015/05/18,3,11,,
葬儀見積請求書.jp,,2,2,2020/05/14,7,6,,
寝不足イライラ.jp,,1,2,2022/05/26,7,4,,
所得補償.jp,,1,2,2008/05/19,4,18,,
詐欺請求110番.jp,,1,2,2018/05/28,8,8,,
教育教材.jp,,2,2,2014/05/02,4,12,,
井和工業.jp,,3,2,2019/05/21,4,7,,
バイク買取.jp,,1,2,2013/05/01,5,13,,
ドアリモ.jp,,2,2,2021/05/30,4,5,,
ダウンロードブックス.jp,,1,2,2007/05/02,10,19,,
キュットスリム.jp,,1,2,2011/05/29,7,15,,
オンラインカジノ評価.jp,,1,2,2007/05/24,10,19,,
zooproject.jp,,5,2,2025/05/29,10,1,,
zuo-shop.jp,,2,2,2021/05/31,8,5,,
zt-plasticmolding.jp,,5,2,2021/05/07,17,5,,
zeromat.jp,,1,2,2013/05/29,7,13,,
z-en.jp,,2,2,2024/05/29,4,2,,
yoshidasouken.jp,,3,2,2025/05/13,13,1,,
wutheringwaves-cartethyia.jp,,1,2,2025/05/09,25,1,,
white-technology.jp,,1,2,2019/05/27,16,7,,
yogaorganic.jp,,3,2,2017/05/17,11,9,,
ymd-s.jp,,2,2,2024/05/24,5,2,,
worldwar.jp,,4,2,2023/05/05,8,3,,
worldcoffee.jp,,1,2,2023/05/27,11,3,,
wavehome.jp,,1,2,2025/05/22,8,1,,
walm.jp,,3,2,2020/05/29,4,6,,
well-learning.jp,,3,2,2020/05/19,13,6,,
wellcareer.jp,,1,2,2016/05/26,10,10,,
web-3.jp,,3,2,2025/05/12,5,1,,
vanilla-house.jp,,3,2,2019/05/01,13,7,,
washio.jp,,1,2,2009/05/11,6,17,,
utilityinc.jp,,2,2,2020/05/11,10,6,,
urata-jyuku.jp,,1,2,2023/05/31,11,3,,
treeviewer.jp,,1,2,2015/05/02,10,11,,
umestudio.jp,,2,2,2018/05/31,9,8,,
ubitus.jp,,1,2,2022/05/25,6,4,,
torute.jp,,4,2,2017/05/02,6,9,,
tsurumaki.jp,,4,2,2001/05/08,9,25,,
trk-iwaki.jp,,2,2,2019/05/15,9,7,,
tomatsu-bridal.jp,,1,2,2010/05/20,14,16,,
toyotomichina.jp,,1,2,2016/05/27,13,10,,
threeway.jp,,2,2,2023/05/16,8,3,,
toolplus.jp,,3,2,2023/05/01,8,3,,
techmake.jp,,1,2,2021/05/25,8,5,,
tohkohcare-recruit.jp,,1,2,2024/05/22,18,2,,
taura.jp,,1,2,2001/05/01,5,25,,
syohisyakinyu.jp,,1,2,2025/05/07,13,1,,
sushipon.jp,,1,2,2019/05/17,8,7,,
tat-design.jp,,2,2,2022/05/20,10,4,,
takarazawa.jp,,4,2,2021/05/21,10,5,,
ssi-global.jp,,1,2,2024/05/14,10,2,,
sp-ec.jp,,3,2,2021/05/03,5,5,,
sugoroku.jp,,1,2,2025/05/05,8,1,,
streetfest.jp,,1,2,2018/05/10,10,8,,
ssst.jp,,1,2,2012/05/15,4,14,,
sooz.jp,,1,2,2025/05/22,4,1,,
sokusau.jp,,1,2,2023/05/20,7,3,,
smartcard.jp,,2,2,2025/05/20,9,1,,
skiresort.jp,,1,2,2025/05/01,9,1,,
skcorp.jp,,3,2,2018/05/14,6,8,,
smart123.jp,,1,2,2020/05/20,8,6,,
slsw.jp,,2,2,2010/05/26,4,16,,
shinone.jp,,1,2,2021/05/14,7,5,,
samurai-osaka.jp,,3,2,2022/05/24,13,4,,
salesdb.jp,,1,2,2024/05/18,7,2,,
seeyou.jp,,4,2,2001/05/01,6,25,,
sctrc.jp,,1,2,2011/05/13,5,15,,
rtree-innovation.jp,,1,2,2011/05/02,16,15,,
rtree-i.jp,,1,2,2011/05/02,7,15,,
saimon.jp,,3,2,2003/06/03,6,23,,
riverfield-shadou-skill.jp,,6,2,2025/05/13,23,1,,
recycle123.jp,,3,2,2018/05/11,10,8,,
rrec.jp,,4,2,2009/05/12,4,17,,
recruiting-support.jp,,2,2,2020/05/25,18,6,,
rinotech.jp,,2,2,2017/05/11,8,9,,
reuse-life.jp,,4,2,2024/05/30,10,2,,
qwenguide.jp,,4,2,2025/05/09,9,1,,
qttoslim.jp,,2,2,2012/05/30,8,14,,
rebound.jp,,2,2,2024/05/17,7,2,,
pink-matome.jp,,4,2,2025/05/22,11,1,,
phtp.jp,,1,2,2021/05/26,4,5,,
princess-momo.jp,,5,2,2009/05/04,13,17,,
ppdesign.jp,,1,2,2022/05/07,8,4,,
powerside.jp,,1,2,2021/05/22,9,5,,
photodoggie.jp,,1,2,2022/05/10,11,4,,
peta-no-niwa.jp,,1,2,2022/05/06,12,4,,
pancoat.jp,,1,2,2024/05/14,7,2,,
phobos.jp,,1,2,2021/05/19,6,5,,
paint-riza.jp,,3,2,2023/05/15,10,3,,
pcサポート.jp,,1,2,2003/05/26,6,23,,
oshimaofficial.jp,,3,2,2022/05/26,14,4,,
orgco.jp,,4,2,2023/05/18,5,3,,
onlineacademy.jp,,1,2,2020/05/20,13,6,,
one-next.jp,,1,2,2025/05/01,8,1,,
offisis.jp,,1,2,2020/05/19,7,6,,
office-apr.jp,,1,2,2006/05/22,10,20,,
ondol.jp,,2,2,2024/05/26,5,2,,
okuyan.jp,,2,2,2021/05/27,6,5,,
ns-mail.jp,,4,2,2024/05/17,7,2,,
notification-sound.jp,,3,2,2021/05/06,18,5,,
no-lie.jp,,1,2,2022/05/18,6,4,,
nokki.jp,,1,2,2024/05/20,5,2,,
nittsuco.jp,,1,2,2020/05/05,8,6,,
nihon-bunka.jp,,1,2,2024/05/18,11,2,,
n-exus.jp,,1,2,2015/05/19,6,11,,
nihongosuki.jp,,2,2,2024/05/03,11,2,,
natural-skin.jp,,2,2,2025/05/11,12,1,,
nicehat.jp,,5,2,2023/05/18,7,3,,
nas-pro.jp,,2,2,2022/05/30,7,4,,
nextwoman.jp,,1,2,2019/05/16,9,7,,
neotecnos.jp,,3,2,2020/05/26,9,6,,
namura-k.jp,,1,2,2025/05/01,8,1,,
mysb.jp,,1,2,2014/05/30,4,12,,
naoshimajyuku.jp,,1,2,2020/05/25,13,6,,
myopinion.jp,,1,2,2018/05/29,9,8,,
mystical.jp,,3,2,2025/05/16,8,1,,
mysimple.jp,,1,2,2021/05/23,8,5,,
myecowrap.jp,,1,2,2021/05/13,9,5,,
muramatsu-biken.jp,,2,2,2020/05/15,15,6,,
motomatsu.jp,,1,2,2001/05/08,9,25,,
money-management.jp,,1,2,2023/05/15,16,3,,
monadikos.jp,,3,2,2025/05/14,9,1,,
moha.jp,,1,2,2023/05/12,4,3,,
misato-shinbi.jp,,3,2,2022/05/09,13,4,,
minimalsuzu.jp,,3,2,2023/05/09,11,3,,
mlight.jp,,4,2,2020/05/28,6,6,,
mitcables.jp,,1,2,2008/05/17,9,18,,
mifactory.jp,,1,2,2020/05/28,9,6,,
microserver.jp,,3,2,2025/05/26,11,1,,
miam.jp,,1,2,2025/05/26,4,1,,
mhlove.jp,,1,2,2019/05/17,6,7,,
mastercode.jp,,1,2,2023/05/30,10,3,,
machpro.jp,,1,2,2022/05/05,7,4,,
mentalfitness.jp,,1,2,2024/05/06,13,2,,
masuclub.jp,,2,2,2001/05/28,8,25,,
luckydip.jp,,1,2,2025/05/01,8,1,,
locanet.jp,,4,2,2020/05/06,7,6,,
luxenote.jp,,3,2,2025/05/01,8,1,,
luth.jp,,3,2,2023/05/24,4,3,,
link-jp.jp,,3,2,2022/05/12,7,4,,
lorealimode.jp,,3,2,2005/05/30,11,21,,
lockers.jp,,1,2,2024/05/09,7,2,,
linguahub.jp,,1,2,2024/05/16,9,2,,
lightorbit.jp,,2,2,2022/05/16,10,4,,
lectin-free.jp,,1,2,2018/05/01,11,8,,
limpia-ihin.jp,,1,2,2017/05/23,11,9,,
lectinfree.jp,,1,2,2018/05/01,10,8,,
lea-lourdes.jp,,1,2,2018/05/07,11,8,,
laser-craft.jp,,1,2,2016/05/16,11,10,,
kyoto-energy.jp,,1,2,2021/05/21,12,5,,
kwks.jp,,1,2,2024/05/07,4,2,,
k-maker.jp,,1,2,2022/05/20,7,4,,
kryptowire.jp,,3,2,2020/05/20,10,6,,
k-kowa.jp,,1,2,2016/05/12,6,10,,
k-e-k.jp,,1,2,2020/05/29,5,6,,
kebs.jp,,1,2,2016/05/01,4,10,,
kionao.jp,,2,2,2021/05/29,6,5,,
ki-ds.jp,,1,2,2015/05/06,5,11,,
kamihara.jp,,2,2,2025/05/06,8,1,,
keijix.jp,,1,2,2017/05/22,6,9,,
joyfulmusic.jp,,5,2,2025/05/07,11,1,,
jeffu.jp,,1,2,2023/05/24,5,3,,
jart2024.jp,,2,2,2025/05/01,8,1,,
jiko-naraha-law.jp,,3,2,2021/05/28,15,5,,
jict.jp,,1,2,2024/05/12,4,2,,
japanesecar.jp,,4,2,2001/05/01,11,25,,
japanbusinessforum.jp,,1,2,2012/05/24,18,14,,
japansong.jp,,4,2,2024/05/10,9,2,,
japanese-whisky.jp,,4,2,2020/05/01,15,6,,
istonx2.jp,,1,2,2025/05/15,7,1,,
ironie.jp,,2,2,2021/05/03,6,5,,
invest-school.jp,,1,2,2021/05/10,13,5,,
inunoyado.jp,,3,2,2016/05/08,9,10,,
if-else.jp,,1,2,2018/05/22,7,8,,
iduru-maikura0821.jp,,2,2,2025/05/05,17,1,,
intternesst.jp,,3,2,2021/05/22,11,5,,
ifpower.jp,,1,2,2018/05/11,7,8,,
huiyou.jp,,1,2,2025/05/28,6,1,,
hrscs.jp,,1,2,2019/05/24,5,7,,
hypox.jp,,2,2,2017/05/07,5,9,,
hokkaidomc.jp,,2,2,2018/05/01,10,8,,
hmshop.jp,,1,2,2025/05/13,6,1,,
hpplanning.jp,,1,2,2017/05/30,10,9,,
hiyochan.jp,,1,2,2022/05/11,8,4,,
hiro-d-c.jp,,1,2,2019/05/07,8,7,,
herbrity.jp,,1,2,2024/05/26,8,2,,
hellfire.jp,,4,2,2023/05/26,8,3,,
hiro24.jp,,1,2,2023/05/09,6,3,,
hamiltonkojima.jp,,4,2,2025/05/19,14,1,,
hakobox.jp,,3,2,2023/05/13,7,3,,
happylove.jp,,1,2,2004/05/05,9,22,,
gump.jp,,2,2,2001/05/16,4,25,,
goodlifedesign.jp,,1,2,2017/05/14,14,9,,
haier.jp,,1,2,2022/05/01,5,4,,
ginko.jp,,1,2,2011/05/14,5,15,,
googleplay.jp,,1,2,2025/05/23,10,1,,
gemmyroom.jp,,3,2,2021/05/07,9,5,,
giscience.jp,,3,2,2010/05/24,9,16,,
gearlytics.jp,,4,2,2025/05/14,10,1,,
g-fore.jp,,1,2,2012/05/02,6,14,,
gatrial.jp,,3,2,2011/05/25,7,15,,
gachimazui.jp,,4,2,2025/05/10,10,1,,
fuwarito.jp,,3,2,2023/05/04,8,3,,
fukuiou-quiz.jp,,5,2,2025/05/21,12,1,,
fujinomachi-mirai.jp,,3,2,2022/05/13,17,4,,
exp-mercedes.jp,,6,2,2013/05/07,12,13,,
erp-biso.jp,,3,2,2019/05/13,8,7,,
fluxfm.jp,,1,2,2012/05/02,6,14,,
fineart-studio.jp,,2,2,2019/05/01,14,7,,
f5photo.jp,,3,2,2015/05/20,7,11,,
e-nikken.jp,,1,2,2001/05/11,8,25,,
emil-mana.jp,,3,2,2023/05/30,9,3,,
ensellemarcel.jp,,1,2,2017/05/04,13,9,,
elephantsoft.jp,,1,2,2021/05/10,12,5,,
eigono.jp,,2,2,2025/05/27,6,1,,
eatpass.jp,,3,2,2025/05/03,7,1,,
earlychance.jp,,1,2,2020/05/27,11,6,,
ecbranding.jp,,4,2,2020/05/16,10,6,,
earlybirdinc.jp,,1,2,2020/05/19,12,6,,
donly.jp,,2,2,2018/05/06,5,8,,
digipost.jp,,1,2,2025/05/13,8,1,,
dubainews.jp,,3,2,2021/05/08,9,5,,
densha-shimbun.jp,,1,2,2018/05/04,14,8,,
domehouse.jp,,1,2,2006/05/19,9,20,,
digitalsolutions.jp,,3,2,2001/05/28,16,25,,
denpita.jp,,3,2,2014/05/21,7,12,,
devforce.jp,,1,2,2024/05/21,8,2,,
deepseekguide.jp,,4,2,2025/05/09,13,1,,
deed.jp,,2,2,2023/05/22,4,3,,
davincilive.jp,,1,2,2022/05/18,11,4,,
daiji-urata.jp,,3,2,2025/05/15,11,1,,
daiendou.jp,,1,2,2015/05/14,8,11,,
cwaweb.jp,,1,2,2014/05/08,6,12,,
cryptography.jp,,1,2,2025/05/08,12,1,,
criceto.jp,,3,2,2019/05/24,7,7,,
creative-company.jp,,3,2,2025/05/30,16,1,,
cittadesign.jp,,4,2,2023/05/04,11,3,,
chmclx.jp,,5,2,2021/05/01,6,5,,
coweb.jp,,2,2,2024/05/07,5,2,,
cocoona.jp,,4,2,2020/05/29,7,6,,
chelsea-marriage.jp,,3,2,2025/05/01,16,1,,
catchmo.jp,,1,2,2024/05/15,7,2,,
calmee.jp,,1,2,2025/05/21,6,1,,
channelthink.jp,,1,2,2019/05/07,12,7,,
c-designing.jp,,1,2,2020/05/08,11,6,,
byakkotai.jp,,3,2,2016/05/17,9,10,,
capcap.jp,,4,2,2022/05/04,6,4,,
bridalbase.jp,,1,2,2024/05/24,10,2,,
blueswan.jp,,1,2,2018/05/14,8,8,,
biz-buddy.jp,,2,2,2025/05/07,9,1,,
bcgroup.jp,,5,2,2023/05/01,7,3,,
bca-nagoya.jp,,1,2,2018/05/25,10,8,,
bi-emedicalaffairs.jp,,1,2,2017/05/16,18,9,,
bellaria.jp,,1,2,2007/05/18,8,19,,
bc-online-lesson.jp,,4,2,2023/05/31,16,3,,
bazaar.jp,,1,2,2007/05/18,6,19,,
autoforge-fan.jp,,1,2,2024/05/04,13,2,,
aumobile.jp,,1,2,2025/05/12,8,1,,
av動画.jp,,3,2,2025/05/15,4,1,,
asuka-ind.jp,,3,2,2020/05/10,9,6,,
autodiscover.jp,,4,2,2021/04/06,12,5,,
aoi-77.jp,,1,2,2017/05/19,6,9,,
anypo.jp,,3,2,2025/05/27,5,1,,
assemblish.jp,,3,2,2001/05/01,10,25,,
aomori-kenminkyosai.jp,,2,2,2020/05/25,19,6,,
anjuness.jp,,1,2,2022/05/04,8,4,,
angelsliquid.jp,,5,2,2024/05/30,12,2,,
angelpeach.jp,,2,2,2019/05/01,10,7,,
alliq-solar.jp,,1,2,2014/05/14,11,12,,
a-lin4b.jp,,3,2,2012/05/10,7,14,,
amana-contents.jp,,2,2,2015/05/07,14,11,,
aiscc.jp,,3,2,2021/05/14,5,5,,
addaday.jp,,2,2,2018/05/16,7,8,,
aceauto.jp,,1,2,2017/05/24,7,9,,
a1day1.jp,,3,2,2023/05/18,6,3,,
9-design.jp,,2,2,2022/05/22,8,4,,
122333.jp,,1,2,2007/05/25,6,19,,
半額.jp,,1,1,2008/05/04,2,18,,
窓.jp,,1,1,2023/05/20,1,3,,
伊雑宮.jp,,1,1,2015/05/03,3,11,,
辞書.jp,,1,1,2001/05/21,2,25,,
うんこ.jp,,1,1,2025/05/01,3,1,,
エペ沼.jp,,1,1,2022/05/12,3,4,,
いちる.jp,,1,1,2021/05/10,3,5,,
zke.jp,,1,1,2025/05/04,3,1,,
svo.jp,,1,1,2025/05/17,3,1,,
rtl.jp,,1,1,2001/05/01,3,25,,
ゆめ半島.jp,,1,1,2008/05/15,4,18,,
マドリモ.jp,,1,1,2021/05/30,4,5,,
ヘルプカード.jp,,1,1,2018/05/12,6,8,,
ネットでゲーム.jp,,1,1,2016/05/15,7,10,,
ちりめんじゃこ.jp,,1,1,2013/05/23,7,13,,
ちりめん.jp,,1,1,2013/05/23,4,13,,
カッパバシ.jp,,1,1,2025/05/18,5,1,,
pzn.jp,,1,1,2025/05/09,3,1,,
pxn.jp,,1,1,2025/05/09,3,1,,
nuv.jp,,1,1,2025/05/08,3,1,,
イザナミ.jp,,1,1,2011/05/07,4,15,,
zylo.jp,,1,1,2025/05/24,4,1,,
あそこ黒ずみクリーム新革命.jp,,1,1,2025/05/07,13,1,,
zirconiaimplant.jp,,1,1,2022/05/26,15,4,,
pll.jp,,1,1,2001/05/01,3,25,,
z-firm.jp,,1,1,2025/05/01,6,1,,
zero1-corp.jp,,1,1,2022/05/19,10,4,,
zeroshot.jp,,1,1,2014/05/13,8,12,,
z-enter.jp,,1,1,2021/05/13,7,5,,
yumelink.jp,,1,1,2025/05/15,8,1,,
ytc-corporation.jp,,1,1,2020/05/26,15,6,,
youthdesign.jp,,1,1,2017/05/22,11,9,,
youlun.jp,,1,1,2021/05/14,6,5,,
yorozuya-fukui.jp,,4,1,2025/05/31,14,1,,
yolocom.jp,,1,1,2020/05/22,7,6,,
yn-lls.jp,,4,1,2023/05/20,6,3,,
y-my.jp,,2,1,2024/05/29,4,2,,
yarnity.jp,,2,1,2025/05/15,7,1,,
yaponsky.jp,,1,1,2019/05/15,8,7,,
wls-room-booking.jp,,1,1,2010/05/11,16,16,,
yamaguchi-industry.jp,,1,1,2024/05/31,18,2,,
x-marketing-job.jp,,3,1,2024/05/31,15,2,,
wisdomlab.jp,,1,1,2023/05/16,9,3,,
whitrip.jp,,2,1,2024/05/01,7,2,,
wexer.jp,,1,1,2018/05/14,5,8,,
whitedot.jp,,1,1,2023/06/07,8,3,,
weekcomm.jp,,1,1,2024/05/01,8,2,,
weddingcollege.jp,,1,1,2018/05/12,14,8,,
webmining.jp,,3,1,2022/05/01,9,4,,
wanlog.jp,,2,1,2019/05/28,6,7,,
walkthrough.jp,,1,1,2024/05/28,11,2,,
wa-dining.jp,,1,1,2020/05/16,9,6,,
wahta.jp,,1,1,2016/05/10,5,10,,
wadajima.jp,,1,1,2018/05/07,8,8,,
vntalk.jp,,1,1,2015/05/03,6,11,,
vmove.jp,,5,1,2025/05/28,5,1,,
viva-work.jp,,1,1,2025/05/18,9,1,,
utsukushiimono.jp,,1,1,2020/05/25,14,6,,
urban-legend.jp,,1,1,2022/05/12,12,4,,
uranaihappy.jp,,1,1,2019/05/22,11,7,,
upmost.jp,,1,1,2025/05/28,6,1,,
uni-book.jp,,1,1,2010/05/25,8,16,,
tutawaru.jp,,1,1,2024/05/23,8,2,,
ts-whitening.jp,,4,1,2024/05/30,12,2,,
tutankhamun.jp,,1,1,2019/05/29,11,7,,
tsumugido.jp,,2,1,2023/05/23,9,3,,
tsukuruba.jp,,1,1,2025/05/10,9,1,,
tsukino-bag.jp,,1,1,2024/05/02,11,2,,
tsucchan.jp,,1,1,2025/05/03,8,1,,
trueway.jp,,2,1,2024/05/13,7,2,,
tretter.jp,,1,1,2025/05/27,7,1,,
trittec.jp,,1,1,2016/05/09,7,10,,
trenday.jp,,1,1,2020/05/09,7,6,,
trendal.jp,,1,1,2018/05/13,7,8,,
tracken.jp,,1,1,2017/05/07,7,9,,
travala.jp,,1,1,2018/05/31,7,8,,
trappin.jp,,1,1,2019/05/10,7,7,,
trade-gate.jp,,2,1,2020/05/15,10,6,,
totalhealth.jp,,1,1,2005/05/19,11,21,,
townoffice.jp,,1,1,2016/05/26,10,10,,
totalcaresalonluana.jp,,1,1,2024/05/23,19,2,,
toripowerspot.jp,,1,1,2021/05/25,13,5,,
toriita.jp,,1,1,2019/05/11,7,7,,
toribird.jp,,1,1,2025/05/01,8,1,,
topodisegno.jp,,4,1,2011/05/13,11,15,,
topme.jp,,1,1,2025/05/08,5,1,,
tomorrowxtogether.jp,,1,1,2019/05/31,17,7,,
tiogaholdings.jp,,2,1,2024/05/29,13,2,,
tiesind.jp,,1,1,2022/05/05,7,4,,
timers.jp,,4,1,2020/05/01,6,6,,
the-pro.jp,,1,1,2021/05/31,7,5,,
thelib.jp,,2,1,2025/05/08,6,1,,
thejunkyard.jp,,1,1,2022/05/25,11,4,,
teyea.jp,,1,1,2020/05/25,5,6,,
the-cat.jp,,1,1,2025/05/15,7,1,,
tetotemusic.jp,,1,1,2022/05/08,11,4,,
tenpozan.jp,,3,1,2024/05/09,8,2,,
tech-ai.jp,,3,1,2024/05/21,7,2,,
teiso.jp,,1,1,2025/05/10,5,1,,
talkc.jp,,1,1,2025/05/17,5,1,,
tateoka.jp,,1,1,2001/05/10,7,25,,
taishokudaikou-navi.jp,,1,1,2024/05/24,19,2,,
taguri.jp,,1,1,2014/05/23,6,12,,
tabehoudai.jp,,1,1,2025/05/12,10,1,,
ns4.jp,,2,1,2024/05/09,3,2,,
syouzi.jp,,1,1,2020/05/20,6,6,,
suuu0120.jp,,1,1,2024/05/19,8,2,,
sunsistemo.jp,,1,1,2016/05/01,10,10,,
sunroadishikawa.jp,,1,1,2022/05/25,15,4,,
sunlight-tokyo.jp,,2,1,2024/05/20,14,2,,
style-z.jp,,1,1,2023/05/13,7,3,,
sumibiclub-sakana.jp,,1,1,2018/05/14,17,8,,
stretch7.jp,,3,1,2022/05/08,8,4,,
studygame.jp,,1,1,2017/05/11,9,9,,
stfc.jp,,1,1,2025/05/09,4,1,,
stella-tax.jp,,2,1,2025/05/01,10,1,,
staas.jp,,1,1,2020/05/26,5,6,,
startfx.jp,,1,1,2025/05/01,7,1,,
spa-ec.jp,,1,1,2019/05/28,6,7,,
spell.jp,,1,1,2001/05/01,5,25,,
soric.jp,,1,1,2025/05/25,5,1,,
soraburitenshop.jp,,2,1,2025/05/08,15,1,,
sokochi-soudan.jp,,1,1,2022/05/13,14,4,,
sol-now.jp,,1,1,2019/05/29,7,7,,
soldat.jp,,1,1,2023/05/26,6,3,,
snape.jp,,1,1,2025/05/08,5,1,,
smart-property.jp,,1,1,2014/05/13,14,12,,
smartgrants.jp,,2,1,2023/05/25,11,3,,
smart-contract.jp,,1,1,2014/05/13,14,12,,
skyrocketweb.jp,,1,1,2019/05/04,12,7,,
simplevision.jp,,1,1,2020/05/28,12,6,,
sisley-cosmetics.jp,,1,1,2005/05/30,16,21,,
sircoin.jp,,1,1,2018/05/15,7,8,,
simizushop.jp,,1,1,2025/05/20,10,1,,
show-bay.jp,,1,1,2023/05/26,8,3,,
sifclalis-svc.jp,,1,1,2011/05/25,13,15,,
shina-chiro.jp,,1,1,2017/05/29,11,9,,
shakaijinkisoryoku.jp,,1,1,2011/05/17,18,15,,
shance.jp,,1,1,2021/05/07,6,5,,
sewing-plaza.jp,,1,1,2011/05/20,12,15,,
seven-corp.jp,,1,1,2022/05/12,10,4,,
seikatsukobo.jp,,1,1,2010/05/02,12,16,,
semi-suppo.jp,,1,1,2017/05/27,10,9,,
selfphoto.jp,,1,1,2021/05/20,9,5,,
sd-windenergy.jp,,1,1,2018/05/18,13,8,,
seamoney.jp,,1,1,2021/05/10,8,5,,
sdgs-taishoku-daikou.jp,,3,1,2025/05/11,20,1,,
scm-management.jp,,1,1,2022/05/10,14,4,,
salontaf.jp,,1,1,2024/05/08,8,2,,
scandit.jp,,1,1,2020/05/26,7,6,,
sale-on.jp,,1,1,2010/05/12,7,16,,
salmonlife.jp,,2,1,2025/05/01,10,1,,
sachiyo.jp,,1,1,2001/05/01,7,25,,
jog.jp,,1,1,2017/05/01,3,9,,
saaageboutique.jp,,1,1,2018/05/07,14,8,,
ryokugen.jp,,1,1,2016/05/23,8,10,,
route-lab.jp,,1,1,2022/05/31,9,4,,
roomchiba.jp,,2,1,2025/05/09,9,1,,
rothys.jp,,1,1,2019/05/09,6,7,,
ripple-bank.jp,,1,1,2013/05/01,11,13,,
rightclue.jp,,1,1,2010/05/18,9,16,,
retailsupport.jp,,1,1,2023/05/10,13,3,,
resolutio.jp,,1,1,2022/05/13,9,4,,
restandrelax.jp,,1,1,2020/05/19,12,6,,
report831epic.jp,,1,1,2025/05/13,13,1,,
report782hops.jp,,1,1,2025/05/13,13,1,,
report419foam.jp,,1,1,2025/05/13,13,1,,
report391goat.jp,,1,1,2025/05/13,13,1,,
report202pint.jp,,1,1,2025/05/13,13,1,,
renomado.jp,,3,1,2023/05/31,8,3,,
refreshing.jp,,1,1,2023/05/29,10,3,,
recruit-baciami.jp,,1,1,2025/05/02,15,1,,
redkenimode.jp,,1,1,2005/05/30,11,21,,
rectus.jp,,1,1,2024/05/16,6,2,,
recourse.jp,,1,1,2023/05/28,8,3,,
recruit-andtoday.jp,,1,1,2022/05/17,16,4,,
realrose.jp,,1,1,2018/05/23,8,8,,
quizgpt.jp,,3,1,2023/05/06,7,3,,
re-5.jp,,1,1,2011/05/18,4,15,,
qbase.jp,,1,1,2024/05/25,5,2,,
fwt.jp,,1,1,2020/05/13,3,6,,
fqn.jp,,2,1,2025/05/22,3,1,,
pullrequest.jp,,1,1,2018/05/11,11,8,,
pskiseki.jp,,4,1,2025/05/15,8,1,,
proful.jp,,1,1,2025/05/12,6,1,,
productjam.jp,,1,1,2024/05/03,10,2,,
products-live.jp,,1,1,2020/05/29,13,6,,
prisearch.jp,,2,1,2022/05/07,9,4,,
p-reserve.jp,,1,1,2018/05/29,9,8,,
poslab.jp,,3,1,2025/05/23,6,1,,
precioushome.jp,,4,1,2024/05/20,12,2,,
pranahealing.jp,,1,1,2022/05/04,12,4,,
polijap.jp,,3,1,2025/05/31,7,1,,
pn-paradise.jp,,1,1,2019/05/25,11,7,,
play-ojo.jp,,3,1,2023/05/04,8,3,,
pluswat.jp,,1,1,2005/05/25,7,21,,
plusglass.jp,,1,1,2018/05/21,9,8,,
a31.jp,,1,1,2015/05/01,3,11,,
planlife.jp,,1,1,2021/05/17,8,5,,
pinta.jp,,1,1,2024/05/23,5,2,,
picme.jp,,1,1,2025/05/08,5,1,,
pf-consulting.jp,,1,1,2025/05/01,13,1,,
pesitro.jp,,2,1,2021/05/14,7,5,,
patapata0831.jp,,2,1,2012/05/14,12,14,,
pcsj.jp,,1,1,2008/05/11,4,18,,
panzerotti.jp,,1,1,2015/05/01,10,11,,
oushouji.jp,,4,1,2015/05/13,8,11,,
page-me.jp,,1,1,2024/05/09,7,2,,
packandsend.jp,,1,1,2007/05/28,11,19,,
oursblanc.jp,,1,1,2021/05/20,9,5,,
osaka-yuigon.jp,,1,1,2022/05/21,12,4,,
otsuka-kogyo.jp,,1,1,2019/05/23,12,7,,
oshinabete.jp,,1,1,2024/05/19,10,2,,
osakanakun.jp,,1,1,2025/05/07,10,1,,
online-soroban.jp,,1,1,2020/05/11,14,6,,
osaka-endoscope.jp,,1,1,2013/05/15,15,13,,
optimizedcontent.jp,,1,1,2019/05/07,16,7,,
openlane.jp,,1,1,2023/05/26,8,3,,
onlinemaster.jp,,1,1,2020/05/31,12,6,,
ondmade.jp,,2,1,2021/05/03,7,5,,
omcsjapan.jp,,2,1,2023/05/13,9,3,,
onclick.jp,,1,1,2012/05/23,7,14,,
omaro.jp,,3,1,2020/05/26,5,6,,
oki37.jp,,1,1,2010/05/10,5,16,,
olio-remix.jp,,1,1,2006/05/12,10,20,,
okazou.jp,,1,1,2006/05/30,6,20,,
ohbi.jp,,1,1,2022/05/27,4,4,,
ogawa-siw-kagoshima.jp,,1,1,2019/05/01,19,7,,
odde.jp,,1,1,2025/05/27,4,1,,
ogawa-sekkotsuin.jp,,1,1,2017/05/16,16,9,,
obent.jp,,3,1,2020/05/14,5,6,,
96s.jp,,1,1,2019/05/31,3,7,,
numberscafe.jp,,3,1,2024/05/15,11,2,,
nsd-inc.jp,,1,1,2019/05/30,7,7,,
7sp.jp,,1,1,2012/05/05,3,14,,
nowplaying.jp,,1,1,2021/05/02,10,5,,
nplex.jp,,1,1,2016/05/25,5,10,,
noriko-flower.jp,,3,1,2025/05/22,13,1,,
nobuy.jp,,1,1,2024/05/26,5,2,,
norikawa.jp,,1,1,2023/05/26,8,3,,
nissay-tp.jp,,1,1,2022/05/23,9,4,,
nobechoru-media.jp,,1,1,2021/05/17,15,5,,
nihonchuoresearch.jp,,3,1,2024/05/17,17,2,,
new-jobs.jp,,1,1,2019/05/31,8,7,,
next-skill.jp,,3,1,2025/05/24,10,1,,
network888.jp,,1,1,2016/05/05,10,10,,
netwedding.jp,,1,1,2005/05/21,10,21,,
net-concierge.jp,,1,1,2025/05/03,13,1,,
nestoria.jp,,1,1,2025/05/02,8,1,,
neiro-tokyo.jp,,1,1,2025/05/07,11,1,,
nbl-a.jp,,1,1,2019/05/31,5,7,,
naemt.jp,,1,1,2012/05/08,5,14,,
nabeblo.jp,,1,1,2020/05/04,7,6,,
mzinc.jp,,1,1,2025/05/28,5,1,,
mukiryoku.jp,,1,1,2025/05/23,9,1,,
mugearth.jp,,1,1,2022/05/04,8,4,,
muica.jp,,1,1,2014/05/01,5,12,,
mride.jp,,1,1,2025/05/29,5,1,,
mrsecurity.jp,,1,1,2022/05/19,10,4,,
momau.jp,,1,1,2024/05/03,5,2,,
mote-men.jp,,1,1,2023/05/26,8,3,,
montasoccer.jp,,1,1,2025/05/07,11,1,,
mogitori.jp,,1,1,2025/05/01,8,1,,
modelbase.jp,,1,1,2021/05/01,9,5,,
mjcreation.jp,,1,1,2012/05/16,10,14,,
miyavie.jp,,1,1,2025/05/18,7,1,,
miyagift.jp,,1,1,2016/05/19,8,10,,
miyaji.jp,,1,1,2001/05/12,6,25,,
mirai-tsugaru-art.jp,,1,1,2025/05/30,17,1,,
mingiga.jp,,2,1,2024/05/15,7,2,,
mirai-kyoshitsu.jp,,4,1,2023/05/03,15,3,,
mirai-code.jp,,1,1,2024/05/10,10,2,,
minarai.jp,,1,1,2025/05/22,7,1,,
mifare-ultralight.jp,,1,1,2015/05/15,17,11,,
mimistudio.jp,,1,1,2010/05/24,10,16,,
m-ideal.jp,,1,1,2021/05/01,7,5,,
mewbar.jp,,1,1,2010/05/22,6,16,,
merleende.jp,,1,1,2021/05/21,9,5,,
metadoll.jp,,1,1,2022/05/26,8,4,,
mental-shindan.jp,,3,1,2025/05/12,14,1,,
merckgroup.jp,,1,1,2014/05/01,10,12,,
merakimotors.jp,,1,1,2024/05/01,12,2,,
mens-bild.jp,,1,1,2022/05/04,9,4,,
mentalgym.jp,,1,1,2024/05/06,9,2,,
memberscareer.jp,,1,1,2014/05/13,13,12,,
me-job.jp,,1,1,2022/05/10,6,4,,
meisi.jp,,1,1,2020/05/09,5,6,,
mayomayo.jp,,1,1,2020/05/28,8,6,,
meiji-probio.jp,,1,1,2017/05/30,12,9,,
medibox.jp,,1,1,2001/05/01,7,25,,
medibook.jp,,1,1,2001/05/01,8,25,,
mayumitodance.jp,,1,1,2022/05/16,13,4,,
mature-milfy.jp,,1,1,2024/05/30,12,2,,
masterai.jp,,2,1,2025/05/10,8,1,,
marronpressor.jp,,1,1,2022/05/29,13,4,,
marketingtherapy.jp,,1,1,2021/05/05,16,5,,
man-up.jp,,1,1,2024/05/19,6,2,,
manman.jp,,1,1,2023/05/15,6,3,,
manabi-labo.jp,,1,1,2018/05/30,11,8,,
mailmatrix.jp,,1,1,2011/05/06,10,15,,
majikoi.jp,,1,1,2022/05/12,7,4,,
macrotech.jp,,2,1,2025/05/27,9,1,,
m1sports-media.jp,,1,1,2013/05/01,14,13,,
lu-xu.jp,,1,1,2021/05/23,5,5,,
luxo.jp,,1,1,2022/05/01,4,4,,
lupis.jp,,1,1,2013/05/08,5,13,,
lutgen.jp,,1,1,2011/05/24,6,15,,
luckyman.jp,,1,1,2025/05/08,8,1,,
lucianoa.jp,,2,1,2018/05/01,8,8,,
logshybricks.jp,,1,1,2018/05/18,12,8,,
loveselftalk.jp,,1,1,2020/06/27,12,6,,
localevent.jp,,1,1,2025/05/26,10,1,,
lizimedia.jp,,2,1,2024/05/29,9,2,,
loa3.jp,,1,1,2019/05/22,4,7,,
livpro.jp,,1,1,2024/05/09,6,2,,
linkca.jp,,1,1,2020/05/21,6,6,,
lifelogger.jp,,2,1,2023/05/11,10,3,,
lindy-japan.jp,,1,1,2010/05/23,11,16,,
lideia.jp,,1,1,2024/05/09,6,2,,
li-en.jp,,1,1,2025/05/16,5,1,,
lavieenrober.jp,,1,1,2019/05/10,12,7,,
lemonworld.jp,,1,1,2021/05/12,10,5,,
legalfactory.jp,,1,1,2022/05/24,12,4,,
lasttangoinparis.jp,,1,1,2018/05/07,16,8,,
labridge.jp,,1,1,2018/05/30,8,8,,
kwenaproducts.jp,,1,1,2019/05/23,13,7,,
kyoto-petsougisha.jp,,1,1,2017/05/02,17,9,,
k-trader-fx.jp,,3,1,2024/05/17,11,2,,
ktds.jp,,1,1,2025/05/09,4,1,,
koutu.jp,,1,1,2011/05/14,5,15,,
ksj-net.jp,,2,1,2023/05/09,7,3,,
koudaunsou.jp,,3,1,2025/05/06,10,1,,
koso-premium.jp,,1,1,2024/05/08,12,2,,
kotonohaya.jp,,1,1,2022/05/14,10,4,,
kotonoha-ac.jp,,1,1,2017/05/02,11,9,,
koomo.jp,,3,1,2025/05/03,5,1,,
koryouri-ojiji.jp,,1,1,2018/05/14,14,8,,
kobatecheng.jp,,2,1,2025/05/01,11,1,,
k-labo.jp,,1,1,2010/05/01,6,16,,
kizunawork.jp,,1,1,2025/05/21,10,1,,
kinehamonica.jp,,1,1,2016/05/23,12,10,,
kimama-travel.jp,,1,1,2025/05/20,13,1,,
kimono-terasu.jp,,1,1,2022/05/23,13,4,,
kenkoudouseikotsuin.jp,,1,1,2024/05/17,19,2,,
k-eta.jp,,3,1,2024/05/30,5,2,,
keimino.jp,,3,1,2025/05/03,7,1,,
keimen.jp,,1,1,2021/05/17,6,5,,
keiei-sanbou-ts.jp,,1,1,2022/05/17,15,4,,
kazaraku.jp,,1,1,2017/05/09,8,9,,
kawakami-digital.jp,,1,1,2010/05/28,16,16,,
karitsuba.jp,,1,1,2021/05/11,9,5,,
kamosi.jp,,1,1,2019/05/17,6,7,,
kannonyamafusya.jp,,1,1,2017/05/30,15,9,,
kana-life.jp,,1,1,2019/05/18,9,7,,
kaitori-customa.jp,,5,1,2025/05/23,15,1,,
kaigee.jp,,1,1,2020/05/17,6,6,,
junux.jp,,1,1,2007/05/22,5,19,,
junjun.jp,,1,1,2025/05/06,6,1,,
j-spec.jp,,1,1,2025/05/18,6,1,,
jpsn.jp,,1,1,2025/05/13,4,1,,
jsoftware.jp,,1,1,2020/05/26,9,6,,
jrao.jp,,2,1,2001/05/01,4,25,,
jokeorjourney.jp,,1,1,2021/05/07,13,5,,
2ba.jp,,1,1,2005/05/16,3,21,,
jjmall.jp,,1,1,2020/05/29,6,6,,
jiojio.jp,,1,1,2025/05/27,6,1,,
jimosapo.jp,,3,1,2023/05/09,8,3,,
japan-medieval-disaster-events.jp,,3,1,2025/05/11,30,1,,
izzy.jp,,1,1,2024/05/15,4,2,,
izawanomiya.jp,,1,1,2015/05/03,11,11,,
izumi-b.jp,,1,1,2014/05/26,7,12,,
itina.jp,,1,1,2020/05/12,5,6,,
isomura-web.jp,,1,1,2022/05/08,11,4,,
isesaki-sfss.jp,,1,1,2021/05/13,12,5,,
island-co.jp,,1,1,2012/05/19,9,14,,
isbe-iwnt2025.jp,,4,1,2025/05/26,13,1,,
ipsc.jp,,1,1,2018/05/13,4,8,,
iqoscience.jp,,1,1,2016/05/18,10,10,,
iooi.jp,,1,1,2006/05/17,4,20,,
ioyoi.jp,,1,1,2025/05/16,5,1,,
internet-tantei.jp,,1,1,2022/05/26,15,4,,
inpostassist.jp,,3,1,2025/05/16,12,1,,
infomap.jp,,1,1,2015/05/15,7,11,,
incruise.jp,,1,1,2019/05/26,8,7,,
imine.jp,,1,1,2024/05/04,5,2,,
ikukyuproject2025.jp,,4,1,2025/05/16,17,1,,
idme.jp,,1,1,2019/05/31,4,7,,
ichinohehome.jp,,3,1,2025/05/15,12,1,,
hyunhyun.jp,,3,1,2025/05/10,8,1,,
humor.jp,,1,1,2017/05/01,5,9,,
hschool.jp,,1,1,2024/05/02,7,2,,
ht-ama.jp,,1,1,2024/05/03,6,2,,
howtoliveinjapan.jp,,4,1,2025/05/07,16,1,,
honeydo.jp,,1,1,2010/05/10,7,16,,
homekeep.jp,,1,1,2024/05/31,8,2,,
hokutoshop.jp,,3,1,2025/05/22,10,1,,
hoken-partner.jp,,1,1,2025/05/13,13,1,,
hm2k.jp,,1,1,2019/05/18,4,7,,
hirevo.jp,,1,1,2025/05/11,6,1,,
hifunavi.jp,,1,1,2022/05/04,8,4,,
high-style.jp,,1,1,2021/05/30,10,5,,
hiai.jp,,1,1,2024/05/23,4,2,,
helpfuldark.jp,,1,1,2025/05/28,11,1,,
hellowork-navi.jp,,1,1,2023/05/10,14,3,,
heidiheidi.jp,,1,1,2024/05/06,10,2,,
healthy-honpo.jp,,1,1,2022/05/31,13,4,,
hedon.jp,,1,1,2020/05/27,5,6,,
hearttoheart.jp,,1,1,2021/05/24,12,5,,
hataraku-info.jp,,1,1,2020/05/14,13,6,,
hasimotosougyou.jp,,2,1,2023/05/05,15,3,,
harumiclinic.jp,,1,1,2016/05/07,12,10,,
harukoota.jp,,1,1,2019/05/25,9,7,,
handling.jp,,1,1,2023/05/12,8,3,,
happynow.jp,,1,1,2001/05/07,8,25,,
handpresso.jp,,1,1,2008/05/08,10,18,,
haircare-shop.jp,,2,1,2009/05/12,13,17,,
haizen.jp,,1,1,2020/05/18,6,6,,
guideinpost.jp,,3,1,2025/05/15,11,1,,
guestbook.jp,,1,1,2001/05/01,9,25,,
grainfree.jp,,1,1,2015/05/21,9,11,,
grenzgaenger.jp,,1,1,2020/05/15,12,6,,
great-shaft.jp,,1,1,2020/06/12,11,6,,
gotrust.jp,,1,1,2018/05/01,7,8,,
gotan.jp,,1,1,2023/05/13,5,3,,
goromarujun.jp,,3,1,2025/05/29,11,1,,
goooal.jp,,1,1,2025/05/18,6,1,,
goodlabo.jp,,1,1,2024/05/16,8,2,,
golf-junior.jp,,1,1,2019/05/27,11,7,,
gokka.jp,,1,1,2025/05/03,5,1,,
globalai.jp,,1,1,2025/05/08,8,1,,
gam-pc.jp,,1,1,2024/05/04,6,2,,
giti.jp,,1,1,2001/05/11,4,25,,
gagalin.jp,,1,1,2021/05/14,7,5,,
fylo.jp,,1,1,2025/05/30,4,1,,
future-soft.jp,,1,1,2008/05/14,11,18,,
fukuwake.jp,,1,1,2019/05/15,8,7,,
futamataonsen.jp,,1,1,2019/05/30,13,7,,
futabahouse.jp,,1,1,2017/05/16,11,9,,
fugaku-bfc.jp,,1,1,2020/05/11,10,6,,
frontier-m.jp,,1,1,2024/05/08,10,2,,
frontier-life.jp,,1,1,2023/05/26,13,3,,
frontfirst.jp,,1,1,2024/05/14,10,2,,
freelancehub.jp,,3,1,2025/05/26,12,1,,
fine-log.jp,,1,1,2021/05/30,8,5,,
flexjobs.jp,,1,1,2023/05/11,8,3,,
fashion-travel.jp,,1,1,2022/05/13,14,4,,
fibrovet.jp,,1,1,2015/05/29,8,11,,
express555.jp,,3,1,2023/05/20,10,3,,
euphoria-official.jp,,1,1,2022/05/10,17,4,,
everframe.jp,,1,1,2024/05/12,9,2,,
ev-connect.jp,,1,1,2023/05/22,10,3,,
e-training3.jp,,1,1,2018/05/21,11,8,,
essweekinse.jp,,1,1,2025/05/11,11,1,,
e-spark.jp,,1,1,2003/05/26,7,23,,
eshealth.jp,,1,1,2020/05/19,8,6,,
equal-love-fan.jp,,1,1,2025/05/07,14,1,,
english-guild.jp,,1,1,2013/05/10,13,13,,
egsaas.jp,,1,1,2011/05/18,6,15,,
elp35.jp,,1,1,2021/05/11,5,5,,
e-decision.jp,,1,1,2024/05/18,10,2,,
ectact.jp,,1,1,2012/05/23,6,14,,
ecodesys.jp,,1,1,2023/05/20,8,3,,
easyorder.jp,,1,1,2024/05/30,9,2,,
easylifemusic.jp,,4,1,2021/05/06,13,5,,
eastwoods.jp,,1,1,2024/05/27,9,2,,
dvd-navi.jp,,1,1,2025/05/02,8,1,,
dry-headspa.jp,,1,1,2021/05/22,11,5,,
dsm-japan.jp,,1,1,2014/05/03,9,12,,
d-sherpa.jp,,1,1,2012/05/15,8,14,,
drs-net.jp,,1,1,2020/05/14,7,6,,
directlyfrom.jp,,1,1,2017/05/04,12,9,,
do-jin.jp,,3,1,2009/05/13,6,17,,
diet-yossy-yasetai.jp,,1,1,2022/05/30,18,4,,
devicetrial.jp,,1,1,2015/05/12,11,11,,
dicota.jp,,1,1,2005/05/30,6,21,,
design01.jp,,1,1,2020/05/17,8,6,,
dentalweb.jp,,1,1,2021/05/28,9,5,,
dentalhealthcare.jp,,1,1,2020/05/28,16,6,,
deliport.jp,,1,1,2022/05/31,8,4,,
delimaru.jp,,1,1,2025/05/16,8,1,,
dearnatural.jp,,1,1,2023/05/26,11,3,,
dcrr.jp,,3,1,2025/05/17,4,1,,
dddlab.jp,,1,1,2025/05/08,6,1,,
daiyashop.jp,,1,1,2025/05/20,9,1,,
daisy1219.jp,,1,1,2025/05/20,9,1,,
daikio.jp,,1,1,2025/05/31,6,1,,
daido-bousai-symposium.jp,,4,1,2025/05/29,22,1,,
culture-house.jp,,1,1,2018/05/11,13,8,,
custom-tool.jp,,1,1,2006/05/19,11,20,,
custom-engineered-products.jp,,4,1,2018/05/25,26,8,,
c-s-s.jp,,2,1,2014/05/26,5,12,,
crist-hd.jp,,3,1,2022/05/20,8,4,,
companypoint.jp,,1,1,2019/05/24,12,7,,
comedge.jp,,1,1,2021/05/28,7,5,,
codestack.jp,,1,1,2022/05/12,9,4,,
coco-colors.jp,,1,1,2022/05/14,11,4,,
cloud-logger.jp,,1,1,2010/05/21,12,16,,
clarityconsulting.jp,,1,1,2019/05/07,17,7,,
cj-immigration.jp,,1,1,2024/05/09,14,2,,
chuolegal.jp,,4,1,2023/05/02,9,3,,
chase-mc.jp,,2,1,2012/05/18,8,14,,
champ-de-fleurs.jp,,1,1,2023/05/23,15,3,,
carpediemtours.jp,,1,1,2024/05/10,14,2,,
centurygroup.jp,,1,1,2015/05/16,12,11,,
carouseljapan.jp,,1,1,2024/05/15,13,2,,
callbattle.jp,,3,1,2025/05/13,10,1,,
captain-design.jp,,1,1,2019/05/11,14,7,,
byzoom.jp,,1,1,2022/05/22,6,4,,
bukkowasu.jp,,1,1,2022/05/28,9,4,,
b-u-gard.jp,,1,1,2018/05/15,8,8,,
buildit.jp,,1,1,2012/05/10,7,14,,
b-sports.jp,,1,1,2018/05/01,8,8,,
brass-connection.jp,,1,1,2020/05/08,16,6,,
bridges.jp,,1,1,2023/05/23,7,3,,
bluema.jp,,1,1,2018/05/17,6,8,,
blogy.jp,,1,1,2025/05/03,5,1,,
blog-live.jp,,1,1,2025/05/18,9,1,,
black-sun.jp,,1,1,2025/05/01,9,1,,
bizworkflow.jp,,1,1,2024/05/01,11,2,,
bisaika.jp,,1,1,2022/05/18,7,4,,
bfshop.jp,,1,1,2024/05/18,6,2,,
bestvisioncare.jp,,1,1,2019/05/22,14,7,,
benibara.jp,,1,1,2022/05/24,8,4,,
basefashion.jp,,1,1,2025/05/17,11,1,,
bayu.jp,,1,1,2025/05/09,4,1,,
bardstory.jp,,1,1,2021/05/28,9,5,,
babynote.jp,,1,1,2025/05/08,8,1,,
baliart.jp,,1,1,2005/05/21,7,21,,
babymam.jp,,1,1,2024/05/02,7,2,,
ayurjourney.jp,,1,1,2017/05/05,11,9,,
a-wash.jp,,1,1,2022/05/19,6,4,,
avlive.jp,,2,1,2025/05/22,6,1,,
avonlady.jp,,1,1,2001/05/01,8,25,,
autumn-tec.jp,,1,1,2007/05/11,10,19,,
a-u-gard.jp,,1,1,2018/05/08,8,8,,
atsumitakeuchi.jp,,1,1,2025/05/28,14,1,,
atsukiblog.jp,,1,1,2019/05/06,10,7,,
askq.jp,,1,1,2022/05/14,4,4,,
asarisusumu.jp,,1,1,2024/05/30,11,2,,
aocolla.jp,,1,1,2016/05/09,7,10,,
anytime-driving-service.jp,,1,1,2025/05/21,23,1,,
ano-design.jp,,1,1,2025/05/02,10,1,,
anshinsakai.jp,,2,1,2005/05/26,11,21,,
and-air.jp,,1,1,2019/05/13,7,7,,
amberlight.jp,,1,1,2025/05/26,10,1,,
amature-av.jp,,2,1,2025/05/18,10,1,,
amaray.jp,,2,1,2023/05/10,6,3,,
alphamale.jp,,1,1,2019/05/27,9,7,,
alche-mist.jp,,1,1,2025/05/19,10,1,,
akihiromiyazawa.jp,,1,1,2010/05/06,15,16,,
akiex.jp,,1,1,2022/05/17,5,4,,
akeshime.jp,,1,1,2014/05/29,8,12,,
akachantoissyo.jp,,1,1,2012/05/08,14,14,,
ai-persona-marketing.jp,,3,1,2025/05/05,20,1,,
aipay.jp,,1,1,2025/05/19,5,1,,
aim-saitama.jp,,1,1,2018/05/24,11,8,,
aikoshop.jp,,3,1,2025/05/22,8,1,,
acceleratorllc.jp,,3,1,2018/05/14,14,8,,
aic-tao.jp,,1,1,2016/05/06,7,10,,
adatikengo.jp,,1,1,2011/05/25,10,15,,
accelerometer.jp,,3,1,2001/05/01,13,25,,
a-anchor.jp,,1,1,2020/05/26,8,6,,
5and3.jp,,1,1,2020/05/23,5,6,,
1dhsokuhou.jp,,1,1,2018/05/31,10,8,,
1620.jp,,1,1,2024/05/19,4,2,,
鍼灸徒手あさたに.jp,,1,0,2025/05/27,8,1,,
鍼灸徒手.jp,,1,0,2025/05/27,4,1,,
珈琲神社.jp,,1,0,2025/05/13,4,1,,
珈琲神宮.jp,,1,0,2025/05/13,4,1,,
令和7年国勢調査.jp,,1,0,2021/05/21,8,5,,
夢叶えます.jp,,1,0,2020/05/22,5,6,,
摩縫魔造像堂.jp,,1,0,2025/05/11,6,1,,
摩縫魔.jp,,1,0,2025/05/07,3,1,,
補聴相談.jp,,1,0,2001/05/01,4,25,,
補聴.jp,,1,0,2001/05/01,2,25,,
半額専門店.jp,,1,0,2023/05/20,5,3,,
日本文化.jp,,1,0,2024/05/18,4,2,,
道産子.jp,,1,0,2001/05/01,3,25,,
統一教会.jp,,1,0,2001/05/01,4,25,,
統一協会.jp,,1,0,2001/05/01,4,25,,
東薬.jp,,1,0,2001/05/01,2,25,,
藤井こどもクリニック.jp,,1,0,2015/05/16,10,11,,
東京キッズモデル.jp,,1,0,2025/05/28,8,1,,
定禅寺通り.jp,,1,0,2006/05/13,5,20,,
大教互.jp,,1,0,2001/05/01,3,25,,
創英.jp,,1,0,2001/05/28,2,25,,
棚卸.jp,,1,0,2023/05/10,2,3,,
星占い.jp,,1,0,2007/05/26,3,19,,
世界基督教統一神霊協会.jp,,1,0,2001/05/01,11,25,,
石榑.jp,,1,0,2001/05/01,2,25,,
職務記述書.jp,,1,0,2021/05/21,5,5,,
上高地.jp,,1,0,2004/05/19,3,22,,
松村陽子.jp,,1,0,2007/05/14,4,19,,
松村仁美.jp,,1,0,2007/05/14,4,19,,
松村康子.jp,,1,0,2007/05/14,4,19,,
松村謙一.jp,,1,0,2007/05/14,4,19,,
住友重工.jp,,1,0,2005/05/31,4,21,,
住友重機械.jp,,1,0,2005/05/31,5,21,,
住友重機.jp,,1,0,2005/05/31,4,21,,
住友重.jp,,1,0,2005/05/31,3,21,,
住友機械.jp,,1,0,2005/05/31,4,21,,
住友機.jp,,1,0,2005/05/31,3,21,,
住友マシナリー.jp,,1,0,2005/05/31,7,21,,
住重.jp,,1,0,2005/05/31,2,21,,
酒屋.jp,,1,0,2001/05/21,2,25,,
射出成形機.jp,,1,0,2001/05/01,5,25,,
樹機工.jp,,1,0,2021/05/19,3,5,,
紫陽花.jp,,1,0,2009/05/16,3,17,,
紙mon-desay.jp,,1,0,2009/05/28,10,17,,
再婚活.jp,,1,0,2009/05/01,3,17,,
国勢調査2025.jp,,1,0,2021/05/21,8,5,,
高タンパク弁当.jp,,1,0,2020/05/19,7,6,,
香典帳管理.jp,,1,0,2020/05/14,5,6,,
弦天.jp,,1,0,2021/05/09,2,5,,
軽トラックレンタカー.jp,,1,0,2012/05/05,10,14,,
金津.jp,,1,0,2025/05/29,2,1,,
筋肉弁当.jp,,1,0,2020/05/19,4,6,,
筋活.jp,,1,0,2025/05/30,2,1,,
共創資本主義.jp,,1,0,2025/05/12,6,1,,
共創資本.jp,,1,0,2025/05/12,4,1,,
共創価値.jp,,1,0,2025/05/12,4,1,,
給湯機交換.jp,,1,0,2023/05/31,5,3,,
株式会社スクウェア.jp,,1,0,2001/05/28,9,25,,
鎌田屋.jp,,1,0,2006/05/13,3,20,,
外食.jp,,1,0,2025/05/28,2,1,,
革に夢中.jp,,1,0,2025/05/19,4,1,,
稼げる軌跡.jp,,1,0,2025/05/13,5,1,,
俺たちのリフォーム.jp,,1,0,2023/05/01,9,3,,
医療人材.jp,,1,0,2001/05/01,4,25,,
医療求人.jp,,1,0,2001/05/01,4,25,,
医薬品.jp,,1,0,2001/05/21,3,25,,
営業db.jp,,1,0,2024/05/19,4,2,,
レッカー屋.jp,,1,0,2025/05/22,5,1,,
リアルローズ.jp,,1,0,2018/05/23,6,8,,
モノ作り.jp,,1,0,2025/05/01,4,1,,
ミスミ.jp,,1,0,2001/05/21,3,25,,
モッズヘア.jp,,1,0,2001/05/01,5,25,,
マンハント.jp,,1,0,2007/05/10,5,19,,
マダム美偉.jp,,1,0,2025/05/22,5,1,,
ぷれーおんらいん.jp,,1,0,2001/05/01,8,25,,
プレーオンライン.jp,,1,0,2001/05/01,8,25,,
プレー・オンライン.jp,,1,0,2001/05/01,9,25,,
プレー・オン・ライン.jp,,1,0,2001/05/01,10,25,,
ぷれいおんらいん.jp,,1,0,2001/05/01,8,25,,
プレイオンライン.jp,,1,0,2001/05/01,8,25,,
プレイ・オンライン.jp,,1,0,2001/05/01,9,25,,
プレイ・オン・ライン.jp,,1,0,2001/05/01,10,25,,
ポチ.jp,,1,0,2004/05/19,2,22,,
プルラリティ.jp,,1,0,2025/05/12,6,1,,
ふぁいなるふぁんたじー.jp,,1,0,2001/05/01,11,25,,
ファイナルファンタジー.jp,,1,0,2001/05/28,11,25,,
ブックマーカー.jp,,1,0,2004/05/10,7,22,,
ひらめ.jp,,1,0,2009/05/01,3,17,,
ぴーおーえる.jp,,1,0,2001/05/01,6,25,,
ピュアアセットマネジメント.jp,,1,0,2025/05/20,13,1,,
はらテック.jp,,1,0,2025/05/22,5,1,,
ばついち.jp,,1,0,2006/05/13,4,20,,
ハーセプチン.jp,,1,0,2001/05/01,6,25,,
ノイトロジン.jp,,1,0,2001/05/01,6,25,,
ハダシラン.jp,,1,0,2011/05/13,5,15,,
ねこの手.jp,,1,0,2024/05/01,4,2,,
ネットカジノ必勝法.jp,,1,0,2007/05/16,9,19,,
データ消去屋.jp,,1,0,2025/05/05,6,1,,
つかもと.jp,,1,0,2010/05/17,4,16,,
セブンズアンカレッジ.jp,,1,0,2025/05/09,10,1,,
スタートアップ先進地域.jp,,1,0,2024/05/18,11,2,,
スタートアップ先進地.jp,,1,0,2024/05/18,10,2,,
スクエアソフト.jp,,1,0,2001/05/01,7,25,,
スクウェアソフト.jp,,1,0,2001/05/01,8,25,,
スクウェア.jp,,1,0,2001/05/28,5,25,,
スイートホーム.jp,,1,0,2001/05/01,7,25,,
スタートアップ先進県.jp,,1,0,2024/05/18,10,2,,
シングルマザー.jp,,1,0,2006/05/13,7,20,,
ジャパンネットバンク.jp,,1,0,2001/05/24,10,25,,
ジョブディスクリプション.jp,,1,0,2021/05/21,12,5,,
ジェネリック.jp,,1,0,2001/05/01,6,25,,
コンチン.jp,,1,0,2001/05/25,4,25,,
げんきびん.jp,,1,0,2001/05/14,5,25,,
けいすけ.jp,,1,0,2022/05/23,4,4,,
ケアハートガーデン.jp,,1,0,2001/05/01,9,25,,
シェルター比較.jp,,1,0,2023/05/20,7,3,,
ぐるっと千葉.jp,,1,0,2008/05/15,6,18,,
クイック相談.jp,,1,0,2024/05/10,6,2,,
きほん.jp,,1,0,2025/05/16,3,1,,
おくすり.jp,,1,0,2001/05/01,4,25,,
オサム.jp,,1,0,2025/05/02,3,1,,
オートハープ.jp,,1,0,2009/05/13,6,17,,
えびす.jp,,1,0,2019/05/18,3,7,,
エスエイチアイ.jp,,1,0,2005/05/31,7,21,,
エス・エイチ・アイ.jp,,1,0,2005/05/31,9,21,,
いしぐれ.jp,,1,0,2001/05/01,4,25,,
アバター.jp,,1,0,2023/05/26,4,3,,
イシグレ.jp,,1,0,2001/05/01,4,25,,
アニポ.jp,,1,0,2025/05/23,3,1,,
zyndo.jp,,1,0,2025/05/01,5,1,,
zwkwhf.jp,,1,0,2025/05/19,6,1,,
zumilog.jp,,1,0,2023/05/24,7,3,,
zurich-i.jp,,1,0,2025/05/01,8,1,,
zonzondon.jp,,1,0,2025/05/09,9,1,,
zoiqj-iety.jp,,1,0,2025/05/26,10,1,,
zoicon.jp,,1,0,2025/05/10,6,1,,
zohdoh.jp,,1,0,2025/05/08,6,1,,
zltuar.jp,,1,0,2025/05/19,6,1,,
zestengineering.jp,,1,0,2023/05/05,15,3,,
zeropixel.jp,,1,0,2025/05/18,9,1,,
zeroone-ai.jp,,1,0,2025/05/03,10,1,,
zerocero.jp,,1,0,2014/05/11,8,12,,
zerobegin.jp,,1,0,2025/05/29,9,1,,
zeroall.jp,,1,0,2025/05/03,7,1,,
zera-consulting.jp,,1,0,2025/05/20,15,1,,
zenoki.jp,,1,0,2023/05/08,6,3,,
zenithcore.jp,,1,0,2025/05/21,10,1,,
zenthira.jp,,1,0,2025/05/26,8,1,,
zdtpvp.jp,,1,0,2025/05/05,6,1,,
zawao.jp,,1,0,2021/05/03,5,5,,
z-carbon.jp,,1,0,2025/05/05,8,1,,
zark.jp,,1,0,2025/05/06,4,1,,
zaitaku-form.jp,,1,0,2021/05/21,12,5,,
zaccaholic.jp,,1,0,2025/05/16,10,1,,
yyuzzuno.jp,,1,0,2025/05/23,8,1,,
yykoffice.jp,,1,0,2025/05/27,9,1,,
yuzo-ai.jp,,1,0,2025/05/05,7,1,,
yuyaportfolio.jp,,1,0,2025/05/12,13,1,,
yuukisan.jp,,1,0,2025/05/14,8,1,,
yuukido.jp,,1,0,2025/05/14,7,1,,
yuu1015.jp,,1,0,2025/05/17,7,1,,
yutorislife.jp,,1,0,2025/05/21,11,1,,
yushin2020.jp,,1,0,2025/05/30,10,1,,
yuruteni.jp,,1,0,2023/05/09,8,3,,
yurukatu.jp,,1,0,2025/05/24,8,1,,
yurinokitantei.jp,,1,0,2022/05/20,14,4,,
yurelia.jp,,1,0,2025/05/19,7,1,,
yunproject.jp,,1,0,2025/05/11,10,1,,
yunow.jp,,1,0,2025/05/28,5,1,,
yumiba-sroffice.jp,,1,0,2025/05/06,15,1,,
yumemore.jp,,1,0,2025/05/17,8,1,,
yume-kanakana.jp,,1,0,2025/05/09,13,1,,
yumehantou.jp,,1,0,2008/05/15,10,18,,
yumblog.jp,,1,0,2025/05/04,7,1,,
yukitopia.jp,,1,0,2025/05/05,9,1,,
yuiitsusei-ma.jp,,1,0,2013/05/31,13,13,,
yu-ken2018.jp,,1,0,2025/05/19,10,1,,
yuiina.jp,,1,0,2025/05/05,6,1,,
yu-igi-systems.jp,,1,0,2024/05/17,14,2,,
yu-igi.jp,,1,0,2024/05/17,6,2,,
yuhgen.jp,,1,0,2025/05/02,6,1,,
yugalabsnews.jp,,1,0,2022/05/13,12,4,,
yucons.jp,,1,0,2025/05/09,6,1,,
yskoffice.jp,,1,0,2025/05/27,9,1,,
yozola2025.jp,,1,0,2025/05/28,10,1,,
yoursjapan.jp,,1,0,2021/05/13,10,5,,
younow.jp,,1,0,2025/05/26,6,1,,
youjitohoiku.jp,,1,0,2001/05/01,12,25,,
yotsubasai.jp,,1,0,2025/05/02,10,1,,
youngbest.jp,,1,0,2024/05/24,9,2,,
yoton.jp,,1,0,2023/05/24,5,3,,
yotchi.jp,,1,0,2025/05/31,6,1,,
yossysample.jp,,1,0,2025/05/08,11,1,,
yoshinari-seika.jp,,1,0,2006/05/12,15,20,,
yoshino-practice.jp,,1,0,2025/05/06,16,1,,
yoshimura-kuuchou.jp,,1,0,2025/05/30,17,1,,
yoshimicraft.jp,,1,0,2025/05/11,12,1,,
yosakoi-kochi.jp,,1,0,2025/05/18,13,1,,
yorugata.jp,,1,0,2024/05/07,8,2,,
yorione.jp,,1,0,2021/05/15,7,5,,
yorha2b.jp,,1,0,2025/05/04,7,1,,
yomilan-night.jp,,1,0,2025/05/14,13,1,,
yokiso-org.jp,,1,0,2016/05/18,10,10,,
yoga-place.jp,,1,0,2024/05/22,10,2,,
yn-shop.jp,,1,0,2025/05/17,7,1,,
ymdemo.jp,,1,0,2025/05/06,6,1,,
yln.jp,,1,0,2025/05/22,3,1,,
yk2bb4l2ompch3q5qjj3.jp,,1,0,2025/05/16,20,1,,
yjpcl-unn.jp,,1,0,2025/05/26,9,1,,
yielde.jp,,1,0,2025/05/10,6,1,,
yidt.jp,,1,0,2025/05/22,4,1,,
yi0317.jp,,1,0,2025/05/12,6,1,,
ygtravel.jp,,1,0,2025/05/02,8,1,,
yentrosa.jp,,1,0,2025/05/28,8,1,,
yellowtokyo.jp,,1,0,2025/05/11,11,1,,
yclxio.jp,,1,0,2025/05/13,6,1,,
yebistei.jp,,1,0,2025/05/15,8,1,,
yasumura2030.jp,,1,0,2024/05/10,12,2,,
yasuhiko.jp,,1,0,2022/05/09,8,4,,
yasoshina.jp,,1,0,2025/05/28,9,1,,
yase-ta.jp,,1,0,2023/05/26,7,3,,
y-aoki.jp,,1,0,2023/05/25,6,3,,
yasa.jp,,1,0,2025/05/30,4,1,,
yamato-taxi.jp,,1,0,2025/05/19,11,1,,
yamasite.jp,,1,0,2025/05/10,8,1,,
yamashita-office.jp,,1,0,2015/05/17,16,11,,
yamart.jp,,1,0,2025/05/28,6,1,,
yamaoka-kogyo.jp,,1,0,2020/05/23,13,6,,
yamada-network.jp,,1,0,2025/05/31,14,1,,
yakult-ymp.jp,,1,0,2025/05/01,10,1,,
yakumani.jp,,1,0,2024/05/08,8,2,,
yakins.jp,,1,0,2024/05/12,6,2,,
yahoo-customer-support.jp,,1,0,2025/05/13,22,1,,
yafei.jp,,1,0,2025/05/11,5,1,,
yadon.jp,,1,0,2025/05/06,5,1,,
yachiyohikarihoikuen.jp,,1,0,2022/05/23,20,4,,
y41yoshito.jp,,1,0,2024/05/10,10,2,,
y330addw45olj6n7pskj.jp,,1,0,2025/05/24,20,1,,
y2priv.jp,,1,0,2011/05/13,6,15,,
xworldcompany.jp,,1,0,2025/05/18,13,1,,
xs8nd6yqj29s3hvh62fk.jp,,1,0,2025/05/16,20,1,,
xprvp-unn.jp,,1,0,2025/05/18,9,1,,
xixiaolu.jp,,1,0,2025/05/24,8,1,,
x-designer.jp,,1,0,2023/05/05,10,3,,
x3accounting.jp,,1,0,2025/05/15,12,1,,
x0617.jp,,1,0,2025/05/01,5,1,,
wzsn.jp,,1,0,2025/05/31,4,1,,
wwmpzo.jp,,1,0,2025/05/19,6,1,,
wundelix.jp,,1,0,2025/05/07,8,1,,
ws-drive.jp,,1,0,2020/05/27,8,6,,
wrpt.jp,,1,0,2025/05/18,4,1,,
w-r-d.jp,,1,0,2025/05/07,5,1,,
wpvou-iety.jp,,1,0,2025/05/18,10,1,,
wowma-shop.jp,,1,0,2025/05/20,10,1,,
worldgarage.jp,,1,0,2024/05/19,11,2,,
workstamp.jp,,1,0,2025/05/08,9,1,,
workers24.jp,,1,0,2024/05/22,9,2,,
workcreatefreedom.jp,,1,0,2025/05/12,17,1,,
wordpress111.jp,,1,0,2025/05/07,12,1,,
woodycat.jp,,1,0,2021/05/19,8,5,,
woodbox-kumamoto.jp,,1,0,2025/05/23,16,1,,
wonderdrill.jp,,1,0,2024/05/23,11,2,,
woltmarket.jp,,1,0,2021/05/07,10,5,,
womensparty.jp,,1,0,2024/05/07,11,2,,
wndrer.jp,,1,0,2024/05/09,6,2,,
wn2a.jp,,1,0,2025/05/10,4,1,,
wmwmw.jp,,1,0,2025/05/01,5,1,,
wmqkpb.jp,,1,0,2025/05/19,6,1,,
wizion.jp,,1,0,2023/05/14,6,3,,
wixship.jp,,1,0,2025/05/18,7,1,,
wisdom-garden.jp,,1,0,2024/05/29,13,2,,
winprokey.jp,,1,0,2024/05/30,9,2,,
winepair.jp,,1,0,2025/05/13,8,1,,
windowsnews.jp,,1,0,2025/05/04,11,1,,
w-in.jp,,1,0,2025/05/19,4,1,,
wind-group.jp,,1,0,2025/05/10,10,1,,
willstep.jp,,1,0,2024/05/07,8,2,,
willburt.jp,,1,0,2025/05/20,8,1,,
wifemovie.jp,,1,0,2025/05/06,9,1,,
white-rooms.jp,,1,0,2024/05/19,11,2,,
white-research-institute.jp,,1,0,2021/05/18,24,5,,
whitebeard.jp,,1,0,2025/05/05,10,1,,
white-laboratory.jp,,1,0,2025/05/27,16,1,,
whispent.jp,,1,0,2025/05/04,8,1,,
westvillag-tax.jp,,1,0,2025/05/01,14,1,,
wely.jp,,1,0,2022/05/29,4,4,,
welmap.jp,,1,0,2023/05/28,6,3,,
welstar.jp,,1,0,2023/05/14,7,3,,
wellnessc.jp,,1,0,2023/05/26,9,3,,
welforest.jp,,1,0,2021/05/06,9,5,,
welead.jp,,1,0,2017/05/30,6,9,,
wecart.jp,,1,0,2021/05/27,6,5,,
webshift.jp,,1,0,2023/05/14,8,3,,
webstyles.jp,,1,0,2025/05/23,9,1,,
webmotors.jp,,1,0,2023/05/10,9,3,,
web-nichiren.jp,,1,0,2019/05/14,12,7,,
web-coach.jp,,1,0,2025/05/24,9,1,,
web3project.jp,,1,0,2025/05/19,11,1,,
web3dot0.jp,,1,0,2025/05/24,8,1,,
wearemorethan.jp,,1,0,2021/05/12,13,5,,
wearemusic.jp,,1,0,2023/05/16,10,3,,
wear-buffer.jp,,1,0,2025/05/18,11,1,,
wealth-real-estate.jp,,1,0,2025/05/17,18,1,,
weakly-bun.jp,,1,0,2025/05/18,10,1,,
wayourflife.jp,,1,0,2025/05/30,11,1,,
way-botch.jp,,1,0,2025/05/18,9,1,,
wave-thank.jp,,1,0,2025/05/22,10,1,,
waterdispenser.jp,,1,0,2025/05/12,14,1,,
watercolor-blatant.jp,,1,0,2025/05/18,18,1,,
watchrepair-watanabe.jp,,1,0,2023/05/31,20,3,,
wataras.jp,,1,0,2022/05/08,7,4,,
watanabekazufumi.jp,,1,0,2021/05/01,16,5,,
warenhaus.jp,,1,0,2021/05/27,9,5,,
wanwan-photo.jp,,1,0,2025/05/09,12,1,,
wanpat.jp,,1,0,2024/05/01,6,2,,
wanomoridayori.jp,,1,0,2025/05/26,14,1,,
wannyankobo.jp,,1,0,2021/05/18,11,5,,
wankomap.jp,,1,0,2025/05/14,8,1,,
wannumber.jp,,1,0,2025/05/13,9,1,,
walnut-bogus.jp,,1,0,2025/05/18,12,1,,
walletverse.jp,,1,0,2025/05/19,11,1,,
walkingtokyo.jp,,1,0,2024/05/23,12,2,,
walletai.jp,,1,0,2025/05/19,8,1,,
walipay.jp,,1,0,2025/05/03,7,1,,
wakuto.jp,,1,0,2010/05/30,6,16,,
wakuwakufudosan.jp,,1,0,2021/05/18,15,5,,
wakayama-city-premium2025.jp,,1,0,2025/05/12,25,1,,
wakarulog.jp,,1,0,2025/05/18,9,1,,
waikikitalkstories.jp,,1,0,2025/05/20,18,1,,
wabisabijapan.jp,,1,0,2025/05/13,13,1,,
w1jy6o5q50giav4mt0ny.jp,,1,0,2025/05/16,20,1,,
vzn.jp,,1,0,2025/05/30,3,1,,
vvcjapan.jp,,1,0,2013/05/12,8,13,,
vuyvpw.jp,,1,0,2025/05/19,6,1,,
vtpyu-atq.jp,,1,0,2025/05/18,9,1,,
vt-comp.jp,,1,0,2025/05/08,7,1,,
vshome.jp,,1,0,2025/05/08,6,1,,
vpasbbcig.jp,,1,0,2025/05/23,9,1,,
vork.jp,,1,0,2023/05/11,4,3,,
voltinc.jp,,1,0,2023/05/27,7,3,,
voidbox.jp,,1,0,2025/05/04,7,1,,
voice-training-navi.jp,,1,0,2025/05/01,19,1,,
vocolorist-hari.jp,,1,0,2024/05/18,15,2,,
vljc6l8zmjmdkno2q9np.jp,,1,0,2025/05/24,20,1,,
vixeed.jp,,1,0,2025/05/27,6,1,,
vkgxwu.jp,,1,0,2025/05/19,6,1,,
vivlos.jp,,1,0,2024/05/21,6,2,,
vitamin3.jp,,1,0,2018/05/04,8,8,,
visit-desk.jp,,1,0,2025/05/22,10,1,,
virtualai.jp,,1,0,2025/05/19,9,1,,
viptokyo.jp,,1,0,2024/05/18,8,2,,
vionelle.jp,,1,0,2025/05/07,8,1,,
vintagetown.jp,,1,0,2024/05/16,11,2,,
vilsxu.jp,,1,0,2025/05/19,6,1,,
vibez.jp,,1,0,2025/05/01,5,1,,
villa-hirabari.jp,,1,0,2024/05/25,14,2,,
vhuman.jp,,1,0,2023/05/14,6,3,,
vhdl.jp,,1,0,2001/05/01,4,25,,
viamotif.jp,,1,0,2023/05/09,8,3,,
verilog.jp,,1,0,2001/05/01,7,25,,
very-gakusyu.jp,,1,0,2025/05/11,12,1,,
venus-game.jp,,1,0,2023/05/17,10,3,,
ventra.jp,,1,0,2025/05/25,6,1,,
ventduciel.jp,,1,0,2024/05/14,10,2,,
velocity-rt.jp,,1,0,2025/05/11,11,1,,
vegasvegas-senri.jp,,1,0,2025/05/20,16,1,,
vcd.jp,,1,0,2001/05/01,3,25,,
veditor.jp,,1,0,2025/05/26,7,1,,
varkhent.jp,,1,0,2025/05/21,8,1,,
varietybento.jp,,1,0,2020/05/19,12,6,,
vapedia.jp,,1,0,2025/05/23,7,1,,
valtia.jp,,1,0,2025/05/19,6,1,,
valar.jp,,1,0,2024/05/11,5,2,,
vantage-official.jp,,1,0,2023/05/30,16,3,,
uyoung.jp,,1,0,2025/05/15,6,1,,
uyn.jp,,1,0,2025/05/17,3,1,,
uwai-shoten.jp,,1,0,2025/05/20,11,1,,
ut-products.jp,,1,0,2025/05/17,11,1,,
utoto-usasa.jp,,1,0,2024/05/12,11,2,,
utayominoniwa.jp,,1,0,2025/05/07,13,1,,
utaufarm.jp,,1,0,2022/05/08,8,4,,
usui-consulting.jp,,1,0,2025/05/26,15,1,,
usuge-chiryou.jp,,1,0,2025/05/26,13,1,,
u-soars.jp,,1,0,2023/05/09,7,3,,
usagistudio.jp,,1,0,2025/05/08,11,1,,
urbanvape.jp,,1,0,2025/05/05,9,1,,
urarekishionline.jp,,1,0,2025/05/06,16,1,,
uranai-gpt.jp,,1,0,2023/05/09,10,3,,
uraakajosi.jp,,1,0,2023/05/14,10,3,,
upstreameducation.jp,,1,0,2021/05/15,17,5,,
uproach.jp,,1,0,2025/05/10,7,1,,
u-placenta.jp,,1,0,2018/05/25,10,8,,
unvrs.jp,,1,0,2025/05/28,5,1,,
untion.jp,,1,0,2024/05/07,6,2,,
unscripted.jp,,1,0,2024/05/03,10,2,,
unscript.jp,,1,0,2024/05/03,8,2,,
unntokoshow.jp,,1,0,2024/05/04,11,2,,
unmeilab.jp,,1,0,2025/05/02,8,1,,
united-hoshimi.jp,,1,0,2012/05/18,14,14,,
unit-consulting.jp,,1,0,2025/05/16,15,1,,
unionmedi.jp,,1,0,2025/05/03,9,1,,
uni-fam.jp,,1,0,2025/05/19,7,1,,
unidy-irisplaza.jp,,1,0,2024/05/16,15,2,,
unidon-chin7.jp,,1,0,2025/05/21,12,1,,
unicorn-weld.jp,,1,0,2025/05/16,12,1,,
unicornwatch.jp,,1,0,2025/05/09,12,1,,
unicone.jp,,1,0,2025/05/11,7,1,,
u-n-gle.jp,,1,0,2024/05/24,7,2,,
undpkl.jp,,1,0,2025/05/19,6,1,,
unaninabeauty.jp,,1,0,2023/05/23,13,3,,
unanina.jp,,1,0,2023/05/23,7,3,,
u-medi.jp,,1,0,2025/05/03,6,1,,
umadoctor-x.jp,,1,0,2025/05/28,11,1,,
ultimatravelclub.jp,,1,0,2025/05/01,16,1,,
ulthamea.jp,,1,0,2025/05/21,8,1,,
ulcas.jp,,1,0,2021/05/11,5,5,,
ukasu.jp,,1,0,2023/05/08,5,3,,
uit-consulting.jp,,1,0,2025/05/26,14,1,,
ugypsophila-inc.jp,,1,0,2023/05/17,15,3,,
ugecr-unn.jp,,1,0,2025/05/12,9,1,,
uftykb.jp,,1,0,2025/05/19,6,1,,
uforward.jp,,1,0,2025/05/27,8,1,,
ueden.jp,,1,0,2025/05/15,5,1,,
udemytest-ta.jp,,1,0,2025/05/07,12,1,,
uchinomanabiya.jp,,1,0,2024/05/10,14,2,,
uchunihonkyodo-dailynews.jp,,1,0,2025/05/10,24,1,,
uchii.jp,,1,0,2025/05/27,5,1,,
uberfreight.jp,,1,0,2017/05/05,11,9,,
ucarnext.jp,,1,0,2022/05/10,8,4,,
u3q80sm9glrlp9ag6j3c.jp,,1,0,2025/05/24,20,1,,
two-wayplayer.jp,,1,0,2025/05/21,13,1,,
twothree-23.jp,,1,0,2025/05/12,11,1,,
twodash.jp,,1,0,2022/05/23,7,4,,
twitterblue.jp,,1,0,2021/05/16,11,5,,
twinpeace.jp,,1,0,2025/05/01,9,1,,
twinkle-twinkle-family.jp,,1,0,2021/05/27,22,5,,
tv-drama.jp,,1,0,2024/05/28,8,2,,
tutorials.jp,,1,0,2019/05/29,9,7,,
turquoise-travel.jp,,1,0,2025/05/11,16,1,,
turn-saiyo.jp,,1,0,2023/05/24,10,3,,
turquoisetravel.jp,,1,0,2025/05/11,15,1,,
tukurioki.jp,,1,0,2025/05/02,9,1,,
tujimurakouzai.jp,,1,0,2012/05/15,14,14,,
ttomo.jp,,1,0,2023/05/07,5,3,,
tube-hiroko20th.jp,,1,0,2025/05/18,15,1,,
ttc0401.jp,,1,0,2025/05/09,7,1,,
tsukuoki-planing.jp,,1,0,2025/05/12,16,1,,
tsukizuki.jp,,1,0,2025/05/19,9,1,,
tsukiakari-story.jp,,1,0,2025/05/26,16,1,,
tsukapyongta.jp,,1,0,2025/05/14,12,1,,
tsuiki.jp,,1,0,2016/05/04,6,10,,
tsugunova.jp,,1,0,2025/05/03,9,1,,
tsp3taspo.jp,,1,0,2017/05/22,9,9,,
tsp3avvm.jp,,1,0,2017/05/22,8,9,,
tsugicho.jp,,1,0,2025/05/24,8,1,,
tsl-sparklingwater.jp,,1,0,2025/05/02,18,1,,
tryalive.jp,,1,0,2022/05/22,8,4,,
t-selectshop.jp,,1,0,2025/05/09,12,1,,
trust-law-soudan.jp,,1,0,2025/05/21,16,1,,
trust-brick.jp,,1,0,2025/05/02,11,1,,
trustas.jp,,1,0,2023/05/18,7,3,,
troyounce.jp,,1,0,2025/05/04,9,1,,
tropicalnote.jp,,1,0,2025/05/20,12,1,,
troap-iety.jp,,1,0,2025/05/12,10,1,,
trip-trip.jp,,1,0,2024/05/19,9,2,,
triumph24.jp,,1,0,2024/05/21,9,2,,
trendymix.jp,,1,0,2024/05/21,9,2,,
trendcreator.jp,,1,0,2025/05/18,12,1,,
trendcompany.jp,,1,0,2023/05/31,12,3,,
tremquor.jp,,1,0,2025/05/06,8,1,,
treasure-kaitori.jp,,1,0,2020/05/02,16,6,,
travewriter.jp,,1,0,2024/05/31,11,2,,
travel-quest.jp,,1,0,2024/05/19,12,2,,
travelquest.jp,,1,0,2024/05/19,11,2,,
travel-magic.jp,,1,0,2025/05/30,12,1,,
trating.jp,,1,0,2019/05/23,7,7,,
traten.jp,,1,0,2021/05/20,6,5,,
transition4.jp,,1,0,2025/05/23,11,1,,
trabalhobom.jp,,1,0,2021/05/07,11,5,,
trademedia.jp,,1,0,2025/05/27,10,1,,
toyota-kusuri.jp,,1,0,2025/05/06,13,1,,
toyo-adtechno.jp,,1,0,2024/05/20,13,2,,
toyokey.jp,,1,0,2025/05/14,7,1,,
toushika23.jp,,1,0,2025/05/10,10,1,,
tour-concierge-japan.jp,,1,0,2008/05/02,20,18,,
tourtee.jp,,1,0,2024/05/04,7,2,,
tounyou-shimeji.jp,,1,0,2025/05/05,15,1,,
toukyu-nasic.jp,,1,0,2018/05/14,12,8,,
toukoujitoukoureien-isisapo.jp,,1,0,2025/05/17,27,1,,
tougokusansha.jp,,1,0,2022/05/16,13,4,,
totonoeterrace.jp,,1,0,2021/05/10,14,5,,
tosihiro.jp,,1,0,2025/05/04,8,1,,
toshika23.jp,,1,0,2025/05/10,9,1,,
toseienge.jp,,1,0,2025/05/13,9,1,,
tornado-sponsor.jp,,1,0,2025/05/06,15,1,,
toriking.jp,,1,0,2025/05/01,8,1,,
toricloud.jp,,1,0,2025/05/11,9,1,,
toratora610.jp,,1,0,2025/05/29,11,1,,
topstuff1.jp,,1,0,2025/05/30,9,1,,
toppan-vexpo.jp,,1,0,2025/05/23,12,1,,
topbower.jp,,1,0,2025/05/02,8,1,,
tonkastu-sugita.jp,,1,0,2025/05/08,15,1,,
tonarino-midwife.jp,,1,0,2025/05/08,16,1,,
tommy-house.jp,,1,0,2024/05/17,11,2,,
tomiyama-music.jp,,1,0,2025/05/30,14,1,,
tomidahama1.jp,,1,0,2025/05/01,11,1,,
tomalife.jp,,1,0,2021/05/19,8,5,,
tomainc.jp,,1,0,2025/05/09,7,1,,
tokyotel.jp,,1,0,2024/05/17,8,2,,
toltol.jp,,1,0,2025/05/13,6,1,,
tokyotaiyakimania.jp,,1,0,2025/05/25,17,1,,
tokyo-shokumou-clinic.jp,,1,0,2025/05/24,21,1,,
tokyo-garden-terrace.jp,,1,0,2015/05/07,20,11,,
tokyo-gardenterrace.jp,,1,0,2015/05/07,19,11,,
tokyojapantravel.jp,,1,0,2023/05/26,16,3,,
tokyo-ccil.jp,,1,0,2025/05/28,10,1,,
tokyo-biyou-shokumou-clinic.jp,,1,0,2025/05/24,27,1,,
tokyo-biyou-clinic.jp,,1,0,2025/05/26,18,1,,
tokyo-biyou.jp,,1,0,2025/05/26,11,1,,
tokumitai.jp,,1,0,2025/05/06,9,1,,
tokuhint.jp,,1,0,2025/05/30,8,1,,
tokiwear.jp,,1,0,2025/05/24,8,1,,
tokoinc.jp,,1,0,2025/05/31,7,1,,
tokikougyou.jp,,1,0,2025/05/13,11,1,,
tokachi-kakki.jp,,1,0,2025/05/22,13,1,,
t-oka.jp,,1,0,2025/05/16,5,1,,
toileo.jp,,1,0,2023/05/12,6,3,,
tnuts.jp,,1,0,2025/05/05,5,1,,
t-nature.jp,,1,0,2020/06/23,8,6,,
toatustu.jp,,1,0,2025/05/24,8,1,,
tmks9618.jp,,1,0,2025/05/07,8,1,,
tmkoffice.jp,,1,0,2025/05/26,9,1,,
tmk1101.jp,,1,0,2025/05/03,7,1,,
tlink-fitness.jp,,1,0,2024/05/23,13,2,,
tk-studios.jp,,1,0,2024/05/27,10,2,,
tk-shop.jp,,1,0,2024/05/21,7,2,,
tiriad-office.jp,,1,0,2025/05/29,13,1,,
tinkerlink.jp,,1,0,2021/05/18,10,5,,
timingtogetcashgncn.jp,,1,0,2018/05/16,19,8,,
tiktok-store.jp,,1,0,2025/05/16,12,1,,
tiger98.jp,,1,0,2023/05/21,7,3,,
ticket-campaign-2507.jp,,1,0,2025/05/15,20,1,,
tiktok日本.jp,,1,0,2025/05/21,8,1,,
th-service-co.jp,,1,0,2023/05/23,13,3,,
thisisnature.jp,,1,0,2023/05/22,12,3,,
thinkform.jp,,1,0,2022/05/17,9,4,,
the-wedding-photo.jp,,1,0,2025/05/28,17,1,,
the-signal.jp,,1,0,2025/05/27,10,1,,
thestarclub.jp,,1,0,2023/05/30,11,3,,
the-sakaguchi.jp,,1,0,2025/05/05,13,1,,
therenow.jp,,1,0,2025/05/03,8,1,,
therebrand.jp,,1,0,2022/05/28,10,4,,
the-else.jp,,1,0,2025/05/12,8,1,,
tgmrihr.jp,,1,0,2025/05/15,7,1,,
tgi-ses.jp,,1,0,2023/05/05,7,3,,
tftimes.jp,,1,0,2025/05/09,7,1,,
t-files.jp,,1,0,2003/05/09,7,23,,
tfkmr.jp,,1,0,2025/05/30,5,1,,
teyomire.jp,,1,0,2025/05/26,8,1,,
tetsutech.jp,,1,0,2025/05/23,9,1,,
testsite2030.jp,,1,0,2023/05/29,12,3,,
testinnovation.jp,,1,0,2025/05/08,14,1,,
testn8nmlp.jp,,1,0,2025/05/16,10,1,,
test-20250509-1240.jp,,1,0,2025/05/09,18,1,,
tesj.jp,,1,0,2025/05/28,4,1,,
tesgroup.jp,,1,0,2025/05/07,8,1,,
terrainsight.jp,,1,0,2025/05/27,12,1,,
terakoyado.jp,,1,0,2008/05/02,10,18,,
tereagogo.jp,,1,0,2025/05/21,9,1,,
teqward.jp,,1,0,2020/05/29,7,6,,
tentokyo.jp,,1,0,2025/05/03,8,1,,
tenq-official.jp,,1,0,2025/05/04,13,1,,
tenpo-now.jp,,1,0,2024/05/30,9,2,,
tenpokeiei.jp,,1,0,2025/05/06,10,1,,
tenkihibi.jp,,1,0,2025/05/26,9,1,,
tempris.jp,,1,0,2025/05/13,7,1,,
tempalayhouse.jp,,1,0,2025/05/09,13,1,,
telx.jp,,1,0,2025/05/09,4,1,,
telfwyn.jp,,1,0,2025/05/23,7,1,,
teke2.jp,,1,0,2025/05/09,5,1,,
teibicosme.jp,,1,0,2023/05/10,10,3,,
teikokudream.jp,,1,0,2025/05/28,12,1,,
teenager-bombardment.jp,,1,0,2025/05/18,20,1,,
techtomo.jp,,1,0,2025/05/03,8,1,,
techpick.jp,,1,0,2025/05/16,8,1,,
techgraf.jp,,1,0,2022/05/05,8,4,,
tech-future-craft.jp,,1,0,2025/05/04,17,1,,
techdocpro.jp,,1,0,2025/05/15,10,1,,
tech-comms.jp,,1,0,2025/05/19,10,1,,
tech-clean.jp,,1,0,2025/05/01,10,1,,
techboard.jp,,1,0,2025/05/18,9,1,,
tea-tree-co.jp,,1,0,2023/05/23,11,3,,
teamvanguard.jp,,1,0,2025/05/01,12,1,,
tdnrn-ngs.jp,,1,0,2025/05/23,9,1,,
tchlt.jp,,1,0,2025/05/12,5,1,,
tcgjoy.jp,,1,0,2024/05/11,6,2,,
tcc-sec-hennge.jp,,1,0,2025/05/08,14,1,,
tayxcb.jp,,1,0,2025/05/19,6,1,,
taxul.jp,,1,0,2025/05/05,5,1,,
tax-enet.jp,,1,0,2010/05/09,8,16,,
tax-okazaki.jp,,1,0,2025/05/02,11,1,,
tawaman.jp,,1,0,2025/05/12,7,1,,
tasqueue.jp,,1,0,2025/05/08,8,1,,
taskloop.jp,,1,0,2025/05/26,8,1,,
tarsylva.jp,,1,0,2025/05/14,8,1,,
tarira-plus.jp,,1,0,2024/05/16,11,2,,
tarosho.jp,,1,0,2018/05/09,7,8,,
taoworld.jp,,1,0,2024/05/09,8,2,,
tanzania-consulate.jp,,1,0,2025/05/25,18,1,,
tanakanao.jp,,1,0,2024/05/14,9,2,,
tamada-gr-jp.jp,,1,0,2025/05/07,12,1,,
talkhub.jp,,1,0,2025/05/24,7,1,,
t-ala.jp,,1,0,2025/05/30,5,1,,
takuyakawase.jp,,1,0,2025/05/27,12,1,,
taku-team.jp,,1,0,2025/05/27,9,1,,
takumi-tosou.jp,,1,0,2025/05/15,12,1,,
takinosho-pta.jp,,1,0,2025/05/25,13,1,,
takimotojuku.jp,,1,0,2025/05/13,12,1,,
takeshi-naito.jp,,1,0,2025/05/29,13,1,,
takeioffice.jp,,1,0,2023/05/01,11,3,,
takedashop.jp,,1,0,2025/05/12,10,1,,
takashounyu.jp,,1,0,2025/05/21,11,1,,
takaquragumi.jp,,1,0,2025/05/26,12,1,,
takao-connect.jp,,1,0,2025/05/31,13,1,,
takanokyoko.jp,,1,0,2025/05/17,11,1,,
takamoto-law.jp,,1,0,2025/05/27,12,1,,
takahashihikaru.jp,,1,0,2021/05/21,15,5,,
taishoku-fuhyou-soudan.jp,,1,0,2025/05/16,22,1,,
taiki-wakimura.jp,,1,0,2025/05/31,14,1,,
taientai.jp,,1,0,2025/05/15,8,1,,
taichikitamura.jp,,1,0,2025/05/01,14,1,,
tageskin.jp,,1,0,2024/05/09,8,2,,
tagengoka.jp,,1,0,2025/05/05,9,1,,
tacmo.jp,,1,0,2024/05/09,5,2,,
tabimachi.jp,,1,0,2025/05/10,9,1,,
tabiyadesign.jp,,1,0,2015/05/01,12,11,,
tabikime.jp,,1,0,2025/05/19,8,1,,
t4en-bmyc.jp,,1,0,2024/05/27,9,2,,
t2-c.jp,,1,0,2023/05/30,4,3,,
syukyakushien.jp,,1,0,2024/05/08,13,2,,
syukatsu-note.jp,,1,0,2023/05/02,13,3,,
syokumukijyutusho.jp,,1,0,2021/05/21,17,5,,
syokumukijyutsusyo.jp,,1,0,2021/05/21,18,5,,
syokumukijyutsusho.jp,,1,0,2021/05/21,18,5,,
syokumukijyujusyo.jp,,1,0,2021/05/21,17,5,,
syokumukijutusyo.jp,,1,0,2021/05/21,16,5,,
syokumukijutusho.jp,,1,0,2021/05/21,16,5,,
syokumukijutsusyo.jp,,1,0,2021/05/21,17,5,,
syncdesk.jp,,1,0,2025/04/15,8,1,,
syokumukijutsusho.jp,,1,0,2021/05/21,17,5,,
sympafit.jp,,1,0,2022/05/31,8,4,,
symfony-users.jp,,1,0,2014/05/09,13,12,,
syddy.jp,,1,0,2022/05/24,5,4,,
s-worker.jp,,1,0,2023/05/30,8,3,,
swissperfect.jp,,1,0,2025/05/18,12,1,,
sweets-log.jp,,1,0,2025/05/08,10,1,,
sweetcozyhome.jp,,1,0,2025/05/23,13,1,,
swa-club.jp,,1,0,2025/05/19,8,1,,
swedenhouse.jp,,1,0,2023/05/31,11,3,,
suzumepalette.jp,,1,0,2023/05/15,13,3,,
suteki-h.jp,,1,0,2024/05/02,8,2,,
susumotoya.jp,,1,0,2023/05/17,10,3,,
sus-work-tokyo.jp,,1,0,2025/05/13,14,1,,
surugawansc.jp,,1,0,2021/05/09,11,5,,
surf-tourism-minamisoma.jp,,1,0,2025/05/16,23,1,,
support-eo.jp,,1,0,2025/05/17,10,1,,
suppro.jp,,1,0,2025/05/30,6,1,,
super-tobiq.jp,,1,0,2024/05/21,11,2,,
superteam.jp,,1,0,2018/05/01,9,8,,
superiority.jp,,1,0,2023/05/28,11,3,,
super-easy.jp,,1,0,2020/05/06,10,6,,
super-hamster.jp,,1,0,2024/05/16,13,2,,
sunrise-odate.jp,,1,0,2025/05/01,13,1,,
sunrise-hosho.jp,,1,0,2018/05/11,13,8,,
sunrise-checker.jp,,1,0,2025/05/23,15,1,,
sunnyscream.jp,,1,0,2025/05/31,11,1,,
sunail.jp,,1,0,2023/05/30,6,3,,
sun333.jp,,1,0,2022/05/26,6,4,,
sumo-sachio.jp,,1,0,2025/05/31,11,1,,
sumimoji.jp,,1,0,2025/05/15,8,1,,
sumaho365.jp,,1,0,2025/05/21,9,1,,
sumagame.jp,,1,0,2025/05/02,8,1,,
suku-salon.jp,,1,0,2025/05/01,10,1,,
sukima-cp.jp,,1,0,2025/05/19,9,1,,
suimin-shingushi.jp,,1,0,2024/05/24,16,2,,
sugukaketsuke.jp,,1,0,2025/05/30,13,1,,
sugarcanefiberstraw.jp,,1,0,2019/05/10,19,7,,
sudaaya.jp,,1,0,2025/05/01,7,1,,
succubusfender.jp,,1,0,2025/05/10,14,1,,
success-mindset.jp,,1,0,2025/05/26,15,1,,
succession-buttress.jp,,1,0,2025/05/18,19,1,,
success-ful.jp,,1,0,2023/05/10,11,3,,
subaru-capital.jp,,1,0,2022/05/24,14,4,,
stylish-fashion.jp,,1,0,2024/05/12,15,2,,
studyway.jp,,1,0,2025/05/19,8,1,,
studytrack.jp,,1,0,2025/05/11,10,1,,
stuffservice.jp,,1,0,2023/05/08,12,3,,
studyfellow.jp,,1,0,2025/05/06,11,1,,
study-cafeteria.jp,,1,0,2025/05/11,15,1,,
studio-links.jp,,1,0,2025/05/07,12,1,,
studentplus.jp,,1,0,2025/05/04,11,1,,
student-one.jp,,1,0,2025/05/01,11,1,,
stratoxafe.jp,,1,0,2018/05/12,10,8,,
strengthen-blight.jp,,1,0,2025/05/18,17,1,,
straight6.jp,,1,0,2022/05/07,9,4,,
stellarprincess.jp,,1,0,2025/05/21,15,1,,
stayahead.jp,,1,0,2023/05/02,9,3,,
stay-cloud.jp,,1,0,2025/05/01,10,1,,
staut.jp,,1,0,2023/05/01,5,3,,
startup-kougaku.jp,,1,0,2023/05/28,15,3,,
starseed-job.jp,,1,0,2023/05/15,12,3,,
start-booty.jp,,1,0,2025/05/18,11,1,,
starni.jp,,1,0,2023/05/16,6,3,,
stargazing.jp,,1,0,2025/05/04,10,1,,
standup-comedy.jp,,1,0,2025/05/07,14,1,,
stablediffusion.jp,,1,0,2023/05/23,15,3,,
sss-hiroshima.jp,,1,0,2025/05/15,13,1,,
squaresoft.jp,,1,0,2001/05/28,10,25,,
srep1.jp,,1,0,2025/05/08,5,1,,
spsh.jp,,1,0,2024/05/26,4,2,,
springmihara.jp,,1,0,2023/05/28,12,3,,
spring-biz.jp,,1,0,2025/05/17,10,1,,
s-portfolio.jp,,1,0,2025/05/20,11,1,,
sports-shicho.jp,,1,0,2025/05/10,13,1,,
splatoon-matcher.jp,,1,0,2025/05/30,16,1,,
spheroid.jp,,1,0,2024/05/16,8,2,,
sphereworks.jp,,1,0,2025/05/18,11,1,,
spica-racing-factory.jp,,1,0,2023/05/01,20,3,,
speed-blister.jp,,1,0,2025/05/18,13,1,,
speap-atq.jp,,1,0,2025/05/12,9,1,,
sparkup.jp,,1,0,2025/05/05,7,1,,
spatial-anime.jp,,1,0,2024/05/26,13,2,,
spacehowling.jp,,1,0,2024/05/22,12,2,,
sou3700.jp,,1,0,2025/05/16,7,1,,
soto19970116.jp,,1,0,2025/05/28,12,1,,
sops.jp,,1,0,2025/05/07,4,1,,
soogi-kakaku.jp,,1,0,2023/05/03,12,3,,
sonnie-eigo.jp,,1,0,2025/05/26,11,1,,
sone-zouen.jp,,1,0,2025/05/21,10,1,,
sompo-japan-pdf.jp,,1,0,2024/05/30,15,2,,
solvetokyo.jp,,1,0,2021/05/27,10,5,,
solris.jp,,1,0,2025/05/14,6,1,,
solre.jp,,1,0,2023/05/22,5,3,,
solo-training.jp,,1,0,2020/05/21,13,6,,
solotraining.jp,,1,0,2020/05/21,12,6,,
solo-preneurs.jp,,1,0,2025/05/10,13,1,,
solo-holic.jp,,1,0,2023/05/14,10,3,,
solama.jp,,1,0,2023/05/26,6,3,,
solfolio.jp,,1,0,2025/05/25,8,1,,
soka-shinsei.jp,,1,0,2025/05/01,12,1,,
sogototravel.jp,,1,0,2023/05/23,12,3,,
softwareai.jp,,1,0,2025/05/10,10,1,,
softcactus.jp,,1,0,2025/05/26,10,1,,
soba-syouzou.jp,,1,0,2025/05/09,12,1,,
snowy-heart.jp,,1,0,2025/05/21,11,1,,
sng-test.jp,,1,0,2025/05/01,8,1,,
sms-now.jp,,1,0,2024/05/15,7,2,,
smoking-alliance.jp,,1,0,2020/05/18,16,6,,
smile-wave.jp,,1,0,2025/05/31,10,1,,
sm-fukuoka.jp,,1,0,2025/05/26,10,1,,
smbcadrio.jp,,1,0,2025/05/23,9,1,,
smaview.jp,,1,0,2017/05/29,7,9,,
smart-resume.jp,,1,0,2025/05/17,12,1,,
smart-legal.jp,,1,0,2025/05/16,11,1,,
smartdance.jp,,1,0,2023/05/18,10,3,,
smartcookie.jp,,1,0,2024/05/11,11,2,,
smallup.jp,,1,0,2024/05/19,7,2,,
smappli.jp,,1,0,2025/05/26,7,1,,
sloy.jp,,1,0,2025/05/22,4,1,,
slowtiger.jp,,1,0,2024/05/18,9,2,,
slowspoon.jp,,1,0,2025/05/24,9,1,,
slowaging.jp,,1,0,2025/05/01,9,1,,
sloopentra.jp,,1,0,2025/05/15,10,1,,
slogan-burgeon.jp,,1,0,2025/05/18,14,1,,
slightly.jp,,1,0,2025/05/19,8,1,,
slidegenerator.jp,,1,0,2025/05/21,14,1,,
slash-card.jp,,1,0,2025/05/08,10,1,,
sleepfreaks-dev.jp,,1,0,2025/05/08,15,1,,
sl-art.jp,,1,0,2022/05/12,6,4,,
slao.jp,,1,0,2024/05/21,4,2,,
skysherbet.jp,,1,0,2021/05/09,10,5,,
skylove.jp,,1,0,2005/05/24,7,21,,
skypay.jp,,1,0,2024/05/14,6,2,,
sko12kimu.jp,,1,0,2025/05/02,9,1,,
skiphouse.jp,,1,0,2022/05/17,9,4,,
skmecha-co.jp,,1,0,2022/05/18,10,4,,
skinbooster.jp,,1,0,2025/05/26,11,1,,
sk-angel.jp,,1,0,2023/05/23,8,3,,
sjcovh.jp,,1,0,2025/05/19,6,1,,
sizy.jp,,1,0,2022/05/22,4,4,,
sivo.jp,,1,0,2025/05/18,4,1,,
sixsense.jp,,1,0,2024/05/08,8,2,,
site-pack.jp,,1,0,2023/05/06,9,3,,
siropython.jp,,1,0,2025/05/18,10,1,,
sirenpjw.jp,,1,0,2024/05/29,8,2,,
simplebizcard.jp,,1,0,2024/05/29,13,2,,
silverhill.jp,,1,0,2025/05/26,10,1,,
silk-b.jp,,1,0,2025/05/10,6,1,,
siliconsensing.jp,,1,0,2001/05/01,14,25,,
silika.jp,,1,0,2025/05/10,6,1,,
silent-worker.jp,,1,0,2025/05/30,13,1,,
s-i-law.jp,,1,0,2025/05/08,7,1,,
sign-tokyo.jp,,1,0,2025/05/12,10,1,,
signizr.jp,,1,0,2025/05/08,7,1,,
sigmaportal.jp,,1,0,2019/05/27,11,7,,
signal-tg.jp,,1,0,2024/05/31,9,2,,
sightkitchen.jp,,1,0,2025/05/29,12,1,,
shuyaoanuo.jp,,1,0,2025/05/31,10,1,,
shu-shi.jp,,1,0,2025/05/17,7,1,,
shufutoshufu.jp,,1,0,2022/05/05,12,4,,
shufulife.jp,,1,0,2025/05/26,9,1,,
shpd.jp,,1,0,2021/05/26,4,5,,
shubaba.jp,,1,0,2025/05/05,7,1,,
showa-tyo.jp,,1,0,2003/06/16,9,23,,
showdesk.jp,,1,0,2025/05/27,8,1,,
shouroom.jp,,1,0,2024/05/09,8,2,,
shortcuthub.jp,,1,0,2025/05/13,11,1,,
shosuke.jp,,1,0,2016/05/30,7,10,,
shopshopwalker.jp,,1,0,2021/05/14,14,5,,
shopgem.jp,,1,0,2025/05/08,7,1,,
shopchat.jp,,1,0,2021/05/06,8,5,,
shop-boo.jp,,1,0,2025/05/20,8,1,,
shonaitire.jp,,1,0,2025/05/26,10,1,,
sho-mei.jp,,1,0,2025/05/25,7,1,,
shokumukijyutusyo.jp,,1,0,2021/05/21,17,5,,
shokumukijyutusho.jp,,1,0,2021/05/21,17,5,,
shokumukijyutsusyo.jp,,1,0,2021/05/21,18,5,,
shokumukijyutsusho.jp,,1,0,2021/05/21,18,5,,
shokumukijutusyo.jp,,1,0,2021/05/21,16,5,,
shokumukijutusho.jp,,1,0,2021/05/21,16,5,,
shokumukijutsusyo.jp,,1,0,2021/05/21,17,5,,
shokumukijutsusho.jp,,1,0,2021/05/21,17,5,,
shokumou-hiyou.jp,,1,0,2025/05/24,14,1,,
shokumou-clinic.jp,,1,0,2025/05/24,15,1,,
shken-plus.jp,,1,0,2025/05/29,10,1,,
shizuka-kenkyujo.jp,,1,0,2024/05/12,16,2,,
shitsugyo-anshinmadoguchi.jp,,1,0,2025/05/08,25,1,,
shiro-kuro-border.jp,,1,0,2025/05/18,17,1,,
shinsei-re.jp,,1,0,2023/05/16,10,3,,
shinrin-kaiwai.jp,,1,0,2025/05/20,14,1,,
shinpai.jp,,1,0,2022/05/13,7,4,,
shinmirai7.jp,,1,0,2025/05/25,10,1,,
shinmeidaijingu.jp,,1,0,2001/05/01,15,25,,
shinmei-system.jp,,1,0,2023/05/17,14,3,,
shinetsukaiteki.jp,,1,0,2019/05/23,15,7,,
shinfile.jp,,1,0,2025/05/31,8,1,,
shimoda-distillery.jp,,1,0,2025/05/09,18,1,,
shimamura-shop.jp,,1,0,2025/05/15,14,1,,
shimadaya-cp.jp,,1,0,2025/05/16,12,1,,
shikigaku-pup-neo.jp,,1,0,2025/05/21,17,1,,
shiki-banno.jp,,1,0,2025/05/27,11,1,,
shiftperspective.jp,,1,0,2025/05/15,16,1,,
shichuusuimei.jp,,1,0,2024/05/11,13,2,,
shikaku-note.jp,,1,0,2025/05/20,12,1,,
shibata-d.jp,,1,0,2024/05/14,9,2,,
shibaba.jp,,1,0,2025/05/16,7,1,,
shhom-jp.jp,,1,0,2023/05/31,8,3,,
shhom-japan.jp,,1,0,2023/05/31,11,3,,
shhomjapan.jp,,1,0,2023/05/31,10,3,,
shhom.jp,,1,0,2023/05/31,5,3,,
shgoffice.jp,,1,0,2025/05/27,9,1,,
shelport.jp,,1,0,2025/05/30,8,1,,
shdice8.jp,,1,0,2025/05/28,7,1,,
sharoaid.jp,,1,0,2019/05/07,8,7,,
shareholders.jp,,1,0,2021/05/21,12,5,,
sharma.jp,,1,0,2025/05/25,6,1,,
shadowxafe.jp,,1,0,2018/05/11,10,8,,
shampoo-beacon.jp,,1,0,2025/05/18,14,1,,
shadow-sun.jp,,1,0,2025/05/18,10,1,,
shachuhacker.jp,,1,0,2025/05/20,12,1,,
sexwork.jp,,1,0,2023/05/20,7,3,,
sevenbox.jp,,1,0,2025/05/28,8,1,,
seu1ement2.jp,,1,0,2025/05/28,10,1,,
s-esu.jp,,1,0,2025/05/04,5,1,,
setugo.jp,,1,0,2025/05/07,6,1,,
sessyu-nakamizu.jp,,1,0,2024/05/22,15,2,,
serving-robot.jp,,1,0,2025/05/02,13,1,,
seruna.jp,,1,0,2025/05/11,6,1,,
serviceai.jp,,1,0,2025/05/10,9,1,,
serialtvdrama2025.jp,,1,0,2025/05/22,17,1,,
serendip-is.jp,,1,0,2024/05/02,11,2,,
ser016seirin.jp,,1,0,2023/05/01,12,3,,
sentei-tokyo.jp,,1,0,2025/05/10,12,1,,
senior-career-kari.jp,,1,0,2024/05/20,18,2,,
sentakusuisen.jp,,1,0,2025/05/06,13,1,,
senhaku.jp,,1,0,2022/05/17,7,4,,
select-labo.jp,,1,0,2025/05/02,11,1,,
sembabuilding.jp,,1,0,2021/05/10,13,5,,
seizoo.jp,,1,0,2023/05/29,6,3,,
seisa-soyokaze.jp,,1,0,2025/05/22,14,1,,
seijininja.jp,,1,0,2025/05/09,10,1,,
see-the-star.jp,,1,0,2025/05/28,12,1,,
seekest.jp,,1,0,2023/05/07,7,3,,
security-horse.jp,,1,0,2025/05/23,14,1,,
seculearn.jp,,1,0,2025/05/17,9,1,,
securityhorse.jp,,1,0,2025/05/24,13,1,,
seasirmamayakko.jp,,1,0,2025/05/04,15,1,,
search-ai.jp,,1,0,2025/05/10,9,1,,
seakers.jp,,1,0,2022/05/18,7,4,,
sd-wind.jp,,1,0,2018/05/18,7,8,,
scroll-shop.jp,,1,0,2009/05/13,11,17,,
sdemo.jp,,1,0,2025/05/14,5,1,,
scky.jp,,1,0,2025/05/02,4,1,,
scintiller93.jp,,1,0,2025/05/09,12,1,,
schoolir.jp,,1,0,2023/05/13,8,3,,
scantalk.jp,,1,0,2005/05/31,8,21,,
scareddebt.jp,,1,0,2025/05/28,10,1,,
scala-guide.jp,,1,0,2017/05/09,11,9,,
sb-partner.jp,,1,0,2018/05/07,10,8,,
sbicesce.jp,,1,0,2025/05/15,8,1,,
sbicesc.jp,,1,0,2025/05/13,7,1,,
sb-b.jp,,1,0,2024/05/12,4,2,,
sb-alumni.jp,,1,0,2019/05/22,9,7,,
saveclub.jp,,1,0,2025/05/15,8,1,,
saveur-hokkaido.jp,,1,0,2025/05/23,15,1,,
sauna-newland.jp,,1,0,2025/05/18,13,1,,
sauna-car.jp,,1,0,2024/05/28,9,2,,
satomasaki.jp,,1,0,2020/05/06,10,6,,
satta.jp,,1,0,2001/05/15,5,25,,
sato0519.jp,,1,0,2025/05/29,8,1,,
sarupedia.jp,,1,0,2025/05/16,9,1,,
sarge.jp,,1,0,2025/05/10,5,1,,
sanwasys.jp,,1,0,2022/04/14,8,4,,
sanwa-drivers-recruit.jp,,1,0,2024/05/22,21,2,,
sapporo-fm.jp,,1,0,2025/05/16,10,1,,
sannji.jp,,1,0,2025/05/25,6,1,,
sanko-kenki.jp,,1,0,2023/05/23,11,3,,
sankisekkei.jp,,1,0,2025/05/30,11,1,,
sanguruzu.jp,,1,0,2024/05/16,9,2,,
sandwichlab.jp,,1,0,2025/05/08,11,1,,
sandaboring.jp,,1,0,2018/05/09,11,8,,
sandance.jp,,1,0,2025/05/04,8,1,,
sananga.jp,,1,0,2022/05/14,7,4,,
samurising.jp,,1,0,2022/05/11,10,4,,
samurai-signature.jp,,1,0,2023/05/27,17,3,,
samurai-marketing.jp,,1,0,2023/05/17,17,3,,
salon-vi-tree.jp,,1,0,2023/05/08,13,3,,
sales-ma.jp,,1,0,2024/05/26,8,2,,
salesma.jp,,1,0,2024/05/23,7,2,,
saleshopwalker.jp,,1,0,2021/05/20,14,5,,
sakurastitch.jp,,1,0,2025/05/09,12,1,,
sales-db.jp,,1,0,2024/05/21,8,2,,
sakura-mgmt.jp,,1,0,2024/05/27,11,2,,
sakura-life.jp,,1,0,2023/05/16,11,3,,
sakurakankyou.jp,,1,0,2022/05/18,13,4,,
sakura-dance.jp,,1,0,2025/05/12,12,1,,
sakanokenchiku.jp,,1,0,2025/05/29,14,1,,
sakairoastery.jp,,1,0,2025/05/26,13,1,,
saisondusoleil.jp,,1,0,2021/05/26,14,5,,
sagichecksupport.jp,,1,0,2025/05/29,16,1,,
safety-decision.jp,,1,0,2025/05/21,15,1,,
safaritechgiraffe.jp,,1,0,2025/05/19,17,1,,
sachiou.jp,,1,0,2025/05/13,7,1,,
saagasu.jp,,1,0,2025/05/14,7,1,,
s40-blog.jp,,1,0,2025/05/07,8,1,,
ryu29.jp,,1,0,2021/05/03,5,5,,
rust-lang.jp,,1,0,2013/05/01,9,13,,
ryoqqi.jp,,1,0,2025/05/19,6,1,,
rurishop.jp,,1,0,2025/05/09,8,1,,
runwayradar.jp,,1,0,2025/05/13,11,1,,
runmania.jp,,1,0,2020/05/16,8,6,,
rudystore.jp,,1,0,2025/05/07,9,1,,
rubystar.jp,,1,0,2024/05/08,8,2,,
rubito.jp,,1,0,2025/05/24,6,1,,
rtunjihg.jp,,1,0,2025/05/26,8,1,,
rtujdrtjhrtjyt.jp,,1,0,2025/05/26,14,1,,
rt-kataoka.jp,,1,0,2025/05/15,10,1,,
rs-law.jp,,1,0,2024/05/08,6,2,,
rsyncsil.jp,,1,0,2025/05/22,8,1,,
rr-rerise.jp,,1,0,2021/05/05,9,5,,
rrjbosai.jp,,1,0,2021/05/21,8,5,,
rqn.jp,,1,0,2025/05/22,3,1,,
rpzf.jp,,1,0,2025/05/23,4,1,,
routine7.jp,,1,0,2024/05/31,8,2,,
roundnumber.jp,,1,0,2025/05/22,11,1,,
rooooooooom206.jp,,1,0,2023/05/17,14,3,,
room313.jp,,1,0,2025/05/13,7,1,,
roof-works.jp,,1,0,2020/05/25,10,6,,
rooftool.jp,,1,0,2023/05/22,8,3,,
ronsakwc.jp,,1,0,2025/05/31,8,1,,
romuhack.jp,,1,0,2025/05/06,8,1,,
romapink-salon.jp,,1,0,2025/05/08,14,1,,
rokah.jp,,1,0,2020/05/09,5,6,,
rocketnow-sales.jp,,1,0,2025/05/08,15,1,,
robotto.jp,,1,0,2024/05/27,7,2,,
robot-platform.jp,,1,0,2019/05/22,14,7,,
robou.jp,,1,0,2022/05/01,5,4,,
robotcleaner.jp,,1,0,2025/05/12,12,1,,
robot-actuator.jp,,1,0,2025/05/14,14,1,,
robostyle.jp,,1,0,2021/05/27,9,5,,
rkmrpress.jp,,1,0,2025/05/21,9,1,,
rkcorporation.jp,,1,0,2023/05/18,13,3,,
rizoーtobaito.jp,,1,0,2025/05/30,12,1,,
risonabank-co.jp,,1,0,2025/05/02,13,1,,
rirraku.jp,,1,0,2023/05/20,7,3,,
ririhonika.jp,,1,0,2025/05/01,10,1,,
riobeautysalon.jp,,1,0,2024/05/26,14,2,,
rinrei-service.jp,,1,0,2025/05/11,14,1,,
rinkaneshima.jp,,1,0,2025/05/10,12,1,,
ringoworks.jp,,1,0,2025/05/13,10,1,,
rimytestapps.jp,,1,0,2025/05/02,12,1,,
rilakkuma3xjapan.jp,,1,0,2025/05/13,16,1,,
ri-ichi.jp,,1,0,2022/05/22,7,4,,
rightos.jp,,1,0,2025/05/27,7,1,,
ridersmeetingkitatouhoku.jp,,1,0,2025/05/25,24,1,,
riddle-boisterous.jp,,1,0,2025/05/18,17,1,,
richness-partner.jp,,1,0,2020/05/31,16,6,,
riarurose.jp,,1,0,2018/05/23,9,8,,
rhizome-llc.jp,,1,0,2023/05/19,11,3,,
rgylr-unn.jp,,1,0,2025/05/04,9,1,,
rgordf.jp,,1,0,2025/05/19,6,1,,
retrovoyz.jp,,1,0,2025/05/14,9,1,,
re-towas.jp,,1,0,2025/05/08,8,1,,
retinify.jp,,1,0,2024/05/18,8,2,,
resortworker.jp,,1,0,2021/05/23,12,5,,
re-start-life.jp,,1,0,2025/05/12,13,1,,
reproko.jp,,1,0,2023/05/12,7,3,,
repirica.jp,,1,0,2019/05/27,8,7,,
re-path.jp,,1,0,2025/05/06,7,1,,
repairthreebrothers.jp,,1,0,2025/05/22,19,1,,
rentalmacho.jp,,1,0,2025/05/01,11,1,,
renocier.jp,,1,0,2024/05/17,8,2,,
renewedge.jp,,1,0,2025/05/14,9,1,,
renconsult.jp,,1,0,2023/05/07,10,3,,
renai-dousenlab.jp,,1,0,2025/05/01,15,1,,
remumiocel.jp,,1,0,2021/05/26,10,5,,
remo-work.jp,,1,0,2020/05/25,9,6,,
remotew.jp,,1,0,2021/05/05,7,5,,
relayz.jp,,1,0,2025/05/07,6,1,,
reminde.jp,,1,0,2025/05/10,7,1,,
relatyd1sk.jp,,1,0,2023/05/02,10,3,,
rekimee.jp,,1,0,2025/05/25,7,1,,
rei-okinawa.jp,,1,0,2023/05/01,11,3,,
regt.jp,,1,0,2025/05/03,4,1,,
reghairplus.jp,,1,0,2025/05/10,11,1,,
regamey.jp,,1,0,2023/05/29,7,3,,
ref-s.jp,,1,0,2023/05/01,5,3,,
reflera.jp,,1,0,2025/05/21,7,1,,
redspallow.jp,,1,0,2025/05/04,10,1,,
recruit-hub.jp,,1,0,2024/05/17,11,2,,
recordi.jp,,1,0,2025/05/13,7,1,,
reco-app.jp,,1,0,2025/05/01,8,1,,
recful.jp,,1,0,2022/05/20,6,4,,
recflu.jp,,1,0,2022/05/20,6,4,,
reception-bower.jp,,1,0,2025/05/18,15,1,,
recare-japan.jp,,1,0,2025/05/14,12,1,,
realityscience.jp,,1,0,2019/05/03,14,7,,
real-life-coaching.jp,,1,0,2025/05/29,18,1,,
realcommercial.jp,,1,0,2006/05/31,14,20,,
realdual-wieldingstyle.jp,,1,0,2025/05/21,22,1,,
reacland.jp,,1,0,2025/05/07,8,1,,
rdkyft.jp,,1,0,2025/05/19,6,1,,
razzw30-2025.jp,,1,0,2025/05/28,12,1,,
ray-ai.jp,,1,0,2023/05/12,6,3,,
rawdays.jp,,1,0,2025/05/02,7,1,,
rankseeker.jp,,1,0,2025/05/04,10,1,,
rakus-hrtech.jp,,1,0,2023/05/25,12,3,,
rakuearn.jp,,1,0,2025/05/02,8,1,,
rai-invest.jp,,1,0,2024/05/17,10,2,,
radix-capital.jp,,1,0,2025/05/27,13,1,,
rad-tea.jp,,1,0,2025/05/23,7,1,,
radgen.jp,,1,0,2025/05/06,6,1,,
rabitomi.jp,,1,0,2025/05/22,8,1,,
r7kokusei.jp,,1,0,2021/05/21,9,5,,
qwerty123.jp,,1,0,2023/05/08,9,3,,
quorinest.jp,,1,0,2016/05/02,9,10,,
qvn.jp,,1,0,2025/05/17,3,1,,
quiz-learning.jp,,1,0,2025/05/04,13,1,,
quizlearning.jp,,1,0,2025/05/04,12,1,,
quinten-md.jp,,1,0,2021/05/12,10,5,,
quivm-iety.jp,,1,0,2025/05/04,10,1,,
quietforest.jp,,1,0,2025/05/26,11,1,,
quick-restart.jp,,1,0,2025/05/17,13,1,,
questnavi.jp,,1,0,2025/05/11,9,1,,
quantumaielite.jp,,1,0,2025/05/22,14,1,,
questalle.jp,,1,0,2025/05/06,9,1,,
quantuam.jp,,1,0,2025/05/10,8,1,,
quanfu.jp,,1,0,2025/05/01,6,1,,
quality-career.jp,,1,0,2023/05/22,14,3,,
qparik.jp,,1,0,2021/05/18,6,5,,
q-rashi.jp,,1,0,2025/05/04,7,1,,
qfeb6mfitmxncakx12g0.jp,,1,0,2025/05/16,20,1,,
qaiwdh.jp,,1,0,2025/05/19,6,1,,
putone.jp,,1,0,2023/05/16,6,3,,
purrpalace.jp,,1,0,2025/05/17,10,1,,
purrnpose.jp,,1,0,2025/05/25,9,1,,
pure-soy-protein.jp,,1,0,2024/05/15,16,2,,
pureplanthemp.jp,,1,0,2021/05/13,13,5,,
pure-aseet-management.jp,,1,0,2025/05/20,21,1,,
pureaseetmanagement.jp,,1,0,2025/05/20,19,1,,
pupitto.jp,,1,0,2025/05/31,7,1,,
pullulant-esthe.jp,,1,0,2022/05/12,15,4,,
puchisup.jp,,1,0,2025/05/17,8,1,,
ps-company.jp,,1,0,2018/05/19,10,8,,
prsnap.jp,,1,0,2025/05/15,6,1,,
prospeced.jp,,1,0,2025/05/10,9,1,,
propadeljapan.jp,,1,0,2025/05/09,13,1,,
prompt-school.jp,,1,0,2023/05/09,13,3,,
proluxeprint.jp,,1,0,2025/05/18,12,1,,
proluxe.jp,,1,0,2025/05/18,7,1,,
projets.jp,,1,0,2023/05/06,7,3,,
project-ichi.jp,,1,0,2022/05/12,12,4,,
prognavi.jp,,1,0,2024/05/14,8,2,,
profits-cp.jp,,1,0,2021/05/11,10,5,,
probiteki.jp,,1,0,2025/05/13,9,1,,
primxpreux.jp,,1,0,2018/05/25,10,8,,
private-case.jp,,1,0,2025/05/03,12,1,,
prestraceink.jp,,1,0,2023/05/18,12,3,,
pre-stay.jp,,1,0,2025/05/07,8,1,,
prempara.jp,,1,0,2023/05/10,8,3,,
premier-services.jp,,1,0,2025/05/12,16,1,,
practiceprimitive.jp,,1,0,2025/05/28,17,1,,
ppftest.jp,,1,0,2025/05/21,7,1,,
powerfactory.jp,,1,0,2023/05/02,12,3,,
povhcq.jp,,1,0,2025/05/19,6,1,,
postprime.jp,,1,0,2021/05/15,9,5,,
pottery2411.jp,,1,0,2025/05/01,11,1,,
postify.jp,,1,0,2024/05/30,7,2,,
positivekarma-aisign.jp,,1,0,2025/05/23,20,1,,
pos-center.jp,,1,0,2023/05/02,10,3,,
portrait-rights.jp,,1,0,2025/05/08,15,1,,
portpor.jp,,1,0,2025/05/25,7,1,,
popupp.jp,,1,0,2025/05/01,6,1,,
popularsaleshopwalker.jp,,1,0,2018/05/16,21,8,,
popout.jp,,1,0,2025/05/21,6,1,,
poppo-otsu.jp,,1,0,2020/05/20,10,6,,
poolearnings.jp,,1,0,2025/05/28,12,1,,
ponylife.jp,,1,0,2024/05/21,8,2,,
pomuserver.jp,,1,0,2025/05/01,10,1,,
pomum.jp,,1,0,2025/05/29,5,1,,
poker-love.jp,,1,0,2023/05/10,10,3,,
points-transfer.jp,,1,0,2025/05/30,15,1,,
poinity.jp,,1,0,2025/05/14,7,1,,
poetme.jp,,1,0,2025/05/27,6,1,,
pocket-cargo.jp,,1,0,2025/05/07,12,1,,
pmlsound.jp,,1,0,2018/05/11,8,8,,
pocha-fan.jp,,1,0,2022/05/12,9,4,,
pmgroup.jp,,1,0,2023/05/31,7,3,,
pmlset.jp,,1,0,2025/05/19,6,1,,
plyme.jp,,1,0,2025/05/05,5,1,,
plus-shop.jp,,1,0,2025/05/22,9,1,,
plus-color.jp,,1,0,2025/05/25,10,1,,
plusedge.jp,,1,0,2025/05/18,8,1,,
plurality.jp,,1,0,2025/05/12,9,1,,
plugh.jp,,1,0,2025/05/30,5,1,,
plicr-atq.jp,,1,0,2025/05/04,9,1,,
pletch.jp,,1,0,2025/05/29,6,1,,
playbpsr.jp,,1,0,2025/05/24,8,1,,
plant-medicine.jp,,1,0,2021/05/28,14,5,,
plandish.jp,,1,0,2021/05/12,8,5,,
planet101.jp,,1,0,2012/05/10,9,14,,
pkusom.jp,,1,0,2025/05/19,6,1,,
pj-works.jp,,1,0,2025/05/28,8,1,,
pjds.jp,,1,0,2023/05/03,4,3,,
pjamxyz.jp,,1,0,2025/05/09,7,1,,
pix4team.jp,,1,0,2024/05/14,8,2,,
piqo.jp,,1,0,2025/05/02,4,1,,
pingan.jp,,1,0,2024/05/13,6,2,,
pinternet.jp,,1,0,2022/05/03,9,4,,
pilotfire.jp,,1,0,2025/05/30,9,1,,
pikona.jp,,1,0,2025/05/09,6,1,,
picsmart.jp,,1,0,2022/05/30,8,4,,
pickmap.jp,,1,0,2025/05/28,7,1,,
photrust.jp,,1,0,2025/05/07,8,1,,
phototone.jp,,1,0,2025/05/15,9,1,,
photoasama.jp,,1,0,2018/05/08,10,8,,
photoboss.jp,,1,0,2025/05/19,9,1,,
phongpham.jp,,1,0,2025/05/25,9,1,,
phoenix638.jp,,1,0,2025/05/27,10,1,,
phis.jp,,1,0,2025/05/30,4,1,,
phasedance.jp,,1,0,2023/05/29,10,3,,
pharmit.jp,,1,0,2024/05/29,7,2,,
pgut.jp,,1,0,2023/05/16,4,3,,
phantombirds.jp,,1,0,2025/05/05,12,1,,
pettail.jp,,1,0,2024/05/07,7,2,,
pet-st.jp,,1,0,2024/05/28,6,2,,
petsleep-uji.jp,,1,0,2024/05/28,12,2,,
petsitterwelina.jp,,1,0,2024/05/28,15,2,,
petit-maro.jp,,1,0,2024/05/01,10,2,,
petit-atti.jp,,1,0,2024/05/01,10,2,,
pet-campaign.jp,,1,0,2025/05/29,12,1,,
peterauto.jp,,1,0,2022/05/04,9,4,,
petartlab.jp,,1,0,2025/05/23,9,1,,
permanentoui.jp,,1,0,2025/05/16,12,1,,
perlemare.jp,,1,0,2025/05/02,9,1,,
percential-design.jp,,1,0,2020/05/19,17,6,,
pengames.jp,,1,0,2025/05/24,8,1,,
pedagogyschool.jp,,1,0,2022/05/12,14,4,,
peaceness.jp,,1,0,2023/05/01,9,3,,
passkuru.jp,,1,0,2024/05/28,8,2,,
pbijapan.jp,,1,0,2022/05/27,8,4,,
passiondance.jp,,1,0,2025/05/31,12,1,,
pasebike.jp,,1,0,2025/05/14,8,1,,
pasrelle.jp,,1,0,2025/05/02,8,1,,
parts-search.jp,,1,0,2024/05/29,12,2,,
partsjapan.jp,,1,0,2021/05/30,10,5,,
paranote.jp,,1,0,2024/05/27,8,2,,
paranoiac.jp,,1,0,2025/05/10,9,1,,
parkswood.jp,,1,0,2024/05/28,9,2,,
parafun.jp,,1,0,2025/05/06,7,1,,
paradeee.jp,,1,0,2025/05/13,8,1,,
paqt.jp,,1,0,2024/05/15,4,2,,
paprika-orange.jp,,1,0,2017/05/23,14,9,,
paopaopao.jp,,1,0,2025/05/29,9,1,,
panna11.jp,,1,0,2025/05/26,7,1,,
pandish.jp,,1,0,2025/05/20,7,1,,
pandafoods.jp,,1,0,2024/05/08,10,2,,
pandafood.jp,,1,0,2024/05/07,9,2,,
pandacode.jp,,1,0,2023/05/30,9,3,,
palley.jp,,1,0,2025/05/02,6,1,,
paleopress.jp,,1,0,2025/05/18,10,1,,
paka2teikoku.jp,,1,0,2025/05/28,12,1,,
pad-recruit.jp,,1,0,2024/05/10,11,2,,
pagency.jp,,1,0,2025/05/17,7,1,,
p5yheimu.jp,,1,0,2022/05/28,8,4,,
p3ly.jp,,1,0,2025/05/21,4,1,,
ozaki-sr.jp,,1,0,2025/05/03,8,1,,
oyama-kamiya.jp,,1,0,2024/05/29,12,2,,
oyako-denwa.jp,,1,0,2025/05/06,11,1,,
oxalate.jp,,1,0,2022/05/29,7,4,,
oxytron.jp,,1,0,2023/05/10,7,3,,
out-plus.jp,,1,0,2024/05/27,8,2,,
ovcrvr.jp,,1,0,2025/05/19,6,1,,
outact.jp,,1,0,2023/05/29,6,3,,
ouchi-log.jp,,1,0,2025/05/10,9,1,,
ouchi-consal.jp,,1,0,2023/05/15,12,3,,
otokomode.jp,,1,0,2025/05/02,9,1,,
othmere.jp,,1,0,2025/05/22,7,1,,
osumedia.jp,,1,0,2025/05/27,8,1,,
osidorihonpo.jp,,1,0,2024/05/20,12,2,,
oshun.jp,,1,0,2022/05/24,5,4,,
osasset.jp,,1,0,2023/05/19,7,3,,
osaka-nigiwai.jp,,1,0,2025/05/27,13,1,,
osaka-cm-rsc.jp,,1,0,2019/05/30,12,7,,
osaka2133.jp,,1,0,2025/05/25,9,1,,
osakamatubo.jp,,1,0,2025/05/30,11,1,,
orjnvf.jp,,1,0,2025/05/19,6,1,,
ori-teach.jp,,1,0,2024/05/12,9,2,,
origami-ai.jp,,1,0,2025/05/19,10,1,,
organicfoodindenmark.jp,,1,0,2021/05/27,20,5,,
oraran.jp,,1,0,2025/05/22,6,1,,
optimizedcontents.jp,,1,0,2019/05/07,17,7,,
optirate.jp,,1,0,2025/05/07,8,1,,
open-talk.jp,,1,0,2023/05/18,9,3,,
operate-shoulder.jp,,1,0,2025/05/08,16,1,,
opencircle.jp,,1,0,2025/05/28,10,1,,
opablo.jp,,1,0,2024/05/08,6,2,,
oosimanosio.jp,,1,0,2025/05/14,11,1,,
oosaka3haitatsu.jp,,1,0,2025/05/01,15,1,,
oomikuji.jp,,1,0,2025/05/02,8,1,,
ooi-g.jp,,1,0,2025/05/22,5,1,,
onzoh.jp,,1,0,2025/05/12,5,1,,
onsenfudosan.jp,,1,0,2023/05/28,12,3,,
on-project.jp,,1,0,2025/05/02,10,1,,
onosato.jp,,1,0,2025/05/25,7,1,,
onmart.jp,,1,0,2023/05/21,6,3,,
onodera-koumuten.jp,,1,0,2023/05/09,16,3,,
onexafe.jp,,1,0,2018/05/11,7,8,,
onjnfkgre.jp,,1,0,2025/05/15,9,1,,
oneteamacademy.jp,,1,0,2023/05/31,14,3,,
onestop-sos.jp,,1,0,2025/05/27,11,1,,
one-minute.jp,,1,0,2025/05/12,10,1,,
one-industries.jp,,1,0,2022/05/16,14,4,,
oneroom-online.jp,,1,0,2025/05/21,14,1,,
oneday-tattoo.jp,,1,0,2019/05/16,13,7,,
onecuptea.jp,,1,0,2025/05/24,9,1,,
oneandi.jp,,1,0,2025/05/19,7,1,,
omstudio.jp,,1,0,2025/05/12,8,1,,
o-mother.jp,,1,0,2025/05/27,8,1,,
omnega9ejkkt5ro97vke.jp,,1,0,2025/05/16,20,1,,
omiyapon.jp,,1,0,2025/05/15,8,1,,
olive-green.jp,,1,0,2023/05/14,11,3,,
olivia-tokyo.jp,,1,0,2024/05/17,12,2,,
oldlily.jp,,1,0,2025/05/20,7,1,,
okハウジング.jp,,1,0,2021/05/11,7,5,,
okome-shop.jp,,1,0,2025/05/12,10,1,,
okomellc.jp,,1,0,2025/05/10,8,1,,
okinawa-ai.jp,,1,0,2025/05/03,10,1,,
okinawaai.jp,,1,0,2025/05/27,9,1,,
okb-yaoya.jp,,1,0,2020/05/29,9,6,,
okayama-footballstadium.jp,,1,0,2025/05/20,23,1,,
oka8822.jp,,1,0,2025/05/21,7,1,,
oitajidoushahan.jp,,1,0,2025/05/11,15,1,,
oi11qa9sy9r1oh7cc6eg.jp,,1,0,2025/05/24,20,1,,
ohisama-haruko.jp,,1,0,2022/05/26,14,4,,
ohakakirei-honpo.jp,,1,0,2025/05/04,16,1,,
ogw-industry24.jp,,1,0,2024/05/06,14,2,,
ogikiyo.jp,,1,0,2025/05/08,7,1,,
offthecharts.jp,,1,0,2025/05/15,12,1,,
offisapo.jp,,1,0,2025/05/26,8,1,,
officevoice.jp,,1,0,2025/05/02,11,1,,
office-triad.jp,,1,0,2025/05/29,12,1,,
officepams.jp,,1,0,2023/05/21,10,3,,
office-irukadori.jp,,1,0,2025/05/01,16,1,,
officedan.jp,,1,0,2025/05/04,9,1,,
office-ihara.jp,,1,0,2025/05/05,12,1,,
officeada.jp,,1,0,2025/05/29,9,1,,
offeasy.jp,,1,0,2024/05/26,7,2,,
oeiujfkg.jp,,1,0,2025/05/25,8,1,,
odin7.jp,,1,0,2021/05/25,5,5,,
odekake-zukan.jp,,1,0,2025/05/03,13,1,,
odaka-inc.jp,,1,0,2024/05/20,9,2,,
oda-inc-2020.jp,,1,0,2025/05/09,12,1,,
octtie.jp,,1,0,2025/05/28,6,1,,
octobit.jp,,1,0,2025/05/23,7,1,,
o-b-o.jp,,1,0,2018/05/26,5,8,,
obento-keikaku.jp,,1,0,2025/05/03,14,1,,
obaskelune.jp,,1,0,2025/05/12,10,1,,
oasis-clinic.jp,,1,0,2025/05/22,12,1,,
n-アップ.jp,,1,0,2025/05/31,5,1,,
nyux.jp,,1,0,2025/05/18,4,1,,
nymoriel.jp,,1,0,2025/05/29,8,1,,
nymi.jp,,1,0,2024/05/25,4,2,,
nusign.jp,,1,0,2023/05/28,6,3,,
nursingsurvey.jp,,1,0,2025/05/23,13,1,,
n-up-nakano.jp,,1,0,2025/05/31,11,1,,
nugroup.jp,,1,0,2023/05/13,7,3,,
nugemaruworld.jp,,1,0,2025/05/23,13,1,,
ntory.jp,,1,0,2025/05/09,5,1,,
ntgt.jp,,1,0,2025/05/14,4,1,,
nsv-next.jp,,1,0,2024/05/28,8,2,,
nssol-mail.jp,,1,0,2025/05/20,10,1,,
n-sln.jp,,1,0,2025/05/01,5,1,,
nozomixlab.jp,,1,0,2021/05/19,10,5,,
nowhappy.jp,,1,0,2001/05/07,8,25,,
nozomilab.jp,,1,0,2021/05/27,9,5,,
nov-egnr.jp,,1,0,2025/05/15,8,1,,
novamedia.jp,,1,0,2025/05/31,9,1,,
nounsdao.jp,,1,0,2022/05/08,8,4,,
nouns.jp,,1,0,2022/05/08,5,4,,
north-forest.jp,,1,0,2025/05/12,12,1,,
northernlights-kamui.jp,,1,0,2025/05/14,20,1,,
norimoblog.jp,,1,0,2022/05/30,10,4,,
norikaegx.jp,,1,0,2025/05/27,9,1,,
nonfungibletoken.jp,,1,0,2021/05/10,16,5,,
nomoreinc.jp,,1,0,2025/05/30,9,1,,
nomikatsulab.jp,,1,0,2025/05/20,12,1,,
nomad-tech.jp,,1,0,2025/05/23,10,1,,
noltera.jp,,1,0,2025/05/14,7,1,,
no-harm.jp,,1,0,2019/05/04,7,7,,
nolalley.jp,,1,0,2025/05/23,8,1,,
nohara-jimusho.jp,,1,0,2025/05/09,14,1,,
noevidence.jp,,1,0,2023/05/06,10,3,,
nocom.jp,,1,0,2025/05/17,5,1,,
noemie-photo.jp,,1,0,2024/05/29,12,2,,
nobukitaoka.jp,,1,0,2023/05/02,11,3,,
nlj-neloss.jp,,1,0,2024/05/27,10,2,,
nkc-osuzu.jp,,1,0,2014/05/22,9,12,,
niyu521.jp,,1,0,2025/05/10,7,1,,
nitsm-mt2.jp,,1,0,2021/05/21,9,5,,
nitsm-mt1.jp,,1,0,2021/05/21,9,5,,
nith.jp,,1,0,2025/05/13,4,1,,
nissei-create.jp,,1,0,2020/05/11,13,6,,
nishiyamaganka.jp,,1,0,2015/05/06,14,11,,
nishitomi-s.jp,,1,0,2025/05/20,11,1,,
nishikawa-juryo-kisetu.jp,,1,0,2025/05/01,22,1,,
nishikara.jp,,1,0,2022/05/10,9,4,,
nirthtydw.jp,,1,0,2025/05/30,9,1,,
niptnavi.jp,,1,0,2023/05/25,8,3,,
nipponbox.jp,,1,0,2025/05/21,9,1,,
nipponaxis.jp,,1,0,2012/05/02,10,14,,
nippon3a.jp,,1,0,2025/05/22,8,1,,
ninterog.jp,,1,0,2025/05/05,8,1,,
ninkiaitemshopwalker.jp,,1,0,2018/05/16,20,8,,
ninkatsu-note.jp,,1,0,2025/05/30,13,1,,
ninana27.jp,,1,0,2024/05/28,8,2,,
nikoshi.jp,,1,0,2022/05/25,7,4,,
niki-niki-futaki.jp,,1,0,2025/05/04,16,1,,
nijiu.jp,,1,0,2025/05/19,5,1,,
nihotabi.jp,,1,0,2025/05/23,8,1,,
nihon-youjyu-recruit.jp,,1,0,2024/05/22,20,2,,
nihonkai-ongakusai.jp,,1,0,2023/05/11,18,3,,
nihongojin.jp,,1,0,2023/05/14,10,3,,
nihonfintech.jp,,1,0,2025/05/10,12,1,,
nidfjhrtg.jp,,1,0,2025/05/26,9,1,,
nico2525.jp,,1,0,2022/05/08,8,4,,
nhatlinh.jp,,1,0,2025/05/08,8,1,,
nh3-engine.jp,,1,0,2023/05/31,10,3,,
nguyenthiphuong.jp,,1,0,2025/05/24,15,1,,
nft-meishi.jp,,1,0,2024/05/14,10,2,,
nfdpikhanjj0t0gbuxxo.jp,,1,0,2025/05/24,20,1,,
nfc-shop.jp,,1,0,2015/05/15,8,11,,
nfcshop.jp,,1,0,2015/05/15,7,11,,
nfc-sdk.jp,,1,0,2015/05/15,7,11,,
nexus-gate.jp,,1,0,2025/05/10,10,1,,
nexus-cp.jp,,1,0,2025/05/04,8,1,,
nextunion.jp,,1,0,2025/05/14,9,1,,
nextation.jp,,1,0,2001/05/01,9,25,,
nex-studio.jp,,1,0,2021/05/23,10,5,,
nexleague.jp,,1,0,2025/05/19,9,1,,
nexai.jp,,1,0,2025/05/14,5,1,,
newtrall.jp,,1,0,2025/05/09,8,1,,
newrock-shoes.jp,,1,0,2025/05/05,13,1,,
newgenkinnchancegncn.jp,,1,0,2018/05/16,20,8,,
newfounddh.jp,,1,0,2025/05/10,10,1,,
new-fly.jp,,1,0,2025/05/08,7,1,,
newch.jp,,1,0,2023/05/25,5,3,,
neuron-art.jp,,1,0,2025/05/18,10,1,,
networldwiz2025.jp,,1,0,2025/05/07,15,1,,
networkpro.jp,,1,0,2009/05/22,10,17,,
netalarts.jp,,1,0,2025/05/11,9,1,,
neostars.jp,,1,0,2024/05/22,8,2,,
neopiece.jp,,1,0,2024/05/08,8,2,,
neoboy.jp,,1,0,2024/05/26,6,2,,
nemoris.jp,,1,0,2025/05/08,7,1,,
nekoshi.jp,,1,0,2025/05/05,7,1,,
nekono-shippo.jp,,1,0,2019/05/21,13,7,,
nehorihahori.jp,,1,0,2025/05/02,12,1,,
negorokogyo.jp,,1,0,2023/05/10,11,3,,
ndrc.jp,,1,0,2009/05/07,4,17,,
ndope.jp,,1,0,2023/05/09,5,3,,
ncisotaritec.jp,,1,0,2025/05/01,12,1,,
nb-housing.jp,,1,0,2025/05/09,10,1,,
nbascope.jp,,1,0,2025/05/06,8,1,,
naviseven.jp,,1,0,2025/05/17,9,1,,
naviai.jp,,1,0,2025/05/10,6,1,,
naturelab-aso.jp,,1,0,2025/05/14,13,1,,
natural-japan.jp,,1,0,2025/05/06,13,1,,
natsuu.jp,,1,0,2025/05/16,6,1,,
nation-wear.jp,,1,0,2025/05/16,11,1,,
nasync.jp,,1,0,2025/05/31,6,1,,
nashio.jp,,1,0,2023/05/25,6,3,,
narsha.jp,,1,0,2022/05/07,6,4,,
narohjtest.jp,,1,0,2025/05/13,10,1,,
narita-sleep-survey-2025.jp,,1,0,2025/06/11,24,1,,
narikun.jp,,1,0,2025/05/14,7,1,,
narasystem.jp,,1,0,2025/05/02,10,1,,
naokobayashi.jp,,1,0,2025/05/21,12,1,,
nanoka-shop.jp,,1,0,2023/05/19,11,3,,
nano-agent.jp,,1,0,2025/05/10,10,1,,
nanbo-jungle-farm.jp,,1,0,2025/05/30,17,1,,
nalajapan.jp,,1,0,2024/05/23,9,2,,
nakayukui.jp,,1,0,2014/05/08,9,12,,
nakahiro.jp,,1,0,2001/05/16,8,25,,
nagoyaheraldry.jp,,1,0,2025/05/03,14,1,,
nagomi-mori.jp,,1,0,2023/05/23,11,3,,
naenoya.jp,,1,0,2025/05/14,7,1,,
naemi.jp,,1,0,2023/05/11,5,3,,
naabiiofwater.jp,,1,0,2020/05/01,13,6,,
n8n-rtar0development.jp,,1,0,2025/05/19,20,1,,
myuseum.jp,,1,0,2025/05/08,7,1,,
myshore.jp,,1,0,2023/05/13,7,3,,
myquietportfolio.jp,,1,0,2025/05/17,16,1,,
mypeak.jp,,1,0,2025/05/17,6,1,,
mykurashi.jp,,1,0,2022/05/29,9,4,,
mykamon.jp,,1,0,2025/05/17,7,1,,
myhub.jp,,1,0,2025/05/13,5,1,,
my-healthy.jp,,1,0,2024/05/27,10,2,,
my-factoring.jp,,1,0,2022/05/20,12,4,,
my-education.jp,,1,0,2025/05/21,12,1,,
mydd.jp,,1,0,2025/05/03,4,1,,
mycargo-center.jp,,1,0,2025/05/26,14,1,,
mw-trainee.jp,,1,0,2025/05/09,10,1,,
mwknfk.jp,,1,0,2025/05/19,6,1,,
muteki-nosuppinkoubou.jp,,1,0,2025/05/08,21,1,,
musubicreations.jp,,1,0,2025/05/08,15,1,,
musubi-creaciones.jp,,1,0,2025/05/08,17,1,,
muscadey.jp,,1,0,2022/05/12,8,4,,
musabi-shintai.jp,,1,0,2022/05/09,14,4,,
muroo-recruit.jp,,1,0,2024/05/31,13,2,,
murayotaisu.jp,,1,0,2025/05/22,11,1,,
murakami-sangyo.jp,,1,0,2023/05/03,15,3,,
murakamikogyo.jp,,1,0,2023/05/12,13,3,,
m-up-mikata.jp,,1,0,2025/05/14,11,1,,
munimuniseijin.jp,,1,0,2025/05/07,14,1,,
mugitani.jp,,1,0,2012/05/12,8,14,,
mugen-inc-a.jp,,1,0,2023/05/13,11,3,,
mtronix.jp,,1,0,2023/05/06,7,3,,
mtjw.jp,,1,0,2025/05/15,4,1,,
msコンチン.jp,,1,0,2001/05/25,6,25,,
ms-sl.jp,,1,0,2019/05/21,5,7,,
msff-bpm.jp,,1,0,2019/05/22,8,7,,
msdlab.jp,,1,0,2023/05/15,6,3,,
ms-demo.jp,,1,0,2024/05/16,7,2,,
mscolor.jp,,1,0,2023/05/08,7,3,,
mrhomegear.jp,,1,0,2024/05/27,10,2,,
m-pronet.jp,,1,0,2025/05/26,8,1,,
moyameta.jp,,1,0,2025/05/09,8,1,,
moya-lab.jp,,1,0,2025/05/19,8,1,,
movrezma.jp,,1,0,2022/05/10,8,4,,
movingforlifejapan.jp,,1,0,2025/05/17,18,1,,
movify.jp,,1,0,2025/05/03,6,1,,
mourla.jp,,1,0,2023/05/17,6,3,,
motikomiok.jp,,1,0,2021/05/31,10,5,,
mote-mens.jp,,1,0,2025/05/29,9,1,,
moshikoi.jp,,1,0,2025/05/04,8,1,,
moritowa.jp,,1,0,2024/05/09,8,2,,
morino-shared.jp,,1,0,2020/05/12,13,6,,
morimotojuku.jp,,1,0,2024/05/01,12,2,,
moosan.jp,,1,0,2025/05/13,6,1,,
moon-jewels.jp,,1,0,2024/05/24,11,2,,
monpetit-lapin.jp,,1,0,2023/05/22,14,3,,
monodukuri-hojokin.jp,,1,0,2022/05/04,18,4,,
mondplus-a.jp,,1,0,2025/05/12,10,1,,
moncadeaux.jp,,1,0,2025/05/02,10,1,,
monaha.jp,,1,0,2023/05/30,6,3,,
momonyan.jp,,1,0,2024/05/07,8,2,,
momoirotsuki.jp,,1,0,2025/05/31,12,1,,
momail.jp,,1,0,2025/05/09,6,1,,
molve.jp,,1,0,2023/05/12,5,3,,
molnagoya.jp,,1,0,2024/05/30,9,2,,
mokureco.jp,,1,0,2025/05/22,8,1,,
moiutdeyu.jp,,1,0,2025/05/29,9,1,,
mogup.jp,,1,0,2025/05/07,5,1,,
moev.jp,,1,0,2025/05/10,4,1,,
moena-project.jp,,1,0,2025/05/25,13,1,,
modern-gain.jp,,1,0,2025/05/19,11,1,,
mochikomiok.jp,,1,0,2021/05/31,11,5,,
mochiben.jp,,1,0,2023/05/01,8,3,,
mobara-turuth.jp,,1,0,2025/05/19,13,1,,
mobaratruth.jp,,1,0,2025/05/21,11,1,,
mobahe.jp,,1,0,2025/05/19,6,1,,
moav.jp,,1,0,2024/05/15,4,2,,
mmtrademm.jp,,1,0,2025/05/10,9,1,,
mmm-shop.jp,,1,0,2022/05/05,8,4,,
mーholdings.jp,,1,0,2025/05/09,10,1,,
mmdk.jp,,1,0,2025/05/14,4,1,,
mlink-job.jp,,1,0,2024/05/31,9,2,,
mk-shinjuku.jp,,1,0,2025/05/09,11,1,,
mkkobe.jp,,1,0,2025/05/11,6,1,,
m-keisan.jp,,1,0,2021/05/26,8,5,,
mizunomiyako-law.jp,,1,0,2025/05/12,16,1,,
mizuhoshuzo.jp,,1,0,2025/05/09,11,1,,
mizuhosake.jp,,1,0,2025/05/09,10,1,,
miyazaki-itpcsupport.jp,,1,0,2025/05/11,20,1,,
miyazaki-itpc.jp,,1,0,2025/05/11,13,1,,
miyawaki-kairi.jp,,1,0,2025/05/30,14,1,,
mixnuts092.jp,,1,0,2015/05/07,10,11,,
missthai.jp,,1,0,2022/05/03,8,4,,
missavエロ動画.jp,,1,0,2025/05/03,10,1,,
missav-pretty.jp,,1,0,2025/05/06,13,1,,
missav-porn.jp,,1,0,2025/05/23,11,1,,
missavjav.jp,,1,0,2025/05/05,9,1,,
missav-ero.jp,,1,0,2025/05/14,10,1,,
misoyaki.jp,,1,0,2025/05/31,8,1,,
misesta.jp,,1,0,2025/05/31,7,1,,
miryka.jp,,1,0,2022/05/09,6,4,,
mirrorless.jp,,1,0,2014/05/30,10,12,,
mirima.jp,,1,0,2025/05/20,6,1,,
miraicm.jp,,1,0,2022/05/16,7,4,,
mintvalley.jp,,1,0,2025/05/26,10,1,,
minorca.jp,,1,0,2025/05/15,7,1,,
minomura-naoya.jp,,1,0,2022/05/02,14,4,,
minna-de-bonsai.jp,,1,0,2022/05/14,15,4,,
minkabu-web3wallet.jp,,1,0,2022/05/13,18,4,,
minimumcms.jp,,1,0,2025/05/01,10,1,,
min-giga.jp,,1,0,2024/05/15,8,2,,
mingal.jp,,1,0,2022/05/11,6,4,,
minera21.jp,,1,0,2025/05/14,8,1,,
minekikai.jp,,1,0,2025/05/28,9,1,,
mind-their.jp,,1,0,2025/05/11,10,1,,
mindfoot.jp,,1,0,2022/06/01,8,4,,
mind2d.jp,,1,0,2025/05/03,6,1,,
minatoehon.jp,,1,0,2025/05/12,10,1,,
minash.jp,,1,0,2025/05/07,6,1,,
minahack.jp,,1,0,2019/05/08,8,7,,
mimoli.jp,,1,0,2025/05/04,6,1,,
mimiy-sweets.jp,,1,0,2022/05/18,12,4,,
mimi-c.jp,,1,0,2024/05/27,6,2,,
mimeikou-official.jp,,1,0,2025/05/07,17,1,,
milyyy.jp,,1,0,2018/05/12,6,8,,
millionaire-tv.jp,,1,0,2023/05/01,14,3,,
millennium-automotive.jp,,1,0,2021/05/18,21,5,,
milktown.jp,,1,0,2025/05/16,8,1,,
milkmaker.jp,,1,0,2021/05/25,9,5,,
mikuscope.jp,,1,0,2025/05/02,9,1,,
mikurube.jp,,1,0,2015/05/01,8,11,,
mikuren.jp,,1,0,2025/05/30,7,1,,
mikoe.jp,,1,0,2024/05/27,5,2,,
mikitonoto.jp,,1,0,2023/05/07,10,3,,
mikekanda.jp,,1,0,2023/05/21,9,3,,
miiist.jp,,1,0,2025/05/13,6,1,,
miicode.jp,,1,0,2025/05/21,7,1,,
migtest.jp,,1,0,2025/05/25,7,1,,
midor1.jp,,1,0,2025/05/06,6,1,,
microoffice.jp,,1,0,2024/05/08,11,2,,
microcorp.jp,,1,0,2021/05/01,9,5,,
micro-community.jp,,1,0,2024/05/15,15,2,,
microcommunity.jp,,1,0,2024/05/15,14,2,,
mg-satei.jp,,1,0,2025/05/06,8,1,,
m-fence.jp,,1,0,2025/05/25,7,1,,
mezuras.jp,,1,0,2021/05/31,7,5,,
mew-velda.jp,,1,0,2025/05/19,9,1,,
methodfurniture.jp,,1,0,2015/05/07,15,11,,
metaversetech.jp,,1,0,2025/05/30,13,1,,
metaversesearch.jp,,1,0,2025/05/05,15,1,,
metaverseai.jp,,1,0,2025/05/19,11,1,,
metaplayer1.jp,,1,0,2023/05/05,11,3,,
metalarts.jp,,1,0,2025/05/11,9,1,,
metabazz-search.jp,,1,0,2025/05/03,15,1,,
meta-bazz.jp,,1,0,2025/05/03,9,1,,
metabazz.jp,,1,0,2025/05/03,8,1,,
mester.jp,,1,0,2023/05/03,6,3,,
meshdish.jp,,1,0,2025/05/23,8,1,,
merudy.jp,,1,0,2024/05/29,6,2,,
merlueze.jp,,1,0,2025/05/24,8,1,,
merchandisemickey2.jp,,1,0,2025/05/20,18,1,,
menuk.jp,,1,0,2024/05/14,5,2,,
mens-este-nakameguro-nynph.jp,,1,0,2022/05/18,26,4,,
mementocruxis.jp,,1,0,2025/05/17,13,1,,
memall.jp,,1,0,2023/05/10,6,3,,
meltypop.jp,,1,0,2021/05/20,8,5,,
melgeek.jp,,1,0,2025/05/02,7,1,,
meiwakonpo.jp,,1,0,2025/05/08,10,1,,
meiikukai.jp,,1,0,2023/05/21,9,3,,
meifujisakura.jp,,1,0,2024/05/16,13,2,,
meguricircle.jp,,1,0,2025/05/24,12,1,,
megami-fes.jp,,1,0,2024/05/07,10,2,,
meetoo.jp,,1,0,2001/05/01,6,25,,
meeps.jp,,1,0,2025/05/31,5,1,,
medistation.jp,,1,0,2001/05/01,11,25,,
mediclub.jp,,1,0,2001/05/01,8,25,,
medicalseo.jp,,1,0,2025/05/12,10,1,,
medicalai.jp,,1,0,2025/05/17,9,1,,
media-risk.jp,,1,0,2024/05/13,10,2,,
medamadou.jp,,1,0,2025/05/27,9,1,,
medair.jp,,1,0,2021/05/10,6,5,,
meccle.jp,,1,0,2023/05/01,6,3,,
mealmiru.jp,,1,0,2022/05/14,8,4,,
mcdk.jp,,1,0,2021/05/06,4,5,,
mb-bookmate.jp,,1,0,2020/12/21,11,6,,
mayuge-shokumou.jp,,1,0,2025/05/24,15,1,,
mayoi-cat.jp,,1,0,2025/05/31,9,1,,
mawari-meech.jp,,1,0,2025/05/01,12,1,,
mawarimeech.jp,,1,0,2025/05/01,11,1,,
mavepo.jp,,1,0,2025/05/16,6,1,,
matsuri-cycle.jp,,1,0,2023/05/15,13,3,,
matsuo-syoji.jp,,1,0,2023/05/23,12,3,,
matsuoka-clinic1967.jp,,1,0,2025/05/02,19,1,,
matsumoto-trd.jp,,1,0,2025/05/16,13,1,,
matajiro-rice.jp,,1,0,2025/05/10,13,1,,
matajiro.jp,,1,0,2025/05/10,8,1,,
master-moral.jp,,1,0,2025/05/08,12,1,,
masterluvlabo.jp,,1,0,2023/05/09,13,3,,
mashiblog.jp,,1,0,2025/05/22,9,1,,
masayuki-matsuo.jp,,1,0,2020/05/07,15,6,,
masaharukurino.jp,,1,0,2025/05/30,14,1,,
marutokusangyo.jp,,1,0,2025/05/09,14,1,,
marunagekun.jp,,1,0,2024/05/12,11,2,,
marumu-upstart.jp,,1,0,2024/05/10,14,2,,
maruichishouten.jp,,1,0,2023/05/09,15,3,,
marufukukogyo.jp,,1,0,2025/05/01,13,1,,
marriage-one.jp,,1,0,2024/05/25,12,2,,
maroyaka-daily.jp,,1,0,2024/05/26,14,2,,
maromar0526.jp,,1,0,2025/05/04,11,1,,
marketwhy.jp,,1,0,2025/05/07,9,1,,
marine-v.jp,,1,0,2021/05/30,8,5,,
mareshio.jp,,1,0,2024/05/27,8,2,,
mapnext.jp,,1,0,2024/05/15,7,2,,
manontokyo.jp,,1,0,2025/05/01,10,1,,
manga-dl.jp,,1,0,2025/05/07,8,1,,
manabu-guide.jp,,1,0,2025/05/03,12,1,,
manabodo.jp,,1,0,2025/05/02,8,1,,
mamoriai.jp,,1,0,2019/05/27,8,7,,
mamapopo.jp,,1,0,2025/05/23,8,1,,
mama-match.jp,,1,0,2025/05/09,10,1,,
mama-fukugyou.jp,,1,0,2024/05/15,13,2,,
malchance.jp,,1,0,2025/05/25,9,1,,
maison-koto.jp,,1,0,2024/05/17,11,2,,
maisonkoto.jp,,1,0,2024/05/17,10,2,,
maisondebeaute.jp,,1,0,2025/05/23,14,1,,
main-te.jp,,1,0,2022/05/11,7,4,,
mail-lotus.jp,,1,0,2024/05/15,10,2,,
mailg.jp,,1,0,2025/05/15,5,1,,
maileyparlor.jp,,1,0,2025/05/18,12,1,,
mahjongrule.jp,,1,0,2025/05/02,11,1,,
magus-art.jp,,1,0,2025/05/02,9,1,,
magication.jp,,1,0,2025/05/08,10,1,,
maeno-world.jp,,1,0,2025/05/20,11,1,,
maehama-giken.jp,,1,0,2006/05/29,13,20,,
madoyaka.jp,,1,0,2025/05/26,8,1,,
madjoe.jp,,1,0,2025/05/14,6,1,,
madamumii.jp,,1,0,2025/05/29,9,1,,
macomall.jp,,1,0,2024/05/31,8,2,,
machinooto.jp,,1,0,2025/05/11,10,1,,
macatub.jp,,1,0,2025/05/15,7,1,,
lyria-co.jp,,1,0,2025/05/03,8,1,,
lyria.jp,,1,0,2025/05/02,5,1,,
lyceum-data.jp,,1,0,2024/05/31,11,2,,
luxwork.jp,,1,0,2024/05/13,7,2,,
luxe-limo.jp,,1,0,2025/05/02,9,1,,
lux-date.jp,,1,0,2025/05/18,8,1,,
luvreparis.jp,,1,0,2024/05/11,10,2,,
lustlabel.jp,,1,0,2025/05/27,9,1,,
lunacare.jp,,1,0,2025/05/15,8,1,,
luminousstudio.jp,,1,0,2012/05/08,14,14,,
luminous-personal.jp,,1,0,2024/05/29,17,2,,
lullpiquemens.jp,,1,0,2024/05/24,13,2,,
lulia.jp,,1,0,2024/05/14,5,2,,
lucky-shoji.jp,,1,0,2025/05/09,11,1,,
luckyshadow.jp,,1,0,2025/05/26,11,1,,
lplife.jp,,1,0,2023/05/24,6,3,,
low-inc.jp,,1,0,2023/05/23,7,3,,
lovepanda.jp,,1,0,2021/05/08,9,5,,
lovegent.jp,,1,0,2024/05/20,8,2,,
lovari.jp,,1,0,2024/05/16,6,2,,
lo-ud.jp,,1,0,2025/05/20,5,1,,
lonoa.jp,,1,0,2025/05/29,5,1,,
lonet.jp,,1,0,2025/05/08,5,1,,
logistics-robot.jp,,1,0,2025/05/02,15,1,,
logicallife.jp,,1,0,2022/05/03,11,4,,
logicalbloom.jp,,1,0,2025/05/23,12,1,,
local-marketing-ibaraki.jp,,1,0,2025/05/21,23,1,,
localie.jp,,1,0,2025/05/21,7,1,,
localfoodchain.jp,,1,0,2022/05/18,14,4,,
llc-peace.jp,,1,0,2025/05/18,9,1,,
lizignls.jp,,1,0,2025/05/26,8,1,,
live-tour.jp,,1,0,2016/05/06,9,10,,
liver-hikari.jp,,1,0,2022/05/01,12,4,,
live-corolla.jp,,1,0,2018/05/30,12,8,,
live-commerce.jp,,1,0,2020/05/22,13,6,,
litgroup.jp,,1,0,2024/05/29,8,2,,
listentoyourheart.jp,,1,0,2025/05/25,17,1,,
liqueuring.jp,,1,0,2021/05/24,10,5,,
lion-kumamoto.jp,,1,0,2025/05/07,13,1,,
linkth0117.jp,,1,0,2025/05/08,10,1,,
linema.jp,,1,0,2021/05/28,6,5,,
line-kit.jp,,1,0,2025/05/03,8,1,,
linehart.jp,,1,0,2024/05/03,8,2,,
linec.jp,,1,0,2025/05/16,5,1,,
limmuvek.jp,,1,0,2025/05/14,8,1,,
lily-jelly.jp,,1,0,2025/05/08,10,1,,
l-ifix.jp,,1,0,2025/05/16,6,1,,
lifeisart2023.jp,,1,0,2023/05/18,13,3,,
life-asterisk.jp,,1,0,2025/05/09,13,1,,
lien-asd.jp,,1,0,2025/05/21,8,1,,
licaut.jp,,1,0,2021/05/17,6,5,,
libra-skincare.jp,,1,0,2025/05/23,14,1,,
libernature.jp,,1,0,2021/05/09,11,5,,
liberix.jp,,1,0,2025/05/19,7,1,,
lgov.jp,,1,0,2025/05/23,4,1,,
lexoar.jp,,1,0,2025/05/15,6,1,,
lets-estate.jp,,1,0,2022/05/22,11,4,,
less-company.jp,,1,0,2024/05/16,12,2,,
less-away.jp,,1,0,2025/05/01,9,1,,
leomillion.jp,,1,0,2018/05/07,10,8,,
lei-maile.jp,,1,0,2025/05/13,9,1,,
leimaile.jp,,1,0,2025/05/13,8,1,,
lei-genkidama.jp,,1,0,2024/05/15,13,2,,
legozuki.jp,,1,0,2025/05/21,8,1,,
legendaryalchemist.jp,,1,0,2025/05/14,18,1,,
lefl-english.jp,,1,0,2020/05/02,12,6,,
learnsecurity.jp,,1,0,2021/05/13,13,5,,
leadsia.jp,,1,0,2025/05/01,7,1,,
leadbase.jp,,1,0,2025/05/06,8,1,,
lctjapan.jp,,1,0,2025/05/04,8,1,,
law-navigator-app.jp,,1,0,2025/05/20,17,1,,
laudy.jp,,1,0,2025/05/04,5,1,,
latelー.jp,,1,0,2023/05/11,6,3,,
larkmusic.jp,,1,0,2022/05/25,9,4,,
large-dog-cafe.jp,,1,0,2025/05/19,14,1,,
lanikai-village.jp,,1,0,2023/05/17,15,3,,
lamicall-all-lock.jp,,1,0,2023/05/31,17,3,,
laetus-plan.jp,,1,0,2019/05/20,11,7,,
ladies-watches.jp,,1,0,2024/05/12,14,2,,
lacts.jp,,1,0,2024/05/14,5,2,,
labubu.jp,,1,0,2025/05/30,6,1,,
kz2-nets.jp,,1,0,2024/05/26,8,2,,
kyouseikk.jp,,1,0,2025/05/21,9,1,,
kyouiku-salon-anuenue.jp,,1,0,2025/05/30,21,1,,
kyoto-musubi-sr.jp,,1,0,2025/05/29,15,1,,
kyoto-coffee.jp,,1,0,2025/05/28,12,1,,
kyotoartbeats.jp,,1,0,2025/05/29,13,1,,
kyotan-ed.jp,,1,0,2024/05/19,9,2,,
kyome.jp,,1,0,2025/05/19,5,1,,
kyokuseitr.jp,,1,0,2022/05/27,10,4,,
kyokuei-kensetsu.jp,,1,0,2025/05/27,16,1,,
kyokuei-dengyo.jp,,1,0,2025/05/10,14,1,,
kylora.jp,,1,0,2025/05/29,6,1,,
kygros.jp,,1,0,2025/05/29,6,1,,
kyariaggakusyu.jp,,1,0,2025/05/08,14,1,,
kusuri110.jp,,1,0,2001/05/01,9,25,,
kusuhara-clinic.jp,,1,0,2019/05/24,15,7,,
kuru-site.jp,,1,0,2025/05/02,9,1,,
kurusite.jp,,1,0,2025/05/02,8,1,,
kuruma-labo.jp,,1,0,2025/05/22,11,1,,
kurumaiku.jp,,1,0,2017/05/01,9,9,,
kurokopt.jp,,1,0,2025/05/25,8,1,,
kurokopartners.jp,,1,0,2025/05/25,14,1,,
kuroki-kogyo.jp,,1,0,2001/05/28,12,25,,
kurohana.jp,,1,0,2025/05/08,8,1,,
kurinko-miuah.jp,,1,0,2025/05/03,13,1,,
kurihara-interior.jp,,1,0,2025/05/30,17,1,,
kuratuku.jp,,1,0,2022/05/06,8,4,,
kurashi-to-hana.jp,,1,0,2025/05/25,15,1,,
kurapoke.jp,,1,0,2025/05/02,8,1,,
kurageu-roa.jp,,1,0,2025/05/31,11,1,,
kumokumo.jp,,1,0,2024/05/30,8,2,,
kumaritopia.jp,,1,0,2025/05/05,11,1,,
kumamemo.jp,,1,0,2025/05/19,8,1,,
kukubooks.jp,,1,0,2025/05/06,9,1,,
kukirin.jp,,1,0,2025/05/28,7,1,,
kuchioyadosokai.jp,,1,0,2018/05/09,15,8,,
ksfglobal.jp,,1,0,2025/05/19,9,1,,
krok.jp,,1,0,2025/05/10,4,1,,
krispy.jp,,1,0,2025/05/09,6,1,,
krexia.jp,,1,0,2025/05/21,6,1,,
kr-delivery.jp,,1,0,2017/05/09,11,9,,
kp-design.jp,,1,0,2023/05/07,9,3,,
kozucoffee.jp,,1,0,2024/05/28,10,2,,
ko-yo-sangyo.jp,,1,0,2024/05/22,12,2,,
kousenchi.jp,,1,0,2021/05/02,9,5,,
koukokukan.jp,,1,0,2025/05/29,10,1,,
kouki-okinawa.jp,,1,0,2023/05/17,13,3,,
koudo-bouhan.jp,,1,0,2025/05/15,12,1,,
koubukk.jp,,1,0,2025/05/21,7,1,,
kotoprojects.jp,,1,0,2024/05/17,12,2,,
kotohogumori.jp,,1,0,2025/05/17,12,1,,
kotobukibiso.jp,,1,0,2025/05/30,12,1,,
kotoba-note.jp,,1,0,2025/05/09,11,1,,
kotaeru-station.jp,,1,0,2021/05/24,15,5,,
kosherfoodsjapan.jp,,1,0,2025/05/21,16,1,,
kosdiuig.jp,,1,0,2025/05/26,8,1,,
korrab.jp,,1,0,2025/05/03,6,1,,
korisu-children.jp,,1,0,2025/05/20,15,1,,
konzern.jp,,1,0,2024/05/10,7,2,,
konnojyuku.jp,,1,0,2025/05/07,10,1,,
konishidental.jp,,1,0,2025/05/10,13,1,,
komugiha.jp,,1,0,2025/05/08,8,1,,
komsa.jp,,1,0,2025/05/31,5,1,,
komikku.jp,,1,0,2025/05/17,7,1,,
kokutai-stay.jp,,1,0,2020/05/20,12,6,,
kokuspo.jp,,1,0,2024/05/24,7,2,,
kokusei2025.jp,,1,0,2021/05/21,11,5,,
kokoro-no-hako.jp,,1,0,2025/05/01,14,1,,
koki-blog.jp,,1,0,2024/05/06,9,2,,
kojo-kanri.jp,,1,0,2025/05/11,10,1,,
koiunmei.jp,,1,0,2025/05/03,8,1,,
koinou.jp,,1,0,2022/05/15,6,4,,
koichi0213.jp,,1,0,2025/05/27,10,1,,
kobeto-hotenantcross.jp,,1,0,2023/05/09,20,3,,
kobe-pz.jp,,1,0,2013/05/20,7,13,,
kobe-kaigo-taxi.jp,,1,0,2025/05/01,15,1,,
kobain.jp,,1,0,2025/05/02,6,1,,
kntk.jp,,1,0,2025/05/27,4,1,,
knst-rr.jp,,1,0,2021/05/08,7,5,,
knightpay.jp,,1,0,2023/05/17,9,3,,
k-nagase-bisshop.jp,,1,0,2025/05/29,16,1,,
knaa.jp,,1,0,2025/05/15,4,1,,
kn0.jp,,1,0,2025/05/23,3,1,,
kmb369leatherworks.jp,,1,0,2025/05/09,18,1,,
kkxx.jp,,1,0,2013/05/10,4,13,,
kjts.jp,,1,0,2017/05/12,4,9,,
kitsukeosaka0395.jp,,1,0,2025/05/25,16,1,,
kitss.jp,,1,0,2025/05/10,5,1,,
kitokurasumirai.jp,,1,0,2019/05/08,15,7,,
kit-gak.jp,,1,0,2025/05/20,7,1,,
kitazonoyoshiki.jp,,1,0,2024/05/30,15,2,,
kitareki.jp,,1,0,2025/05/07,8,1,,
kitami-reizo.jp,,1,0,2025/05/01,12,1,,
kitagurashi.jp,,1,0,2025/05/03,11,1,,
kisaragi1132.jp,,1,0,2025/05/27,12,1,,
kirin-seitai.jp,,1,0,2025/05/09,12,1,,
kiokunohako.jp,,1,0,2025/05/31,11,1,,
kioicho-med.jp,,1,0,2023/05/18,11,3,,
kintaihisyo.jp,,1,0,2025/05/05,11,1,,
kinoko1943.jp,,1,0,2025/05/20,10,1,,
kinofaction.jp,,1,0,2024/05/20,11,2,,
kinkosya.jp,,1,0,2025/05/24,8,1,,
kingsnail.jp,,1,0,2023/05/23,9,3,,
kin-cho-fun.jp,,1,0,2025/05/06,11,1,,
kinaricatering.jp,,1,0,2024/05/30,14,2,,
kimuragikenco.jp,,1,0,2024/05/23,13,2,,
kilopost.jp,,1,0,2024/05/31,8,2,,
kikuchi888.jp,,1,0,2024/05/16,10,2,,
kikm.jp,,1,0,2025/05/17,4,1,,
kikkake-link.jp,,1,0,2025/05/31,12,1,,
kigawa-ironworks.jp,,1,0,2024/05/17,16,2,,
kicrew.jp,,1,0,2025/05/28,6,1,,
kickk.jp,,1,0,2023/05/09,5,3,,
kichijoji-craftbeer.jp,,1,0,2025/05/26,19,1,,
kic-2.jp,,1,0,2014/05/21,5,12,,
kgjhwddjs0cwloajxr0q.jp,,1,0,2025/05/24,20,1,,
keshouhin-seizou.jp,,1,0,2024/05/08,16,2,,
kenyorkenterprise.jp,,1,0,2024/05/19,17,2,,
kensushi.jp,,1,0,2022/05/26,8,4,,
kenso-seiyaku.jp,,1,0,2020/05/18,13,6,,
kenlis.jp,,1,0,2025/05/30,6,1,,
kenko-narita-2025.jp,,1,0,2025/06/11,17,1,,
ken-doctor.jp,,1,0,2025/05/28,10,1,,
kendoc2025.jp,,1,0,2025/05/28,10,1,,
keiricareer.jp,,1,0,2025/05/08,11,1,,
keinoda.jp,,1,0,2025/05/04,7,1,,
keemart.jp,,1,0,2025/05/25,7,1,,
kazufumiwatanabe.jp,,1,0,2021/05/01,16,5,,
kaziru.jp,,1,0,2024/05/24,6,2,,
kazamatoshihiro.jp,,1,0,2023/05/26,15,3,,
kayui.jp,,1,0,2024/05/21,5,2,,
kawatsu-k.jp,,1,0,2024/05/23,9,2,,
kawasedoboku.jp,,1,0,2020/05/18,12,6,,
kawamotoshop.jp,,1,0,2025/05/20,12,1,,
kawaiiai.jp,,1,0,2024/05/18,8,2,,
katsuhito.jp,,1,0,2008/05/10,9,18,,
kateikeieijuku.jp,,1,0,2025/05/04,14,1,,
kasukabe-com.jp,,1,0,2023/05/12,12,3,,
karugaru-seitai.jp,,1,0,2023/05/25,15,3,,
kartech.jp,,1,0,2023/05/03,7,3,,
karatepedia.jp,,1,0,2025/05/02,11,1,,
karateclub.jp,,1,0,2025/05/07,10,1,,
kappo-sanoya.jp,,1,0,2025/05/31,12,1,,
kanz-lab.jp,,1,0,2025/05/11,8,1,,
kanyoulab.jp,,1,0,2025/05/19,9,1,,
kanto-jyuutakuservice.jp,,1,0,2016/05/20,21,10,,
kantodaiichi.jp,,1,0,2022/05/14,12,4,,
kanshiken2023.jp,,1,0,2023/05/16,13,3,,
kanontekuno.jp,,1,0,2019/05/31,11,7,,
kanofficial.jp,,1,0,2025/05/03,11,1,,
kannalabo.jp,,1,0,2025/05/14,9,1,,
kankyo-tanso.jp,,1,0,2009/05/25,12,17,,
kankoku-shokumou.jp,,1,0,2025/05/24,16,1,,
kankoku-biyou.jp,,1,0,2025/05/26,13,1,,
kan2o.jp,,1,0,2025/05/16,5,1,,
kami-llc.jp,,1,0,2024/05/08,8,2,,
kameido-re.jp,,1,0,2025/05/02,10,1,,
kamata-urology.jp,,1,0,2025/05/29,14,1,,
kakwby.jp,,1,0,2025/05/19,6,1,,
kaku-sin.jp,,1,0,2022/05/27,8,4,,
kaju-fudosan.jp,,1,0,2025/05/05,12,1,,
kaiun888.jp,,1,0,2024/05/22,8,2,,
kaito129.jp,,1,0,2024/05/18,8,2,,
kaitai-ganca.jp,,1,0,2025/05/19,12,1,,
kaisuzuki.jp,,1,0,2025/05/19,9,1,,
kaisora.jp,,1,0,2025/05/06,7,1,,
k-aiken.jp,,1,0,2024/05/13,7,2,,
kaikatsu-club.jp,,1,0,2025/05/12,13,1,,
kaigokyujin-labo.jp,,1,0,2025/05/06,16,1,,
kaigo-izumi.jp,,1,0,2012/05/22,11,14,,
kaigo-assist.jp,,1,0,2018/05/19,12,8,,
kaibai.jp,,1,0,2024/05/09,6,2,,
kaguten.jp,,1,0,2022/05/10,7,4,,
kagoshimahand.jp,,1,0,2021/05/24,13,5,,
kagohand.jp,,1,0,2021/05/24,8,5,,
kagiaka.jp,,1,0,2024/05/16,7,2,,
kagayakikodomoen.jp,,1,0,2021/05/16,16,5,,
kaem.jp,,1,0,2025/05/26,4,1,,
kachipaka.jp,,1,0,2008/05/19,9,18,,
kabu-data-lab.jp,,1,0,2025/05/09,13,1,,
kaatsu-bodyhouse.jp,,1,0,2023/05/25,16,3,,
jvma-jns.jp,,1,0,2020/05/20,8,6,,
jutenshien-benefits.jp,,1,0,2024/05/30,19,2,,
juri-portforio.jp,,1,0,2025/05/08,14,1,,
junsin.jp,,1,0,2025/05/03,6,1,,
junesis.jp,,1,0,2025/05/08,7,1,,
judaijunsho-official.jp,,1,0,2023/05/12,20,3,,
jucrj.jp,,1,0,2022/05/10,5,4,,
jthink.jp,,1,0,2023/05/19,6,3,,
jssdemo.jp,,1,0,2025/05/22,7,1,,
jsonfeed.jp,,1,0,2021/05/20,8,5,,
jsk-net.jp,,1,0,2024/05/10,7,2,,
jr-nav.jp,,1,0,2025/05/10,6,1,,
jptraclub.jp,,1,0,2025/05/07,9,1,,
jpage.jp,,1,0,2025/05/21,5,1,,
jozynter.jp,,1,0,2022/05/10,8,4,,
journal-fish.jp,,1,0,2025/05/04,12,1,,
josei-hairline.jp,,1,0,2025/05/24,14,1,,
jongga-cp.jp,,1,0,2025/05/13,9,1,,
johnsonfitness.jp,,1,0,2025/05/14,14,1,,
johnnie-walker.jp,,1,0,2001/05/10,14,25,,
job-int2025.jp,,1,0,2025/05/08,11,1,,
job-compass.jp,,1,0,2025/05/31,11,1,,
job25safe.jp,,1,0,2025/05/08,9,1,,
jnto2025nftcpn.jp,,1,0,2025/05/07,14,1,,
j-mcn.jp,,1,0,2025/05/26,5,1,,
jlsxip.jp,,1,0,2025/05/19,6,1,,
jlsweb.jp,,1,0,2024/05/29,6,2,,
jks-watanabe-dojo.jp,,1,0,2023/05/17,17,3,,
jiudsnrk.jp,,1,0,2025/05/30,8,1,,
jirosaburo.jp,,1,0,2025/05/22,10,1,,
jirokichi-net.jp,,1,0,2023/05/08,13,3,,
jinyalab.jp,,1,0,2025/05/08,8,1,,
jinshiba.jp,,1,0,2024/05/26,8,2,,
jimou-shokumou.jp,,1,0,2025/05/25,14,1,,
jiman.jp,,1,0,2004/05/28,5,22,,
jima-llc.jp,,1,0,2021/05/30,8,5,,
jikini.jp,,1,0,2025/05/21,6,1,,
jikani.jp,,1,0,2025/05/25,6,1,,
jie519.jp,,1,0,2025/05/23,6,1,,
jichigraph.jp,,1,0,2025/05/06,10,1,,
jfgjyufjf.jp,,1,0,2025/05/26,9,1,,
jerry-lee.jp,,1,0,2025/05/09,9,1,,
jemtc-bimi.jp,,1,0,2025/05/21,10,1,,
jemharmony.jp,,1,0,2025/05/04,10,1,,
jcieca.jp,,1,0,2021/05/18,6,5,,
jbmwcq.jp,,1,0,2025/05/19,6,1,,
jb-enterprisellc.jp,,1,0,2024/05/24,16,2,,
jaypatel.jp,,1,0,2020/05/17,8,6,,
jayde.jp,,1,0,2025/05/10,5,1,,
javjav.jp,,1,0,2025/05/14,6,1,,
jarnithis.jp,,1,0,2025/05/20,9,1,,
jarn.jp,,1,0,2001/05/02,4,25,,
japan-trip-guide.jp,,1,0,2025/05/03,16,1,,
japanlimited.jp,,1,0,2024/05/09,12,2,,
japanesesong.jp,,1,0,2011/05/15,12,15,,
japandays.jp,,1,0,2025/05/06,9,1,,
janimo.jp,,1,0,2025/05/20,6,1,,
ja-kyosai-nagasaki.jp,,1,0,2025/05/20,18,1,,
j-acs.jp,,1,0,2023/05/22,5,3,,
izyukibousya.jp,,1,0,2025/05/29,12,1,,
izumihp.jp,,1,0,2015/05/13,7,11,,
izoomi.jp,,1,0,2005/05/12,6,21,,
iyceoa.jp,,1,0,2025/05/19,6,1,,
ixf.jp,,1,0,2025/05/30,3,1,,
iwana-reel.jp,,1,0,2024/05/20,10,2,,
iwaki-kensetsu.jp,,1,0,2025/05/10,14,1,,
iv-group.jp,,1,0,2025/05/02,8,1,,
iurenbh.jp,,1,0,2025/05/25,7,1,,
itzyritzy.jp,,1,0,2021/05/19,9,5,,
itwonder.jp,,1,0,2017/05/13,8,9,,
itw-gia.jp,,1,0,2023/05/18,7,3,,
ituka-ec.jp,,1,0,2025/05/19,8,1,,
itsurouhoshida.jp,,1,0,2024/05/30,14,2,,
it-siken.jp,,1,0,2025/05/01,8,1,,
itsedu.jp,,1,0,2025/05/30,6,1,,
i-trade.jp,,1,0,2025/05/04,7,1,,
itnghtrw.jp,,1,0,2025/05/30,8,1,,
itmx.jp,,1,0,2013/05/07,4,13,,
itinoya.jp,,1,0,2021/05/21,7,5,,
iteh.jp,,1,0,2021/05/06,4,5,,
itech-inc.jp,,1,0,2020/05/06,9,6,,
itad-holdings.jp,,1,0,2020/05/27,13,6,,
itad-hd.jp,,1,0,2020/05/27,7,6,,
itad-grp.jp,,1,0,2020/05/27,8,6,,
itad-group.jp,,1,0,2020/05/27,10,6,,
isuta2.jp,,1,0,2019/05/22,6,7,,
isotope-inc.jp,,1,0,2025/05/11,11,1,,
iso-container.jp,,1,0,2025/05/16,13,1,,
ismx.jp,,1,0,2025/05/07,4,1,,
ismake.jp,,1,0,2025/05/20,6,1,,
islandsupport.jp,,1,0,2019/05/27,13,7,,
ishio-mfg.jp,,1,0,2025/05/10,9,1,,
ishimuraakihiko-nittofc.jp,,1,0,2025/05/22,23,1,,
ise-kumiko.jp,,1,0,2025/05/19,10,1,,
isaoo.jp,,1,0,2025/05/28,5,1,,
irohajapan.jp,,1,0,2024/05/27,10,2,,
irodoru-ibd.jp,,1,0,2024/05/30,11,2,,
iriyacoffee.jp,,1,0,2023/05/24,11,3,,
ireugftnt.jp,,1,0,2025/05/15,9,1,,
ip2cc.jp,,1,0,2024/05/24,5,2,,
iot-sign.jp,,1,0,2024/05/14,8,2,,
iomskampolab.jp,,1,0,2025/05/26,12,1,,
iomega.jp,,1,0,2016/05/06,6,10,,
invisible-2nd.jp,,1,0,2024/05/09,13,2,,
investimento.jp,,1,0,2023/05/06,12,3,,
inumeshi.jp,,1,0,2025/05/08,8,1,,
instawalk.jp,,1,0,2025/05/14,9,1,,
instantnail.jp,,1,0,2023/05/26,11,3,,
instagram-accounts.jp,,1,0,2025/05/06,18,1,,
inspirem.jp,,1,0,2024/05/27,8,2,,
inspirationeone.jp,,1,0,2024/05/05,15,2,,
insightful.jp,,1,0,2022/05/01,10,4,,
insidestudio.jp,,1,0,2024/05/24,12,2,,
inreck.jp,,1,0,2025/05/17,6,1,,
innotecgroup.jp,,1,0,2022/05/25,12,4,,
innobeauty.jp,,1,0,2019/05/20,10,7,,
ininc.jp,,1,0,2023/05/12,5,3,,
inhuman.jp,,1,0,2025/05/22,7,1,,
infra-lab.jp,,1,0,2025/05/04,9,1,,
info-yokkaichi.jp,,1,0,2025/05/15,14,1,,
info-nsplus.jp,,1,0,2025/05/24,11,1,,
influencer-partners.jp,,1,0,2025/05/14,19,1,,
inbound-college.jp,,1,0,2022/05/18,15,4,,
impression-llc.jp,,1,0,2012/05/09,14,14,,
importfrom.jp,,1,0,2021/05/02,10,5,,
imnfbrh.jp,,1,0,2025/05/15,7,1,,
imari-wakamatsuya.jp,,1,0,2021/05/17,17,5,,
imadokidoki.jp,,1,0,2025/05/11,11,1,,
ilovepdf.jp,,1,0,2025/05/19,8,1,,
ilinkservice.jp,,1,0,2019/05/17,12,7,,
ilgroup.jp,,1,0,2025/05/08,7,1,,
ikotan.jp,,1,0,2023/05/03,6,3,,
iknowiknow.jp,,1,0,2025/05/23,10,1,,
ikiyafoods.jp,,1,0,2020/05/28,10,6,,
ikite.jp,,1,0,2025/05/10,5,1,,
ikigaix.jp,,1,0,2024/05/08,7,2,,
ikgi.jp,,1,0,2025/05/23,4,1,,
ikaw.jp,,1,0,2020/05/13,4,6,,
ijin-shindan.jp,,1,0,2025/05/10,12,1,,
iiit.jp,,1,0,2024/05/21,4,2,,
i-hiromu-portforio.jp,,1,0,2025/05/27,18,1,,
igumi-saiyou.jp,,1,0,2024/05/22,12,2,,
igarsi-nashien.jp,,1,0,2025/05/23,14,1,,
ifnot.jp,,1,0,2025/05/17,5,1,,
ieurusatei.jp,,1,0,2025/05/20,10,1,,
ie-camp.jp,,1,0,2020/05/27,7,6,,
icxt.jp,,1,0,2025/05/16,4,1,,
icsocket.jp,,1,0,2001/05/01,8,25,,
i-connect-ito.jp,,1,0,2025/05/28,13,1,,
ichipstore.jp,,1,0,2025/05/14,10,1,,
ichioshi-docomo.jp,,1,0,2025/05/15,15,1,,
ichigoiro.jp,,1,0,2025/05/22,9,1,,
ichibanshibori-cp.jp,,1,0,2020/05/11,17,6,,
ices-i.jp,,1,0,2025/05/29,6,1,,
ibukitrain.jp,,1,0,2025/05/26,10,1,,
ib-k.jp,,1,0,2024/05/20,4,2,,
ibeo55bcrs96c71hp9ds.jp,,1,0,2025/05/24,20,1,,
ianfukuoka.jp,,1,0,2025/05/03,10,1,,
i-am-d.jp,,1,0,2025/05/04,6,1,,
ialimalik.jp,,1,0,2025/05/02,9,1,,
iadpbx.jp,,1,0,2021/05/26,6,5,,
i7f8i4x3zyve9qqo46bt.jp,,1,0,2025/05/24,20,1,,
i3t.jp,,1,0,2024/05/21,3,2,,
hyyrma.jp,,1,0,2024/05/31,6,2,,
hyper-sound-works.jp,,1,0,2025/05/16,17,1,,
hyggedag.jp,,1,0,2022/05/13,8,4,,
hydepco.jp,,1,0,2021/05/31,7,5,,
hyama1st.jp,,1,0,2025/05/08,8,1,,
hyakuirosample.jp,,1,0,2025/05/22,14,1,,
hyakka-esports.jp,,1,0,2025/05/01,14,1,,
hxximo.jp,,1,0,2025/05/19,6,1,,
hvrflu.jp,,1,0,2025/05/19,6,1,,
hutechnorin-saiyo.jp,,1,0,2024/05/10,17,2,,
humanorganic.jp,,1,0,2024/05/01,12,2,,
human-fuji.jp,,1,0,2023/05/10,10,3,,
humabe-kenta.jp,,1,0,2025/05/12,12,1,,
hughmorgan.jp,,1,0,2021/05/13,10,5,,
hufdiyg.jp,,1,0,2025/05/25,7,1,,
hubverse.jp,,1,0,2025/05/08,8,1,,
h-sushiacademy.jp,,1,0,2025/05/26,14,1,,
hrc-parts-system.jp,,1,0,2024/05/23,16,2,,
hpsltd.jp,,1,0,2025/05/12,6,1,,
hp-shuei.jp,,1,0,2024/05/24,8,2,,
hpc-svc.jp,,1,0,2025/05/08,7,1,,
how-to-choose-the-right-credit-card.jp,,1,0,2025/05/30,35,1,,
househub.jp,,1,0,2025/05/30,8,1,,
hotyoki.jp,,1,0,2025/05/15,7,1,,
hossi-blog.jp,,1,0,2022/05/08,10,4,,
hosofami.jp,,1,0,2025/05/16,8,1,,
hoshi-uranai.jp,,1,0,2023/05/25,12,3,,
hoshimusubi-tei.jp,,1,0,2025/05/09,15,1,,
hope-ltd.jp,,1,0,2025/05/02,8,1,,
honeykid.jp,,1,0,2023/05/17,8,3,,
homeverse.jp,,1,0,2022/05/10,9,4,,
homestaytokyo.jp,,1,0,2024/05/17,13,2,,
homestayjp.jp,,1,0,2024/05/17,10,2,,
home-karte.jp,,1,0,2025/05/15,10,1,,
homebattery.jp,,1,0,2025/05/27,11,1,,
holdup-pay.jp,,1,0,2025/05/15,10,1,,
holdonaiglasses.jp,,1,0,2021/05/19,15,5,,
hokkuru.jp,,1,0,2025/05/14,7,1,,
hokkaido-lab.jp,,1,0,2023/05/25,12,3,,
hokenpartner.jp,,1,0,2025/05/16,12,1,,
hoiku-root.jp,,1,0,2025/05/15,10,1,,
hoikukyujin.jp,,1,0,2023/05/10,11,3,,
hoikukeiei.jp,,1,0,2025/05/01,10,1,,
hnkmm.jp,,1,0,2025/05/18,5,1,,
hnjd.jp,,1,0,2025/05/07,4,1,,
hiveandco.jp,,1,0,2025/05/10,9,1,,
hitsuji-music.jp,,1,0,2025/05/06,13,1,,
hitouch-official.jp,,1,0,2025/05/05,16,1,,
hitorigoto-bus.jp,,1,0,2025/05/03,14,1,,
hitomoshi.jp,,1,0,2025/05/15,9,1,,
hitomi-manga.jp,,1,0,2025/05/04,12,1,,
hitai.jp,,1,0,2025/05/25,5,1,,
hista.jp,,1,0,2025/05/09,5,1,,
hishitomo.jp,,1,0,2025/05/15,9,1,,
hishi-do.jp,,1,0,2025/05/21,8,1,,
his-art.jp,,1,0,2025/05/04,7,1,,
hirosumi.jp,,1,0,2017/05/26,8,9,,
hiroshigeru.jp,,1,0,2024/05/04,11,2,,
hironobu2025.jp,,1,0,2025/05/09,12,1,,
hiregasaki.jp,,1,0,2025/05/31,10,1,,
hiratashunsuke.jp,,1,0,2025/05/04,14,1,,
hirakawashoji-arrow.jp,,1,0,2015/05/01,19,11,,
hinode-job.jp,,1,0,2024/05/31,10,2,,
hi-nendo.jp,,1,0,2025/05/13,8,1,,
hinata-neko.jp,,1,0,2025/05/03,11,1,,
himawari-family.jp,,1,0,2021/05/28,15,5,,
hilead.jp,,1,0,2025/05/13,6,1,,
hikkoshi-premier.jp,,1,0,2025/05/12,16,1,,
hikidashinet.jp,,1,0,2019/05/23,12,7,,
hikarusanpi.jp,,1,0,2025/05/03,11,1,,
hikakuweb.jp,,1,0,2024/05/15,9,2,,
hikaku-sfida.jp,,1,0,2025/05/11,12,1,,
hidetaurus.jp,,1,0,2023/05/13,10,3,,
hidamaridotcom.jp,,1,0,2024/05/15,14,2,,
hidajinzai.jp,,1,0,2025/05/23,10,1,,
hexacodex.jp,,1,0,2025/05/18,9,1,,
herta.jp,,1,0,2025/05/18,5,1,,
heroes-next.jp,,1,0,2023/05/02,11,3,,
heroaca-ex-cafe.jp,,1,0,2025/05/03,15,1,,
help-riza.jp,,1,0,2023/05/15,9,3,,
hellens.jp,,1,0,2025/05/19,7,1,,
heitan.jp,,1,0,2025/05/26,6,1,,
heartpanda.jp,,1,0,2021/05/08,10,5,,
healthpartner.jp,,1,0,2016/05/06,13,10,,
healthfocus.jp,,1,0,2025/05/05,11,1,,
health-blog.jp,,1,0,2023/05/08,11,3,,
healthai.jp,,1,0,2025/05/10,8,1,,
healingbird.jp,,1,0,2023/05/26,11,3,,
hdk-denkihoan.jp,,1,0,2025/05/27,13,1,,
hdayanss.jp,,1,0,2025/05/14,8,1,,
hcwh.jp,,1,0,2021/05/13,4,5,,
hcamfg.jp,,1,0,2025/05/19,6,1,,
hbyvzu.jp,,1,0,2025/05/19,6,1,,
hbbz.jp,,1,0,2022/05/19,4,4,,
hazy-rabbit.jp,,1,0,2020/05/15,11,6,,
hayashi-kougyo.jp,,1,0,2024/05/02,14,2,,
hayashibara-purchase.jp,,1,0,2021/06/01,20,5,,
hateno.jp,,1,0,2025/05/31,6,1,,
hatchlab.jp,,1,0,2023/05/29,8,3,,
hatazawaken-tax.jp,,1,0,2025/05/25,15,1,,
hasuifund.jp,,1,0,2025/05/19,9,1,,
hashizaka.jp,,1,0,2025/05/08,9,1,,
harmonia-community.jp,,1,0,2025/05/19,18,1,,
harmoblissbyx.jp,,1,0,2025/05/25,13,1,,
harley-girl.jp,,1,0,2025/05/04,11,1,,
hardog.jp,,1,0,2025/05/07,6,1,,
happyshopwalker.jp,,1,0,2021/05/12,15,5,,
happy-petdays.jp,,1,0,2025/05/05,13,1,,
happiness-equation.jp,,1,0,2025/05/30,18,1,,
hanntyaikanetwork.jp,,1,0,2025/05/01,17,1,,
hands-free-travel.jp,,1,0,2025/05/14,17,1,,
hand7kagoshima.jp,,1,0,2021/05/24,14,5,,
hanataba-s.jp,,1,0,2025/05/02,10,1,,
hanakaelu.jp,,1,0,2025/05/15,9,1,,
hanaka2023.jp,,1,0,2024/05/24,10,2,,
hamhousegrimm.jp,,1,0,2025/05/04,13,1,,
hamabi-bbq.jp,,1,0,2025/05/19,10,1,,
hamaarchi.jp,,1,0,2025/05/05,9,1,,
haleth.jp,,1,0,2025/05/31,6,1,,
halelumo.jp,,1,0,2023/05/12,8,3,,
hakatafukumusubi.jp,,1,0,2025/05/10,16,1,,
hajimee.jp,,1,0,2025/05/22,7,1,,
haisuikanosoji.jp,,1,0,2025/05/07,14,1,,
hairmakestudio-velvet-takasaki.jp,,1,0,2024/05/05,30,2,,
hairmaisonkirari.jp,,1,0,2025/05/07,16,1,,
hairline-shokumou.jp,,1,0,2025/05/24,17,1,,
hairline-kyousei.jp,,1,0,2025/05/24,16,1,,
hairline-clinic.jp,,1,0,2025/05/24,15,1,,
hairbooster.jp,,1,0,2025/05/26,11,1,,
haima-tonosato.jp,,1,0,2019/06/26,14,7,,
haikougakkai.jp,,1,0,2025/05/19,12,1,,
hahanana-seminar.jp,,1,0,2025/05/04,16,1,,
hagihara-syouten.jp,,1,0,2025/05/27,16,1,,
haegiwa-shokumou.jp,,1,0,2025/05/24,16,1,,
hackllc.jp,,1,0,2025/05/15,7,1,,
hachinohe-redevelopment.jp,,1,0,2023/05/29,23,3,,
hachinohe-development.jp,,1,0,2023/05/27,21,3,,
h8photo.jp,,1,0,2025/05/31,7,1,,
gy398.jp,,1,0,2025/05/21,5,1,,
gxsupport-itoshima.jp,,1,0,2025/05/07,18,1,,
gxgo.jp,,1,0,2024/05/11,4,2,,
gurume-go.jp,,1,0,2025/05/06,9,1,,
gundam01.jp,,1,0,2025/05/26,8,1,,
guildgroup.jp,,1,0,2024/05/20,10,2,,
guidehub.jp,,1,0,2025/05/07,8,1,,
guforo.jp,,1,0,2025/05/05,6,1,,
guesthouse-ureshino.jp,,1,0,2025/05/01,19,1,,
guayu.jp,,1,0,2025/05/15,5,1,,
guangye.jp,,1,0,2025/05/08,7,1,,
gsyuetai.jp,,1,0,2025/05/15,8,1,,
gsctp.jp,,1,0,2025/05/01,5,1,,
gruh.jp,,1,0,2025/05/08,4,1,,
grto.jp,,1,0,2025/05/08,4,1,,
growthboost.jp,,1,0,2025/05/15,11,1,,
grow3284.jp,,1,0,2025/05/16,8,1,,
grot.jp,,1,0,2025/05/08,4,1,,
groovly.jp,,1,0,2025/05/14,7,1,,
groovecast.jp,,1,0,2023/05/16,10,3,,
gritful.jp,,1,0,2021/05/27,7,5,,
grid-plus.jp,,1,0,2025/05/02,9,1,,
green-work-ogawa.jp,,1,0,2024/05/22,16,2,,
greenroom-inc.jp,,1,0,2023/05/16,13,3,,
greenpoint-market.jp,,1,0,2025/05/25,17,1,,
green-ltd.jp,,1,0,2021/05/28,9,5,,
greatlove.jp,,1,0,2025/05/31,9,1,,
gravencia.jp,,1,0,2025/05/06,9,1,,
granseeds-saiyo.jp,,1,0,2024/05/22,15,2,,
gransamble.jp,,1,0,2024/05/26,10,2,,
grandbuddy.jp,,1,0,2023/05/25,10,3,,
grafy.jp,,1,0,2025/05/31,5,1,,
gra-bu.jp,,1,0,2025/05/31,6,1,,
gqgpartners.jp,,1,0,2025/05/16,11,1,,
gpt-works.jp,,1,0,2024/05/10,9,2,,
gptwork.jp,,1,0,2024/05/10,7,2,,
gpt-agent.jp,,1,0,2024/05/10,9,2,,
gptagent.jp,,1,0,2024/05/10,8,2,,
gpt-5.jp,,1,0,2024/05/14,5,2,,
gpt-4o.jp,,1,0,2024/05/14,6,2,,
gpskodomo.jp,,1,0,2024/05/08,9,2,,
g-path.jp,,1,0,2025/05/17,6,1,,
gove.jp,,1,0,2025/05/23,4,1,,
gourmee.jp,,1,0,2021/05/03,7,5,,
gotowork.jp,,1,0,2024/05/09,8,2,,
go-shuin.jp,,1,0,2024/05/19,8,2,,
goroshouten.jp,,1,0,2025/05/19,11,1,,
gorito.jp,,1,0,2025/05/23,6,1,,
g-opus.jp,,1,0,2023/05/24,6,3,,
goosflex.jp,,1,0,2025/05/09,8,1,,
goodsalontokyo.jp,,1,0,2019/05/07,14,7,,
goodresult.jp,,1,0,2025/05/21,10,1,,
goodpay.jp,,1,0,2024/05/26,7,2,,
goodlifedesignstudio.jp,,1,0,2017/05/19,20,9,,
goodfoot.jp,,1,0,2025/05/01,8,1,,
goodd.jp,,1,0,2023/05/01,5,3,,
goodappeal.jp,,1,0,2016/05/24,10,10,,
gontarosushi-wifi.jp,,1,0,2015/05/01,17,11,,
gomiro.jp,,1,0,2016/05/20,6,10,,
gomastore.jp,,1,0,2025/05/12,9,1,,
golemraiders.jp,,1,0,2019/05/29,12,7,,
goldenyearslink.jp,,1,0,2025/05/02,15,1,,
golden-fx.jp,,1,0,2023/05/23,9,3,,
gojisha.jp,,1,0,2024/05/07,7,2,,
gohan-supple.jp,,1,0,2025/05/14,12,1,,
goggles-penguin.jp,,1,0,2023/05/28,15,3,,
gms-eq.jp,,1,0,2024/05/12,6,2,,
gmsales-willof.jp,,1,0,2024/05/16,14,2,,
g-mix.jp,,1,0,2024/05/11,5,2,,
gluten-monster.jp,,1,0,2025/05/31,14,1,,
glowrie.jp,,1,0,2025/05/11,7,1,,
gloworks.jp,,1,0,2025/05/12,8,1,,
gloria-vision.jp,,1,0,2025/05/30,13,1,,
gloria-fortune.jp,,1,0,2025/05/30,14,1,,
glonetix.jp,,1,0,2025/05/02,8,1,,
globaltradejapan.jp,,1,0,2025/05/17,16,1,,
global-liberty.jp,,1,0,2025/05/26,14,1,,
global-ks.jp,,1,0,2025/05/31,9,1,,
global-asphalt.jp,,1,0,2023/05/09,14,3,,
gleanai.jp,,1,0,2025/05/27,7,1,,
glassgrasswedding.jp,,1,0,2025/05/22,17,1,,
glarc.jp,,1,0,2023/05/30,5,3,,
glamify.jp,,1,0,2024/05/23,7,2,,
gladzeal.jp,,1,0,2021/05/11,8,5,,
gjsr.jp,,1,0,2025/05/16,4,1,,
gizmosphere.jp,,1,0,2025/05/15,11,1,,
gizin.jp,,1,0,2025/05/04,5,1,,
girls-jobcare.jp,,1,0,2025/05/08,13,1,,
ginza-p.jp,,1,0,2021/05/17,7,5,,
ginzabijinjuku.jp,,1,0,2018/05/23,14,8,,
gifukensaiji.jp,,1,0,2025/05/30,12,1,,
giftake.jp,,1,0,2023/05/28,7,3,,
gidnzv.jp,,1,0,2025/05/19,6,1,,
gibs.jp,,1,0,2025/05/08,4,1,,
gibbous.jp,,1,0,2025/05/28,7,1,,
ghostwrider.jp,,1,0,2021/05/13,11,5,,
ghostman.jp,,1,0,2025/05/29,8,1,,
gh-limousine.jp,,1,0,2023/05/01,12,3,,
ghirataoffice.jp,,1,0,2025/05/04,13,1,,
gflr.jp,,1,0,2024/05/14,4,2,,
geyshio.jp,,1,0,2025/05/25,7,1,,
getreview.jp,,1,0,2025/05/16,9,1,,
ge-research-info.jp,,1,0,2025/05/20,16,1,,
ge-research.jp,,1,0,2025/05/20,11,1,,
gentra.jp,,1,0,2025/05/06,6,1,,
genki-english.jp,,1,0,2024/05/27,13,2,,
general-kashimajingu.jp,,1,0,2024/05/17,20,2,,
generalbeautician.jp,,1,0,2022/05/18,17,4,,
genbakara.jp,,1,0,2024/05/22,9,2,,
ge-mubu.jp,,1,0,2025/05/17,7,1,,
geezersm-email.jp,,1,0,2025/05/18,14,1,,
geek-ers.jp,,1,0,2025/05/25,8,1,,
gear-motor.jp,,1,0,2024/05/16,10,2,,
gdhfis.jp,,1,0,2025/05/19,6,1,,
gd-consulting.jp,,1,0,2023/05/03,13,3,,
gdc21.jp,,1,0,2023/05/01,5,3,,
gcycle.jp,,1,0,2025/05/05,6,1,,
gazomoji.jp,,1,0,2023/05/30,8,3,,
gaw-luxuryestate.jp,,1,0,2025/05/11,16,1,,
gavemdm.jp,,1,0,2025/05/02,7,1,,
gasheru.jp,,1,0,2025/05/26,7,1,,
gardenland.jp,,1,0,2025/05/13,10,1,,
gardenkagu.jp,,1,0,2024/05/11,10,2,,
g-arashi.jp,,1,0,2025/05/17,8,1,,
ganbarujapan.jp,,1,0,2022/05/24,12,4,,
gamecatalogue.jp,,1,0,2009/05/07,13,17,,
gallery54.jp,,1,0,2022/05/26,9,4,,
galleriastudio.jp,,1,0,2025/05/31,14,1,,
gakuyuu.jp,,1,0,2022/05/08,7,4,,
gaio.jp,,1,0,2023/05/21,4,3,,
gaikokujinroumu.jp,,1,0,2023/05/21,15,3,,
gaijibu.jp,,1,0,2023/05/16,7,3,,
gadget-navi.jp,,1,0,2025/05/31,11,1,,
gadgetflash.jp,,1,0,2025/05/12,11,1,,
gadget4gift.jp,,1,0,2021/05/17,11,5,,
gabupeko.jp,,1,0,2025/05/02,8,1,,
g6dtb1g70k3o8rtwjnxl.jp,,1,0,2025/05/16,20,1,,
g0r.jp,,1,0,2023/05/08,3,3,,
fyuse.jp,,1,0,2015/05/08,5,11,,
fwdata.jp,,1,0,2025/05/20,6,1,,
futuregateway.jp,,1,0,2025/05/20,13,1,,
future-avenue.jp,,1,0,2024/05/30,13,2,,
future2025.jp,,1,0,2025/05/16,10,1,,
futagoroof.jp,,1,0,2025/05/25,10,1,,
furehakotakumi.jp,,1,0,2024/05/21,14,2,,
function-fiesta.jp,,1,0,2025/05/31,15,1,,
funayama.jp,,1,0,2007/05/18,8,19,,
funada3537.jp,,1,0,2018/05/18,10,8,,
fulatto.jp,,1,0,2022/05/15,7,4,,
fukunin.jp,,1,0,2025/05/14,7,1,,
fuku-mansai.jp,,1,0,2025/05/30,11,1,,
fukui-zeimukaikei.jp,,1,0,2025/05/19,17,1,,
fuku-afureru.jp,,1,0,2025/05/30,12,1,,
fujiseikokk.jp,,1,0,2025/05/20,11,1,,
fujiseaonebite.jp,,1,0,2025/05/13,14,1,,
fujisawa-rinri.jp,,1,0,2019/05/27,14,7,,
fujioka45.jp,,1,0,2025/05/06,9,1,,
fujioka-3.jp,,1,0,2021/05/21,9,5,,
fujinomori-shinyaku.jp,,1,0,2025/05/26,19,1,,
fuji-label.jp,,1,0,2024/05/14,10,2,,
fujii-meat.jp,,1,0,2015/05/23,10,11,,
fujiharu-butter.jp,,1,0,2022/05/14,15,4,,
fujiharubutter.jp,,1,0,2022/05/14,14,4,,
fuhakudo.jp,,1,0,2021/05/17,8,5,,
fuer.jp,,1,0,2022/05/01,4,4,,
fudosan-navi.jp,,1,0,2023/05/12,12,3,,
ftxveb.jp,,1,0,2025/05/19,6,1,,
ftdrone.jp,,1,0,2023/05/07,7,3,,
fsastech.jp,,1,0,2025/05/02,8,1,,
friend-teach.jp,,1,0,2025/05/25,12,1,,
friend-career.jp,,1,0,2025/05/02,13,1,,
friee.jp,,1,0,2023/05/22,5,3,,
freshtest.jp,,1,0,2023/05/21,9,3,,
free-sample.jp,,1,0,2025/05/13,11,1,,
freedom-transport.jp,,1,0,2025/05/24,17,1,,
freedam-toransport.jp,,1,0,2025/05/24,18,1,,
fpec2.jp,,1,0,2024/05/30,5,2,,
fourllc.jp,,1,0,2025/05/03,7,1,,
four-link.jp,,1,0,2014/05/21,9,12,,
forus-forcus.jp,,1,0,2017/05/31,12,9,,
fortune-ryuko.jp,,1,0,2025/05/03,13,1,,
fortek.jp,,1,0,2025/05/13,6,1,,
forone-tech.jp,,1,0,2025/05/04,11,1,,
forme-c.jp,,1,0,2023/05/22,7,3,,
forever-life.jp,,1,0,2024/05/07,12,2,,
footreins.jp,,1,0,2025/05/29,9,1,,
footpillow.jp,,1,0,2021/05/11,10,5,,
footballteamtraining.jp,,1,0,2025/05/22,20,1,,
footagesearch.jp,,1,0,2024/05/20,13,2,,
food-health.jp,,1,0,2023/05/09,11,3,,
foodfamily.jp,,1,0,2025/05/05,10,1,,
folsupport.jp,,1,0,2023/05/09,10,3,,
followties.jp,,1,0,2022/05/06,10,4,,
followerboost.jp,,1,0,2025/05/19,13,1,,
folequinx.jp,,1,0,2025/05/07,9,1,,
foever-life.jp,,1,0,2024/05/07,11,2,,
fnuahs.jp,,1,0,2021/05/20,6,5,,
fmes.jp,,1,0,2013/05/31,4,13,,
fly-zone.jp,,1,0,2023/05/14,8,3,,
flyks.jp,,1,0,2025/05/05,5,1,,
flowtalk.jp,,1,0,2025/05/24,8,1,,
flowside.jp,,1,0,2014/05/06,8,12,,
flowbank.jp,,1,0,2025/05/12,8,1,,
flotterlcc.jp,,1,0,2025/05/26,10,1,,
flatsix.jp,,1,0,2023/05/02,7,3,,
flatout-llc.jp,,1,0,2025/05/24,11,1,,
flamengo-glass.jp,,1,0,2023/05/11,14,3,,
fkhomes.jp,,1,0,2022/05/19,7,4,,
fitnetworks.jp,,1,0,2024/05/08,11,2,,
firstriver.jp,,1,0,2025/05/04,10,1,,
firstprince-tokyoroyal.jp,,1,0,2024/05/02,22,2,,
fire-club.jp,,1,0,2024/05/18,9,2,,
finzure.jp,,1,0,2025/05/15,7,1,,
fine-auto.jp,,1,0,2023/05/27,9,3,,
find-bar.jp,,1,0,2023/05/23,8,3,,
find-ai.jp,,1,0,2025/05/18,7,1,,
financialadviser.jp,,1,0,2025/05/27,16,1,,
fimspeedway.jp,,1,0,2021/05/07,11,5,,
fimii.jp,,1,0,2020/05/20,5,6,,
fguezckfwdckp.jp,,1,0,2024/05/21,13,2,,
ffj0502.jp,,1,0,2025/05/25,7,1,,
fevertree-cp.jp,,1,0,2024/05/30,12,2,,
festride.jp,,1,0,2024/05/31,8,2,,
ferretel.jp,,1,0,2023/05/31,8,3,,
ferrariblog.jp,,1,0,2019/05/15,11,7,,
feremo.jp,,1,0,2025/05/13,6,1,,
femininedangerousfun.jp,,1,0,2010/05/18,20,16,,
felica-lite.jp,,1,0,2015/05/15,11,11,,
feiyang.jp,,1,0,2025/05/17,7,1,,
feelcomfee.jp,,1,0,2025/05/14,10,1,,
fdfraceshopjapan.jp,,1,0,2020/05/15,16,6,,
fbs-corp.jp,,1,0,2021/05/14,8,5,,
fatetech.jp,,1,0,2021/05/12,8,5,,
fatefullife.jp,,1,0,2025/05/25,11,1,,
fasystems.jp,,1,0,2001/05/01,9,25,,
fanweek.jp,,1,0,2025/05/07,7,1,,
fansmatch.jp,,1,0,2025/05/19,9,1,,
fancer.jp,,1,0,2024/05/30,6,2,,
famousnovel.jp,,1,0,2025/05/28,11,1,,
famibank.jp,,1,0,2025/05/10,8,1,,
famcreative.jp,,1,0,2025/05/27,11,1,,
facefitness.jp,,1,0,2024/05/26,11,2,,
fabbro.jp,,1,0,2025/05/24,6,1,,
ez-inker.jp,,1,0,2023/05/02,8,3,,
exposition-jewelry.jp,,1,0,2024/05/23,18,2,,
expenglish.jp,,1,0,2023/05/26,10,3,,
exitclub.jp,,1,0,2025/05/16,8,1,,
executiveagent.jp,,1,0,2018/05/01,14,8,,
exchanging.jp,,1,0,2024/05/01,10,2,,
exa-mple-2025.jp,,1,0,2025/05/15,13,1,,
evpay.jp,,1,0,2022/05/20,5,4,,
ev-land-west.jp,,1,0,2024/05/24,12,2,,
ev-land-east.jp,,1,0,2024/05/24,12,2,,
ev-land-central.jp,,1,0,2024/05/24,15,2,,
everwild.jp,,1,0,2025/05/20,8,1,,
evertrail.jp,,1,0,2025/05/01,9,1,,
ever777.jp,,1,0,2022/05/27,7,4,,
evening-shoulder.jp,,1,0,2025/05/25,16,1,,
evaporation.jp,,1,0,2025/05/22,11,1,,
etowa-takamatsu.jp,,1,0,2025/05/27,15,1,,
ethical-homes.jp,,1,0,2022/05/21,13,4,,
e-ta.jp,,1,0,2021/05/07,4,5,,
es-tensaku-pro.jp,,1,0,2025/05/15,14,1,,
esteem-japan.jp,,1,0,2020/05/25,12,6,,
essencesystems.jp,,1,0,2025/05/04,14,1,,
eshop-hirakata.jp,,1,0,2025/05/04,14,1,,
e-sco.jp,,1,0,2024/05/07,5,2,,
esc-m.jp,,1,0,2023/05/17,5,3,,
esamidjg.jp,,1,0,2025/05/30,8,1,,
erunativitas.jp,,1,0,2025/05/05,12,1,,
ero-shiroto.jp,,1,0,2025/05/01,11,1,,
eromoviehub.jp,,1,0,2025/05/06,11,1,,
eroi-manga.jp,,1,0,2025/05/08,10,1,,
eroai.jp,,1,0,2023/05/16,5,3,,
ermfihl.jp,,1,0,2025/05/22,7,1,,
ergocare.jp,,1,0,2024/05/28,8,2,,
epgp-hldgs.jp,,1,0,2024/05/11,10,2,,
entowa-ec.jp,,1,0,2025/05/01,9,1,,
ensukeya.jp,,1,0,2025/05/19,8,1,,
enrichup.jp,,1,0,2021/05/06,8,5,,
enpawa.jp,,1,0,2025/05/01,6,1,,
enpachi.jp,,1,0,2025/05/13,7,1,,
enline.jp,,1,0,2023/05/26,6,3,,
english-literature.jp,,1,0,2024/05/13,18,2,,
englishdemath.jp,,1,0,2020/05/17,13,6,,
enformdesign.jp,,1,0,2025/05/09,12,1,,
emuka.jp,,1,0,2025/05/25,5,1,,
emsinc.jp,,1,0,2025/05/29,6,1,,
emria.jp,,1,0,2025/05/17,5,1,,
employmentsplendid.jp,,1,0,2025/05/28,18,1,,
emotional-path.jp,,1,0,2025/05/04,14,1,,
emokey.jp,,1,0,2025/05/08,6,1,,
emoh.jp,,1,0,2025/05/11,4,1,,
emnvi.jp,,1,0,2021/05/01,5,5,,
emno.jp,,1,0,2022/05/16,4,4,,
emial.jp,,1,0,2025/05/11,5,1,,
emfam.jp,,1,0,2025/05/31,5,1,,
embroia.jp,,1,0,2025/05/25,7,1,,
em-b.jp,,1,0,2025/05/03,4,1,,
elvastra.jp,,1,0,2025/05/29,8,1,,
elsig.jp,,1,0,2024/05/08,5,2,,
elphadeal.jp,,1,0,2025/05/24,9,1,,
elogi-service.jp,,1,0,2025/05/08,13,1,,
elitia.jp,,1,0,2025/05/13,6,1,,
elbex.jp,,1,0,2001/05/11,5,25,,
elangarage.jp,,1,0,2025/05/01,10,1,,
ekusuri.jp,,1,0,2001/05/01,7,25,,
ekuskuiz.jp,,1,0,2025/05/05,8,1,,
eko-dx.jp,,1,0,2022/05/09,6,4,,
ekimae-kinyu.jp,,1,0,2016/05/13,12,10,,
ejruihod.jp,,1,0,2025/05/29,8,1,,
eitoshop.jp,,1,0,2025/05/04,8,1,,
eight-agency.jp,,1,0,2025/05/31,12,1,,
ehime-inryou.jp,,1,0,2002/05/21,12,24,,
eghdzz.jp,,1,0,2025/05/19,6,1,,
egdixv.jp,,1,0,2025/05/19,6,1,,
eeoiruk.jp,,1,0,2025/05/26,7,1,,
edutain.jp,,1,0,2025/05/30,7,1,,
edoweek.jp,,1,0,2015/05/17,7,11,,
edit-master.jp,,1,0,2025/05/17,11,1,,
ec-school.jp,,1,0,2021/05/12,9,5,,
economical-life.jp,,1,0,2025/05/08,15,1,,
eco-bond.jp,,1,0,2023/05/24,8,3,,
eclipsemilk.jp,,1,0,2023/05/13,11,3,,
ebisu-fridaynight.jp,,1,0,2023/05/28,17,3,,
ebimeshi.jp,,1,0,2020/05/20,8,6,,
easy-prompts.jp,,1,0,2023/05/13,12,3,,
easy-clear.jp,,1,0,2025/05/04,10,1,,
eastsidegolf.jp,,1,0,2021/05/20,12,5,,
east-pole.jp,,1,0,2025/05/07,9,1,,
easemusic.jp,,1,0,2022/05/24,9,4,,
earthrich.jp,,1,0,2023/05/05,9,3,,
earth-mc.jp,,1,0,2025/05/05,8,1,,
eanhbofg.jp,,1,0,2025/05/22,8,1,,
ea-jw.jp,,1,0,2024/05/13,5,2,,
e-aisekiyu-recruit.jp,,1,0,2024/05/10,18,2,,
e7n67sru78sv8shf6eof.jp,,1,0,2025/05/16,20,1,,
dynamicsoftware.jp,,1,0,2025/05/24,15,1,,
d-w-inc.jp,,1,0,2024/05/16,7,2,,
dstor.jp,,1,0,2025/05/04,5,1,,
ds-takumi.jp,,1,0,2019/05/07,9,7,,
drsjapan.jp,,1,0,2018/05/24,8,8,,
drkurenai.jp,,1,0,2023/05/01,9,3,,
dreamy-uranaiabc.jp,,1,0,2025/05/30,16,1,,
dreamy-uramaiabc.jp,,1,0,2025/05/30,16,1,,
draftsensible.jp,,1,0,2025/05/28,13,1,,
dqrivals.jp,,1,0,2017/05/23,8,9,,
dqdai-souls.jp,,1,0,2020/05/18,11,6,,
dprunner.jp,,1,0,2025/05/18,8,1,,
doyoclothe.jp,,1,0,2025/05/07,10,1,,
dounoson.jp,,1,0,2025/05/08,8,1,,
doublejumpfrog.jp,,1,0,2022/05/05,14,4,,
dotacan-rescue.jp,,1,0,2025/05/12,14,1,,
dooot.jp,,1,0,2023/05/26,5,3,,
domono.jp,,1,0,2023/05/11,6,3,,
domain-test-kk.jp,,1,0,2025/05/30,14,1,,
doi-ryota-tennis.jp,,1,0,2023/05/12,16,3,,
dog-life527.jp,,1,0,2025/05/22,11,1,,
doctor-child.jp,,1,0,2025/05/11,12,1,,
docomodenki.jp,,1,0,2024/05/23,11,2,,
dlpartners.jp,,1,0,2024/05/07,10,2,,
divingspots.jp,,1,0,2025/05/25,11,1,,
diver-gate.jp,,1,0,2025/05/28,10,1,,
disxron.jp,,1,0,2024/05/21,7,2,,
disneyfantasy.jp,,1,0,2025/05/26,13,1,,
directdrive.jp,,1,0,2023/05/08,11,3,,
dinnerbegood.jp,,1,0,2025/05/02,12,1,,
dinkum-life-lab.jp,,1,0,2025/05/13,15,1,,
digital-spark.jp,,1,0,2023/05/11,13,3,,
digitalkidsacademy.jp,,1,0,2025/05/19,18,1,,
digitalfinance.jp,,1,0,2025/05/20,14,1,,
digicart.jp,,1,0,2023/05/30,8,3,,
dify-koukun.jp,,1,0,2025/05/22,11,1,,
difath.jp,,1,0,2025/05/19,6,1,,
dietitian-online.jp,,1,0,2025/05/19,16,1,,
dhyj.jp,,1,0,2025/05/28,4,1,,
dhyana-consulting.jp,,1,0,2025/05/13,17,1,,
dhrm.jp,,1,0,2025/05/15,4,1,,
d-green-saiyo.jp,,1,0,2024/05/22,13,2,,
dfun10.jp,,1,0,2023/05/30,6,3,,
dfast.jp,,1,0,2025/05/01,5,1,,
deyonda.jp,,1,0,2025/05/22,7,1,,
dewars-kanpaicp.jp,,1,0,2025/05/02,15,1,,
devcraft.jp,,1,0,2025/05/21,8,1,,
deustore.jp,,1,0,2025/05/29,8,1,,
deupdn.jp,,1,0,2025/05/19,6,1,,
desksetup.jp,,1,0,2025/05/27,9,1,,
design-press.jp,,1,0,2025/05/13,12,1,,
designesse.jp,,1,0,2020/05/17,10,6,,
desiggn.jp,,1,0,2025/05/08,7,1,,
dental-yoyaku.jp,,1,0,2023/05/29,13,3,,
dental-x.jp,,1,0,2024/05/17,8,2,,
dental-review.jp,,1,0,2024/05/17,13,2,,
dentalister.jp,,1,0,2022/05/18,11,4,,
dental-cpa.jp,,1,0,2023/05/15,10,3,,
demonia-shoes.jp,,1,0,2025/05/05,13,1,,
deltaviewer.jp,,1,0,2025/05/16,11,1,,
dekitabi.jp,,1,0,2023/05/05,8,3,,
defragcapital.jp,,1,0,2025/05/21,13,1,,
deepvo.jp,,1,0,2025/05/28,6,1,,
deeprivertokyo.jp,,1,0,2024/05/15,14,2,,
deepr.jp,,1,0,2025/05/14,5,1,,
decora-bridal.jp,,1,0,2023/05/10,13,3,,
deadliestcancers.jp,,1,0,2015/05/29,16,11,,
dcanproject.jp,,1,0,2023/05/27,11,3,,
dbiodigital.jp,,1,0,2025/05/15,11,1,,
dbf2025.jp,,1,0,2025/05/20,7,1,,
day-yuu.jp,,1,0,2025/05/30,7,1,,
days-web.jp,,1,0,2024/05/30,8,2,,
daystarttravel.jp,,1,0,2025/05/22,14,1,,
daucii.jp,,1,0,2022/05/12,6,4,,
data-reads.jp,,1,0,2023/05/13,10,3,,
datag2025-shareholders-meeting.jp,,1,0,2025/05/27,30,1,,
dataai.jp,,1,0,2025/05/10,6,1,,
darkknight.jp,,1,0,2023/05/25,10,3,,
darenimoienai.jp,,1,0,2025/05/12,13,1,,
dapstyles.jp,,1,0,2025/05/23,9,1,,
dappsai.jp,,1,0,2025/05/23,7,1,,
dao-inc.jp,,1,0,2023/05/16,7,3,,
daoco.jp,,1,0,2022/05/18,5,4,,
daoai.jp,,1,0,2025/05/23,5,1,,
danran-chips.jp,,1,0,2025/05/29,12,1,,
dandace.jp,,1,0,2019/05/22,7,7,,
danceand.jp,,1,0,2025/05/10,8,1,,
daiwajinji-co.jp,,1,0,2025/05/20,13,1,,
daiwa--co.jp,,1,0,2025/05/20,9,1,,
daitai-cosme.jp,,1,0,2025/05/07,12,1,,
daisyoya1995.jp,,1,0,2025/05/20,12,1,,
daisen-060508.jp,,1,0,2025/05/16,13,1,,
daio-package.jp,,1,0,2024/05/13,12,2,,
daikensetsu.jp,,1,0,2025/05/23,11,1,,
daikanyama-toyohide.jp,,1,0,2023/05/17,19,3,,
daiichi-seisaku.jp,,1,0,2023/05/28,15,3,,
daihatsu-move.jp,,1,0,2025/05/30,13,1,,
daifuku-hoshi.jp,,1,0,2025/05/26,13,1,,
dadakidz.jp,,1,0,2024/05/08,8,2,,
d1skrelaty.jp,,1,0,2023/05/02,10,3,,
d1sk-apex.jp,,1,0,2023/05/02,9,3,,
d1skapex.jp,,1,0,2023/05/02,8,3,,
cybira.jp,,1,0,2024/05/08,6,2,,
cyber-heart.jp,,1,0,2025/05/06,11,1,,
cybeer.jp,,1,0,2025/05/11,6,1,,
cvd19.jp,,1,0,2021/05/16,5,5,,
cvc-consuiting.jp,,1,0,2025/05/31,14,1,,
cuteai.jp,,1,0,2024/05/18,6,2,,
curry-jinja.jp,,1,0,2021/05/21,11,5,,
culcham.jp,,1,0,2020/05/14,7,6,,
cuffs.jp,,1,0,2005/05/12,5,21,,
cufflink.jp,,1,0,2005/05/12,8,21,,
cuckoopalace.jp,,1,0,2016/05/16,12,10,,
csakita.jp,,1,0,2022/05/31,7,4,,
cryptofrontier.jp,,1,0,2023/05/12,14,3,,
cryptai.jp,,1,0,2023/05/06,7,3,,
crux-studio.jp,,1,0,2025/05/01,11,1,,
crookie.jp,,1,0,2024/05/24,7,2,,
crest-eight.jp,,1,0,2025/05/31,11,1,,
creatingcomfortablehome.jp,,1,0,2023/05/24,23,3,,
create-nova.jp,,1,0,2025/05/18,11,1,,
create-apps.jp,,1,0,2025/05/08,11,1,,
crearte-ec.jp,,1,0,2021/05/28,10,5,,
creampied.jp,,1,0,2023/05/25,9,3,,
crealife-rewalk.jp,,1,0,2025/05/03,15,1,,
creaitive.jp,,1,0,2025/05/18,9,1,,
cravolex.jp,,1,0,2025/05/12,8,1,,
craftre.jp,,1,0,2025/05/25,7,1,,
cpluss.jp,,1,0,2024/05/11,6,2,,
coveted.jp,,1,0,2022/05/10,7,4,,
cotton-matsumoto.jp,,1,0,2020/05/02,16,6,,
cosmo-planning.jp,,1,0,2025/05/19,14,1,,
cosmake.jp,,1,0,2025/05/07,7,1,,
coshine.jp,,1,0,2023/05/24,7,3,,
correct-estate.jp,,1,0,2025/05/01,14,1,,
core-go.jp,,1,0,2018/05/13,7,8,,
coreestate.jp,,1,0,2025/05/14,10,1,,
coolcraft.jp,,1,0,2025/05/30,9,1,,
contoso-local.jp,,1,0,2025/05/28,13,1,,
contactcloud.jp,,1,0,2025/05/14,12,1,,
consultingai.jp,,1,0,2025/05/08,12,1,,
conohaエリミネート-7.jp,,1,0,2025/05/22,14,1,,
concert-pianoforte.jp,,1,0,2020/05/31,18,6,,
conahamro.jp,,1,0,2023/05/11,9,3,,
completescq0l.jp,,1,0,2025/05/16,13,1,,
companya-001.jp,,1,0,2025/05/15,12,1,,
comodo-group.jp,,1,0,2024/05/10,12,2,,
community-res.jp,,1,0,2025/05/13,13,1,,
commastore.jp,,1,0,2020/05/13,10,6,,
comicaljapan.jp,,1,0,2025/05/27,12,1,,
comeprima.jp,,1,0,2025/05/29,9,1,,
come-district.jp,,1,0,2025/05/24,13,1,,
colvii.jp,,1,0,2025/05/15,6,1,,
color4u.jp,,1,0,2023/05/25,7,3,,
coelum.jp,,1,0,2025/05/04,6,1,,
codeshop.jp,,1,0,2015/05/21,8,11,,
coco-rally.jp,,1,0,2021/05/24,10,5,,
cocomic.jp,,1,0,2025/05/12,7,1,,
cocoja.jp,,1,0,2025/05/12,6,1,,
club-pay.jp,,1,0,2025/05/13,8,1,,
clublinkup-reserve.jp,,1,0,2021/05/17,18,5,,
clown1001.jp,,1,0,2024/05/18,9,2,,
cloudcollege.jp,,1,0,2025/05/15,12,1,,
clos-inc.jp,,1,0,2023/05/29,8,3,,
clonex.jp,,1,0,2022/05/14,6,4,,
clip-pix.jp,,1,0,2025/05/01,8,1,,
clinicwork.jp,,1,0,2024/05/22,10,2,,
clinic-hikaku.jp,,1,0,2025/05/03,13,1,,
clickstorm.jp,,1,0,2024/05/31,10,2,,
cleva.jp,,1,0,2021/05/28,5,5,,
cleartax.jp,,1,0,2024/05/31,8,2,,
clearskies.jp,,1,0,2025/05/27,10,1,,
clay-mam.jp,,1,0,2025/05/09,8,1,,
class-n.jp,,1,0,2021/05/25,7,5,,
civiltech.jp,,1,0,2025/05/27,9,1,,
circle-pr.jp,,1,0,2023/06/26,9,3,,
circledream.jp,,1,0,2024/05/21,11,2,,
cielinc.jp,,1,0,2025/05/18,7,1,,
chp-aichi.jp,,1,0,2025/05/21,9,1,,
chosashi-office.jp,,1,0,2025/05/06,15,1,,
chorusday.jp,,1,0,2023/05/29,9,3,,
choruscallasia.jp,,1,0,2020/05/07,14,6,,
chokunavi.jp,,1,0,2020/05/06,9,6,,
chodo-e.jp,,1,0,2025/05/12,7,1,,
chocotto-web.jp,,1,0,2025/05/06,12,1,,
chococo-games.jp,,1,0,2024/05/04,13,2,,
choafactory.jp,,1,0,2024/05/31,11,2,,
china2.jp,,1,0,2025/05/23,6,1,,
childrens-cafeteria.jp,,1,0,2025/05/23,19,1,,
chikai-marketing.jp,,1,0,2025/05/30,16,1,,
chihaya-ense.jp,,1,0,2025/05/02,12,1,,
chigasakibeach.jp,,1,0,2025/05/14,14,1,,
chiba-sankyou.jp,,1,0,2016/05/30,13,10,,
chiara-and-pistacchio.jp,,1,0,2025/05/19,21,1,,
cheating.jp,,1,0,2023/05/18,8,3,,
cheaptrickfan.jp,,1,0,2025/05/08,13,1,,
chat-vision.jp,,1,0,2025/05/29,11,1,,
chatーgpt.jp,,1,0,2023/05/01,8,3,,
chatgptsupport.jp,,1,0,2025/05/14,14,1,,
chatgpt-5.jp,,1,0,2024/05/14,9,2,,
chatgpt-4.jp,,1,0,2024/05/14,9,2,,
charlesetcharlus.jp,,1,0,2024/05/25,16,2,,
charge-audience.jp,,1,0,2025/05/09,15,1,,
chanrisa.jp,,1,0,2025/05/18,8,1,,
chance-link.jp,,1,0,2024/05/20,11,2,,
chamameraifu.jp,,1,0,2025/05/30,12,1,,
chacethepower.jp,,1,0,2025/05/28,13,1,,
chabeya.jp,,1,0,2024/05/21,7,2,,
cfmarine.jp,,1,0,2020/05/18,8,6,,
cert-pass.jp,,1,0,2025/05/03,9,1,,
central-bmc.jp,,1,0,2018/05/25,11,8,,
cellactive.jp,,1,0,2025/05/20,10,1,,
cdp-okayama.jp,,1,0,2018/05/10,11,8,,
cccj-niigata-tohoku.jp,,1,0,2024/05/11,19,2,,
cbp.jp,,1,0,2003/05/06,3,23,,
cazyclouds.jp,,1,0,2025/05/26,10,1,,
cauvong.jp,,1,0,2025/05/19,7,1,,
cattery-laterra.jp,,1,0,2025/05/17,15,1,,
catchーwave.jp,,1,0,2023/05/17,10,3,,
casma.jp,,1,0,2025/05/01,5,1,,
casinoosaka.jp,,1,0,2025/05/28,11,1,,
cashnest.jp,,1,0,2025/05/26,8,1,,
carvex-kusatsu.jp,,1,0,2025/05/23,14,1,,
carry-tool.jp,,1,0,2025/05/23,10,1,,
carryheart.jp,,1,0,2025/05/17,10,1,,
careplan.jp,,1,0,2001/05/01,8,25,,
caremanet.jp,,1,0,2001/05/01,9,25,,
caremane.jp,,1,0,2001/05/01,8,25,,
carelesspast.jp,,1,0,2025/05/28,12,1,,
careersherpa.jp,,1,0,2025/05/30,12,1,,
career-nobunaga.jp,,1,0,2025/05/07,15,1,,
career-break.jp,,1,0,2025/05/03,12,1,,
captalk.jp,,1,0,2022/05/25,7,4,,
cansil.jp,,1,0,2025/05/07,6,1,,
cannabisvision.jp,,1,0,2025/05/14,14,1,,
cannabipedia.jp,,1,0,2024/05/15,12,2,,
canforgood.jp,,1,0,2025/05/14,10,1,,
candf.jp,,1,0,2023/05/13,5,3,,
campus-second.jp,,1,0,2023/05/17,13,3,,
campas-pr.jp,,1,0,2023/05/11,9,3,,
camaradesystem.jp,,1,0,2023/05/16,14,3,,
calsite.jp,,1,0,2025/05/20,7,1,,
calpis-tanabata-negaigotocampaign2025.jp,,1,0,2025/05/13,37,1,,
calm-tech.jp,,1,0,2025/05/22,9,1,,
cajimaru.jp,,1,0,2021/05/28,8,5,,
cafelearn.jp,,1,0,2025/05/01,9,1,,
c-acedesign.jp,,1,0,2025/05/14,11,1,,
cable999.jp,,1,0,2025/05/21,8,1,,
c8mzg72sf7nkivfmqh2a.jp,,1,0,2025/05/24,20,1,,
c5b.jp,,1,0,2022/05/22,3,4,,
bwwrbr.jp,,1,0,2025/05/19,6,1,,
buttondesign.jp,,1,0,2025/05/30,12,1,,
butenalock-2025cp.jp,,1,0,2025/05/29,17,1,,
busoon.jp,,1,0,2025/05/22,6,1,,
business-strategies.jp,,1,0,2025/05/15,19,1,,
businessmagic.jp,,1,0,2023/05/09,13,3,,
businessfinance.jp,,1,0,2025/05/04,15,1,,
burn-o-u-t.jp,,1,0,2025/05/17,10,1,,
burningfortune-koun.jp,,1,0,2024/05/22,19,2,,
buriareus.jp,,1,0,2025/05/30,9,1,,
bunkashinka.jp,,1,0,2024/05/14,11,2,,
bulwell.jp,,1,0,2025/05/01,7,1,,
b-timer.jp,,1,0,2025/05/06,7,1,,
btcan.jp,,1,0,2011/05/22,5,15,,
bsdsca.jp,,1,0,2025/05/19,6,1,,
br-wakaamtsu.jp,,1,0,2025/05/26,12,1,,
brunelith.jp,,1,0,2025/05/28,9,1,,
bro-co.jp,,1,0,2023/05/10,6,3,,
brillianceinternational-saiyo.jp,,1,0,2023/05/31,29,3,,
bridget.jp,,1,0,2021/05/26,7,5,,
bridgepr.jp,,1,0,2022/05/03,8,4,,
bridg.jp,,1,0,2021/05/18,5,5,,
breadsystem.jp,,1,0,2020/05/11,11,6,,
brave-nakasu.jp,,1,0,2025/05/08,12,1,,
brave-izu.jp,,1,0,2025/05/13,9,1,,
branz-digitaltwin.jp,,1,0,2023/05/15,17,3,,
brack.jp,,1,0,2007/05/09,5,19,,
bowling-ranker.jp,,1,0,2025/05/06,14,1,,
botare.jp,,1,0,2025/05/21,6,1,,
botaniqua.jp,,1,0,2025/05/20,9,1,,
bosjastip.jp,,1,0,2025/05/15,9,1,,
boothed.jp,,1,0,2025/05/09,7,1,,
bookeasy.jp,,1,0,2022/05/09,8,4,,
bonbisyafudosan.jp,,1,0,2025/05/07,15,1,,
bolick.jp,,1,0,2024/05/31,6,2,,
boldor.jp,,1,0,2024/05/11,6,2,,
bohan-systems.jp,,1,0,2025/05/21,13,1,,
bodogebin.jp,,1,0,2025/05/04,9,1,,
boatokuman.jp,,1,0,2025/05/17,10,1,,
bmake0819.jp,,1,0,2025/05/12,9,1,,
blu-well.jp,,1,0,2025/05/16,8,1,,
bluwell.jp,,1,0,2025/05/01,7,1,,
bluetapedesign.jp,,1,0,2025/05/28,14,1,,
bluesquare.jp,,1,0,2021/05/21,10,5,,
bluesking.jp,,1,0,2025/05/20,9,1,,
blue-moon-0.jp,,1,0,2024/05/29,11,2,,
blueclub.jp,,1,0,2025/05/22,8,1,,
bluebirdflower.jp,,1,0,2025/05/16,14,1,,
blue6999260.jp,,1,0,2025/05/21,11,1,,
bloomify.jp,,1,0,2023/05/26,8,3,,
bloghub.jp,,1,0,2024/05/29,7,2,,
blockchainai.jp,,1,0,2025/05/23,12,1,,
blockbase.jp,,1,0,2025/05/16,9,1,,
blazethrough.jp,,1,0,2024/05/26,12,2,,
blacknotes.jp,,1,0,2025/05/18,10,1,,
biztrain.jp,,1,0,2023/05/26,8,3,,
biz-pocket.jp,,1,0,2021/05/13,10,5,,
biz-match-online.jp,,1,0,2020/05/28,16,6,,
bizcraftai.jp,,1,0,2025/05/06,10,1,,
biyou-shokumou.jp,,1,0,2025/05/24,14,1,,
biyou-seikei-clinic.jp,,1,0,2025/05/26,19,1,,
biyou-cosme.jp,,1,0,2025/05/26,11,1,,
biwo.jp,,1,0,2020/05/12,4,6,,
bitst.jp,,1,0,2023/04/18,5,3,,
bitcoinfinance.jp,,1,0,2025/05/04,14,1,,
birdz.jp,,1,0,2023/05/11,5,3,,
birdwing.jp,,1,0,2024/05/14,8,2,,
bipura.jp,,1,0,2025/05/04,6,1,,
bio-neet.jp,,1,0,2024/05/05,8,2,,
biomega.jp,,1,0,2001/05/01,7,25,,
biomart.jp,,1,0,2005/05/16,7,21,,
binotamerog.jp,,1,0,2025/05/07,11,1,,
bikuruma.jp,,1,0,2023/05/08,8,3,,
bichon-nagoya.jp,,1,0,2025/05/20,13,1,,
bhdiurjg.jp,,1,0,2025/05/25,8,1,,
bgme.jp,,1,0,2025/05/02,4,1,,
beyondcg.jp,,1,0,2025/05/28,8,1,,
better-workplace.jp,,1,0,2025/05/12,16,1,,
betterthanyesterday.jp,,1,0,2025/05/28,19,1,,
beteru.jp,,1,0,2015/05/27,6,11,,
best-fit.jp,,1,0,2023/05/18,8,3,,
best-car-produce-carcl.jp,,1,0,2025/05/11,22,1,,
bestbuys.jp,,1,0,2024/05/06,8,2,,
be-sensational.jp,,1,0,2025/05/09,14,1,,
bertgpt.jp,,1,0,2025/05/14,7,1,,
beqinc.jp,,1,0,2025/05/25,6,1,,
beovuu.jp,,1,0,2018/05/19,6,8,,
benriya-matsushita-help.jp,,1,0,2025/05/01,23,1,,
benriya-matsushita.jp,,1,0,2025/05/01,18,1,,
benoth.jp,,1,0,2025/05/13,6,1,,
benjo.jp,,1,0,2025/05/17,5,1,,
benefit-portal.jp,,1,0,2024/05/16,14,2,,
bellrex.jp,,1,0,2025/05/22,7,1,,
beleon.jp,,1,0,2025/05/24,6,1,,
be-kimoto.jp,,1,0,2025/05/12,9,1,,
beginity.jp,,1,0,2025/05/27,8,1,,
befrank.jp,,1,0,2021/05/21,7,5,,
beeacon.jp,,1,0,2024/05/02,7,2,,
bedifferent.jp,,1,0,2025/05/11,11,1,,
beauty-tokyo.jp,,1,0,2025/05/01,12,1,,
beauty-infusion.jp,,1,0,2023/05/01,15,3,,
beauty-guide-tokyo.jp,,1,0,2025/05/01,18,1,,
beautydiaries.jp,,1,0,2025/05/27,13,1,,
beauty-brides.jp,,1,0,2024/05/20,13,2,,
beautology.jp,,1,0,2025/05/17,10,1,,
beatify.jp,,1,0,2025/05/08,7,1,,
bdbskxygs.jp,,1,0,2024/05/21,9,2,,
bcnl.jp,,1,0,2025/05/28,4,1,,
bcc-corp.jp,,1,0,2025/05/30,8,1,,
bbc-llc.jp,,1,0,2022/05/01,7,4,,
base1128.jp,,1,0,2016/05/20,8,10,,
base046.jp,,1,0,2025/05/25,7,1,,
bar-secondary.jp,,1,0,2024/05/26,13,2,,
bard-chat.jp,,1,0,2023/05/13,9,3,,
banzaiteikoku.jp,,1,0,2025/05/28,13,1,,
bansebell.jp,,1,0,2024/05/06,9,2,,
bankin-sato.jp,,1,0,2022/05/18,11,4,,
bandstyleworks.jp,,1,0,2024/05/20,14,2,,
bambox.jp,,1,0,2025/05/07,6,1,,
bamboo-works.jp,,1,0,2025/05/13,12,1,,
baljpm.jp,,1,0,2025/05/19,6,1,,
bake-side.jp,,1,0,2025/05/18,9,1,,
bakamori.jp,,1,0,2022/05/10,8,4,,
ba-jimukyoku.jp,,1,0,2025/05/07,12,1,,
baitojapan.jp,,1,0,2021/05/29,10,5,,
badoha.jp,,1,0,2025/05/10,6,1,,
backboost.jp,,1,0,2025/05/28,9,1,,
azuteli.jp,,1,0,2025/05/30,7,1,,
azusasuzuki.jp,,1,0,2025/05/08,11,1,,
azumino-retreat.jp,,1,0,2024/05/08,15,2,,
azabu-biyou-clinic.jp,,1,0,2025/05/24,18,1,,
ayrjpqr3z4taxgo71zxn.jp,,1,0,2025/05/24,20,1,,
ayna-inc.jp,,1,0,2025/05/18,8,1,,
ayc-global.jp,,1,0,2025/05/30,10,1,,
aya-smileworks-05.jp,,1,0,2025/05/26,17,1,,
ax-turf.jp,,1,0,2023/05/12,7,3,,
axtalk.jp,,1,0,2023/05/10,6,3,,
aws-training.jp,,1,0,2025/05/25,12,1,,
aws-cert.jp,,1,0,2019/05/05,8,7,,
aws-and-infra-haruka.jp,,1,0,2025/05/17,20,1,,
awena.jp,,1,0,2025/05/10,5,1,,
awaumi-gyosei.jp,,1,0,2025/05/17,13,1,,
awaumi-estate.jp,,1,0,2025/05/17,13,1,,
awakedeep.jp,,1,0,2025/05/28,9,1,,
avsomurie.jp,,1,0,2025/05/20,9,1,,
auu.jp,,1,0,2001/05/10,3,25,,
autosprit-sms.jp,,1,0,2014/05/08,13,12,,
autospirit-sms.jp,,1,0,2014/05/23,14,12,,
autor.jp,,1,0,2024/05/22,5,2,,
autla.jp,,1,0,2024/05/05,5,2,,
austere.jp,,1,0,2021/05/06,7,5,,
aurumnetworks.jp,,1,0,2023/05/28,13,3,,
aura-a.jp,,1,0,2024/05/24,6,2,,
aunconnect.jp,,1,0,2025/05/08,10,1,,
aukeyluvlabo.jp,,1,0,2023/05/09,12,3,,
audi-newmodel-show.jp,,1,0,2025/05/28,18,1,,
audi-mp.jp,,1,0,2021/05/21,7,5,,
audhkfjg.jp,,1,0,2025/05/25,8,1,,
atupp-atq.jp,,1,0,2025/05/26,9,1,,
atsukoaoki.jp,,1,0,2025/05/26,10,1,,
atoment.jp,,1,0,2023/05/08,7,3,,
atelieroc.jp,,1,0,2023/05/30,9,3,,
atbiss.jp,,1,0,2024/05/07,6,2,,
at-anytime.jp,,1,0,2020/05/18,10,6,,
atans.jp,,1,0,2022/05/23,5,4,,
atalia.jp,,1,0,2022/05/18,6,4,,
atakou.jp,,1,0,2025/05/30,6,1,,
asuzora.jp,,1,0,2025/05/14,7,1,,
asuranox.jp,,1,0,2025/05/07,8,1,,
astralsmp.jp,,1,0,2025/05/24,9,1,,
assuhihrg.jp,,1,0,2025/05/26,9,1,,
assist-jobs.jp,,1,0,2025/05/30,11,1,,
assist-g3.jp,,1,0,2008/05/12,9,18,,
assignmentschedule.jp,,1,0,2025/05/27,18,1,,
asride.jp,,1,0,2025/05/02,6,1,,
asmedica.jp,,1,0,2025/05/22,8,1,,
aslinksoft.jp,,1,0,2023/05/23,10,3,,
askchatgpt.jp,,1,0,2025/05/14,10,1,,
asian-villa.jp,,1,0,2024/05/27,11,2,,
asiacompany.jp,,1,0,2021/05/02,11,5,,
ashinotazuna.jp,,1,0,2025/05/29,12,1,,
asano-s-s-d-office.jp,,1,0,2025/05/19,18,1,,
artsinn.jp,,1,0,2024/05/08,7,2,,
artemis-llc.jp,,1,0,2021/05/14,11,5,,
artelnotes.jp,,1,0,2024/05/26,10,2,,
artefact-studios.jp,,1,0,2025/05/09,16,1,,
aromastress.jp,,1,0,2020/05/19,11,6,,
arkwork.jp,,1,0,2024/05/01,7,2,,
arksgkk.jp,,1,0,2025/05/12,7,1,,
ark-pharmacy.jp,,1,0,2025/05/28,12,1,,
arisys.jp,,1,0,2025/05/29,6,1,,
arinoss.jp,,1,0,2025/05/16,7,1,,
arimaspa.jp,,1,0,2005/05/23,8,21,,
a-rich-life-for-a-couple.jp,,1,0,2024/05/14,24,2,,
ariaka.jp,,1,0,2025/05/20,6,1,,
ar-estate.jp,,1,0,2025/05/09,9,1,,
arcavia.jp,,1,0,2021/05/19,7,5,,
arai-yuta.jp,,1,0,2024/05/30,9,2,,
arai-ltd.jp,,1,0,2024/05/15,8,2,,
aquagelpremium.jp,,1,0,2025/05/09,14,1,,
apu-pilot.jp,,1,0,2025/05/29,9,1,,
appcorn.jp,,1,0,2025/05/19,7,1,,
apparentprocedure.jp,,1,0,2025/05/28,17,1,,
apoxi-atq.jp,,1,0,2025/05/26,9,1,,
api-gsz.jp,,1,0,2014/05/01,7,12,,
apex-d1sk.jp,,1,0,2023/05/02,9,3,,
apexd1sk.jp,,1,0,2023/05/02,8,3,,
apetiecreation.jp,,1,0,2020/05/25,14,6,,
ao-agent.jp,,1,0,2025/05/26,8,1,,
anzentx-saiyo.jp,,1,0,2023/05/24,13,3,,
anycoder.jp,,1,0,2025/05/28,8,1,,
anta-yoyuna.jp,,1,0,2025/05/21,11,1,,
answerengine.jp,,1,0,2025/05/21,12,1,,
anpoke.jp,,1,0,2025/05/20,6,1,,
a-no.jp,,1,0,2025/05/10,4,1,,
annotrust.jp,,1,0,2024/05/17,9,2,,
anna-tiga.jp,,1,0,2025/05/27,9,1,,
anison-ai.jp,,1,0,2025/05/03,9,1,,
anisonai.jp,,1,0,2025/05/05,8,1,,
animoa.jp,,1,0,2025/05/23,6,1,,
animearasuji.jp,,1,0,2025/05/07,12,1,,
animalmassage.jp,,1,0,2025/05/17,13,1,,
animalethics.jp,,1,0,2025/05/01,12,1,,
animal-ai.jp,,1,0,2025/05/27,9,1,,
anicoma.jp,,1,0,2025/05/24,7,1,,
anhduongshop.jp,,1,0,2025/05/21,12,1,,
angelofgod.jp,,1,0,2025/05/02,10,1,,
andpicturesregion.jp,,1,0,2022/05/25,17,4,,
anchor81.jp,,1,0,2025/05/07,8,1,,
anatanoadviser.jp,,1,0,2024/05/01,14,2,,
anarise.jp,,1,0,2025/05/13,7,1,,
anaguma-san.jp,,1,0,2025/05/21,11,1,,
anaguma-ld.jp,,1,0,2025/05/17,10,1,,
amydor.jp,,1,0,2025/05/21,6,1,,
amu-nazo.jp,,1,0,2023/05/09,8,3,,
am-shoji.jp,,1,0,2023/05/19,8,3,,
amos-ayunche.jp,,1,0,2024/05/20,12,2,,
amnd.jp,,1,0,2025/05/24,4,1,,
amna.jp,,1,0,2025/05/15,4,1,,
ammonia-engine.jp,,1,0,2023/05/31,14,3,,
ammonia.jp,,1,0,2023/05/31,7,3,,
aminofit.jp,,1,0,2025/05/22,8,1,,
amimono-app.jp,,1,0,2025/05/26,11,1,,
amhogg.jp,,1,0,2025/05/19,6,1,,
amforever.jp,,1,0,2025/05/17,9,1,,
amex-card.jp,,1,0,2025/05/28,9,1,,
amdt2.jp,,1,0,2025/05/07,5,1,,
amayoi.jp,,1,0,2025/05/06,6,1,,
amateras-japan.jp,,1,0,2025/05/07,14,1,,
amarisse.jp,,1,0,2025/05/01,8,1,,
amanaairvision.jp,,1,0,2012/05/22,14,14,,
amagency.jp,,1,0,2025/05/07,8,1,,
altsbank.jp,,1,0,2025/05/23,8,1,,
alpha-drive.jp,,1,0,2023/05/12,11,3,,
alpha-ai.jp,,1,0,2020/05/30,8,6,,
alopeciaguide.jp,,1,0,2025/05/10,13,1,,
aloha-online.jp,,1,0,2021/05/16,12,5,,
alohaonline.jp,,1,0,2021/05/16,11,5,,
almasrv.jp,,1,0,2025/05/06,7,1,,
allon4-implant.jp,,1,0,2023/05/13,14,3,,
allhomes.jp,,1,0,2024/05/16,8,2,,
alldunlopfes2025.jp,,1,0,2025/05/28,16,1,,
alimola.jp,,1,0,2024/05/28,7,2,,
aligngym.jp,,1,0,2025/05/22,8,1,,
aliensystem.jp,,1,0,2025/05/26,11,1,,
alice-technology.jp,,1,0,2018/05/11,16,8,,
alicerosa-bridal.jp,,1,0,2025/05/26,16,1,,
alg-yokozawa-office.jp,,1,0,2024/05/27,19,2,,
algotrade.jp,,1,0,2025/05/25,9,1,,
algo-ai.jp,,1,0,2025/05/14,7,1,,
algal.jp,,1,0,2024/05/27,5,2,,
alexus.jp,,1,0,2024/05/23,6,2,,
alexandreimode.jp,,1,0,2005/05/30,14,21,,
alcodesign.jp,,1,0,2025/05/28,10,1,,
alapedia.jp,,1,0,2025/05/13,8,1,,
akspt.jp,,1,0,2025/05/30,5,1,,
akrospharma.jp,,1,0,2001/05/01,11,25,,
akiya-honpo.jp,,1,0,2025/05/16,11,1,,
akina-bag.jp,,1,0,2014/05/02,9,12,,
aki-ai.jp,,1,0,2025/05/24,6,1,,
akashiam.jp,,1,0,2025/05/01,8,1,,
akari-chan.jp,,1,0,2025/05/15,10,1,,
aiyears.jp,,1,0,2025/05/16,7,1,,
ai-webdesign.jp,,1,0,2025/05/09,12,1,,
aiweb3.jp,,1,0,2025/05/24,6,1,,
aiwallet.jp,,1,0,2025/05/19,8,1,,
aiu保険.jp,,1,0,2001/05/01,5,25,,
aiuji.jp,,1,0,2025/05/25,5,1,,
aitri.jp,,1,0,2025/05/09,5,1,,
ai-talent.jp,,1,0,2023/05/30,9,3,,
aisoudan.jp,,1,0,2025/05/13,8,1,,
aismapho.jp,,1,0,2025/05/02,8,1,,
aisb.jp,,1,0,2025/05/20,4,1,,
air-mate.jp,,1,0,2025/05/05,8,1,,
airconditionerclean.jp,,1,0,2025/05/12,19,1,,
aircon119.jp,,1,0,2025/05/04,9,1,,
aipm.jp,,1,0,2024/05/24,4,2,,
aipf.jp,,1,0,2018/05/01,4,8,,
aipetgp.jp,,1,0,2024/05/05,7,2,,
aipayment.jp,,1,0,2025/05/25,9,1,,
ai-pay.jp,,1,0,2025/05/25,6,1,,
aioverviews.jp,,1,0,2025/05/29,11,1,,
aiolit.jp,,1,0,2025/05/10,6,1,,
ainomoto.jp,,1,0,2024/05/14,8,2,,
ainavigation.jp,,1,0,2025/05/20,12,1,,
aimetaverse.jp,,1,0,2025/05/19,11,1,,
ailelinx.jp,,1,0,2018/05/25,8,8,,
aikoffice.jp,,1,0,2025/05/25,9,1,,
aiinvestment.jp,,1,0,2025/05/04,12,1,,
aihotline.jp,,1,0,2025/05/02,9,1,,
aihatchlab.jp,,1,0,2025/05/17,10,1,,
aifuturelab.jp,,1,0,2025/05/19,11,1,,
aifuture.jp,,1,0,2025/05/16,8,1,,
aiflash.jp,,1,0,2025/05/12,7,1,,
aiengine.jp,,1,0,2025/05/19,8,1,,
aidora.jp,,1,0,2025/05/05,6,1,,
aidid.jp,,1,0,2025/05/19,5,1,,
aidefi.jp,,1,0,2025/05/23,6,1,,
aidapps.jp,,1,0,2025/05/23,7,1,,
ai-dao.jp,,1,0,2025/05/19,6,1,,
ai-creater.jp,,1,0,2025/05/21,10,1,,
aicasino.jp,,1,0,2025/05/28,8,1,,
ai-car.jp,,1,0,2025/05/23,6,1,,
ai-ca.jp,,1,0,2025/05/30,5,1,,
aibrowser.jp,,1,0,2025/05/10,9,1,,
aibooo.jp,,1,0,2025/05/31,6,1,,
aiblockchain.jp,,1,0,2025/05/23,12,1,,
aible.jp,,1,0,2024/05/23,5,2,,
aibanking.jp,,1,0,2025/05/04,9,1,,
ai-app.jp,,1,0,2024/05/14,6,2,,
aiandsns.jp,,1,0,2025/05/07,8,1,,
ai-analytics.jp,,1,0,2025/05/25,12,1,,
ai-advertising.jp,,1,0,2025/05/23,14,1,,
ah-sol.jp,,1,0,2025/05/15,6,1,,
agnisphilosophy.jp,,1,0,2012/05/08,15,14,,
ag-mgmt.jp,,1,0,2024/05/22,7,2,,
agles.jp,,1,0,2025/05/02,5,1,,
agingfree.jp,,1,0,2025/05/07,9,1,,
ageroute.jp,,1,0,2025/05/26,8,1,,
aga40.jp,,1,0,2024/05/30,5,2,,
afterskool.jp,,1,0,2025/05/31,10,1,,
aftel.jp,,1,0,2025/05/07,5,1,,
aerosensei.jp,,1,0,2025/05/24,10,1,,
adxr.jp,,1,0,2024/05/21,4,2,,
adv-ppc.jp,,1,0,2019/05/09,7,7,,
adv4.jp,,1,0,2024/05/29,4,2,,
adtas.jp,,1,0,2023/05/02,5,3,,
ad-iroiro.jp,,1,0,2025/05/28,9,1,,
adarutobideo-naiyou.jp,,1,0,2023/05/21,19,3,,
ad-ai.jp,,1,0,2025/05/23,5,1,,
adachi1964.jp,,1,0,2025/05/26,10,1,,
adabada.jp,,1,0,2025/05/23,7,1,,
acupuncture-moxibustion.jp,,1,0,2024/05/05,23,2,,
actpia.jp,,1,0,2025/05/29,6,1,,
across-oriental.jp,,1,0,2022/05/22,15,4,,
acrossoriental.jp,,1,0,2022/05/23,14,4,,
acrez.jp,,1,0,2015/05/12,5,11,,
achievia.jp,,1,0,2025/05/28,8,1,,
ace-jinzaibank.jp,,1,0,2025/05/06,14,1,,
accsys.jp,,1,0,2022/05/25,6,4,,
accordadvent.jp,,1,0,2025/05/28,12,1,,
accesskobe.jp,,1,0,2023/05/07,10,3,,
abl-lcc.jp,,1,0,2025/05/06,7,1,,
abcswd.jp,,1,0,2024/05/21,6,2,,
abcrocket.jp,,1,0,2024/05/22,9,2,,
abc-cooking-wifi.jp,,1,0,2022/05/30,16,4,,
abarello.jp,,1,0,2021/05/30,8,5,,
a7group.jp,,1,0,2021/05/06,7,5,,
a2corporation.jp,,1,0,2025/05/12,13,1,,
9ftlabs.jp,,1,0,2025/05/22,7,1,,
8778.jp,,1,0,2021/05/05,4,5,,
81947.jp,,1,0,2025/05/02,5,1,,
7mp.jp,,1,0,2025/05/06,3,1,,
7koma.jp,,1,0,2018/05/02,5,8,,
7ab.jp,,1,0,2025/05/28,3,1,,
6rd.jp,,1,0,2025/05/03,3,1,,
6334588山本.jp,,1,0,2025/05/28,9,1,,
5alapedia.jp,,1,0,2025/05/13,9,1,,
5562.jp,,1,0,2024/05/30,4,2,,
50508.jp,,1,0,2025/05/08,5,1,,
4valley-idc.jp,,1,0,2007/05/15,11,19,,
4sometoys.jp,,1,0,2025/05/08,9,1,,
4core.jp,,1,0,2025/05/20,5,1,,
42pieces.jp,,1,0,2019/05/09,8,7,,
3yoks.jp,,1,0,2025/05/10,5,1,,
3shines.jp,,1,0,2025/05/14,7,1,,
3quatrofeijaonoprato.jp,,1,0,2024/05/30,20,2,,
3gatemiura1192.jp,,1,0,2025/05/09,14,1,,
3ct.jp,,1,0,2022/05/04,3,4,,
369studio.jp,,1,0,2025/05/27,9,1,,
33techie.jp,,1,0,2019/05/02,8,7,,
306kitchen.jp,,1,0,2017/05/25,10,9,,
2kbfg4e6xt1rrth2m84h.jp,,1,0,2025/05/16,20,1,,
24abc-ec.jp,,1,0,2018/05/08,8,8,,
2025国勢調査.jp,,1,0,2021/05/21,8,5,,
2025kokusei.jp,,1,0,2021/05/21,11,5,,
2025gyoza-campaign.jp,,1,0,2025/05/01,18,1,,
20250523test.jp,,1,0,2025/05/23,12,1,,
1asc.jp,,1,0,2025/05/21,4,1,,
19d.jp,,1,0,2025/05/30,3,1,,
17goo.jp,,1,0,2025/05/19,5,1,,
168company.jp,,1,0,2025/05/29,10,1,,
121-hoken.jp,,1,0,2001/05/01,9,25,,
11-12.jp,,1,0,2024/05/27,5,2,,
11099.jp,,1,0,2025/05/22,5,1,,
10p.jp,,1,0,2024/05/26,3,2,,
10ji.jp,,1,0,2022/05/22,4,4,,
0xol7v9it6n6vcdga5hm.jp,,1,0,2025/05/16,20,1,,
0gwt17dg6nsau0ui2j3v.jp,,1,0,2025/05/16,20,1,,
07kokusei.jp,,1,0,2021/05/21,9,5,,
078guard-saiyo.jp,,1,0,2024/05/31,14,2,,
0718-fukuokagourmet.jp,,1,0,2025/05/09,19,1,,
05aoi10.jp,,1,0,2025/05/19,7,1,,
d-tool.jp,,1,0,2025/05/14,6,1,,
shiawaseni.jp,,1,0,2025/07/11,10,1,,
furusato-report.jp,,1,0,2025/05/23,15,1,,
av-miss.jp,,1,0,2025/05/31,7,1,,
brewbrew.jp,,1,0,2025/05/10,8,1,,
nx-careerroad-job.jp,,1,0,2024/11/29,17,2,,
